province,REF_DATE,uom_houseindex,scalar_houseindex,avg_house_only,avg_land_only,avg_totalhouseland,uom_income,scalar_income,statistic_income,avg_income,uom_expenditure,scalar_expenditure,statistic_expenditure,avg_food_expenditures,avg_income_taxes,avg_mortageinsurance,avg_mortagePaid,avg_accomodation,avg_rent,avg_shelter,avg_total_expenditure,avg_taxes_landregfees,uom_tourist,scalar_tourist,avg_international_tourism,avg_domestic_tourism,uom_labourforce,scalar_labourforce,statistic_labourforce,avg_employment,avg_fulltime,avg_labourforce,avg_parttime,avg_population,avg_unemployment,uom_lfperc,scalar_lfperc,statistic_labourforceperc,avg_employment_rate,avg_participationrate,avg_unemploymentrate,uom_crime,scalar_crime,statistic_crime,avg_crime_incidents
Ontario,1996-02,"Index, 201612=100",units,56.58888888888888,79.61111111111111,61.93333333333333,,,,,,,,,,,,,,,,,Persons,unit,1848531.0,3716466.0,Persons,thousands,"Both sexes, All age groups, Seasonally adjusted",3289.88330078125,2703.550048828125,3602.316650390625,586.3499755859375,5293.0,312.4333190917969,Percentage,unit,"Both sexes, All age groups, Seasonally adjusted",57.41666793823242,63.349998474121094,9.050000190734863,,,,
Ontario,1996-03,"Index, 201612=100",units,56.65555555555555,79.6111111111111,61.98888888888889,,,,,,,,,,,,,,,,,Persons,unit,2501740.0,4628064.0,Persons,thousands,"Both sexes, All age groups, Seasonally adjusted",3280.5,2693.60009765625,3595.949951171875,586.8833618164062,5298.85009765625,315.4166564941406,Percentage,unit,"Both sexes, All age groups, Seasonally adjusted",57.18333435058594,63.099998474121094,8.983333587646484,,,,
Ontario,1996-09,"Index, 201612=100",units,56.54444444444445,79.51111111111112,61.888888888888886,,,,,,,,,,,,,,,,,Persons,unit,2119472.0,4986761.0,Persons,thousands,"Both sexes, All age groups, Seasonally adjusted",3309.13330078125,2703.75,3633.88330078125,605.3666381835938,5338.033203125,324.76666259765625,Percentage,unit,"Both sexes, All age groups, Seasonally adjusted",57.233333587646484,63.38333511352539,9.600000381469727,,,,
Ontario,1996-07,"Index, 201612=100",units,56.444444444444436,79.64444444444445,61.81111111111112,,,,,,,,,,,,,,,,,Persons,unit,2542053.0,6719990.0,Persons,thousands,"Both sexes, All age groups, Seasonally adjusted",3302.783447265625,2724.333251953125,3625.9833984375,578.4166870117188,5325.18310546875,323.20001220703125,Percentage,unit,"Both sexes, All age groups, Seasonally adjusted",57.31666564941406,63.33333206176758,9.216666221618652,,,,
Ontario,1996-12,"Index, 201612=100",units,57.344444444444434,79.32222222222222,62.400000000000006,,,,,,,,,,,,,,,,,Persons,unit,2044481.0,4278336.0,Persons,thousands,"Both sexes, All age groups, Seasonally adjusted",3324.566650390625,2730.416748046875,3641.10009765625,594.2166748046875,5353.61669921875,316.5333251953125,Percentage,unit,"Both sexes, All age groups, Seasonally adjusted",57.25,63.266666412353516,9.416666984558105,,,,
Ontario,1996-04,"Index, 201612=100",units,56.56666666666666,79.6111111111111,61.900000000000006,,,,,,,,,,,,,,,,,Persons,unit,2212522.0,4508570.0,Persons,thousands,"Both sexes, All age groups, Seasonally adjusted",3285.60009765625,2701.75,3598.199951171875,583.8666381835938,5304.60009765625,312.54998779296875,Percentage,unit,"Both sexes, All age groups, Seasonally adjusted",57.21666717529297,63.016666412353516,8.933333396911621,,,,
Ontario,1996-11,"Index, 201612=100",units,57.28888888888889,79.32222222222222,62.36666666666666,,,,,,,,,,,,,,,,,Persons,unit,2031227.0,4177645.0,Persons,thousands,"Both sexes, All age groups, Seasonally adjusted",3319.699951171875,2722.14990234375,3639.283447265625,597.5333251953125,5348.60009765625,319.5833435058594,Percentage,unit,"Both sexes, All age groups, Seasonally adjusted",57.28333282470703,63.400001525878906,9.516666412353516,,,,
Ontario,1996-10,"Index, 201612=100",units,56.53333333333333,79.45555555555556,61.888888888888886,,,,,,,,,,,,,,,,,Persons,unit,2151533.0,4721909.0,Persons,thousands,"Both sexes, All age groups, Seasonally adjusted",3312.933349609375,2706.716552734375,3632.083251953125,606.2333374023438,5343.33349609375,319.1666564941406,Percentage,unit,"Both sexes, All age groups, Seasonally adjusted",57.25,63.31666564941406,9.516666412353516,,,,
Ontario,1996-08,"Index, 201612=100",units,56.54444444444445,79.5,61.888888888888886,,,,,,,,,,,,,,,,,Persons,unit,2797060.0,7177148.0,Persons,thousands,"Both sexes, All age groups, Seasonally adjusted",3320.300048828125,2731.699951171875,3627.333251953125,588.6166381835938,5330.966796875,307.01666259765625,Percentage,unit,"Both sexes, All age groups, Seasonally adjusted",57.56666564941406,63.266666412353516,8.699999809265137,,,,
Ontario,1996-06,"Index, 201612=100",units,56.455555555555556,79.64444444444445,61.833333333333336,,,,,,,,,,,,,,,,,Persons,unit,2107133.0,5581060.0,Persons,thousands,"Both sexes, All age groups, Seasonally adjusted",3293.550048828125,2715.4833984375,3629.2666015625,578.1166381835938,5317.7333984375,335.70001220703125,Percentage,unit,"Both sexes, All age groups, Seasonally adjusted",57.266666412353516,63.54999923706055,9.566666603088379,,,,
Ontario,1996-01,"Index, 201612=100",units,56.777777777777786,79.73333333333332,62.12222222222223,,,,,,,,,,,,,,,,,Persons,unit,1963018.0,3742112.0,Persons,thousands,"Both sexes, All age groups, Seasonally adjusted",3280.333251953125,2694.35009765625,3587.4833984375,585.9666748046875,5287.16650390625,307.1833190917969,Percentage,unit,"Both sexes, All age groups, Seasonally adjusted",57.25,63.04999923706055,8.966666221618652,,,,
Ontario,1996-05,"Index, 201612=100",units,56.48888888888889,79.64444444444445,61.833333333333336,,,,,,,,,,,,,,,,,Persons,unit,2306553.0,5210689.0,Persons,thousands,"Both sexes, All age groups, Seasonally adjusted",3283.10009765625,2700.166748046875,3601.416748046875,582.9500122070312,5312.0498046875,318.3333435058594,Percentage,unit,"Both sexes, All age groups, Seasonally adjusted",57.150001525878906,63.04999923706055,9.033333778381348,,,,
