province,REF_DATE,uom_houseindex,scalar_houseindex,avg_house_only,avg_land_only,avg_totalhouseland,uom_income,scalar_income,statistic_income,avg_income,uom_expenditure,scalar_expenditure,statistic_expenditure,avg_food_expenditures,avg_income_taxes,avg_mortageinsurance,avg_mortagePaid,avg_accomodation,avg_rent,avg_shelter,avg_total_expenditure,avg_taxes_landregfees,uom_tourist,scalar_tourist,avg_international_tourism,avg_domestic_tourism,uom_labourforce,scalar_labourforce,statistic_labourforce,avg_employment,avg_fulltime,avg_labourforce,avg_parttime,avg_population,avg_unemployment,uom_lfperc,scalar_lfperc,statistic_labourforceperc,avg_employment_rate,avg_participationrate,avg_unemploymentrate,uom_crime,scalar_crime,statistic_crime,avg_crime_incidents
Alberta,2007-10,"Index, 201612=100",units,107.0,99.73333333333333,104.43333333333334,Dollars,units,"Median total income,Both sexes,All age groups",2803.33,,,,,,,,,,,,,Persons,unit,151061.0,239856.0,Persons,thousands,"Both sexes, All age groups, Seasonally adjusted",1270.61669921875,1073.88330078125,1314.699951171875,196.71665954589844,1721.683349609375,44.11666488647461,Percentage,unit,"Both sexes, All age groups, Seasonally adjusted",69.76667022705078,72.4000015258789,3.6666667461395264,Number,unit,Total of all violations-Actual incidents,29446.5
Alberta,2007-06,"Index, 201612=100",units,104.13333333333333,92.66666666666667,100.16666666666667,Dollars,units,"Median total income,Both sexes,All age groups",2803.33,,,,,,,,,,,,,Persons,unit,114310.0,272119.0,Persons,thousands,"Both sexes, All age groups, Seasonally adjusted",1260.8499755859375,1070.6500244140625,1306.433349609375,190.18333435058594,1707.5833740234375,45.599998474121094,Percentage,unit,"Both sexes, All age groups, Seasonally adjusted",69.86666870117188,72.73332977294922,3.799999952316284,Number,unit,Total of all violations-Actual incidents,29446.5
Alberta,2007-01,"Index, 201612=100",units,97.53333333333335,85.39999999999999,93.23333333333335,Dollars,units,"Median total income,Both sexes,All age groups",2803.33,,,,,,,,,,,,,Persons,unit,192481.0,268366.0,Persons,thousands,"Both sexes, All age groups, Seasonally adjusted",1243.816650390625,1061.0833740234375,1288.316650390625,182.71665954589844,1688.0999755859375,44.5,Percentage,unit,"Both sexes, All age groups, Seasonally adjusted",69.66666412353516,72.44999694824219,3.816666603088379,Number,unit,Total of all violations-Actual incidents,29446.5
Alberta,2007-03,"Index, 201612=100",units,99.10000000000001,86.86666666666667,94.76666666666665,Dollars,units,"Median total income,Both sexes,All age groups",2803.33,,,,,,,,,,,,,Persons,unit,196339.0,287941.0,Persons,thousands,"Both sexes, All age groups, Seasonally adjusted",1250.066650390625,1061.816650390625,1294.25,188.25,1695.316650390625,44.16666793823242,Percentage,unit,"Both sexes, All age groups, Seasonally adjusted",69.63333129882812,72.41666412353516,3.7333333492279053,Number,unit,Total of all violations-Actual incidents,29446.5
Alberta,2007-11,"Index, 201612=100",units,106.89999999999999,99.7,104.39999999999999,Dollars,units,"Median total income,Both sexes,All age groups",2803.33,,,,,,,,,,,,,Persons,unit,169971.0,241485.0,Persons,thousands,"Both sexes, All age groups, Seasonally adjusted",1271.433349609375,1080.88330078125,1318.8499755859375,190.5833282470703,1724.86669921875,47.41666793823242,Percentage,unit,"Both sexes, All age groups, Seasonally adjusted",69.75,72.63333129882812,3.9666666984558105,Number,unit,Total of all violations-Actual incidents,29446.5
Alberta,2007-05,"Index, 201612=100",units,103.93333333333332,91.16666666666667,99.5,Dollars,units,"Median total income,Both sexes,All age groups",2803.33,,,,,,,,,,,,,Persons,unit,147101.0,254108.0,Persons,thousands,"Both sexes, All age groups, Seasonally adjusted",1253.683349609375,1062.9832763671875,1300.0833740234375,190.6999969482422,1703.816650390625,46.41666793823242,Percentage,unit,"Both sexes, All age groups, Seasonally adjusted",69.58333587646484,72.44999694824219,3.8499999046325684,Number,unit,Total of all violations-Actual incidents,29446.5
Alberta,2007-02,"Index, 201612=100",units,98.93333333333334,86.36666666666667,94.5,Dollars,units,"Median total income,Both sexes,All age groups",2803.33,,,,,,,,,,,,,Persons,unit,177159.0,252363.0,Persons,thousands,"Both sexes, All age groups, Seasonally adjusted",1248.2332763671875,1066.5833740234375,1293.300048828125,181.64999389648438,1691.4832763671875,45.06666564941406,Percentage,unit,"Both sexes, All age groups, Seasonally adjusted",69.8499984741211,72.69999694824219,3.799999952316284,Number,unit,Total of all violations-Actual incidents,29446.5
Alberta,2007-12,"Index, 201612=100",units,106.89999999999999,100.5,104.66666666666667,Dollars,units,"Median total income,Both sexes,All age groups",2803.33,,,,,,,,,,,,,Persons,unit,163997.0,257459.0,Persons,thousands,"Both sexes, All age groups, Seasonally adjusted",1284.0,1091.933349609375,1326.8333740234375,192.06666564941406,1727.9166259765625,42.83333206176758,Percentage,unit,"Both sexes, All age groups, Seasonally adjusted",70.5,73.03333282470703,3.5,Number,unit,Total of all violations-Actual incidents,29446.5
Alberta,2007-07,"Index, 201612=100",units,106.83333333333333,98.09999999999998,103.8,Dollars,units,"Median total income,Both sexes,All age groups",2803.33,,,,,,,,,,,,,Persons,unit,145818.0,345465.0,Persons,thousands,"Both sexes, All age groups, Seasonally adjusted",1266.7166748046875,1075.2833251953125,1308.0999755859375,191.43333435058594,1711.7332763671875,41.38333511352539,Percentage,unit,"Both sexes, All age groups, Seasonally adjusted",70.06666564941406,72.61666870117188,3.4166667461395264,Number,unit,Total of all violations-Actual incidents,29446.5
Alberta,2007-09,"Index, 201612=100",units,107.3,98.93333333333334,104.36666666666667,Dollars,units,"Median total income,Both sexes,All age groups",2803.33,,,,,,,,,,,,,Persons,unit,138482.0,268277.0,Persons,thousands,"Both sexes, All age groups, Seasonally adjusted",1270.3499755859375,1080.4666748046875,1314.550048828125,189.88333129882812,1718.3333740234375,44.16666793823242,Percentage,unit,"Both sexes, All age groups, Seasonally adjusted",69.88333129882812,72.51667022705078,3.633333444595337,Number,unit,Total of all violations-Actual incidents,29446.5
Alberta,2007-04,"Index, 201612=100",units,101.46666666666665,90.73333333333333,97.73333333333333,Dollars,units,"Median total income,Both sexes,All age groups",2803.33,,,,,,,,,,,,,Persons,unit,212970.0,295628.0,Persons,thousands,"Both sexes, All age groups, Seasonally adjusted",1253.8333740234375,1063.3499755859375,1298.61669921875,190.48333740234375,1699.9166259765625,44.79999923706055,Percentage,unit,"Both sexes, All age groups, Seasonally adjusted",69.66666412353516,72.56666564941406,3.9000000953674316,Number,unit,Total of all violations-Actual incidents,29446.5
Alberta,2007-08,"Index, 201612=100",units,107.0,98.39999999999999,104.0,Dollars,units,"Median total income,Both sexes,All age groups",2803.33,,,,,,,,,,,,,Persons,unit,170989.0,339889.0,Persons,thousands,"Both sexes, All age groups, Seasonally adjusted",1268.75,1080.933349609375,1311.066650390625,187.8333282470703,1715.066650390625,42.29999923706055,Percentage,unit,"Both sexes, All age groups, Seasonally adjusted",70.0999984741211,72.6500015258789,3.5166666507720947,Number,unit,Total of all violations-Actual incidents,29446.5
Nova Scotia,1999-06,"Index, 201612=100",units,61.4,66.4,62.6,,,,,,,,,,,,,,,,,Persons,unit,9859.0,66739.0,Persons,thousands,"Both sexes, All age groups, Seasonally adjusted",259.4666748046875,209.98333740234375,284.5833435058594,49.46666717529297,450.0833435058594,25.133333206176758,Percentage,unit,"Both sexes, All age groups, Seasonally adjusted",53.266666412353516,59.41666793823242,9.833333015441895,Number,unit,Total of all violations-Actual incidents,7085.17
Nova Scotia,1999-08,"Index, 201612=100",units,62.4,66.4,63.3,,,,,,,,,,,,,,,,,Persons,unit,14681.0,132677.0,Persons,thousands,"Both sexes, All age groups, Seasonally adjusted",258.73333740234375,213.36666870117188,283.70001220703125,45.400001525878906,450.5833435058594,24.96666717529297,Percentage,unit,"Both sexes, All age groups, Seasonally adjusted",53.11666488647461,58.93333435058594,9.766666412353516,Number,unit,Total of all violations-Actual incidents,7085.17
Nova Scotia,1999-09,"Index, 201612=100",units,62.4,66.4,63.3,,,,,,,,,,,,,,,,,Persons,unit,9920.0,99592.0,Persons,thousands,"Both sexes, All age groups, Seasonally adjusted",259.0833435058594,216.4166717529297,286.29998779296875,42.66666793823242,450.8833312988281,27.200000762939453,Percentage,unit,"Both sexes, All age groups, Seasonally adjusted",53.46666717529297,59.599998474121094,10.233333587646484,Number,unit,Total of all violations-Actual incidents,7085.17
Nova Scotia,1999-07,"Index, 201612=100",units,61.9,66.4,63.0,,,,,,,,,,,,,,,,,Persons,unit,14105.0,100701.0,Persons,thousands,"Both sexes, All age groups, Seasonally adjusted",258.2833251953125,210.46665954589844,282.73333740234375,47.849998474121094,450.25,24.41666603088379,Percentage,unit,"Both sexes, All age groups, Seasonally adjusted",53.099998474121094,58.70000076293945,9.483333587646484,Number,unit,Total of all violations-Actual incidents,7085.17
Nova Scotia,1999-02,"Index, 201612=100",units,60.8,66.4,62.1,,,,,,,,,,,,,,,,,Persons,unit,11212.0,20041.0,Persons,thousands,"Both sexes, All age groups, Seasonally adjusted",255.71665954589844,208.86666870117188,283.3999938964844,46.849998474121094,448.8500061035156,27.683332443237305,Percentage,unit,"Both sexes, All age groups, Seasonally adjusted",52.66666793823242,59.13333511352539,10.766666412353516,Number,unit,Total of all violations-Actual incidents,7085.17
Nova Scotia,1999-11,"Index, 201612=100",units,63.1,66.4,63.9,,,,,,,,,,,,,,,,,Persons,unit,6939.0,18330.0,Persons,thousands,"Both sexes, All age groups, Seasonally adjusted",259.6833190917969,214.8333282470703,285.3666687011719,44.88333511352539,451.3333435058594,25.649999618530273,Percentage,unit,"Both sexes, All age groups, Seasonally adjusted",53.483333587646484,59.266666412353516,9.550000190734863,Number,unit,Total of all violations-Actual incidents,7085.17
Nova Scotia,1999-10,"Index, 201612=100",units,62.8,66.4,63.7,,,,,,,,,,,,,,,,,Persons,unit,10779.0,65847.0,Persons,thousands,"Both sexes, All age groups, Seasonally adjusted",258.8500061035156,214.96665954589844,285.25,43.900001525878906,451.1499938964844,26.399999618530273,Percentage,unit,"Both sexes, All age groups, Seasonally adjusted",53.36666488647461,59.266666412353516,9.699999809265137,Number,unit,Total of all violations-Actual incidents,7085.17
Nova Scotia,1999-01,"Index, 201612=100",units,60.8,66.4,62.1,,,,,,,,,,,,,,,,,Persons,unit,6591.0,14845.0,Persons,thousands,"Both sexes, All age groups, Seasonally adjusted",256.4666748046875,208.48333740234375,282.0833435058594,47.95000076293945,448.6666564941406,25.633333206176758,Percentage,unit,"Both sexes, All age groups, Seasonally adjusted",52.93333435058594,58.88333511352539,9.699999809265137,Number,unit,Total of all violations-Actual incidents,7085.17
Nova Scotia,1999-05,"Index, 201612=100",units,60.9,66.4,62.2,,,,,,,,,,,,,,,,,Persons,unit,14312.0,43636.0,Persons,thousands,"Both sexes, All age groups, Seasonally adjusted",258.8666687011719,210.6666717529297,285.0333251953125,48.16666793823242,449.6833190917969,26.200000762939453,Percentage,unit,"Both sexes, All age groups, Seasonally adjusted",53.266666412353516,59.66666793823242,10.383333206176758,Number,unit,Total of all violations-Actual incidents,7085.17
Nova Scotia,1999-03,"Index, 201612=100",units,60.8,66.4,62.1,,,,,,,,,,,,,,,,,Persons,unit,21918.0,33175.0,Persons,thousands,"Both sexes, All age groups, Seasonally adjusted",254.35000610351562,205.88333129882812,282.75,48.46666717529297,449.04998779296875,28.450000762939453,Percentage,unit,"Both sexes, All age groups, Seasonally adjusted",52.31666564941406,58.88333511352539,10.75,Number,unit,Total of all violations-Actual incidents,7085.17
Nova Scotia,1999-12,"Index, 201612=100",units,63.1,66.4,63.9,,,,,,,,,,,,,,,,,Persons,unit,8094.0,20843.0,Persons,thousands,"Both sexes, All age groups, Seasonally adjusted",260.23333740234375,217.9166717529297,287.1833190917969,42.29999923706055,451.5333251953125,26.950000762939453,Percentage,unit,"Both sexes, All age groups, Seasonally adjusted",53.599998474121094,59.61666488647461,9.883333206176758,Number,unit,Total of all violations-Actual incidents,7085.17
Nova Scotia,1999-04,"Index, 201612=100",units,60.8,66.4,62.1,,,,,,,,,,,,,,,,,Persons,unit,20841.0,33174.0,Persons,thousands,"Both sexes, All age groups, Seasonally adjusted",257.7833251953125,208.81666564941406,283.3500061035156,49.0,449.3833312988281,25.566667556762695,Percentage,unit,"Both sexes, All age groups, Seasonally adjusted",52.96666717529297,59.06666564941406,10.166666984558105,Number,unit,Total of all violations-Actual incidents,7085.17
