province,REF_DATE,uom_houseindex,scalar_houseindex,avg_house_only,avg_land_only,avg_totalhouseland,uom_income,scalar_income,statistic_income,avg_income,uom_expenditure,scalar_expenditure,statistic_expenditure,avg_food_expenditures,avg_income_taxes,avg_mortageinsurance,avg_mortagePaid,avg_accomodation,avg_rent,avg_shelter,avg_total_expenditure,avg_taxes_landregfees,uom_tourist,scalar_tourist,avg_international_tourism,avg_domestic_tourism,uom_labourforce,scalar_labourforce,statistic_labourforce,avg_employment,avg_fulltime,avg_labourforce,avg_parttime,avg_population,avg_unemployment,uom_lfperc,scalar_lfperc,statistic_labourforceperc,avg_employment_rate,avg_participationrate,avg_unemploymentrate,uom_crime,scalar_crime,statistic_crime,avg_crime_incidents
Atlantic Region,2015-11,"Index, 201612=100",units,99.4,99.6,99.5,,,,,Dollars,unit,Average expenditure per household,652.0,1031.42,9.75,309.08,995.58,191.25,1105.0,5934.92,2.67,,,,,,,,,,,,,,,,,,,,,,,
Atlantic Region,2015-12,"Index, 201612=100",units,99.5,99.6,99.5,,,,,Dollars,unit,Average expenditure per household,652.0,1031.42,9.75,309.08,995.58,191.25,1105.0,5934.92,2.67,,,,,,,,,,,,,,,,,,,,,,,
Atlantic Region,2015-03,"Index, 201612=100",units,99.4,99.1,99.3,,,,,Dollars,unit,Average expenditure per household,652.0,1031.42,9.75,309.08,995.58,191.25,1105.0,5934.92,2.67,,,,,,,,,,,,,,,,,,,,,,,
Atlantic Region,2015-02,"Index, 201612=100",units,99.3,99.1,99.3,,,,,Dollars,unit,Average expenditure per household,652.0,1031.42,9.75,309.08,995.58,191.25,1105.0,5934.92,2.67,,,,,,,,,,,,,,,,,,,,,,,
Atlantic Region,2015-04,"Index, 201612=100",units,99.4,99.1,99.3,,,,,Dollars,unit,Average expenditure per household,652.0,1031.42,9.75,309.08,995.58,191.25,1105.0,5934.92,2.67,,,,,,,,,,,,,,,,,,,,,,,
Atlantic Region,2015-06,"Index, 201612=100",units,99.4,99.3,99.4,,,,,Dollars,unit,Average expenditure per household,652.0,1031.42,9.75,309.08,995.58,191.25,1105.0,5934.92,2.67,,,,,,,,,,,,,,,,,,,,,,,
Atlantic Region,2015-07,"Index, 201612=100",units,99.5,99.4,99.5,,,,,Dollars,unit,Average expenditure per household,652.0,1031.42,9.75,309.08,995.58,191.25,1105.0,5934.92,2.67,,,,,,,,,,,,,,,,,,,,,,,
Atlantic Region,2015-05,"Index, 201612=100",units,99.3,99.3,99.3,,,,,Dollars,unit,Average expenditure per household,652.0,1031.42,9.75,309.08,995.58,191.25,1105.0,5934.92,2.67,,,,,,,,,,,,,,,,,,,,,,,
Atlantic Region,2015-08,"Index, 201612=100",units,99.5,99.4,99.5,,,,,Dollars,unit,Average expenditure per household,652.0,1031.42,9.75,309.08,995.58,191.25,1105.0,5934.92,2.67,,,,,,,,,,,,,,,,,,,,,,,
Atlantic Region,2015-01,"Index, 201612=100",units,99.2,98.8,99.1,,,,,Dollars,unit,Average expenditure per household,652.0,1031.42,9.75,309.08,995.58,191.25,1105.0,5934.92,2.67,,,,,,,,,,,,,,,,,,,,,,,
Atlantic Region,2015-10,"Index, 201612=100",units,99.5,99.4,99.5,,,,,Dollars,unit,Average expenditure per household,652.0,1031.42,9.75,309.08,995.58,191.25,1105.0,5934.92,2.67,,,,,,,,,,,,,,,,,,,,,,,
Atlantic Region,2015-09,"Index, 201612=100",units,99.5,99.4,99.5,,,,,Dollars,unit,Average expenditure per household,652.0,1031.42,9.75,309.08,995.58,191.25,1105.0,5934.92,2.67,,,,,,,,,,,,,,,,,,,,,,,
British Columbia,2009-07,"Index, 201612=100",units,93.5,100.63333333333333,96.33333333333333,Dollars,units,"Median total income,Both sexes,All age groups",2330.83,,,,,,,,,,,,,Persons,unit,901433.0,1896181.0,Persons,thousands,"Both sexes, All age groups, Seasonally adjusted",1398.8333740234375,1103.1500244140625,1513.0333251953125,295.70001220703125,2211.833251953125,114.19999694824219,Percentage,unit,"Both sexes, All age groups, Seasonally adjusted",60.25,65.78333282470703,8.416666984558105,Number,unit,Total of all violations-Actual incidents,37839.58
British Columbia,2009-08,"Index, 201612=100",units,93.76666666666667,100.63333333333333,96.53333333333335,Dollars,units,"Median total income,Both sexes,All age groups",2330.83,,,,,,,,,,,,,Persons,unit,1103520.0,2082757.0,Persons,thousands,"Both sexes, All age groups, Seasonally adjusted",1395.5833740234375,1109.5333251953125,1517.1500244140625,286.0333251953125,2215.11669921875,121.58333587646484,Percentage,unit,"Both sexes, All age groups, Seasonally adjusted",59.86666488647461,65.69999694824219,8.883333206176758,Number,unit,Total of all violations-Actual incidents,37839.58
British Columbia,2009-12,"Index, 201612=100",units,96.60000000000001,100.8,98.23333333333333,Dollars,units,"Median total income,Both sexes,All age groups",2330.83,,,,,,,,,,,,,Persons,unit,775643.0,1178519.0,Persons,thousands,"Both sexes, All age groups, Seasonally adjusted",1403.316650390625,1113.0333251953125,1525.5,290.3166809082031,2226.4833984375,122.1500015258789,Percentage,unit,"Both sexes, All age groups, Seasonally adjusted",59.900001525878906,65.68333435058594,8.633333206176758,Number,unit,Total of all violations-Actual incidents,37839.58
British Columbia,2009-09,"Index, 201612=100",units,95.13333333333333,100.73333333333333,97.33333333333333,Dollars,units,"Median total income,Both sexes,All age groups",2330.83,,,,,,,,,,,,,Persons,unit,847875.0,1556383.0,Persons,thousands,"Both sexes, All age groups, Seasonally adjusted",1400.800048828125,1107.0167236328125,1509.4166259765625,293.73333740234375,2218.783447265625,108.61666870117188,Percentage,unit,"Both sexes, All age groups, Seasonally adjusted",59.95000076293945,65.03333282470703,7.816666603088379,Number,unit,Total of all violations-Actual incidents,37839.58
British Columbia,2009-06,"Index, 201612=100",units,94.89999999999999,100.63333333333333,97.0,Dollars,units,"Median total income,Both sexes,All age groups",2330.83,,,,,,,,,,,,,Persons,unit,711827.0,1535177.0,Persons,thousands,"Both sexes, All age groups, Seasonally adjusted",1399.0333251953125,1103.316650390625,1519.816650390625,295.75,2208.699951171875,120.75,Percentage,unit,"Both sexes, All age groups, Seasonally adjusted",60.483333587646484,66.19999694824219,8.550000190734863,Number,unit,Total of all violations-Actual incidents,37839.58
British Columbia,2009-01,"Index, 201612=100",units,103.39999999999999,100.63333333333333,101.96666666666665,Dollars,units,"Median total income,Both sexes,All age groups",2330.83,,,,,,,,,,,,,Persons,unit,653334.0,1003512.0,Persons,thousands,"Both sexes, All age groups, Seasonally adjusted",1406.1500244140625,1122.2332763671875,1499.4666748046875,283.95001220703125,2192.85009765625,93.3499984741211,Percentage,unit,"Both sexes, All age groups, Seasonally adjusted",61.16666793823242,65.61666870117188,6.7166666984558105,Number,unit,Total of all violations-Actual incidents,37839.58
British Columbia,2009-04,"Index, 201612=100",units,95.63333333333333,100.63333333333333,97.56666666666666,Dollars,units,"Median total income,Both sexes,All age groups",2330.83,,,,,,,,,,,,,Persons,unit,745514.0,1153084.0,Persons,thousands,"Both sexes, All age groups, Seasonally adjusted",1397.2332763671875,1111.36669921875,1511.9000244140625,285.9166564941406,2201.783447265625,114.6500015258789,Percentage,unit,"Both sexes, All age groups, Seasonally adjusted",60.483333587646484,65.93333435058594,8.166666984558105,Number,unit,Total of all violations-Actual incidents,37839.58
British Columbia,2009-10,"Index, 201612=100",units,95.83333333333333,100.73333333333333,97.73333333333335,Dollars,units,"Median total income,Both sexes,All age groups",2330.83,,,,,,,,,,,,,Persons,unit,742821.0,1128928.0,Persons,thousands,"Both sexes, All age groups, Seasonally adjusted",1396.683349609375,1103.550048828125,1512.61669921875,293.1499938964844,2221.7666015625,115.94999694824219,Percentage,unit,"Both sexes, All age groups, Seasonally adjusted",59.68333435058594,65.19999694824219,8.5,Number,unit,Total of all violations-Actual incidents,37839.58
British Columbia,2009-11,"Index, 201612=100",units,96.0,100.8,97.93333333333332,Dollars,units,"Median total income,Both sexes,All age groups",2330.83,,,,,,,,,,,,,Persons,unit,747042.0,1058035.0,Persons,thousands,"Both sexes, All age groups, Seasonally adjusted",1404.7833251953125,1112.7166748046875,1523.800048828125,292.0666809082031,2224.35009765625,119.01667022705078,Percentage,unit,"Both sexes, All age groups, Seasonally adjusted",60.016666412353516,65.71666717529297,8.566666603088379,Number,unit,Total of all violations-Actual incidents,37839.58
British Columbia,2009-05,"Index, 201612=100",units,95.89999999999999,100.63333333333333,97.7,Dollars,units,"Median total income,Both sexes,All age groups",2330.83,,,,,,,,,,,,,Persons,unit,818731.0,1522491.0,Persons,thousands,"Both sexes, All age groups, Seasonally adjusted",1402.7166748046875,1103.8333740234375,1515.8499755859375,298.8833312988281,2204.949951171875,113.11666870117188,Percentage,unit,"Both sexes, All age groups, Seasonally adjusted",60.66666793823242,65.96666717529297,7.9666666984558105,Number,unit,Total of all violations-Actual incidents,37839.58
British Columbia,2009-02,"Index, 201612=100",units,99.33333333333333,100.63333333333333,99.56666666666668,Dollars,units,"Median total income,Both sexes,All age groups",2330.83,,,,,,,,,,,,,Persons,unit,611749.0,964839.0,Persons,thousands,"Both sexes, All age groups, Seasonally adjusted",1401.61669921875,1107.86669921875,1506.816650390625,293.76666259765625,2195.699951171875,105.21666717529297,Percentage,unit,"Both sexes, All age groups, Seasonally adjusted",60.71666717529297,65.76667022705078,7.550000190734863,Number,unit,Total of all violations-Actual incidents,37839.58
British Columbia,2009-03,"Index, 201612=100",units,97.36666666666666,100.63333333333333,98.5,Dollars,units,"Median total income,Both sexes,All age groups",2330.83,,,,,,,,,,,,,Persons,unit,793378.0,1184436.0,Persons,thousands,"Both sexes, All age groups, Seasonally adjusted",1393.816650390625,1101.183349609375,1502.066650390625,292.6166687011719,2198.61669921875,108.23332977294922,Percentage,unit,"Both sexes, All age groups, Seasonally adjusted",60.349998474121094,65.5,7.766666889190674,Number,unit,Total of all violations-Actual incidents,37839.58
Canada,1996-06,"Index, 201612=100",units,50.6,66.3,55.1,,,,,,,,,,,,,,,,,Persons,unit,4817410.0,1.0317134E7,Persons,thousands,"Both sexes, All age groups, Seasonally adjusted",6061.74462890625,7038.466796875,6717.466796875,1525.4666748046875,10107.0888671875,655.7000122070312,Percentage,unit,"Both sexes, All age groups, Seasonally adjusted",54.088890075683594,60.94444274902344,11.11111068725586,,,,
Canada,1996-01,"Index, 201612=100",units,51.3,66.4,55.6,,,,,,,,,,,,,,,,,Persons,unit,3979717.0,6633023.0,Persons,thousands,"Both sexes, All age groups, Seasonally adjusted",6039.98876953125,7001.4833984375,6669.7666015625,1536.0,10053.755859375,629.7666625976562,Percentage,unit,"Both sexes, All age groups, Seasonally adjusted",53.977779388427734,60.588890075683594,10.833333015441895,,,,
Canada,1996-02,"Index, 201612=100",units,51.0,66.4,55.4,,,,,,,,,,,,,,,,,Persons,unit,3854712.0,6728711.0,Persons,thousands,"Both sexes, All age groups, Seasonally adjusted",6051.77783203125,7012.35009765625,6687.7333984375,1539.36669921875,10063.888671875,635.95556640625,Percentage,unit,"Both sexes, All age groups, Seasonally adjusted",54.155555725097656,60.844444274902344,10.88888931274414,,,,
Canada,1996-11,"Index, 201612=100",units,50.8,66.1,55.2,,,,,,,,,,,,,,,,,Persons,unit,4019784.0,7192420.0,Persons,thousands,"Both sexes, All age groups, Seasonally adjusted",6073.14453125,7046.5,6736.63330078125,1543.1666259765625,10161.0,663.4888916015625,Percentage,unit,"Both sexes, All age groups, Seasonally adjusted",53.56666564941406,60.599998474121094,11.644444465637207,,,,
Canada,1996-08,"Index, 201612=100",units,50.6,66.2,55.0,,,,,,,,,,,,,,,,,Persons,unit,6202318.0,1.3174183E7,Persons,thousands,"Both sexes, All age groups, Seasonally adjusted",6082.10009765625,7081.216796875,6714.9443359375,1514.5333251953125,10130.2001953125,632.8666381835938,Percentage,unit,"Both sexes, All age groups, Seasonally adjusted",54.0,60.511112213134766,10.733333587646484,,,,
Canada,1996-09,"Index, 201612=100",units,50.6,66.1,55.0,,,,,,,,,,,,,,,,,Persons,unit,4589018.0,9253091.0,Persons,thousands,"Both sexes, All age groups, Seasonally adjusted",6060.57763671875,7034.283203125,6725.33349609375,1536.300048828125,10142.322265625,664.7555541992188,Percentage,unit,"Both sexes, All age groups, Seasonally adjusted",53.57777786254883,60.53333282470703,11.433333396911621,,,,
Canada,1996-12,"Index, 201612=100",units,50.8,66.2,55.2,,,,,,,,,,,,,,,,,Persons,unit,3910407.0,7187217.0,Persons,thousands,"Both sexes, All age groups, Seasonally adjusted",6085.7890625,7047.60009765625,6740.611328125,1561.183349609375,10169.7109375,654.8110961914062,Percentage,unit,"Both sexes, All age groups, Seasonally adjusted",53.55555725097656,60.38888931274414,11.399999618530273,,,,
Canada,1996-04,"Index, 201612=100",units,50.6,66.3,55.1,,,,,,,,,,,,,,,,,Persons,unit,4706563.0,8168087.0,Persons,thousands,"Both sexes, All age groups, Seasonally adjusted",6054.43310546875,7033.86669921875,6675.5,1521.4666748046875,10084.1669921875,621.0777587890625,Percentage,unit,"Both sexes, All age groups, Seasonally adjusted",54.099998474121094,60.53333282470703,10.54444408416748,,,,
Canada,1996-07,"Index, 201612=100",units,50.6,66.3,55.0,,,,,,,,,,,,,,,,,Persons,unit,5855080.0,1.2607994E7,Persons,thousands,"Both sexes, All age groups, Seasonally adjusted",6073.45556640625,7065.2998046875,6727.466796875,1516.5833740234375,10120.033203125,654.0,Percentage,unit,"Both sexes, All age groups, Seasonally adjusted",54.05555725097656,60.78888702392578,11.033333778381348,,,,
Canada,1996-05,"Index, 201612=100",units,50.5,66.3,55.0,,,,,,,,,,,,,,,,,Persons,unit,4907065.0,9405078.0,Persons,thousands,"Both sexes, All age groups, Seasonally adjusted",6064.98876953125,7035.83349609375,6681.64453125,1532.1500244140625,10097.044921875,616.6889038085938,Percentage,unit,"Both sexes, All age groups, Seasonally adjusted",54.18888854980469,60.57777786254883,10.45555591583252,,,,
Canada,1996-10,"Index, 201612=100",units,50.6,66.1,55.0,,,,,,,,,,,,,,,,,Persons,unit,4454064.0,8374680.0,Persons,thousands,"Both sexes, All age groups, Seasonally adjusted",6060.9111328125,7046.10009765625,6727.93310546875,1525.86669921875,10151.72265625,667.0,Percentage,unit,"Both sexes, All age groups, Seasonally adjusted",53.5,60.4555549621582,11.51111125946045,,,,
Canada,1996-03,"Index, 201612=100",units,50.9,66.3,55.3,,,,,,,,,,,,,,,,,Persons,unit,5075021.0,8348851.0,Persons,thousands,"Both sexes, All age groups, Seasonally adjusted",6042.25537109375,7012.5,6679.177734375,1525.816650390625,10074.1337890625,636.9222412109375,Percentage,unit,"Both sexes, All age groups, Seasonally adjusted",54.011112213134766,60.64444351196289,10.800000190734863,,,,
Ontario,1985-09,"Index, 201612=100",units,43.4,51.425000000000004,45.4625,,,,,,,,,,,,,,,,,Persons,unit,1490642.0,3952448.0,Persons,thousands,"Both sexes, All age groups, Seasonally adjusted",2882.833251953125,2434.75,3115.64990234375,448.0833435058594,4445.06689453125,232.81666564941406,Percentage,unit,"Both sexes, All age groups, Seasonally adjusted",61.29999923706055,66.56666564941406,7.633333206176758,,,,
Ontario,1985-07,"Index, 201612=100",units,42.825,51.05,44.9375,,,,,,,,,,,,,,,,,Persons,unit,1807089.0,5929330.0,Persons,thousands,"Both sexes, All age groups, Seasonally adjusted",2879.833251953125,2426.166748046875,3117.449951171875,453.70001220703125,4429.466796875,237.63333129882812,Percentage,unit,"Both sexes, All age groups, Seasonally adjusted",61.43333435058594,66.86666870117188,7.849999904632568,,,,
Ontario,1985-04,"Index, 201612=100",units,42.2125,48.79999999999999,44.06250000000001,,,,,,,,,,,,,,,,,Persons,unit,1420731.0,3169954.0,Persons,thousands,"Both sexes, All age groups, Seasonally adjusted",2845.7666015625,2390.89990234375,3097.88330078125,454.9166564941406,4406.16650390625,252.13333129882812,Percentage,unit,"Both sexes, All age groups, Seasonally adjusted",61.016666412353516,66.80000305175781,8.483333587646484,,,,
Ontario,1985-08,"Index, 201612=100",units,43.150000000000006,51.31250000000001,45.2375,,,,,,,,,,,,,,,,,Persons,unit,1964681.0,6268608.0,Persons,thousands,"Both sexes, All age groups, Seasonally adjusted",2884.89990234375,2429.86669921875,3122.966552734375,455.0666809082031,4436.75,238.03334045410156,Percentage,unit,"Both sexes, All age groups, Seasonally adjusted",61.54999923706055,66.9000015258789,7.849999904632568,,,,
Ontario,1985-01,"Index, 201612=100",units,41.5,47.974999999999994,43.349999999999994,,,,,,,,,,,,,,,,,Persons,unit,1178424.0,2312814.0,Persons,thousands,"Both sexes, All age groups, Seasonally adjusted",2813.9833984375,2377.14990234375,3060.10009765625,436.8166809082031,4387.83349609375,246.11666870117188,Percentage,unit,"Both sexes, All age groups, Seasonally adjusted",60.599998474121094,66.16666412353516,8.283333778381348,,,,
Ontario,1985-02,"Index, 201612=100",units,41.4125,47.9875,43.3,,,,,,,,,,,,,,,,,Persons,unit,1123345.0,2271294.0,Persons,thousands,"Both sexes, All age groups, Seasonally adjusted",2823.61669921875,2375.5,3071.10009765625,448.1000061035156,4393.2001953125,247.46665954589844,Percentage,unit,"Both sexes, All age groups, Seasonally adjusted",60.733333587646484,66.31666564941406,8.216666221618652,,,,
Ontario,1985-12,"Index, 201612=100",units,43.9875,52.724999999999994,46.225,,,,,,,,,,,,,,,,,Persons,unit,1150738.0,2575131.0,Persons,thousands,"Both sexes, All age groups, Seasonally adjusted",2920.933349609375,2473.050048828125,3139.9833984375,447.8999938964844,4463.43310546875,219.0500030517578,Percentage,unit,"Both sexes, All age groups, Seasonally adjusted",61.849998474121094,66.81666564941406,7.183333396911621,,,,
Ontario,1985-10,"Index, 201612=100",units,43.5625,51.787499999999994,45.675000000000004,,,,,,,,,,,,,,,,,Persons,unit,1375065.0,3398299.0,Persons,thousands,"Both sexes, All age groups, Seasonally adjusted",2897.283447265625,2448.216552734375,3125.816650390625,449.0833435058594,4451.5,228.5,Percentage,unit,"Both sexes, All age groups, Seasonally adjusted",61.61666488647461,66.76667022705078,7.516666889190674,,,,
Ontario,1985-11,"Index, 201612=100",units,43.837500000000006,52.45,46.05000000000001,,,,,,,,,,,,,,,,,Persons,unit,1239662.0,2858084.0,Persons,thousands,"Both sexes, All age groups, Seasonally adjusted",2917.916748046875,2463.4833984375,3132.63330078125,454.45001220703125,4457.61669921875,214.71665954589844,Percentage,unit,"Both sexes, All age groups, Seasonally adjusted",61.96666717529297,66.8499984741211,7.066666603088379,,,,
Ontario,1985-03,"Index, 201612=100",units,41.9625,48.775,43.8875,,,,,,,,,,,,,,,,,Persons,unit,1608399.0,3162662.0,Persons,thousands,"Both sexes, All age groups, Seasonally adjusted",2836.833251953125,2382.199951171875,3094.7333984375,454.6333312988281,4398.64990234375,257.8999938964844,Percentage,unit,"Both sexes, All age groups, Seasonally adjusted",60.91666793823242,66.80000305175781,8.583333015441895,,,,
Ontario,1985-05,"Index, 201612=100",units,42.4875,49.675,44.400000000000006,,,,,,,,,,,,,,,,,Persons,unit,1435879.0,3825701.0,Persons,thousands,"Both sexes, All age groups, Seasonally adjusted",2853.36669921875,2408.083251953125,3091.2666015625,445.26666259765625,4413.033203125,237.93333435058594,Percentage,unit,"Both sexes, All age groups, Seasonally adjusted",61.04999923706055,66.44999694824219,7.949999809265137,,,,
Ontario,1985-06,"Index, 201612=100",units,42.6125,50.75,44.7,,,,,,,,,,,,,,,,,Persons,unit,1474089.0,4575141.0,Persons,thousands,"Both sexes, All age groups, Seasonally adjusted",2867.86669921875,2415.0,3104.316650390625,452.8999938964844,4420.58349609375,236.46665954589844,Percentage,unit,"Both sexes, All age groups, Seasonally adjusted",61.28333282470703,66.68333435058594,7.866666793823242,,,,
Prince Edward Island,2016-04,"Index, 201612=100",units,100.5,100.0,100.4,Dollars,units,"Median total income,Both sexes,All age groups",2674.17,Dollars,unit,Average expenditure per household,641.83,965.75,9.08,283.92,984.17,207.17,1065.58,5689.83,NaN,Persons,unit,1156.0,1216.0,Persons,thousands,"Both sexes, All age groups, Seasonally adjusted",45.016666412353516,38.233333587646484,50.70000076293945,6.7833333015441895,73.58333587646484,5.666666507720947,Percentage,unit,"Both sexes, All age groups, Seasonally adjusted",59.733333587646484,67.93333435058594,12.25,Number,unit,Total of all violations-Actual incidents,613.92
Prince Edward Island,2016-05,"Index, 201612=100",units,100.0,100.0,100.0,Dollars,units,"Median total income,Both sexes,All age groups",2674.17,Dollars,unit,Average expenditure per household,641.83,965.75,9.08,283.92,984.17,207.17,1065.58,5689.83,NaN,Persons,unit,232.0,279.0,Persons,thousands,"Both sexes, All age groups, Seasonally adjusted",45.03333282470703,38.31666564941406,50.13333511352539,6.699999809265137,73.69999694824219,5.083333492279053,Percentage,unit,"Both sexes, All age groups, Seasonally adjusted",59.900001525878906,67.05000305175781,10.933333396911621,Number,unit,Total of all violations-Actual incidents,613.92
Prince Edward Island,2016-02,"Index, 201612=100",units,100.6,99.4,100.3,Dollars,units,"Median total income,Both sexes,All age groups",2674.17,Dollars,unit,Average expenditure per household,641.83,965.75,9.08,283.92,984.17,207.17,1065.58,5689.83,NaN,Persons,unit,501.0,530.0,Persons,thousands,"Both sexes, All age groups, Seasonally adjusted",45.266666412353516,38.75,50.91666793823242,6.5333333015441895,73.41666412353516,5.666666507720947,Percentage,unit,"Both sexes, All age groups, Seasonally adjusted",60.516666412353516,68.55000305175781,11.966666221618652,Number,unit,Total of all violations-Actual incidents,613.92
Prince Edward Island,2016-06,"Index, 201612=100",units,100.0,100.0,100.0,Dollars,units,"Median total income,Both sexes,All age groups",2674.17,Dollars,unit,Average expenditure per household,641.83,965.75,9.08,283.92,984.17,207.17,1065.58,5689.83,NaN,Persons,unit,7.0,1348.0,Persons,thousands,"Both sexes, All age groups, Seasonally adjusted",44.983333587646484,37.93333435058594,50.400001525878906,7.099999904632568,73.78333282470703,5.400000095367432,Percentage,unit,"Both sexes, All age groups, Seasonally adjusted",59.849998474121094,67.51667022705078,11.649999618530273,Number,unit,Total of all violations-Actual incidents,613.92
Prince Edward Island,2016-07,"Index, 201612=100",units,100.0,100.0,100.0,Dollars,units,"Median total income,Both sexes,All age groups",2674.17,Dollars,unit,Average expenditure per household,641.83,965.75,9.08,283.92,984.17,207.17,1065.58,5689.83,NaN,Persons,unit,2.0,106.0,Persons,thousands,"Both sexes, All age groups, Seasonally adjusted",45.33333206176758,38.233333587646484,49.983333587646484,7.099999904632568,73.94999694824219,4.633333206176758,Percentage,unit,"Both sexes, All age groups, Seasonally adjusted",60.03333282470703,66.86666870117188,10.100000381469727,Number,unit,Total of all violations-Actual incidents,613.92
Prince Edward Island,2016-01,"Index, 201612=100",units,99.1,99.4,99.1,Dollars,units,"Median total income,Both sexes,All age groups",2674.17,Dollars,unit,Average expenditure per household,641.83,965.75,9.08,283.92,984.17,207.17,1065.58,5689.83,NaN,Persons,unit,306.0,345.0,Persons,thousands,"Both sexes, All age groups, Seasonally adjusted",45.650001525878906,38.75,50.61666488647461,6.866666793823242,73.41666412353516,4.983333110809326,Percentage,unit,"Both sexes, All age groups, Seasonally adjusted",61.25,68.13333129882812,10.516666412353516,Number,unit,Total of all violations-Actual incidents,613.92
Prince Edward Island,2016-09,"Index, 201612=100",units,100.0,100.0,100.0,Dollars,units,"Median total income,Both sexes,All age groups",2674.17,Dollars,unit,Average expenditure per household,641.83,965.75,9.08,283.92,984.17,207.17,1065.58,5689.83,NaN,Persons,unit,208.0,7013.0,Persons,thousands,"Both sexes, All age groups, Seasonally adjusted",45.45000076293945,37.75,50.88333511352539,7.683333396911621,74.01667022705078,5.433333396911621,Percentage,unit,"Both sexes, All age groups, Seasonally adjusted",60.33333206176758,68.11666870117188,11.583333015441895,Number,unit,Total of all violations-Actual incidents,613.92
Prince Edward Island,2016-11,"Index, 201612=100",units,100.0,100.0,100.0,Dollars,units,"Median total income,Both sexes,All age groups",2674.17,Dollars,unit,Average expenditure per household,641.83,965.75,9.08,283.92,984.17,207.17,1065.58,5689.83,NaN,Persons,unit,12.0,42.0,Persons,thousands,"Both sexes, All age groups, Seasonally adjusted",45.400001525878906,38.08333206176758,50.75,7.300000190734863,74.08333587646484,5.316666603088379,Percentage,unit,"Both sexes, All age groups, Seasonally adjusted",60.25,67.71666717529297,11.033333778381348,Number,unit,Total of all violations-Actual incidents,613.92
Prince Edward Island,2016-03,"Index, 201612=100",units,100.6,99.4,100.3,Dollars,units,"Median total income,Both sexes,All age groups",2674.17,Dollars,unit,Average expenditure per household,641.83,965.75,9.08,283.92,984.17,207.17,1065.58,5689.83,NaN,Persons,unit,819.0,869.0,Persons,thousands,"Both sexes, All age groups, Seasonally adjusted",45.21666717529297,38.03333282470703,50.5,7.166666507720947,73.5,5.2833333015441895,Percentage,unit,"Both sexes, All age groups, Seasonally adjusted",59.983333587646484,67.55000305175781,11.516666412353516,Number,unit,Total of all violations-Actual incidents,613.92
Prince Edward Island,2016-08,"Index, 201612=100",units,100.0,100.0,100.0,Dollars,units,"Median total income,Both sexes,All age groups",2674.17,Dollars,unit,Average expenditure per household,641.83,965.75,9.08,283.92,984.17,207.17,1065.58,5689.83,NaN,Persons,unit,16.0,161.0,Persons,thousands,"Both sexes, All age groups, Seasonally adjusted",45.150001525878906,37.766666412353516,51.266666412353516,7.349999904632568,73.96666717529297,6.116666793823242,Percentage,unit,"Both sexes, All age groups, Seasonally adjusted",60.099998474121094,68.75,12.833333015441895,Number,unit,Total of all violations-Actual incidents,613.92
Prince Edward Island,2016-10,"Index, 201612=100",units,100.0,100.0,100.0,Dollars,units,"Median total income,Both sexes,All age groups",2674.17,Dollars,unit,Average expenditure per household,641.83,965.75,9.08,283.92,984.17,207.17,1065.58,5689.83,NaN,Persons,unit,21.0,164.0,Persons,thousands,"Both sexes, All age groups, Seasonally adjusted",45.36666488647461,37.46666717529297,50.88333511352539,7.883333206176758,74.01667022705078,5.5,Percentage,unit,"Both sexes, All age groups, Seasonally adjusted",60.33333206176758,68.30000305175781,11.733333587646484,Number,unit,Total of all violations-Actual incidents,613.92
Prince Edward Island,2016-12,"Index, 201612=100",units,100.0,100.0,100.0,Dollars,units,"Median total income,Both sexes,All age groups",2674.17,Dollars,unit,Average expenditure per household,641.83,965.75,9.08,283.92,984.17,207.17,1065.58,5689.83,NaN,Persons,unit,140.0,210.0,Persons,thousands,"Both sexes, All age groups, Seasonally adjusted",45.61666488647461,37.91666793823242,50.75,7.699999809265137,74.13333129882812,5.150000095367432,Percentage,unit,"Both sexes, All age groups, Seasonally adjusted",60.650001525878906,67.83333587646484,10.949999809265137,Number,unit,Total of all violations-Actual incidents,613.92
