province,REF_DATE,uom_houseindex,scalar_houseindex,avg_house_only,avg_land_only,avg_totalhouseland,uom_income,scalar_income,statistic_income,avg_income,uom_expenditure,scalar_expenditure,statistic_expenditure,avg_food_expenditures,avg_income_taxes,avg_mortageinsurance,avg_mortagePaid,avg_accomodation,avg_rent,avg_shelter,avg_total_expenditure,avg_taxes_landregfees,uom_tourist,scalar_tourist,avg_international_tourism,avg_domestic_tourism,uom_labourforce,scalar_labourforce,statistic_labourforce,avg_employment,avg_fulltime,avg_labourforce,avg_parttime,avg_population,avg_unemployment,uom_lfperc,scalar_lfperc,statistic_labourforceperc,avg_employment_rate,avg_participationrate,avg_unemploymentrate,uom_crime,scalar_crime,statistic_crime,avg_crime_incidents
Atlantic Region,2008-03,"Index, 201612=100",units,86.1,77.0,84.0,,,,,,,,,,,,,,,,,,,,,,,,,,,,,,,,,,,,,,,
Atlantic Region,2008-02,"Index, 201612=100",units,85.6,76.9,83.6,,,,,,,,,,,,,,,,,,,,,,,,,,,,,,,,,,,,,,,
Atlantic Region,2008-10,"Index, 201612=100",units,90.2,84.1,88.7,,,,,,,,,,,,,,,,,,,,,,,,,,,,,,,,,,,,,,,
Atlantic Region,2008-08,"Index, 201612=100",units,89.9,84.2,88.6,,,,,,,,,,,,,,,,,,,,,,,,,,,,,,,,,,,,,,,
Atlantic Region,2008-01,"Index, 201612=100",units,85.1,75.9,82.9,,,,,,,,,,,,,,,,,,,,,,,,,,,,,,,,,,,,,,,
Atlantic Region,2008-07,"Index, 201612=100",units,89.5,84.1,88.3,,,,,,,,,,,,,,,,,,,,,,,,,,,,,,,,,,,,,,,
Atlantic Region,2008-04,"Index, 201612=100",units,86.9,78.2,84.9,,,,,,,,,,,,,,,,,,,,,,,,,,,,,,,,,,,,,,,
Atlantic Region,2008-12,"Index, 201612=100",units,91.8,84.1,90.1,,,,,,,,,,,,,,,,,,,,,,,,,,,,,,,,,,,,,,,
Atlantic Region,2008-09,"Index, 201612=100",units,89.9,84.1,88.5,,,,,,,,,,,,,,,,,,,,,,,,,,,,,,,,,,,,,,,
Atlantic Region,2008-05,"Index, 201612=100",units,87.8,80.2,86.1,,,,,,,,,,,,,,,,,,,,,,,,,,,,,,,,,,,,,,,
Atlantic Region,2008-11,"Index, 201612=100",units,91.7,84.1,89.9,,,,,,,,,,,,,,,,,,,,,,,,,,,,,,,,,,,,,,,
Atlantic Region,2008-06,"Index, 201612=100",units,88.3,83.0,87.1,,,,,,,,,,,,,,,,,,,,,,,,,,,,,,,,,,,,,,,
New Brunswick,2002-02,"Index, 201612=100",units,79.3,79.2,78.9,Dollars,units,"Median total income,Both sexes,All age groups",1641.67,,,,,,,,,,,,,Persons,unit,225554.0,373199.0,Persons,thousands,"Both sexes, All age groups, Seasonally adjusted",214.98333740234375,184.71665954589844,240.3333282470703,30.25,368.0666809082031,25.316667556762695,Percentage,unit,"Both sexes, All age groups, Seasonally adjusted",54.70000076293945,61.79999923706055,11.316666603088379,Number,unit,Total of all violations-Actual incidents,4797.5
New Brunswick,2002-10,"Index, 201612=100",units,81.0,79.4,80.3,Dollars,units,"Median total income,Both sexes,All age groups",1641.67,,,,,,,,,,,,,Persons,unit,290903.0,490509.0,Persons,thousands,"Both sexes, All age groups, Seasonally adjusted",219.23333740234375,184.78334045410156,243.60000610351562,34.46666717529297,369.25,24.350000381469727,Percentage,unit,"Both sexes, All age groups, Seasonally adjusted",55.900001525878906,62.75,11.016666412353516,Number,unit,Total of all violations-Actual incidents,4797.5
New Brunswick,2002-04,"Index, 201612=100",units,79.3,79.2,78.9,Dollars,units,"Median total income,Both sexes,All age groups",1641.67,,,,,,,,,,,,,Persons,unit,287332.0,457375.0,Persons,thousands,"Both sexes, All age groups, Seasonally adjusted",218.60000610351562,187.63333129882812,242.28334045410156,30.96666717529297,368.3999938964844,23.649999618530273,Percentage,unit,"Both sexes, All age groups, Seasonally adjusted",55.650001525878906,62.11666488647461,10.133333206176758,Number,unit,Total of all violations-Actual incidents,4797.5
New Brunswick,2002-07,"Index, 201612=100",units,80.7,79.4,80.05,Dollars,units,"Median total income,Both sexes,All age groups",1641.67,,,,,,,,,,,,,Persons,unit,351541.0,673668.0,Persons,thousands,"Both sexes, All age groups, Seasonally adjusted",217.89999389648438,185.51666259765625,241.56666564941406,32.400001525878906,369.0333251953125,23.649999618530273,Percentage,unit,"Both sexes, All age groups, Seasonally adjusted",55.400001525878906,62.04999923706055,10.783333778381348,Number,unit,Total of all violations-Actual incidents,4797.5
New Brunswick,2002-09,"Index, 201612=100",units,81.0,79.4,80.4,Dollars,units,"Median total income,Both sexes,All age groups",1641.67,,,,,,,,,,,,,Persons,unit,291362.0,519102.0,Persons,thousands,"Both sexes, All age groups, Seasonally adjusted",219.0500030517578,185.3000030517578,243.23333740234375,33.78333282470703,369.1333312988281,24.16666603088379,Percentage,unit,"Both sexes, All age groups, Seasonally adjusted",55.849998474121094,62.483333587646484,10.666666984558105,Number,unit,Total of all violations-Actual incidents,4797.5
New Brunswick,2002-06,"Index, 201612=100",units,80.8,79.4,80.1,Dollars,units,"Median total income,Both sexes,All age groups",1641.67,,,,,,,,,,,,,Persons,unit,316809.0,556922.0,Persons,thousands,"Both sexes, All age groups, Seasonally adjusted",218.3333282470703,187.43333435058594,241.0500030517578,30.866666793823242,368.8166809082031,22.683332443237305,Percentage,unit,"Both sexes, All age groups, Seasonally adjusted",55.70000076293945,61.849998474121094,9.683333396911621,Number,unit,Total of all violations-Actual incidents,4797.5
New Brunswick,2002-12,"Index, 201612=100",units,81.0,79.4,80.3,Dollars,units,"Median total income,Both sexes,All age groups",1641.67,,,,,,,,,,,,,Persons,unit,270579.0,443302.0,Persons,thousands,"Both sexes, All age groups, Seasonally adjusted",219.89999389648438,187.0500030517578,244.3333282470703,32.86666488647461,369.5,24.450000762939453,Percentage,unit,"Both sexes, All age groups, Seasonally adjusted",55.88333511352539,62.516666412353516,10.566666603088379,Number,unit,Total of all violations-Actual incidents,4797.5
New Brunswick,2002-01,"Index, 201612=100",units,79.2,78.9,78.7,Dollars,units,"Median total income,Both sexes,All age groups",1641.67,,,,,,,,,,,,,Persons,unit,241858.0,392547.0,Persons,thousands,"Both sexes, All age groups, Seasonally adjusted",213.76666259765625,181.9499969482422,239.73333740234375,31.799999237060547,368.0333251953125,25.96666717529297,Percentage,unit,"Both sexes, All age groups, Seasonally adjusted",54.43333435058594,61.63333511352539,11.449999809265137,Number,unit,Total of all violations-Actual incidents,4797.5
New Brunswick,2002-11,"Index, 201612=100",units,81.0,79.4,80.2,Dollars,units,"Median total income,Both sexes,All age groups",1641.67,,,,,,,,,,,,,Persons,unit,255760.0,419509.0,Persons,thousands,"Both sexes, All age groups, Seasonally adjusted",219.38333129882812,184.73333740234375,243.98333740234375,34.63333511352539,369.3666687011719,24.616666793823242,Percentage,unit,"Both sexes, All age groups, Seasonally adjusted",55.766666412353516,62.45000076293945,10.716666221618652,Number,unit,Total of all violations-Actual incidents,4797.5
New Brunswick,2002-05,"Index, 201612=100",units,81.0,79.4,80.2,Dollars,units,"Median total income,Both sexes,All age groups",1641.67,,,,,,,,,,,,,Persons,unit,309312.0,507901.0,Persons,thousands,"Both sexes, All age groups, Seasonally adjusted",218.6666717529297,187.21665954589844,241.3000030517578,31.483333587646484,368.6333312988281,22.616666793823242,Percentage,unit,"Both sexes, All age groups, Seasonally adjusted",55.849998474121094,61.983333587646484,9.566666603088379,Number,unit,Total of all violations-Actual incidents,4797.5
New Brunswick,2002-08,"Index, 201612=100",units,81.0,79.4,80.25,Dollars,units,"Median total income,Both sexes,All age groups",1641.67,,,,,,,,,,,,,Persons,unit,352276.0,679638.0,Persons,thousands,"Both sexes, All age groups, Seasonally adjusted",219.43333435058594,186.68333435058594,242.39999389648438,32.75,369.1000061035156,22.950000762939453,Percentage,unit,"Both sexes, All age groups, Seasonally adjusted",55.93333435058594,62.29999923706055,10.350000381469727,Number,unit,Total of all violations-Actual incidents,4797.5
New Brunswick,2002-03,"Index, 201612=100",units,79.3,79.2,78.9,Dollars,units,"Median total income,Both sexes,All age groups",1641.67,,,,,,,,,,,,,Persons,unit,291655.0,461205.0,Persons,thousands,"Both sexes, All age groups, Seasonally adjusted",216.93333435058594,185.3000030517578,241.71665954589844,31.633333206176758,368.1166687011719,24.75,Percentage,unit,"Both sexes, All age groups, Seasonally adjusted",55.233333587646484,62.0,10.816666603088379,Number,unit,Total of all violations-Actual incidents,4797.5
Newfoundland and Labrador,1994-11,"Index, 201612=100",units,51.8,45.7,50.1,,,,,,,,,,,,,,,,,Persons,unit,542.0,6423.0,Persons,thousands,"Both sexes, All age groups, Seasonally adjusted",122.93333435058594,106.13333129882812,154.10000610351562,16.78333282470703,273.48333740234375,31.16666603088379,Percentage,unit,"Both sexes, All age groups, Seasonally adjusted",40.36666488647461,51.03333282470703,20.549999237060547,,,,
Newfoundland and Labrador,1994-10,"Index, 201612=100",units,51.7,45.7,50.0,,,,,,,,,,,,,,,,,Persons,unit,911.0,7698.0,Persons,thousands,"Both sexes, All age groups, Seasonally adjusted",122.18333435058594,105.88333129882812,151.89999389648438,16.299999237060547,273.5333251953125,29.700000762939453,Percentage,unit,"Both sexes, All age groups, Seasonally adjusted",40.08333206176758,50.38333511352539,20.450000762939453,,,,
Newfoundland and Labrador,1994-03,"Index, 201612=100",units,51.1,45.4,49.6,,,,,,,,,,,,,,,,,Persons,unit,475.0,5090.0,Persons,thousands,"Both sexes, All age groups, Seasonally adjusted",125.1500015258789,107.28333282470703,153.51666259765625,17.883333206176758,274.4666748046875,28.366666793823242,Percentage,unit,"Both sexes, All age groups, Seasonally adjusted",40.983333587646484,50.71666717529297,19.03333282470703,,,,
Newfoundland and Labrador,1994-02,"Index, 201612=100",units,51.4,45.6,49.8,,,,,,,,,,,,,,,,,Persons,unit,129.0,4355.0,Persons,thousands,"Both sexes, All age groups, Seasonally adjusted",124.8499984741211,106.69999694824219,152.71665954589844,18.183332443237305,274.6000061035156,27.850000381469727,Percentage,unit,"Both sexes, All age groups, Seasonally adjusted",40.733333587646484,50.33333206176758,18.616666793823242,,,,
Newfoundland and Labrador,1994-04,"Index, 201612=100",units,51.7,45.4,49.9,,,,,,,,,,,,,,,,,Persons,unit,1125.0,6829.0,Persons,thousands,"Both sexes, All age groups, Seasonally adjusted",125.78333282470703,107.48332977294922,156.5,18.316667556762695,274.3833312988281,30.700000762939453,Percentage,unit,"Both sexes, All age groups, Seasonally adjusted",41.29999923706055,51.83333206176758,20.133333206176758,,,,
Newfoundland and Labrador,1994-05,"Index, 201612=100",units,52.0,45.7,50.3,,,,,,,,,,,,,,,,,Persons,unit,2065.0,9765.0,Persons,thousands,"Both sexes, All age groups, Seasonally adjusted",123.78333282470703,107.23332977294922,155.0,16.53333282470703,274.3500061035156,31.21666717529297,Percentage,unit,"Both sexes, All age groups, Seasonally adjusted",40.56666564941406,51.349998474121094,20.899999618530273,,,,
Newfoundland and Labrador,1994-09,"Index, 201612=100",units,51.7,45.7,50.0,,,,,,,,,,,,,,,,,Persons,unit,2030.0,12371.0,Persons,thousands,"Both sexes, All age groups, Seasonally adjusted",122.91666412353516,106.63333129882812,152.98333740234375,16.266666412353516,273.75,30.049999237060547,Percentage,unit,"Both sexes, All age groups, Seasonally adjusted",40.349998474121094,50.78333282470703,20.28333282470703,,,,
Newfoundland and Labrador,1994-01,"Index, 201612=100",units,51.4,45.6,49.8,,,,,,,,,,,,,,,,,Persons,unit,500.0,4679.0,Persons,thousands,"Both sexes, All age groups, Seasonally adjusted",123.06666564941406,104.8499984741211,153.35000610351562,18.200000762939453,274.6833190917969,30.299999237060547,Percentage,unit,"Both sexes, All age groups, Seasonally adjusted",40.04999923706055,50.650001525878906,20.350000381469727,,,,
Newfoundland and Labrador,1994-07,"Index, 201612=100",units,51.4,45.7,49.8,,,,,,,,,,,,,,,,,Persons,unit,2958.0,13527.0,Persons,thousands,"Both sexes, All age groups, Seasonally adjusted",122.41666412353516,105.98332977294922,152.63333129882812,16.433332443237305,274.2166748046875,30.21666717529297,Percentage,unit,"Both sexes, All age groups, Seasonally adjusted",40.41666793823242,50.81666564941406,20.316667556762695,,,,
Newfoundland and Labrador,1994-08,"Index, 201612=100",units,51.7,45.7,50.0,,,,,,,,,,,,,,,,,Persons,unit,3416.0,13876.0,Persons,thousands,"Both sexes, All age groups, Seasonally adjusted",123.4000015258789,105.3499984741211,153.98333740234375,18.049999237060547,273.8999938964844,30.58333396911621,Percentage,unit,"Both sexes, All age groups, Seasonally adjusted",40.650001525878906,51.099998474121094,19.83333396911621,,,,
Newfoundland and Labrador,1994-06,"Index, 201612=100",units,51.6,45.7,49.9,,,,,,,,,,,,,,,,,Persons,unit,1258.0,10600.0,Persons,thousands,"Both sexes, All age groups, Seasonally adjusted",123.19999694824219,106.28333282470703,152.96665954589844,16.91666603088379,274.26666259765625,29.766666412353516,Percentage,unit,"Both sexes, All age groups, Seasonally adjusted",40.45000076293945,50.83333206176758,20.383333206176758,,,,
Newfoundland and Labrador,1994-12,"Index, 201612=100",units,51.8,45.7,50.1,,,,,,,,,,,,,,,,,Persons,unit,384.0,4147.0,Persons,thousands,"Both sexes, All age groups, Seasonally adjusted",123.08333587646484,105.5999984741211,152.1666717529297,17.5,273.4666748046875,29.100000381469727,Percentage,unit,"Both sexes, All age groups, Seasonally adjusted",40.36666488647461,50.46666717529297,19.866666793823242,,,,
Saskatchewan,1989-08,"Index, 201612=100",units,32.733333333333334,33.03333333333333,32.733333333333334,,,,,,,,,,,,,,,,,Persons,unit,77316.0,107664.0,Persons,thousands,"Both sexes, All age groups, Seasonally adjusted",288.0666809082031,231.53334045410156,309.6833190917969,56.5,449.4666748046875,21.649999618530273,Percentage,unit,"Both sexes, All age groups, Seasonally adjusted",60.95000076293945,65.78333282470703,7.016666889190674,,,,
Saskatchewan,1989-01,"Index, 201612=100",units,32.53333333333334,32.733333333333334,32.53333333333333,,,,,,,,,,,,,,,,,Persons,unit,33143.0,45029.0,Persons,thousands,"Both sexes, All age groups, Seasonally adjusted",288.7166748046875,226.48333740234375,311.6000061035156,62.20000076293945,451.1000061035156,22.866666793823242,Percentage,unit,"Both sexes, All age groups, Seasonally adjusted",60.900001525878906,66.03333282470703,7.366666793823242,,,,
Saskatchewan,1989-12,"Index, 201612=100",units,32.833333333333336,33.26666666666667,32.86666666666667,,,,,,,,,,,,,,,,,Persons,unit,45845.0,60483.0,Persons,thousands,"Both sexes, All age groups, Seasonally adjusted",286.2166748046875,225.35000610351562,307.04998779296875,60.88333511352539,447.0,20.799999237060547,Percentage,unit,"Both sexes, All age groups, Seasonally adjusted",60.71666717529297,65.4000015258789,6.849999904632568,,,,
Saskatchewan,1989-09,"Index, 201612=100",units,32.9,33.4,33.0,,,,,,,,,,,,,,,,,Persons,unit,52271.0,72748.0,Persons,thousands,"Both sexes, All age groups, Seasonally adjusted",287.8666687011719,230.48333740234375,310.29998779296875,57.38333511352539,448.79998779296875,22.433332443237305,Percentage,unit,"Both sexes, All age groups, Seasonally adjusted",60.983333587646484,65.96666717529297,7.300000190734863,,,,
Saskatchewan,1989-07,"Index, 201612=100",units,32.733333333333334,33.03333333333333,32.733333333333334,,,,,,,,,,,,,,,,,Persons,unit,84070.0,125516.0,Persons,thousands,"Both sexes, All age groups, Seasonally adjusted",287.8666687011719,230.68333435058594,310.1833190917969,57.20000076293945,450.0666809082031,22.316667556762695,Percentage,unit,"Both sexes, All age groups, Seasonally adjusted",60.81666564941406,65.83333587646484,7.2166666984558105,,,,
Saskatchewan,1989-02,"Index, 201612=100",units,32.6,32.733333333333334,32.56666666666666,,,,,,,,,,,,,,,,,Persons,unit,35122.0,47245.0,Persons,thousands,"Both sexes, All age groups, Seasonally adjusted",285.25,226.85000610351562,308.6833190917969,58.41666793823242,450.95001220703125,23.433332443237305,Percentage,unit,"Both sexes, All age groups, Seasonally adjusted",60.04999923706055,65.36666870117188,7.699999809265137,,,,
Saskatchewan,1989-10,"Index, 201612=100",units,32.9,33.56666666666667,33.03333333333333,,,,,,,,,,,,,,,,,Persons,unit,53274.0,70839.0,Persons,thousands,"Both sexes, All age groups, Seasonally adjusted",287.8333435058594,227.98333740234375,309.5,59.849998474121094,448.0,21.649999618530273,Percentage,unit,"Both sexes, All age groups, Seasonally adjusted",60.983333587646484,65.80000305175781,7.083333492279053,,,,
Saskatchewan,1989-03,"Index, 201612=100",units,32.6,32.766666666666666,32.56666666666666,,,,,,,,,,,,,,,,,Persons,unit,49002.0,63355.0,Persons,thousands,"Both sexes, All age groups, Seasonally adjusted",287.3500061035156,226.01666259765625,309.4666748046875,61.33333206176758,450.9166564941406,22.100000381469727,Percentage,unit,"Both sexes, All age groups, Seasonally adjusted",60.45000076293945,65.41666412353516,7.199999809265137,,,,
Saskatchewan,1989-05,"Index, 201612=100",units,32.63333333333333,32.9,32.63333333333333,,,,,,,,,,,,,,,,,Persons,unit,47642.0,67301.0,Persons,thousands,"Both sexes, All age groups, Seasonally adjusted",287.0333251953125,227.9499969482422,309.01666259765625,59.06666564941406,450.6666564941406,21.983333587646484,Percentage,unit,"Both sexes, All age groups, Seasonally adjusted",60.483333587646484,65.43333435058594,7.233333110809326,,,,
Saskatchewan,1989-04,"Index, 201612=100",units,32.53333333333334,32.800000000000004,32.56666666666666,,,,,,,,,,,,,,,,,Persons,unit,48372.0,62198.0,Persons,thousands,"Both sexes, All age groups, Seasonally adjusted",286.0666809082031,223.76666259765625,308.3999938964844,62.31666564941406,450.8333435058594,22.33333396911621,Percentage,unit,"Both sexes, All age groups, Seasonally adjusted",60.21666717529297,65.25,7.349999904632568,,,,
Saskatchewan,1989-06,"Index, 201612=100",units,32.63333333333333,33.03333333333333,32.666666666666664,,,,,,,,,,,,,,,,,Persons,unit,49797.0,82213.0,Persons,thousands,"Both sexes, All age groups, Seasonally adjusted",287.2833251953125,230.14999389648438,309.51666259765625,57.13333511352539,450.3833312988281,22.25,Percentage,unit,"Both sexes, All age groups, Seasonally adjusted",60.66666793823242,65.56666564941406,7.133333206176758,,,,
Saskatchewan,1989-11,"Index, 201612=100",units,32.833333333333336,33.4,32.93333333333333,,,,,,,,,,,,,,,,,Persons,unit,47840.0,61746.0,Persons,thousands,"Both sexes, All age groups, Seasonally adjusted",287.04998779296875,226.60000610351562,308.76666259765625,60.46666717529297,447.48333740234375,21.66666603088379,Percentage,unit,"Both sexes, All age groups, Seasonally adjusted",60.86666488647461,65.68333435058594,7.150000095367432,,,,
