province,REF_DATE,uom_houseindex,scalar_houseindex,avg_house_only,avg_land_only,avg_totalhouseland,uom_income,scalar_income,statistic_income,avg_income,uom_expenditure,scalar_expenditure,statistic_expenditure,avg_food_expenditures,avg_income_taxes,avg_mortageinsurance,avg_mortagePaid,avg_accomodation,avg_rent,avg_shelter,avg_total_expenditure,avg_taxes_landregfees,uom_tourist,scalar_tourist,avg_international_tourism,avg_domestic_tourism,uom_labourforce,scalar_labourforce,statistic_labourforce,avg_employment,avg_fulltime,avg_labourforce,avg_parttime,avg_population,avg_unemployment,uom_lfperc,scalar_lfperc,statistic_labourforceperc,avg_employment_rate,avg_participationrate,avg_unemploymentrate,uom_crime,scalar_crime,statistic_crime,avg_crime_incidents
Ontario,2004-06,"Index, 201612=100",units,72.92222222222222,84.66666666666666,75.84444444444446,Dollars,units,"Median total income,Both sexes,All age groups",2200.0,,,,,,,,,,,,,Persons,unit,1598855.0,4504321.0,Persons,thousands,"Both sexes, All age groups, Seasonally adjusted",4033.583251953125,3368.949951171875,4313.60009765625,664.6166381835938,6075.0498046875,280.01666259765625,Percentage,unit,"Both sexes, All age groups, Seasonally adjusted",62.18333435058594,67.11666870117188,7.366666793823242,Number,unit,Total of all violations-Actual incidents,62309.75
Ontario,2004-03,"Index, 201612=100",units,71.54444444444445,82.86666666666666,74.40000000000002,Dollars,units,"Median total income,Both sexes,All age groups",2200.0,,,,,,,,,,,,,Persons,unit,2066402.0,3990134.0,Persons,thousands,"Both sexes, All age groups, Seasonally adjusted",4015.9833984375,3348.666748046875,4295.86669921875,667.3333129882812,6048.0498046875,279.8999938964844,Percentage,unit,"Both sexes, All age groups, Seasonally adjusted",62.03333282470703,67.0,7.349999904632568,Number,unit,Total of all violations-Actual incidents,62309.75
Ontario,2004-08,"Index, 201612=100",units,73.26666666666667,85.26666666666667,76.26666666666667,Dollars,units,"Median total income,Both sexes,All age groups",2200.0,,,,,,,,,,,,,Persons,unit,2118212.0,5566248.0,Persons,thousands,"Both sexes, All age groups, Seasonally adjusted",4027.216552734375,3338.783447265625,4303.89990234375,688.433349609375,6091.81689453125,276.6666564941406,Percentage,unit,"Both sexes, All age groups, Seasonally adjusted",61.81666564941406,66.73332977294922,7.300000190734863,Number,unit,Total of all violations-Actual incidents,62309.75
Ontario,2004-04,"Index, 201612=100",units,72.03333333333335,83.28888888888888,74.88888888888889,Dollars,units,"Median total income,Both sexes,All age groups",2200.0,,,,,,,,,,,,,Persons,unit,1822312.0,3834523.0,Persons,thousands,"Both sexes, All age groups, Seasonally adjusted",4021.7333984375,3355.300048828125,4300.2333984375,666.4166870117188,6056.033203125,278.51666259765625,Percentage,unit,"Both sexes, All age groups, Seasonally adjusted",62.099998474121094,67.01667022705078,7.266666889190674,Number,unit,Total of all violations-Actual incidents,62309.75
Ontario,2004-01,"Index, 201612=100",units,70.92222222222223,82.57777777777777,73.85555555555555,Dollars,units,"Median total income,Both sexes,All age groups",2200.0,,,,,,,,,,,,,Persons,unit,1649443.0,3255712.0,Persons,thousands,"Both sexes, All age groups, Seasonally adjusted",4017.5,3347.5,4287.36669921875,670.0,6032.4833984375,269.8500061035156,Percentage,unit,"Both sexes, All age groups, Seasonally adjusted",62.29999923706055,67.08333587646484,7.016666889190674,Number,unit,Total of all violations-Actual incidents,62309.75
Ontario,2004-11,"Index, 201612=100",units,74.30000000000001,85.67777777777778,77.12222222222222,Dollars,units,"Median total income,Both sexes,All age groups",2200.0,,,,,,,,,,,,,Persons,unit,1701078.0,3547214.0,Persons,thousands,"Both sexes, All age groups, Seasonally adjusted",4048.63330078125,3349.449951171875,4334.25,699.183349609375,6111.466796875,285.6166687011719,Percentage,unit,"Both sexes, All age groups, Seasonally adjusted",62.016666412353516,66.9000015258789,7.183333396911621,Number,unit,Total of all violations-Actual incidents,62309.75
Ontario,2004-12,"Index, 201612=100",units,74.63333333333333,85.86666666666667,77.41111111111111,Dollars,units,"Median total income,Both sexes,All age groups",2200.0,,,,,,,,,,,,,Persons,unit,1672409.0,3494167.0,Persons,thousands,"Both sexes, All age groups, Seasonally adjusted",4050.300048828125,3347.533447265625,4343.18310546875,702.75,6117.35009765625,292.9166564941406,Percentage,unit,"Both sexes, All age groups, Seasonally adjusted",61.91666793823242,66.96666717529297,7.483333110809326,Number,unit,Total of all violations-Actual incidents,62309.75
Ontario,2004-05,"Index, 201612=100",units,72.38888888888889,83.9111111111111,75.25555555555556,Dollars,units,"Median total income,Both sexes,All age groups",2200.0,,,,,,,,,,,,,Persons,unit,1803995.0,4212212.0,Persons,thousands,"Both sexes, All age groups, Seasonally adjusted",4023.800048828125,3347.7333984375,4302.2001953125,676.0499877929688,6064.466796875,278.3833312988281,Percentage,unit,"Both sexes, All age groups, Seasonally adjusted",62.03333282470703,66.94999694824219,7.333333492279053,Number,unit,Total of all violations-Actual incidents,62309.75
Ontario,2004-10,"Index, 201612=100",units,73.87777777777778,85.56666666666666,76.77777777777779,Dollars,units,"Median total income,Both sexes,All age groups",2200.0,,,,,,,,,,,,,Persons,unit,1804014.0,4077016.0,Persons,thousands,"Both sexes, All age groups, Seasonally adjusted",4043.933349609375,3339.433349609375,4318.716796875,704.5,6105.5498046875,274.76666259765625,Percentage,unit,"Both sexes, All age groups, Seasonally adjusted",62.016666412353516,66.80000305175781,7.016666889190674,Number,unit,Total of all violations-Actual incidents,62309.75
Ontario,2004-02,"Index, 201612=100",units,71.47777777777777,82.86666666666666,74.35555555555555,Dollars,units,"Median total income,Both sexes,All age groups",2200.0,,,,,,,,,,,,,Persons,unit,1608952.0,3358597.0,Persons,thousands,"Both sexes, All age groups, Seasonally adjusted",4026.050048828125,3348.966552734375,4298.25,677.066650390625,6040.2666015625,272.1833190917969,Percentage,unit,"Both sexes, All age groups, Seasonally adjusted",62.349998474121094,67.25,7.083333492279053,Number,unit,Total of all violations-Actual incidents,62309.75
Ontario,2004-09,"Index, 201612=100",units,73.60000000000001,85.27777777777777,76.51111111111112,Dollars,units,"Median total income,Both sexes,All age groups",2200.0,,,,,,,,,,,,,Persons,unit,1731831.0,4307100.0,Persons,thousands,"Both sexes, All age groups, Seasonally adjusted",4031.716552734375,3354.916748046875,4303.783203125,676.7999877929688,6098.91650390625,272.0666809082031,Percentage,unit,"Both sexes, All age groups, Seasonally adjusted",61.86666488647461,66.5999984741211,7.0333333015441895,Number,unit,Total of all violations-Actual incidents,62309.75
Ontario,2004-07,"Index, 201612=100",units,73.10000000000001,84.66666666666666,76.00000000000001,Dollars,units,"Median total income,Both sexes,All age groups",2200.0,,,,,,,,,,,,,Persons,unit,1984437.0,5644349.0,Persons,thousands,"Both sexes, All age groups, Seasonally adjusted",4040.433349609375,3347.566650390625,4314.81689453125,692.8666381835938,6083.0498046875,274.3833312988281,Percentage,unit,"Both sexes, All age groups, Seasonally adjusted",62.233333587646484,67.08333587646484,7.2166666984558105,Number,unit,Total of all violations-Actual incidents,62309.75
Quebec,1985-04,"Index, 201612=100",units,41.05,29.35,37.55,,,,,,,,,,,,,,,,,Persons,unit,432967.0,715843.0,Persons,thousands,"Both sexes, All age groups, Seasonally adjusted",1783.316650390625,1520.7833251953125,2023.38330078125,262.5,3170.89990234375,240.10000610351562,Percentage,unit,"Both sexes, All age groups, Seasonally adjusted",52.349998474121094,59.78333282470703,12.233333587646484,,,,
Quebec,1985-10,"Index, 201612=100",units,42.1,30.700000000000003,38.650000000000006,,,,,,,,,,,,,,,,,Persons,unit,435475.0,787330.0,Persons,thousands,"Both sexes, All age groups, Seasonally adjusted",1798.8333740234375,1526.699951171875,2049.36669921875,272.1666564941406,3186.86669921875,250.51666259765625,Percentage,unit,"Both sexes, All age groups, Seasonally adjusted",52.599998474121094,60.29999923706055,12.666666984558105,,,,
Quebec,1985-03,"Index, 201612=100",units,41.05,29.25,37.5,,,,,,,,,,,,,,,,,Persons,unit,483058.0,731397.0,Persons,thousands,"Both sexes, All age groups, Seasonally adjusted",1769.63330078125,1511.4166259765625,2015.9000244140625,258.23333740234375,3167.7666015625,246.21665954589844,Percentage,unit,"Both sexes, All age groups, Seasonally adjusted",52.08333206176758,59.66666793823242,12.516666412353516,,,,
Quebec,1985-09,"Index, 201612=100",units,41.75,30.5,38.35,,,,,,,,,,,,,,,,,Persons,unit,545906.0,909662.0,Persons,thousands,"Both sexes, All age groups, Seasonally adjusted",1798.7667236328125,1525.5167236328125,2042.3333740234375,273.25,3184.416748046875,243.60000610351562,Percentage,unit,"Both sexes, All age groups, Seasonally adjusted",52.61666488647461,60.13333511352539,12.350000381469727,,,,
Quebec,1985-02,"Index, 201612=100",units,40.8,29.2,37.3,,,,,,,,,,,,,,,,,Persons,unit,345968.0,572188.0,Persons,thousands,"Both sexes, All age groups, Seasonally adjusted",1773.199951171875,1512.4000244140625,2006.816650390625,260.79998779296875,3165.316650390625,233.63333129882812,Percentage,unit,"Both sexes, All age groups, Seasonally adjusted",52.25,59.36666488647461,11.733333587646484,,,,
Quebec,1985-06,"Index, 201612=100",units,41.45,29.85,37.95,,,,,,,,,,,,,,,,,Persons,unit,565487.0,965394.0,Persons,thousands,"Both sexes, All age groups, Seasonally adjusted",1792.7332763671875,1526.0,2040.0999755859375,266.75,3176.11669921875,247.35000610351562,Percentage,unit,"Both sexes, All age groups, Seasonally adjusted",52.63333511352539,60.33333206176758,12.466666221618652,,,,
Quebec,1985-07,"Index, 201612=100",units,41.5,29.85,38.0,,,,,,,,,,,,,,,,,Persons,unit,973122.0,1531393.0,Persons,thousands,"Both sexes, All age groups, Seasonally adjusted",1798.1500244140625,1528.4666748046875,2036.7833251953125,269.6666564941406,3178.966552734375,238.6666717529297,Percentage,unit,"Both sexes, All age groups, Seasonally adjusted",52.75,60.08333206176758,12.116666793823242,,,,
Quebec,1985-05,"Index, 201612=100",units,41.2,29.35,37.650000000000006,,,,,,,,,,,,,,,,,Persons,unit,451120.0,797476.0,Persons,thousands,"Both sexes, All age groups, Seasonally adjusted",1791.8499755859375,1524.63330078125,2037.0999755859375,267.20001220703125,3173.5,245.25,Percentage,unit,"Both sexes, All age groups, Seasonally adjusted",52.61666488647461,60.18333435058594,12.399999618530273,,,,
Quebec,1985-08,"Index, 201612=100",units,41.75,30.45,38.3,,,,,,,,,,,,,,,,,Persons,unit,888771.0,1441373.0,Persons,thousands,"Both sexes, All age groups, Seasonally adjusted",1804.63330078125,1534.566650390625,2037.183349609375,270.0833435058594,3181.533447265625,232.53334045410156,Percentage,unit,"Both sexes, All age groups, Seasonally adjusted",52.849998474121094,60.0,11.716666221618652,,,,
Quebec,1985-11,"Index, 201612=100",units,42.25,30.85,38.8,,,,,,,,,,,,,,,,,Persons,unit,327398.0,604534.0,Persons,thousands,"Both sexes, All age groups, Seasonally adjusted",1818.683349609375,1546.9000244140625,2069.35009765625,271.76666259765625,3189.433349609375,250.6666717529297,Percentage,unit,"Both sexes, All age groups, Seasonally adjusted",53.16666793823242,60.88333511352539,12.483333587646484,,,,
Quebec,1985-12,"Index, 201612=100",units,42.4,30.9,38.95,,,,,,,,,,,,,,,,,Persons,unit,322425.0,589081.0,Persons,thousands,"Both sexes, All age groups, Seasonally adjusted",1825.38330078125,1556.2833251953125,2071.816650390625,269.0833435058594,3191.9833984375,246.46665954589844,Percentage,unit,"Both sexes, All age groups, Seasonally adjusted",53.33333206176758,60.91666793823242,12.333333015441895,,,,
Quebec,1985-01,"Index, 201612=100",units,40.7,28.900000000000002,37.150000000000006,,,,,,,,,,,,,,,,,Persons,unit,391728.0,608813.0,Persons,thousands,"Both sexes, All age groups, Seasonally adjusted",1763.4166259765625,1506.8333740234375,1995.61669921875,256.54998779296875,3162.833251953125,232.21665954589844,Percentage,unit,"Both sexes, All age groups, Seasonally adjusted",51.91666793823242,59.08333206176758,11.866666793823242,,,,
