province,REF_DATE,uom_houseindex,scalar_houseindex,avg_house_only,avg_land_only,avg_totalhouseland,uom_income,scalar_income,statistic_income,avg_income,uom_expenditure,scalar_expenditure,statistic_expenditure,avg_food_expenditures,avg_income_taxes,avg_mortageinsurance,avg_mortagePaid,avg_accomodation,avg_rent,avg_shelter,avg_total_expenditure,avg_taxes_landregfees,uom_tourist,scalar_tourist,avg_international_tourism,avg_domestic_tourism,uom_labourforce,scalar_labourforce,statistic_labourforce,avg_employment,avg_fulltime,avg_labourforce,avg_parttime,avg_population,avg_unemployment,uom_lfperc,scalar_lfperc,statistic_labourforceperc,avg_employment_rate,avg_participationrate,avg_unemploymentrate,uom_crime,scalar_crime,statistic_crime,avg_crime_incidents
New Brunswick,1994-05,"Index, 201612=100",units,85.2,78.4,83.4,,,,,,,,,,,,,,,,,Persons,unit,549663.0,729565.0,Persons,thousands,"Both sexes, All age groups, Seasonally adjusted",188.31666564941406,157.9166717529297,216.3333282470703,30.366666793823242,356.7166748046875,28.049999237060547,Percentage,unit,"Both sexes, All age groups, Seasonally adjusted",48.400001525878906,56.03333282470703,13.383333206176758,,,,
New Brunswick,1994-03,"Index, 201612=100",units,84.7,78.1,82.9,,,,,,,,,,,,,,,,,Persons,unit,529603.0,675701.0,Persons,thousands,"Both sexes, All age groups, Seasonally adjusted",186.1999969482422,156.4499969482422,213.3333282470703,29.78333282470703,356.3500061035156,27.100000381469727,Percentage,unit,"Both sexes, All age groups, Seasonally adjusted",47.983333587646484,55.46666717529297,13.149999618530273,,,,
New Brunswick,1994-11,"Index, 201612=100",units,85.4,78.7,83.6,,,,,,,,,,,,,,,,,Persons,unit,453489.0,598743.0,Persons,thousands,"Both sexes, All age groups, Seasonally adjusted",193.6999969482422,162.13333129882812,220.6999969482422,31.549999237060547,357.73333740234375,27.0,Percentage,unit,"Both sexes, All age groups, Seasonally adjusted",49.86666488647461,57.266666412353516,12.399999618530273,,,,
New Brunswick,1994-10,"Index, 201612=100",units,85.5,78.7,83.7,,,,,,,,,,,,,,,,,Persons,unit,497343.0,676503.0,Persons,thousands,"Both sexes, All age groups, Seasonally adjusted",190.46665954589844,160.9499969482422,218.36666870117188,29.53333282470703,357.6000061035156,27.899999618530273,Percentage,unit,"Both sexes, All age groups, Seasonally adjusted",49.099998474121094,56.63333511352539,12.383333206176758,,,,
New Brunswick,1994-12,"Index, 201612=100",units,85.4,78.7,83.6,,,,,,,,,,,,,,,,,Persons,unit,452586.0,603330.0,Persons,thousands,"Both sexes, All age groups, Seasonally adjusted",195.53334045410156,164.38333129882812,220.46665954589844,31.149999618530273,357.8666687011719,24.933332443237305,Percentage,unit,"Both sexes, All age groups, Seasonally adjusted",50.400001525878906,57.13333511352539,11.133333206176758,,,,
New Brunswick,1994-01,"Index, 201612=100",units,84.7,78.1,82.9,,,,,,,,,,,,,,,,,Persons,unit,489270.0,621299.0,Persons,thousands,"Both sexes, All age groups, Seasonally adjusted",188.3000030517578,156.78334045410156,214.60000610351562,31.549999237060547,356.1666564941406,26.299999237060547,Percentage,unit,"Both sexes, All age groups, Seasonally adjusted",48.63333511352539,55.733333587646484,12.366666793823242,,,,
New Brunswick,1994-08,"Index, 201612=100",units,85.5,78.7,83.7,,,,,,,,,,,,,,,,,Persons,unit,586549.0,859366.0,Persons,thousands,"Both sexes, All age groups, Seasonally adjusted",191.0833282470703,161.1666717529297,216.5500030517578,29.899999618530273,357.26666259765625,25.46666717529297,Percentage,unit,"Both sexes, All age groups, Seasonally adjusted",49.266666412353516,56.13333511352539,11.716666221618652,,,,
New Brunswick,1994-02,"Index, 201612=100",units,84.7,78.1,82.9,,,,,,,,,,,,,,,,,Persons,unit,457156.0,590332.0,Persons,thousands,"Both sexes, All age groups, Seasonally adjusted",187.31666564941406,157.21665954589844,214.0,30.08333396911621,356.20001220703125,26.683332443237305,Percentage,unit,"Both sexes, All age groups, Seasonally adjusted",48.233333587646484,55.53333282470703,12.916666984558105,,,,
New Brunswick,1994-06,"Index, 201612=100",units,85.3,78.5,83.5,,,,,,,,,,,,,,,,,Persons,unit,557799.0,763705.0,Persons,thousands,"Both sexes, All age groups, Seasonally adjusted",190.14999389648438,159.10000610351562,216.4499969482422,31.100000381469727,356.9166564941406,26.299999237060547,Percentage,unit,"Both sexes, All age groups, Seasonally adjusted",48.88333511352539,56.016666412353516,12.566666603088379,,,,
New Brunswick,1994-09,"Index, 201612=100",units,85.5,78.7,83.7,,,,,,,,,,,,,,,,,Persons,unit,481585.0,690625.0,Persons,thousands,"Both sexes, All age groups, Seasonally adjusted",192.25,160.64999389648438,219.35000610351562,31.600000381469727,357.3999938964844,27.100000381469727,Percentage,unit,"Both sexes, All age groups, Seasonally adjusted",49.68333435058594,57.08333206176758,12.133333206176758,,,,
New Brunswick,1994-04,"Index, 201612=100",units,84.7,78.1,82.9,,,,,,,,,,,,,,,,,Persons,unit,522751.0,680666.0,Persons,thousands,"Both sexes, All age groups, Seasonally adjusted",186.93333435058594,157.25,213.43333435058594,29.649999618530273,356.5666809082031,26.5,Percentage,unit,"Both sexes, All age groups, Seasonally adjusted",48.06666564941406,55.36666488647461,13.016666412353516,,,,
New Brunswick,1994-07,"Index, 201612=100",units,85.3,78.5,83.5,,,,,,,,,,,,,,,,,Persons,unit,651625.0,949714.0,Persons,thousands,"Both sexes, All age groups, Seasonally adjusted",187.88333129882812,156.5,214.68333435058594,31.350000381469727,357.1833190917969,26.866666793823242,Percentage,unit,"Both sexes, All age groups, Seasonally adjusted",48.20000076293945,55.46666717529297,12.683333396911621,,,,
Nova Scotia,2009-11,"Index, 201612=100",units,90.5,94.4,91.3,Dollars,units,"Median total income,Both sexes,All age groups",2225.83,,,,,,,,,,,,,Persons,unit,8283.0,17928.0,Persons,thousands,"Both sexes, All age groups, Seasonally adjusted",288.5,240.81666564941406,317.9333190917969,47.68333435058594,472.3833312988281,29.433332443237305,Percentage,unit,"Both sexes, All age groups, Seasonally adjusted",59.03333282470703,65.5999984741211,9.649999618530273,Number,unit,Total of all violations-Actual incidents,6058.75
Nova Scotia,2009-06,"Index, 201612=100",units,90.0,94.4,90.9,Dollars,units,"Median total income,Both sexes,All age groups",2225.83,,,,,,,,,,,,,Persons,unit,10365.0,40264.0,Persons,thousands,"Both sexes, All age groups, Seasonally adjusted",284.5333251953125,236.26666259765625,313.3833312988281,48.266666412353516,470.9666748046875,28.850000381469727,Percentage,unit,"Both sexes, All age groups, Seasonally adjusted",57.95000076293945,64.58333587646484,9.883333206176758,Number,unit,Total of all violations-Actual incidents,6058.75
Nova Scotia,2009-07,"Index, 201612=100",units,90.0,94.4,90.9,Dollars,units,"Median total income,Both sexes,All age groups",2225.83,,,,,,,,,,,,,Persons,unit,12222.0,59253.0,Persons,thousands,"Both sexes, All age groups, Seasonally adjusted",284.25,239.38333129882812,311.8833312988281,44.849998474121094,471.2833251953125,27.66666603088379,Percentage,unit,"Both sexes, All age groups, Seasonally adjusted",57.86666488647461,64.26667022705078,9.683333396911621,Number,unit,Total of all violations-Actual incidents,6058.75
Nova Scotia,2009-10,"Index, 201612=100",units,90.2,94.4,91.1,Dollars,units,"Median total income,Both sexes,All age groups",2225.83,,,,,,,,,,,,,Persons,unit,13017.0,65325.0,Persons,thousands,"Both sexes, All age groups, Seasonally adjusted",287.23333740234375,239.8333282470703,316.1166687011719,47.400001525878906,472.23333740234375,28.899999618530273,Percentage,unit,"Both sexes, All age groups, Seasonally adjusted",58.63333511352539,65.11666870117188,9.850000381469727,Number,unit,Total of all violations-Actual incidents,6058.75
Nova Scotia,2009-04,"Index, 201612=100",units,90.0,94.4,90.9,Dollars,units,"Median total income,Both sexes,All age groups",2225.83,,,,,,,,,,,,,Persons,unit,48302.0,61161.0,Persons,thousands,"Both sexes, All age groups, Seasonally adjusted",285.5833435058594,237.03334045410156,314.0333251953125,48.56666564941406,470.45001220703125,28.483333587646484,Percentage,unit,"Both sexes, All age groups, Seasonally adjusted",58.099998474121094,64.71666717529297,10.016666412353516,Number,unit,Total of all violations-Actual incidents,6058.75
Nova Scotia,2009-08,"Index, 201612=100",units,90.0,94.4,90.9,Dollars,units,"Median total income,Both sexes,All age groups",2225.83,,,,,,,,,,,,,Persons,unit,14176.0,56115.0,Persons,thousands,"Both sexes, All age groups, Seasonally adjusted",285.3166809082031,238.46665954589844,312.1000061035156,46.849998474121094,471.51666259765625,26.75,Percentage,unit,"Both sexes, All age groups, Seasonally adjusted",58.06666564941406,64.1500015258789,9.266666412353516,Number,unit,Total of all violations-Actual incidents,6058.75
Nova Scotia,2009-02,"Index, 201612=100",units,90.0,94.4,90.9,Dollars,units,"Median total income,Both sexes,All age groups",2225.83,,,,,,,,,,,,,Persons,unit,19299.0,27934.0,Persons,thousands,"Both sexes, All age groups, Seasonally adjusted",290.0333251953125,239.86666870117188,316.5666809082031,50.18333435058594,470.3333435058594,26.516666412353516,Percentage,unit,"Both sexes, All age groups, Seasonally adjusted",58.95000076293945,65.28333282470703,9.449999809265137,Number,unit,Total of all violations-Actual incidents,6058.75
Nova Scotia,2009-12,"Index, 201612=100",units,90.5,94.4,91.3,Dollars,units,"Median total income,Both sexes,All age groups",2225.83,,,,,,,,,,,,,Persons,unit,8650.0,18600.0,Persons,thousands,"Both sexes, All age groups, Seasonally adjusted",287.8666687011719,237.61666870117188,317.0833435058594,50.266666412353516,472.54998779296875,29.183332443237305,Percentage,unit,"Both sexes, All age groups, Seasonally adjusted",58.75,65.30000305175781,9.783333778381348,Number,unit,Total of all violations-Actual incidents,6058.75
Nova Scotia,2009-01,"Index, 201612=100",units,90.0,94.4,90.8,Dollars,units,"Median total income,Both sexes,All age groups",2225.83,,,,,,,,,,,,,Persons,unit,11141.0,18978.0,Persons,thousands,"Both sexes, All age groups, Seasonally adjusted",286.8666687011719,239.3333282470703,313.0333251953125,47.53333282470703,470.1499938964844,26.16666603088379,Percentage,unit,"Both sexes, All age groups, Seasonally adjusted",58.38333511352539,64.31666564941406,9.100000381469727,Number,unit,Total of all violations-Actual incidents,6058.75
Nova Scotia,2009-05,"Index, 201612=100",units,90.0,94.4,90.9,Dollars,units,"Median total income,Both sexes,All age groups",2225.83,,,,,,,,,,,,,Persons,unit,24156.0,41808.0,Persons,thousands,"Both sexes, All age groups, Seasonally adjusted",285.9666748046875,238.5,313.2833251953125,47.5,470.6499938964844,27.316667556762695,Percentage,unit,"Both sexes, All age groups, Seasonally adjusted",58.16666793823242,64.43333435058594,9.516666412353516,Number,unit,Total of all violations-Actual incidents,6058.75
Nova Scotia,2009-03,"Index, 201612=100",units,90.0,94.4,90.9,Dollars,units,"Median total income,Both sexes,All age groups",2225.83,,,,,,,,,,,,,Persons,unit,45549.0,56658.0,Persons,thousands,"Both sexes, All age groups, Seasonally adjusted",287.3833312988281,237.5,315.01666259765625,49.86666488647461,470.3500061035156,27.633333206176758,Percentage,unit,"Both sexes, All age groups, Seasonally adjusted",58.45000076293945,64.81666564941406,9.683333396911621,Number,unit,Total of all violations-Actual incidents,6058.75
Nova Scotia,2009-09,"Index, 201612=100",units,90.2,94.4,91.1,Dollars,units,"Median total income,Both sexes,All age groups",2225.83,,,,,,,,,,,,,Persons,unit,13182.0,77512.0,Persons,thousands,"Both sexes, All age groups, Seasonally adjusted",284.8666687011719,237.10000610351562,314.8833312988281,47.766666412353516,471.9166564941406,29.983333587646484,Percentage,unit,"Both sexes, All age groups, Seasonally adjusted",57.983333587646484,64.76667022705078,10.316666603088379,Number,unit,Total of all violations-Actual incidents,6058.75
