province,REF_DATE,uom_houseindex,scalar_houseindex,avg_house_only,avg_land_only,avg_totalhouseland,uom_income,scalar_income,statistic_income,avg_income,uom_expenditure,scalar_expenditure,statistic_expenditure,avg_food_expenditures,avg_income_taxes,avg_mortageinsurance,avg_mortagePaid,avg_accomodation,avg_rent,avg_shelter,avg_total_expenditure,avg_taxes_landregfees,uom_tourist,scalar_tourist,avg_international_tourism,avg_domestic_tourism,uom_labourforce,scalar_labourforce,statistic_labourforce,avg_employment,avg_fulltime,avg_labourforce,avg_parttime,avg_population,avg_unemployment,uom_lfperc,scalar_lfperc,statistic_labourforceperc,avg_employment_rate,avg_participationrate,avg_unemploymentrate,uom_crime,scalar_crime,statistic_crime,avg_crime_incidents
British Columbia,1983-07,"Index, 201612=100",units,131.7,47.4,88.9,,,,,,,,,,,,,,,,,Persons,unit,1038245.0,1707379.0,Persons,thousands,"Both sexes, All age groups, Seasonally adjusted",787.3333129882812,639.0333251953125,905.933349609375,148.31666564941406,1363.6500244140625,118.56666564941406,Percentage,unit,"Both sexes, All age groups, Seasonally adjusted",54.18333435058594,62.86666488647461,13.183333396911621,,,,
British Columbia,1983-05,"Index, 201612=100",units,129.5,47.0,87.75,,,,,,,,,,,,,,,,,Persons,unit,891230.0,1256291.0,Persons,thousands,"Both sexes, All age groups, Seasonally adjusted",779.4000244140625,633.6166381835938,898.9666748046875,145.8000030517578,1359.61669921875,119.56666564941406,Percentage,unit,"Both sexes, All age groups, Seasonally adjusted",53.78333282470703,62.766666412353516,13.683333396911621,,,,
British Columbia,1983-11,"Index, 201612=100",units,131.95,46.55,87.7,,,,,,,,,,,,,,,,,Persons,unit,659273.0,883156.0,Persons,thousands,"Both sexes, All age groups, Seasonally adjusted",783.5833129882812,641.6166381835938,906.816650390625,141.96665954589844,1371.7166748046875,123.23332977294922,Percentage,unit,"Both sexes, All age groups, Seasonally adjusted",53.54999923706055,62.58333206176758,13.666666984558105,,,,
British Columbia,1983-06,"Index, 201612=100",units,131.15,46.9,88.25,,,,,,,,,,,,,,,,,Persons,unit,760551.0,1243827.0,Persons,thousands,"Both sexes, All age groups, Seasonally adjusted",786.6666870117188,645.8333129882812,907.4833374023438,140.8000030517578,1361.800048828125,120.83333587646484,Percentage,unit,"Both sexes, All age groups, Seasonally adjusted",54.33333206176758,63.21666717529297,13.466666221618652,,,,
British Columbia,1983-03,"Index, 201612=100",units,129.35,45.95,86.7,,,,,,,,,,,,,,,,,Persons,unit,735281.0,1002579.0,Persons,thousands,"Both sexes, All age groups, Seasonally adjusted",779.7166748046875,632.9000244140625,902.4500122070312,146.85000610351562,1355.5333251953125,122.69999694824219,Percentage,unit,"Both sexes, All age groups, Seasonally adjusted",54.06666564941406,63.233333587646484,14.0,,,,
British Columbia,1983-01,"Index, 201612=100",units,129.95,45.1,86.44999999999999,,,,,,,,,,,,,,,,,Persons,unit,535848.0,744648.0,Persons,thousands,"Both sexes, All age groups, Seasonally adjusted",770.9000244140625,625.2999877929688,896.7833251953125,145.56666564941406,1352.1666259765625,125.86666870117188,Percentage,unit,"Both sexes, All age groups, Seasonally adjusted",53.71666717529297,63.04999923706055,14.183333396911621,,,,
British Columbia,1983-10,"Index, 201612=100",units,131.95,46.599999999999994,87.85,,,,,,,,,,,,,,,,,Persons,unit,734438.0,1023486.0,Persons,thousands,"Both sexes, All age groups, Seasonally adjusted",786.5833129882812,639.9666748046875,905.0499877929688,146.61666870117188,1369.8333740234375,118.46666717529297,Percentage,unit,"Both sexes, All age groups, Seasonally adjusted",53.83333206176758,62.5,13.316666603088379,,,,
British Columbia,1983-09,"Index, 201612=100",units,132.55,47.25,88.9,,,,,,,,,,,,,,,,,Persons,unit,757361.0,1206283.0,Persons,thousands,"Both sexes, All age groups, Seasonally adjusted",788.8666381835938,643.6500244140625,909.4000244140625,145.1999969482422,1368.050048828125,120.53333282470703,Percentage,unit,"Both sexes, All age groups, Seasonally adjusted",54.13333511352539,63.06666564941406,13.566666603088379,,,,
British Columbia,1983-04,"Index, 201612=100",units,129.5,46.5,87.4,,,,,,,,,,,,,,,,,Persons,unit,947879.0,1245350.0,Persons,thousands,"Both sexes, All age groups, Seasonally adjusted",790.1166381835938,638.1500244140625,907.3333129882812,151.96665954589844,1357.2667236328125,117.19999694824219,Percentage,unit,"Both sexes, All age groups, Seasonally adjusted",54.68333435058594,63.5,13.399999618530273,,,,
British Columbia,1983-12,"Index, 201612=100",units,130.95,45.5,86.0,,,,,,,,,,,,,,,,,Persons,unit,598503.0,834572.0,Persons,thousands,"Both sexes, All age groups, Seasonally adjusted",786.933349609375,643.816650390625,908.316650390625,143.11666870117188,1373.5,121.38333129882812,Percentage,unit,"Both sexes, All age groups, Seasonally adjusted",53.733333587646484,62.56666564941406,13.616666793823242,,,,
British Columbia,1983-08,"Index, 201612=100",units,131.65,47.4,88.9,,,,,,,,,,,,,,,,,Persons,unit,1108235.0,1801673.0,Persons,thousands,"Both sexes, All age groups, Seasonally adjusted",784.6666870117188,638.3499755859375,905.566650390625,146.31666564941406,1366.2667236328125,120.91666412353516,Percentage,unit,"Both sexes, All age groups, Seasonally adjusted",53.900001525878906,62.86666488647461,13.566666603088379,,,,
British Columbia,1983-02,"Index, 201612=100",units,130.65,45.2,86.85,,,,,,,,,,,,,,,,,Persons,unit,516979.0,734688.0,Persons,thousands,"Both sexes, All age groups, Seasonally adjusted",776.7666625976562,630.5499877929688,897.0333251953125,146.21665954589844,1354.0167236328125,120.25,Percentage,unit,"Both sexes, All age groups, Seasonally adjusted",53.983333587646484,62.93333435058594,13.716666221618652,,,,
Canada,1991-06,"Index, 201612=100",units,52.4,64.0,56.2,,,,,,,,,,,,,,,,,Persons,unit,7052266.0,1.1771149E7,Persons,thousands,"Both sexes, All age groups, Seasonally adjusted",5823.33349609375,6796.61669921875,6503.77783203125,1386.816650390625,9503.2333984375,680.433349609375,Percentage,unit,"Both sexes, All age groups, Seasonally adjusted",56.13333511352539,63.79999923706055,11.755555152893066,,,,
Canada,1991-11,"Index, 201612=100",units,52.1,63.9,55.9,,,,,,,,,,,,,,,,,Persons,unit,6529032.0,8989652.0,Persons,thousands,"Both sexes, All age groups, Seasonally adjusted",5795.65576171875,6759.83349609375,6462.85546875,1390.5167236328125,9548.7001953125,667.1889038085938,Percentage,unit,"Both sexes, All age groups, Seasonally adjusted",55.46666717529297,62.733333587646484,11.277777671813965,,,,
Canada,1991-04,"Index, 201612=100",units,51.7,63.9,55.8,,,,,,,,,,,,,,,,,Persons,unit,6683301.0,9416565.0,Persons,thousands,"Both sexes, All age groups, Seasonally adjusted",5809.0224609375,6767.08349609375,6475.77783203125,1396.933349609375,9481.455078125,666.7666625976562,Percentage,unit,"Both sexes, All age groups, Seasonally adjusted",56.011112213134766,63.511112213134766,11.51111125946045,,,,
Canada,1991-10,"Index, 201612=100",units,52.4,64.1,56.2,,,,,,,,,,,,,,,,,Persons,unit,6608351.0,9739149.0,Persons,thousands,"Both sexes, All age groups, Seasonally adjusted",5814.75537109375,6782.31689453125,6481.611328125,1391.75,9538.7333984375,666.8333129882812,Percentage,unit,"Both sexes, All age groups, Seasonally adjusted",55.79999923706055,63.099998474121094,11.244444847106934,,,,
Canada,1991-12,"Index, 201612=100",units,52.1,64.0,55.9,,,,,,,,,,,,,,,,,Persons,unit,6249578.0,8731237.0,Persons,thousands,"Both sexes, All age groups, Seasonally adjusted",5788.5888671875,6762.7333984375,6453.31103515625,1378.4832763671875,9559.5556640625,664.7333374023438,Percentage,unit,"Both sexes, All age groups, Seasonally adjusted",55.31111145019531,62.55555725097656,11.311111450195312,,,,
Canada,1991-02,"Index, 201612=100",units,51.7,63.6,55.8,,,,,,,,,,,,,,,,,Persons,unit,5319573.0,7516038.0,Persons,thousands,"Both sexes, All age groups, Seasonally adjusted",5805.83349609375,6790.4501953125,6463.3779296875,1363.4000244140625,9457.6337890625,657.5333251953125,Percentage,unit,"Both sexes, All age groups, Seasonally adjusted",56.344444274902344,63.63333511352539,11.199999809265137,,,,
Canada,1991-09,"Index, 201612=100",units,52.3,64.2,56.2,,,,,,,,,,,,,,,,,Persons,unit,6468076.0,1.041716E7,Persons,thousands,"Both sexes, All age groups, Seasonally adjusted",5810.8779296875,6779.36669921875,6474.92236328125,1390.3499755859375,9530.9111328125,664.0333251953125,Percentage,unit,"Both sexes, All age groups, Seasonally adjusted",55.733333587646484,63.155555725097656,11.433333396911621,,,,
Canada,1991-07,"Index, 201612=100",units,52.4,64.3,56.3,,,,,,,,,,,,,,,,,Persons,unit,8816798.0,1.4772783E7,Persons,thousands,"Both sexes, All age groups, Seasonally adjusted",5817.8779296875,6767.966796875,6498.466796875,1408.4666748046875,9513.7890625,680.5888671875,Percentage,unit,"Both sexes, All age groups, Seasonally adjusted",55.988887786865234,63.655555725097656,11.766666412353516,,,,
Canada,1991-08,"Index, 201612=100",units,52.3,64.2,56.2,,,,,,,,,,,,,,,,,Persons,unit,9093811.0,1.5293392E7,Persons,thousands,"Both sexes, All age groups, Seasonally adjusted",5818.83349609375,6765.63330078125,6499.06689453125,1412.933349609375,9520.900390625,680.2333374023438,Percentage,unit,"Both sexes, All age groups, Seasonally adjusted",55.94444274902344,63.5,11.61111068725586,,,,
Canada,1991-03,"Index, 201612=100",units,52.0,63.8,56.0,,,,,,,,,,,,,,,,,Persons,unit,6912558.0,9613713.0,Persons,thousands,"Both sexes, All age groups, Seasonally adjusted",5789.5556640625,6768.2666015625,6470.16650390625,1365.550048828125,9468.1669921875,680.5777587890625,Percentage,unit,"Both sexes, All age groups, Seasonally adjusted",55.988887786865234,63.588890075683594,11.644444465637207,,,,
Canada,1991-01,"Index, 201612=100",units,52.6,65.1,56.9,,,,,,,,,,,,,,,,,Persons,unit,5380265.0,7488988.0,Persons,thousands,"Both sexes, All age groups, Seasonally adjusted",5827.7333984375,6817.5498046875,6459.57763671875,1366.7332763671875,9447.72265625,631.8555297851562,Percentage,unit,"Both sexes, All age groups, Seasonally adjusted",56.588890075683594,63.71111297607422,10.855555534362793,,,,
Canada,1991-05,"Index, 201612=100",units,52.4,64.0,56.2,,,,,,,,,,,,,,,,,Persons,unit,7060702.0,1.0765086E7,Persons,thousands,"Both sexes, All age groups, Seasonally adjusted",5820.54443359375,6808.06689453125,6482.7109375,1370.3499755859375,9492.3779296875,662.1889038085938,Percentage,unit,"Both sexes, All age groups, Seasonally adjusted",56.155555725097656,63.599998474121094,11.433333396911621,,,,
Manitoba,2015-12,"Index, 201612=100",units,97.0,99.5,97.7,Dollars,units,"Median total income,Both sexes,All age groups",2760.83,Dollars,unit,Average expenditure per household,705.5,1116.42,14.0,404.75,1112.17,181.5,1230.0,6420.25,11.67,Persons,unit,87827.0,134374.0,Persons,thousands,"Both sexes, All age groups, Seasonally adjusted",402.6499938964844,327.8500061035156,426.2166748046875,74.78333282470703,603.9166870117188,23.549999237060547,Percentage,unit,"Both sexes, All age groups, Seasonally adjusted",63.95000076293945,68.16666412353516,6.233333110809326,Number,unit,Total of all violations-Actual incidents,9611.92
Manitoba,2015-01,"Index, 201612=100",units,95.3,98.2,96.2,Dollars,units,"Median total income,Both sexes,All age groups",2760.83,Dollars,unit,Average expenditure per household,705.5,1116.42,14.0,404.75,1112.17,181.5,1230.0,6420.25,11.67,Persons,unit,112310.0,155254.0,Persons,thousands,"Both sexes, All age groups, Seasonally adjusted",403.3500061035156,333.8999938964844,427.3166809082031,69.46666717529297,598.2333374023438,23.933332443237305,Percentage,unit,"Both sexes, All age groups, Seasonally adjusted",64.8499984741211,69.19999694824219,6.233333110809326,Number,unit,Total of all violations-Actual incidents,9611.92
Manitoba,2015-06,"Index, 201612=100",units,96.2,99.5,97.2,Dollars,units,"Median total income,Both sexes,All age groups",2760.83,Dollars,unit,Average expenditure per household,705.5,1116.42,14.0,404.75,1112.17,181.5,1230.0,6420.25,11.67,Persons,unit,96376.0,192613.0,Persons,thousands,"Both sexes, All age groups, Seasonally adjusted",402.8500061035156,329.23333740234375,424.9333190917969,73.63333129882812,600.5833129882812,22.066667556762695,Percentage,unit,"Both sexes, All age groups, Seasonally adjusted",64.3499984741211,68.31666564941406,5.800000190734863,Number,unit,Total of all violations-Actual incidents,9611.92
Manitoba,2015-03,"Index, 201612=100",units,95.8,98.4,96.6,Dollars,units,"Median total income,Both sexes,All age groups",2760.83,Dollars,unit,Average expenditure per household,705.5,1116.42,14.0,404.75,1112.17,181.5,1230.0,6420.25,11.67,Persons,unit,124488.0,175440.0,Persons,thousands,"Both sexes, All age groups, Seasonally adjusted",405.25,334.01666259765625,427.7166748046875,71.23332977294922,599.1333618164062,22.433332443237305,Percentage,unit,"Both sexes, All age groups, Seasonally adjusted",65.01667022705078,69.0999984741211,5.849999904632568,Number,unit,Total of all violations-Actual incidents,9611.92
Manitoba,2015-02,"Index, 201612=100",units,95.4,98.2,96.3,Dollars,units,"Median total income,Both sexes,All age groups",2760.83,Dollars,unit,Average expenditure per household,705.5,1116.42,14.0,404.75,1112.17,181.5,1230.0,6420.25,11.67,Persons,unit,110247.0,151594.0,Persons,thousands,"Both sexes, All age groups, Seasonally adjusted",403.6499938964844,334.75,425.7833251953125,68.91666412353516,598.5833129882812,22.100000381469727,Percentage,unit,"Both sexes, All age groups, Seasonally adjusted",64.8499984741211,68.91666412353516,5.866666793823242,Number,unit,Total of all violations-Actual incidents,9611.92
Manitoba,2015-07,"Index, 201612=100",units,96.3,99.5,97.3,Dollars,units,"Median total income,Both sexes,All age groups",2760.83,Dollars,unit,Average expenditure per household,705.5,1116.42,14.0,404.75,1112.17,181.5,1230.0,6420.25,11.67,Persons,unit,143420.0,222549.0,Persons,thousands,"Both sexes, All age groups, Seasonally adjusted",400.3999938964844,327.3166809082031,423.8833312988281,73.08333587646484,601.316650390625,23.46666717529297,Percentage,unit,"Both sexes, All age groups, Seasonally adjusted",64.01667022705078,68.13333129882812,5.949999809265137,Number,unit,Total of all violations-Actual incidents,9611.92
Manitoba,2015-10,"Index, 201612=100",units,96.8,99.5,97.6,Dollars,units,"Median total income,Both sexes,All age groups",2760.83,Dollars,unit,Average expenditure per household,705.5,1116.42,14.0,404.75,1112.17,181.5,1230.0,6420.25,11.67,Persons,unit,85079.0,140103.0,Persons,thousands,"Both sexes, All age groups, Seasonally adjusted",405.7833251953125,333.48333740234375,427.7833251953125,72.26667022705078,603.0833129882812,22.049999237060547,Percentage,unit,"Both sexes, All age groups, Seasonally adjusted",64.6500015258789,68.61666870117188,5.733333110809326,Number,unit,Total of all violations-Actual incidents,9611.92
Manitoba,2015-11,"Index, 201612=100",units,96.9,99.5,97.7,Dollars,units,"Median total income,Both sexes,All age groups",2760.83,Dollars,unit,Average expenditure per household,705.5,1116.42,14.0,404.75,1112.17,181.5,1230.0,6420.25,11.67,Persons,unit,88100.0,129338.0,Persons,thousands,"Both sexes, All age groups, Seasonally adjusted",403.5833435058594,329.5,428.3166809082031,74.0999984741211,603.6333618164062,24.733333587646484,Percentage,unit,"Both sexes, All age groups, Seasonally adjusted",64.23332977294922,68.6500015258789,6.349999904632568,Number,unit,Total of all violations-Actual incidents,9611.92
Manitoba,2015-09,"Index, 201612=100",units,96.6,99.5,97.5,Dollars,units,"Median total income,Both sexes,All age groups",2760.83,Dollars,unit,Average expenditure per household,705.5,1116.42,14.0,404.75,1112.17,181.5,1230.0,6420.25,11.67,Persons,unit,101263.0,159838.0,Persons,thousands,"Both sexes, All age groups, Seasonally adjusted",405.0333251953125,332.7833251953125,426.79998779296875,72.25,602.5166625976562,21.766666412353516,Percentage,unit,"Both sexes, All age groups, Seasonally adjusted",64.53333282470703,68.33333587646484,5.5,Number,unit,Total of all violations-Actual incidents,9611.92
Manitoba,2015-05,"Index, 201612=100",units,96.0,98.4,96.8,Dollars,units,"Median total income,Both sexes,All age groups",2760.83,Dollars,unit,Average expenditure per household,705.5,1116.42,14.0,404.75,1112.17,181.5,1230.0,6420.25,11.67,Persons,unit,111935.0,167660.0,Persons,thousands,"Both sexes, All age groups, Seasonally adjusted",402.73333740234375,329.3833312988281,426.5,73.33333587646484,600.0833129882812,23.78333282470703,Percentage,unit,"Both sexes, All age groups, Seasonally adjusted",64.4000015258789,68.69999694824219,6.199999809265137,Number,unit,Total of all violations-Actual incidents,9611.92
Manitoba,2015-04,"Index, 201612=100",units,95.9,98.4,96.7,Dollars,units,"Median total income,Both sexes,All age groups",2760.83,Dollars,unit,Average expenditure per household,705.5,1116.42,14.0,404.75,1112.17,181.5,1230.0,6420.25,11.67,Persons,unit,127072.0,173584.0,Persons,thousands,"Both sexes, All age groups, Seasonally adjusted",405.45001220703125,333.8833312988281,427.6666564941406,71.56666564941406,599.75,22.21666717529297,Percentage,unit,"Both sexes, All age groups, Seasonally adjusted",64.8499984741211,68.98332977294922,5.883333206176758,Number,unit,Total of all violations-Actual incidents,9611.92
Manitoba,2015-08,"Index, 201612=100",units,96.3,99.5,97.3,Dollars,units,"Median total income,Both sexes,All age groups",2760.83,Dollars,unit,Average expenditure per household,705.5,1116.42,14.0,404.75,1112.17,181.5,1230.0,6420.25,11.67,Persons,unit,149993.0,218420.0,Persons,thousands,"Both sexes, All age groups, Seasonally adjusted",402.45001220703125,329.0333251953125,426.75,73.41666412353516,601.8666381835938,24.33333396911621,Percentage,unit,"Both sexes, All age groups, Seasonally adjusted",64.30000305175781,68.56666564941406,6.150000095367432,Number,unit,Total of all violations-Actual incidents,9611.92
Prince Edward Island,2010-08,"Index, 201612=100",units,99.2,92.0,97.9,Dollars,units,"Median total income,Both sexes,All age groups",2260.83,Dollars,unit,Average expenditure per household,615.17,707.42,10.08,280.5,881.08,148.33,967.08,4961.17,2.67,Persons,unit,87.0,772.0,Persons,thousands,"Both sexes, All age groups, Seasonally adjusted",44.650001525878906,37.016666412353516,50.56666564941406,7.633333206176758,71.31666564941406,5.916666507720947,Percentage,unit,"Both sexes, All age groups, Seasonally adjusted",60.54999923706055,69.16666412353516,12.5,Number,unit,Total of all violations-Actual incidents,843.08
Prince Edward Island,2010-11,"Index, 201612=100",units,98.7,92.0,97.5,Dollars,units,"Median total income,Both sexes,All age groups",2260.83,Dollars,unit,Average expenditure per household,615.17,707.42,10.08,280.5,881.08,148.33,967.08,4961.17,2.67,Persons,unit,15.0,65.0,Persons,thousands,"Both sexes, All age groups, Seasonally adjusted",44.29999923706055,36.86666488647461,50.66666793823242,7.433333396911621,71.61666870117188,6.349999904632568,Percentage,unit,"Both sexes, All age groups, Seasonally adjusted",59.95000076293945,68.93333435058594,13.283333778381348,Number,unit,Total of all violations-Actual incidents,843.08
Prince Edward Island,2010-12,"Index, 201612=100",units,98.7,92.0,97.5,Dollars,units,"Median total income,Both sexes,All age groups",2260.83,Dollars,unit,Average expenditure per household,615.17,707.42,10.08,280.5,881.08,148.33,967.08,4961.17,2.67,Persons,unit,0.0,53.0,Persons,thousands,"Both sexes, All age groups, Seasonally adjusted",43.983333587646484,36.63333511352539,49.93333435058594,7.349999904632568,71.69999694824219,5.900000095367432,Percentage,unit,"Both sexes, All age groups, Seasonally adjusted",59.13333511352539,67.8499984741211,12.600000381469727,Number,unit,Total of all violations-Actual incidents,843.08
Prince Edward Island,2010-05,"Index, 201612=100",units,99.8,92.0,98.4,Dollars,units,"Median total income,Both sexes,All age groups",2260.83,Dollars,unit,Average expenditure per household,615.17,707.42,10.08,280.5,881.08,148.33,967.08,4961.17,2.67,Persons,unit,104.0,160.0,Persons,thousands,"Both sexes, All age groups, Seasonally adjusted",43.599998474121094,36.5,48.78333282470703,7.116666793823242,70.83333587646484,5.183333396911621,Percentage,unit,"Both sexes, All age groups, Seasonally adjusted",59.43333435058594,66.69999694824219,10.833333015441895,Number,unit,Total of all violations-Actual incidents,843.08
Prince Edward Island,2010-04,"Index, 201612=100",units,99.4,92.0,98.1,Dollars,units,"Median total income,Both sexes,All age groups",2260.83,Dollars,unit,Average expenditure per household,615.17,707.42,10.08,280.5,881.08,148.33,967.08,4961.17,2.67,Persons,unit,302.0,357.0,Persons,thousands,"Both sexes, All age groups, Seasonally adjusted",44.79999923706055,37.5,49.45000076293945,7.266666889190674,70.71666717529297,4.633333206176758,Percentage,unit,"Both sexes, All age groups, Seasonally adjusted",61.28333282470703,68.13333129882812,10.116666793823242,Number,unit,Total of all violations-Actual incidents,843.08
Prince Edward Island,2010-01,"Index, 201612=100",units,101.2,92.0,99.3,Dollars,units,"Median total income,Both sexes,All age groups",2260.83,Dollars,unit,Average expenditure per household,615.17,707.42,10.08,280.5,881.08,148.33,967.08,4961.17,2.67,Persons,unit,9.0,58.0,Persons,thousands,"Both sexes, All age groups, Seasonally adjusted",44.483333587646484,36.766666412353516,49.20000076293945,7.733333110809326,70.44999694824219,4.699999809265137,Percentage,unit,"Both sexes, All age groups, Seasonally adjusted",60.91666793823242,67.83333587646484,10.166666984558105,Number,unit,Total of all violations-Actual incidents,843.08
Prince Edward Island,2010-07,"Index, 201612=100",units,99.2,92.0,97.9,Dollars,units,"Median total income,Both sexes,All age groups",2260.83,Dollars,unit,Average expenditure per household,615.17,707.42,10.08,280.5,881.08,148.33,967.08,4961.17,2.67,Persons,unit,175.0,1379.0,Persons,thousands,"Both sexes, All age groups, Seasonally adjusted",44.5,36.58333206176758,49.95000076293945,7.949999809265137,71.06666564941406,5.449999809265137,Percentage,unit,"Both sexes, All age groups, Seasonally adjusted",60.400001525878906,68.0999984741211,11.350000381469727,Number,unit,Total of all violations-Actual incidents,843.08
Prince Edward Island,2010-06,"Index, 201612=100",units,99.5,92.0,98.1,Dollars,units,"Median total income,Both sexes,All age groups",2260.83,Dollars,unit,Average expenditure per household,615.17,707.42,10.08,280.5,881.08,148.33,967.08,4961.17,2.67,Persons,unit,59.0,493.0,Persons,thousands,"Both sexes, All age groups, Seasonally adjusted",43.78333282470703,36.349998474121094,50.016666412353516,7.416666507720947,70.91666412353516,6.25,Percentage,unit,"Both sexes, All age groups, Seasonally adjusted",59.45000076293945,68.78333282470703,13.75,Number,unit,Total of all violations-Actual incidents,843.08
Prince Edward Island,2010-02,"Index, 201612=100",units,100.4,92.0,98.8,Dollars,units,"Median total income,Both sexes,All age groups",2260.83,Dollars,unit,Average expenditure per household,615.17,707.42,10.08,280.5,881.08,148.33,967.08,4961.17,2.67,Persons,unit,0.0,6.0,Persons,thousands,"Both sexes, All age groups, Seasonally adjusted",44.78333282470703,37.016666412353516,49.849998474121094,7.733333110809326,70.51667022705078,5.083333492279053,Percentage,unit,"Both sexes, All age groups, Seasonally adjusted",61.25,68.71666717529297,11.0,Number,unit,Total of all violations-Actual incidents,843.08
Prince Edward Island,2010-09,"Index, 201612=100",units,99.2,92.0,97.9,Dollars,units,"Median total income,Both sexes,All age groups",2260.83,Dollars,unit,Average expenditure per household,615.17,707.42,10.08,280.5,881.08,148.33,967.08,4961.17,2.67,Persons,unit,21.0,136.0,Persons,thousands,"Both sexes, All age groups, Seasonally adjusted",43.79999923706055,36.349998474121094,50.28333282470703,7.416666507720947,71.44999694824219,6.483333110809326,Percentage,unit,"Both sexes, All age groups, Seasonally adjusted",59.08333206176758,68.26667022705078,13.550000190734863,Number,unit,Total of all violations-Actual incidents,843.08
Prince Edward Island,2010-03,"Index, 201612=100",units,99.8,92.0,98.4,Dollars,units,"Median total income,Both sexes,All age groups",2260.83,Dollars,unit,Average expenditure per household,615.17,707.42,10.08,280.5,881.08,148.33,967.08,4961.17,2.67,Persons,unit,215.0,241.0,Persons,thousands,"Both sexes, All age groups, Seasonally adjusted",44.61666488647461,37.349998474121094,50.06666564941406,7.25,70.6500015258789,5.449999809265137,Percentage,unit,"Both sexes, All age groups, Seasonally adjusted",60.83333206176758,69.0,11.699999809265137,Number,unit,Total of all violations-Actual incidents,843.08
Prince Edward Island,2010-10,"Index, 201612=100",units,99.2,92.0,97.9,Dollars,units,"Median total income,Both sexes,All age groups",2260.83,Dollars,unit,Average expenditure per household,615.17,707.42,10.08,280.5,881.08,148.33,967.08,4961.17,2.67,Persons,unit,9.0,86.0,Persons,thousands,"Both sexes, All age groups, Seasonally adjusted",44.150001525878906,36.56666564941406,50.54999923706055,7.599999904632568,71.55000305175781,6.366666793823242,Percentage,unit,"Both sexes, All age groups, Seasonally adjusted",59.79999923706055,68.9000015258789,13.516666412353516,Number,unit,Total of all violations-Actual incidents,843.08
