province,REF_DATE,uom_houseindex,scalar_houseindex,avg_house_only,avg_land_only,avg_totalhouseland,uom_income,scalar_income,statistic_income,avg_income,uom_expenditure,scalar_expenditure,statistic_expenditure,avg_food_expenditures,avg_income_taxes,avg_mortageinsurance,avg_mortagePaid,avg_accomodation,avg_rent,avg_shelter,avg_total_expenditure,avg_taxes_landregfees,uom_tourist,scalar_tourist,avg_international_tourism,avg_domestic_tourism,uom_labourforce,scalar_labourforce,statistic_labourforce,avg_employment,avg_fulltime,avg_labourforce,avg_parttime,avg_population,avg_unemployment,uom_lfperc,scalar_lfperc,statistic_labourforceperc,avg_employment_rate,avg_participationrate,avg_unemploymentrate,uom_crime,scalar_crime,statistic_crime,avg_crime_incidents
Prince Edward Island,2003-07,"Index, 201612=100",units,89.1,76.8,86.9,Dollars,units,"Median total income,Both sexes,All age groups",1741.67,,,,,,,,,,,,,Persons,unit,4.0,72.0,Persons,thousands,"Both sexes, All age groups, Seasonally adjusted",42.43333435058594,35.83333206176758,47.29999923706055,6.599999904632568,66.86666870117188,4.900000095367432,Percentage,unit,"Both sexes, All age groups, Seasonally adjusted",60.53333282470703,67.5999984741211,10.516666412353516,Number,unit,Total of all violations-Actual incidents,1089.0
Prince Edward Island,2003-06,"Index, 201612=100",units,89.1,76.8,86.9,Dollars,units,"Median total income,Both sexes,All age groups",1741.67,,,,,,,,,,,,,Persons,unit,6.0,98.0,Persons,thousands,"Both sexes, All age groups, Seasonally adjusted",42.61666488647461,35.83333206176758,47.25,6.766666889190674,66.80000305175781,4.616666793823242,Percentage,unit,"Both sexes, All age groups, Seasonally adjusted",60.68333435058594,67.58333587646484,10.216666221618652,Number,unit,Total of all violations-Actual incidents,1089.0
Prince Edward Island,2003-05,"Index, 201612=100",units,89.1,76.8,86.9,Dollars,units,"Median total income,Both sexes,All age groups",1741.67,,,,,,,,,,,,,Persons,unit,13.0,29.0,Persons,thousands,"Both sexes, All age groups, Seasonally adjusted",41.66666793823242,35.11666488647461,46.78333282470703,6.5333333015441895,66.75,5.133333206176758,Percentage,unit,"Both sexes, All age groups, Seasonally adjusted",59.29999923706055,67.01667022705078,11.783333778381348,Number,unit,Total of all violations-Actual incidents,1089.0
Prince Edward Island,2003-08,"Index, 201612=100",units,89.1,76.8,86.9,Dollars,units,"Median total income,Both sexes,All age groups",1741.67,,,,,,,,,,,,,Persons,unit,15.0,134.0,Persons,thousands,"Both sexes, All age groups, Seasonally adjusted",42.54999923706055,36.08333206176758,47.29999923706055,6.449999809265137,66.91666412353516,4.733333110809326,Percentage,unit,"Both sexes, All age groups, Seasonally adjusted",60.70000076293945,67.61666870117188,10.050000190734863,Number,unit,Total of all violations-Actual incidents,1089.0
Prince Edward Island,2003-04,"Index, 201612=100",units,89.1,76.8,86.9,Dollars,units,"Median total income,Both sexes,All age groups",1741.67,,,,,,,,,,,,,Persons,unit,20.0,29.0,Persons,thousands,"Both sexes, All age groups, Seasonally adjusted",41.16666793823242,35.0,46.516666412353516,6.150000095367432,66.68333435058594,5.366666793823242,Percentage,unit,"Both sexes, All age groups, Seasonally adjusted",58.733333587646484,66.78333282470703,11.966666221618652,Number,unit,Total of all violations-Actual incidents,1089.0
Prince Edward Island,2003-12,"Index, 201612=100",units,91.0,77.8,88.6,Dollars,units,"Median total income,Both sexes,All age groups",1741.67,,,,,,,,,,,,,Persons,unit,11.0,15.0,Persons,thousands,"Both sexes, All age groups, Seasonally adjusted",42.56666564941406,35.63333511352539,47.38333511352539,6.933333396911621,67.13333129882812,4.7833333015441895,Percentage,unit,"Both sexes, All age groups, Seasonally adjusted",59.849998474121094,67.13333129882812,11.133333206176758,Number,unit,Total of all violations-Actual incidents,1089.0
Prince Edward Island,2003-03,"Index, 201612=100",units,89.1,76.5,86.9,Dollars,units,"Median total income,Both sexes,All age groups",1741.67,,,,,,,,,,,,,Persons,unit,0.0,6.0,Persons,thousands,"Both sexes, All age groups, Seasonally adjusted",40.93333435058594,34.81666564941406,46.56666564941406,6.116666793823242,66.68333435058594,5.650000095367432,Percentage,unit,"Both sexes, All age groups, Seasonally adjusted",58.46666717529297,66.98332977294922,12.466666221618652,Number,unit,Total of all violations-Actual incidents,1089.0
Prince Edward Island,2003-11,"Index, 201612=100",units,90.7,77.8,88.4,Dollars,units,"Median total income,Both sexes,All age groups",1741.67,,,,,,,,,,,,,Persons,unit,7.0,30.0,Persons,thousands,"Both sexes, All age groups, Seasonally adjusted",42.11666488647461,35.08333206176758,47.21666717529297,7.0333333015441895,67.05000305175781,5.099999904632568,Percentage,unit,"Both sexes, All age groups, Seasonally adjusted",59.483333587646484,67.21666717529297,11.800000190734863,Number,unit,Total of all violations-Actual incidents,1089.0
Prince Edward Island,2003-09,"Index, 201612=100",units,89.6,76.8,87.3,Dollars,units,"Median total income,Both sexes,All age groups",1741.67,,,,,,,,,,,,,Persons,unit,22.0,720.0,Persons,thousands,"Both sexes, All age groups, Seasonally adjusted",42.06666564941406,35.516666412353516,46.71666717529297,6.5333333015441895,66.98332977294922,4.650000095367432,Percentage,unit,"Both sexes, All age groups, Seasonally adjusted",59.61666488647461,66.41666412353516,10.416666984558105,Number,unit,Total of all violations-Actual incidents,1089.0
Prince Edward Island,2003-01,"Index, 201612=100",units,89.1,76.4,86.9,Dollars,units,"Median total income,Both sexes,All age groups",1741.67,,,,,,,,,,,,,Persons,unit,1.0,72.0,Persons,thousands,"Both sexes, All age groups, Seasonally adjusted",41.11666488647461,34.53333282470703,46.25,6.583333492279053,66.61666870117188,5.166666507720947,Percentage,unit,"Both sexes, All age groups, Seasonally adjusted",58.78333282470703,66.3499984741211,11.333333015441895,Number,unit,Total of all violations-Actual incidents,1089.0
Prince Edward Island,2003-10,"Index, 201612=100",units,90.0,76.8,87.6,Dollars,units,"Median total income,Both sexes,All age groups",1741.67,,,,,,,,,,,,,Persons,unit,0.0,29.0,Persons,thousands,"Both sexes, All age groups, Seasonally adjusted",42.21666717529297,35.53333282470703,46.91666793823242,6.7166666984558105,67.0,4.699999809265137,Percentage,unit,"Both sexes, All age groups, Seasonally adjusted",59.66666793823242,66.66666412353516,10.666666984558105,Number,unit,Total of all violations-Actual incidents,1089.0
Prince Edward Island,2003-02,"Index, 201612=100",units,89.1,76.5,86.9,Dollars,units,"Median total income,Both sexes,All age groups",1741.67,,,,,,,,,,,,,Persons,unit,6.0,135.0,Persons,thousands,"Both sexes, All age groups, Seasonally adjusted",41.11666488647461,35.11666488647461,46.400001525878906,6.0,66.61666870117188,5.2833333015441895,Percentage,unit,"Both sexes, All age groups, Seasonally adjusted",58.83333206176758,66.61666870117188,11.583333015441895,Number,unit,Total of all violations-Actual incidents,1089.0
Saskatchewan,2010-08,"Index, 201612=100",units,95.73333333333333,86.86666666666667,93.39999999999999,Dollars,units,"Median total income,Both sexes,All age groups",2601.67,Dollars,unit,Average expenditure per household,614.08,945.08,8.67,329.0,1039.33,202.25,1159.25,5870.33,5.17,Persons,unit,55412.0,80893.0,Persons,thousands,"Both sexes, All age groups, Seasonally adjusted",337.20001220703125,274.8500061035156,355.3999938964844,62.36666488647461,488.0666809082031,18.200000762939453,Percentage,unit,"Both sexes, All age groups, Seasonally adjusted",66.26667022705078,70.0999984741211,5.333333492279053,Number,unit,Total of all violations-Actual incidents,12537.58
Saskatchewan,2010-02,"Index, 201612=100",units,93.23333333333333,84.73333333333333,90.96666666666668,Dollars,units,"Median total income,Both sexes,All age groups",2601.67,Dollars,unit,Average expenditure per household,614.08,945.08,8.67,329.0,1039.33,202.25,1159.25,5870.33,5.17,Persons,unit,55589.0,71811.0,Persons,thousands,"Both sexes, All age groups, Seasonally adjusted",334.5833435058594,278.29998779296875,349.6166687011719,56.31666564941406,483.3333435058594,15.016666412353516,Percentage,unit,"Both sexes, All age groups, Seasonally adjusted",66.41666412353516,69.66666412353516,4.599999904632568,Number,unit,Total of all violations-Actual incidents,12537.58
Saskatchewan,2010-09,"Index, 201612=100",units,95.73333333333333,86.86666666666667,93.39999999999999,Dollars,units,"Median total income,Both sexes,All age groups",2601.67,Dollars,unit,Average expenditure per household,614.08,945.08,8.67,329.0,1039.33,202.25,1159.25,5870.33,5.17,Persons,unit,36607.0,60191.0,Persons,thousands,"Both sexes, All age groups, Seasonally adjusted",335.3999938964844,274.1666564941406,355.3500061035156,61.25,488.73333740234375,19.899999618530273,Percentage,unit,"Both sexes, All age groups, Seasonally adjusted",65.75,69.93333435058594,5.883333206176758,Number,unit,Total of all violations-Actual incidents,12537.58
Saskatchewan,2010-06,"Index, 201612=100",units,95.73333333333333,86.86666666666667,93.39999999999999,Dollars,units,"Median total income,Both sexes,All age groups",2601.67,Dollars,unit,Average expenditure per household,614.08,945.08,8.67,329.0,1039.33,202.25,1159.25,5870.33,5.17,Persons,unit,32751.0,62087.0,Persons,thousands,"Both sexes, All age groups, Seasonally adjusted",336.6166687011719,277.54998779296875,356.6499938964844,59.04999923706055,486.45001220703125,20.049999237060547,Percentage,unit,"Both sexes, All age groups, Seasonally adjusted",66.21666717529297,70.55000305175781,6.116666793823242,Number,unit,Total of all violations-Actual incidents,12537.58
Saskatchewan,2010-05,"Index, 201612=100",units,95.93333333333334,86.86666666666667,93.53333333333335,Dollars,units,"Median total income,Both sexes,All age groups",2601.67,Dollars,unit,Average expenditure per household,614.08,945.08,8.67,329.0,1039.33,202.25,1159.25,5870.33,5.17,Persons,unit,42800.0,66359.0,Persons,thousands,"Both sexes, All age groups, Seasonally adjusted",337.48333740234375,278.8166809082031,354.95001220703125,58.61666488647461,485.48333740234375,17.516666412353516,Percentage,unit,"Both sexes, All age groups, Seasonally adjusted",66.83333587646484,70.58333587646484,5.2833333015441895,Number,unit,Total of all violations-Actual incidents,12537.58
Saskatchewan,2010-01,"Index, 201612=100",units,92.89999999999999,80.43333333333334,89.76666666666667,Dollars,units,"Median total income,Both sexes,All age groups",2601.67,Dollars,unit,Average expenditure per household,614.08,945.08,8.67,329.0,1039.33,202.25,1159.25,5870.33,5.17,Persons,unit,51138.0,68068.0,Persons,thousands,"Both sexes, All age groups, Seasonally adjusted",332.6166687011719,277.45001220703125,348.8333435058594,55.150001525878906,482.48333740234375,16.25,Percentage,unit,"Both sexes, All age groups, Seasonally adjusted",66.1500015258789,69.69999694824219,5.083333492279053,Number,unit,Total of all violations-Actual incidents,12537.58
Saskatchewan,2010-04,"Index, 201612=100",units,94.56666666666666,85.0,92.0,Dollars,units,"Median total income,Both sexes,All age groups",2601.67,Dollars,unit,Average expenditure per household,614.08,945.08,8.67,329.0,1039.33,202.25,1159.25,5870.33,5.17,Persons,unit,52082.0,71220.0,Persons,thousands,"Both sexes, All age groups, Seasonally adjusted",337.5833435058594,279.8666687011719,355.5,57.71666717529297,484.8166809082031,17.933332443237305,Percentage,unit,"Both sexes, All age groups, Seasonally adjusted",66.93333435058594,70.80000305175781,5.416666507720947,Number,unit,Total of all violations-Actual incidents,12537.58
Saskatchewan,2010-10,"Index, 201612=100",units,96.2,86.86666666666667,93.73333333333333,Dollars,units,"Median total income,Both sexes,All age groups",2601.67,Dollars,unit,Average expenditure per household,614.08,945.08,8.67,329.0,1039.33,202.25,1159.25,5870.33,5.17,Persons,unit,41065.0,66725.0,Persons,thousands,"Both sexes, All age groups, Seasonally adjusted",335.3333435058594,277.9166564941406,356.0,57.46666717529297,489.45001220703125,20.66666603088379,Percentage,unit,"Both sexes, All age groups, Seasonally adjusted",65.69999694824219,70.0999984741211,6.183333396911621,Number,unit,Total of all violations-Actual incidents,12537.58
Saskatchewan,2010-03,"Index, 201612=100",units,93.53333333333335,84.73333333333333,91.2,Dollars,units,"Median total income,Both sexes,All age groups",2601.67,Dollars,unit,Average expenditure per household,614.08,945.08,8.67,329.0,1039.33,202.25,1159.25,5870.33,5.17,Persons,unit,48634.0,65923.0,Persons,thousands,"Both sexes, All age groups, Seasonally adjusted",337.0833435058594,280.0,354.5333251953125,57.099998474121094,484.1000061035156,17.450000762939453,Percentage,unit,"Both sexes, All age groups, Seasonally adjusted",67.03333282470703,70.76667022705078,5.199999809265137,Number,unit,Total of all violations-Actual incidents,12537.58
Saskatchewan,2010-07,"Index, 201612=100",units,95.73333333333333,86.86666666666667,93.39999999999999,Dollars,units,"Median total income,Both sexes,All age groups",2601.67,Dollars,unit,Average expenditure per household,614.08,945.08,8.67,329.0,1039.33,202.25,1159.25,5870.33,5.17,Persons,unit,50574.0,82837.0,Persons,thousands,"Both sexes, All age groups, Seasonally adjusted",335.9166564941406,274.1333312988281,354.3166809082031,61.766666412353516,487.1833190917969,18.433332443237305,Percentage,unit,"Both sexes, All age groups, Seasonally adjusted",66.19999694824219,69.98332977294922,5.400000095367432,Number,unit,Total of all violations-Actual incidents,12537.58
Saskatchewan,2010-11,"Index, 201612=100",units,96.2,86.96666666666665,93.8,Dollars,units,"Median total income,Both sexes,All age groups",2601.67,Dollars,unit,Average expenditure per household,614.08,945.08,8.67,329.0,1039.33,202.25,1159.25,5870.33,5.17,Persons,unit,43350.0,62960.0,Persons,thousands,"Both sexes, All age groups, Seasonally adjusted",337.8500061035156,278.98333740234375,356.5833435058594,58.86666488647461,489.9666748046875,18.75,Percentage,unit,"Both sexes, All age groups, Seasonally adjusted",66.13333129882812,70.1500015258789,5.75,Number,unit,Total of all violations-Actual incidents,12537.58
Saskatchewan,2010-12,"Index, 201612=100",units,96.2,86.96666666666665,93.8,Dollars,units,"Median total income,Both sexes,All age groups",2601.67,Dollars,unit,Average expenditure per household,614.08,945.08,8.67,329.0,1039.33,202.25,1159.25,5870.33,5.17,Persons,unit,42521.0,60126.0,Persons,thousands,"Both sexes, All age groups, Seasonally adjusted",338.1499938964844,282.1833190917969,356.5333251953125,55.95000076293945,490.51666259765625,18.383333206176758,Percentage,unit,"Both sexes, All age groups, Seasonally adjusted",66.13333129882812,70.06666564941406,5.566666603088379,Number,unit,Total of all violations-Actual incidents,12537.58
