province,REF_DATE,uom_houseindex,scalar_houseindex,avg_house_only,avg_land_only,avg_totalhouseland,uom_income,scalar_income,statistic_income,avg_income,uom_expenditure,scalar_expenditure,statistic_expenditure,avg_food_expenditures,avg_income_taxes,avg_mortageinsurance,avg_mortagePaid,avg_accomodation,avg_rent,avg_shelter,avg_total_expenditure,avg_taxes_landregfees,uom_tourist,scalar_tourist,avg_international_tourism,avg_domestic_tourism,uom_labourforce,scalar_labourforce,statistic_labourforce,avg_employment,avg_fulltime,avg_labourforce,avg_parttime,avg_population,avg_unemployment,uom_lfperc,scalar_lfperc,statistic_labourforceperc,avg_employment_rate,avg_participationrate,avg_unemploymentrate,uom_crime,scalar_crime,statistic_crime,avg_crime_incidents
Manitoba,1994-09,"Index, 201612=100",units,44.8,34.5,41.7,,,,,,,,,,,,,,,,,Persons,unit,113869.0,183275.0,Persons,thousands,"Both sexes, All age groups, Seasonally adjusted",324.1166687011719,257.20001220703125,352.9333190917969,66.94999694824219,507.51666259765625,28.816667556762695,Percentage,unit,"Both sexes, All age groups, Seasonally adjusted",60.13333511352539,66.03333282470703,8.633333206176758,,,,
Manitoba,1994-07,"Index, 201612=100",units,44.7,34.5,41.7,,,,,,,,,,,,,,,,,Persons,unit,187072.0,305380.0,Persons,thousands,"Both sexes, All age groups, Seasonally adjusted",321.7833251953125,256.6666564941406,347.6000061035156,65.0999984741211,507.5666809082031,25.816667556762695,Percentage,unit,"Both sexes, All age groups, Seasonally adjusted",59.61666488647461,64.88333129882812,8.0,,,,
Manitoba,1994-03,"Index, 201612=100",units,44.5,34.5,41.5,,,,,,,,,,,,,,,,,Persons,unit,130823.0,191674.0,Persons,thousands,"Both sexes, All age groups, Seasonally adjusted",317.54998779296875,254.35000610351562,349.4333190917969,63.21666717529297,506.7833251953125,31.883333206176758,Percentage,unit,"Both sexes, All age groups, Seasonally adjusted",58.96666717529297,65.38333129882812,9.633333206176758,,,,
Manitoba,1994-05,"Index, 201612=100",units,44.6,34.5,41.6,,,,,,,,,,,,,,,,,Persons,unit,119748.0,197724.0,Persons,thousands,"Both sexes, All age groups, Seasonally adjusted",321.51666259765625,257.3166809082031,351.23333740234375,64.21666717529297,507.25,29.71666717529297,Percentage,unit,"Both sexes, All age groups, Seasonally adjusted",59.66666793823242,65.73332977294922,9.083333015441895,,,,
Manitoba,1994-10,"Index, 201612=100",units,44.8,34.5,41.7,,,,,,,,,,,,,,,,,Persons,unit,118605.0,178674.0,Persons,thousands,"Both sexes, All age groups, Seasonally adjusted",324.20001220703125,256.3666687011719,353.6833190917969,67.83333587646484,507.6000061035156,29.450000762939453,Percentage,unit,"Both sexes, All age groups, Seasonally adjusted",60.04999923706055,66.08333587646484,8.816666603088379,,,,
Manitoba,1994-12,"Index, 201612=100",units,44.9,34.5,41.8,,,,,,,,,,,,,,,,,Persons,unit,88840.0,138716.0,Persons,thousands,"Both sexes, All age groups, Seasonally adjusted",325.1833190917969,257.9666748046875,351.1166687011719,67.19999694824219,507.9333190917969,25.950000762939453,Percentage,unit,"Both sexes, All age groups, Seasonally adjusted",60.11666488647461,65.26667022705078,7.566666603088379,,,,
Manitoba,1994-04,"Index, 201612=100",units,44.5,34.5,41.6,,,,,,,,,,,,,,,,,Persons,unit,120498.0,176267.0,Persons,thousands,"Both sexes, All age groups, Seasonally adjusted",320.23333740234375,260.4166564941406,351.70001220703125,59.83333206176758,507.0,31.46666717529297,Percentage,unit,"Both sexes, All age groups, Seasonally adjusted",59.400001525878906,65.75,9.449999809265137,,,,
Manitoba,1994-01,"Index, 201612=100",units,43.6,33.5,40.7,,,,,,,,,,,,,,,,,Persons,unit,100274.0,142842.0,Persons,thousands,"Both sexes, All age groups, Seasonally adjusted",316.8500061035156,250.5833282470703,350.5333251953125,66.28333282470703,506.3500061035156,33.68333435058594,Percentage,unit,"Both sexes, All age groups, Seasonally adjusted",58.95000076293945,65.78333282470703,10.033333778381348,,,,
Manitoba,1994-02,"Index, 201612=100",units,43.8,33.5,40.9,,,,,,,,,,,,,,,,,Persons,unit,111164.0,161063.0,Persons,thousands,"Both sexes, All age groups, Seasonally adjusted",318.95001220703125,255.21665954589844,353.73333740234375,63.733333587646484,506.54998779296875,34.78333282470703,Percentage,unit,"Both sexes, All age groups, Seasonally adjusted",59.16666793823242,66.43333435058594,10.616666793823242,,,,
Manitoba,1994-06,"Index, 201612=100",units,44.6,34.5,41.6,,,,,,,,,,,,,,,,,Persons,unit,114971.0,223940.0,Persons,thousands,"Both sexes, All age groups, Seasonally adjusted",322.0833435058594,258.20001220703125,350.1833190917969,63.86666488647461,507.45001220703125,28.133333206176758,Percentage,unit,"Both sexes, All age groups, Seasonally adjusted",59.71666717529297,65.41666412353516,8.433333396911621,,,,
Manitoba,1994-11,"Index, 201612=100",units,44.9,34.5,41.8,,,,,,,,,,,,,,,,,Persons,unit,99539.0,146019.0,Persons,thousands,"Both sexes, All age groups, Seasonally adjusted",326.3833312988281,259.1499938964844,353.1000061035156,67.23332977294922,507.79998779296875,26.733333587646484,Percentage,unit,"Both sexes, All age groups, Seasonally adjusted",60.516666412353516,65.93333435058594,8.066666603088379,,,,
Manitoba,1994-08,"Index, 201612=100",units,44.7,34.5,41.7,,,,,,,,,,,,,,,,,Persons,unit,169155.0,265238.0,Persons,thousands,"Both sexes, All age groups, Seasonally adjusted",320.25,257.6499938964844,349.7833251953125,62.599998474121094,507.5666809082031,29.5,Percentage,unit,"Both sexes, All age groups, Seasonally adjusted",59.08333206176758,65.16666412353516,9.183333396911621,,,,
New Brunswick,2001-09,"Index, 201612=100",units,78.9,78.6,78.5,Dollars,units,"Median total income,Both sexes,All age groups",1583.33,,,,,,,,,,,,,Persons,unit,284629.0,505617.0,Persons,thousands,"Both sexes, All age groups, Seasonally adjusted",212.21665954589844,182.39999389648438,237.5833282470703,29.799999237060547,367.8166809082031,25.350000381469727,Percentage,unit,"Both sexes, All age groups, Seasonally adjusted",53.91666793823242,60.86666488647461,11.616666793823242,Number,unit,Total of all violations-Actual incidents,4687.58
New Brunswick,2001-07,"Index, 201612=100",units,78.8,78.6,78.4,Dollars,units,"Median total income,Both sexes,All age groups",1583.33,,,,,,,,,,,,,Persons,unit,430738.0,768955.0,Persons,thousands,"Both sexes, All age groups, Seasonally adjusted",209.9499969482422,180.85000610351562,235.9499969482422,29.116666793823242,367.8500061035156,26.0,Percentage,unit,"Both sexes, All age groups, Seasonally adjusted",53.483333587646484,60.53333282470703,11.566666603088379,Number,unit,Total of all violations-Actual incidents,4687.58
New Brunswick,2001-04,"Index, 201612=100",units,77.8,77.6,77.4,Dollars,units,"Median total income,Both sexes,All age groups",1583.33,,,,,,,,,,,,,Persons,unit,346348.0,520014.0,Persons,thousands,"Both sexes, All age groups, Seasonally adjusted",208.38333129882812,177.88333129882812,235.0500030517578,30.46666717529297,367.6333312988281,26.683332443237305,Percentage,unit,"Both sexes, All age groups, Seasonally adjusted",52.93333435058594,60.099998474121094,11.933333396911621,Number,unit,Total of all violations-Actual incidents,4687.58
New Brunswick,2001-11,"Index, 201612=100",units,79.1,78.9,78.6,Dollars,units,"Median total income,Both sexes,All age groups",1583.33,,,,,,,,,,,,,Persons,unit,259762.0,425721.0,Persons,thousands,"Both sexes, All age groups, Seasonally adjusted",212.76666259765625,182.51666259765625,238.35000610351562,30.25,367.7833251953125,25.549999237060547,Percentage,unit,"Both sexes, All age groups, Seasonally adjusted",54.20000076293945,61.46666717529297,11.600000381469727,Number,unit,Total of all violations-Actual incidents,4687.58
New Brunswick,2001-01,"Index, 201612=100",units,78.3,77.6,77.8,Dollars,units,"Median total income,Both sexes,All age groups",1583.33,,,,,,,,,,,,,Persons,unit,295864.0,451603.0,Persons,thousands,"Both sexes, All age groups, Seasonally adjusted",213.36666870117188,183.60000610351562,237.25,29.733333587646484,367.26666259765625,23.899999618530273,Percentage,unit,"Both sexes, All age groups, Seasonally adjusted",53.95000076293945,60.516666412353516,10.816666603088379,Number,unit,Total of all violations-Actual incidents,4687.58
New Brunswick,2001-10,"Index, 201612=100",units,79.1,78.9,78.6,Dollars,units,"Median total income,Both sexes,All age groups",1583.33,,,,,,,,,,,,,Persons,unit,261782.0,443175.0,Persons,thousands,"Both sexes, All age groups, Seasonally adjusted",213.43333435058594,183.53334045410156,237.6999969482422,29.883333206176758,367.75,24.266666412353516,Percentage,unit,"Both sexes, All age groups, Seasonally adjusted",54.46666717529297,61.16666793823242,11.066666603088379,Number,unit,Total of all violations-Actual incidents,4687.58
New Brunswick,2001-03,"Index, 201612=100",units,77.8,77.6,77.4,Dollars,units,"Median total income,Both sexes,All age groups",1583.33,,,,,,,,,,,,,Persons,unit,328256.0,493536.0,Persons,thousands,"Both sexes, All age groups, Seasonally adjusted",206.21665954589844,178.68333435058594,235.38333129882812,27.516666412353516,367.54998779296875,29.183332443237305,Percentage,unit,"Both sexes, All age groups, Seasonally adjusted",52.28333282470703,60.29999923706055,13.283333778381348,Number,unit,Total of all violations-Actual incidents,4687.58
New Brunswick,2001-12,"Index, 201612=100",units,79.2,78.9,78.7,Dollars,units,"Median total income,Both sexes,All age groups",1583.33,,,,,,,,,,,,,Persons,unit,280286.0,463269.0,Persons,thousands,"Both sexes, All age groups, Seasonally adjusted",212.8333282470703,182.71665954589844,238.93333435058594,30.133333206176758,367.8833312988281,26.08333396911621,Percentage,unit,"Both sexes, All age groups, Seasonally adjusted",54.016666412353516,61.31666564941406,11.933333396911621,Number,unit,Total of all violations-Actual incidents,4687.58
New Brunswick,2001-08,"Index, 201612=100",units,78.8,78.6,78.4,Dollars,units,"Median total income,Both sexes,All age groups",1583.33,,,,,,,,,,,,,Persons,unit,426868.0,768434.0,Persons,thousands,"Both sexes, All age groups, Seasonally adjusted",211.4166717529297,181.63333129882812,236.61666870117188,29.78333282470703,367.8166809082031,25.200000762939453,Percentage,unit,"Both sexes, All age groups, Seasonally adjusted",53.849998474121094,60.5,11.066666603088379,Number,unit,Total of all violations-Actual incidents,4687.58
New Brunswick,2001-06,"Index, 201612=100",units,78.5,78.4,78.1,Dollars,units,"Median total income,Both sexes,All age groups",1583.33,,,,,,,,,,,,,Persons,unit,377092.0,637329.0,Persons,thousands,"Both sexes, All age groups, Seasonally adjusted",210.10000610351562,180.93333435058594,235.1999969482422,29.16666603088379,367.8333435058594,25.100000381469727,Percentage,unit,"Both sexes, All age groups, Seasonally adjusted",53.29999923706055,60.20000076293945,11.399999618530273,Number,unit,Total of all violations-Actual incidents,4687.58
New Brunswick,2001-02,"Index, 201612=100",units,77.6,77.6,77.2,Dollars,units,"Median total income,Both sexes,All age groups",1583.33,,,,,,,,,,,,,Persons,unit,267294.0,411948.0,Persons,thousands,"Both sexes, All age groups, Seasonally adjusted",209.64999389648438,180.56666564941406,235.18333435058594,29.066667556762695,367.3833312988281,25.549999237060547,Percentage,unit,"Both sexes, All age groups, Seasonally adjusted",53.13333511352539,60.233333587646484,11.800000190734863,Number,unit,Total of all violations-Actual incidents,4687.58
New Brunswick,2001-05,"Index, 201612=100",units,78.7,78.6,78.3,Dollars,units,"Median total income,Both sexes,All age groups",1583.33,,,,,,,,,,,,,Persons,unit,376295.0,578120.0,Persons,thousands,"Both sexes, All age groups, Seasonally adjusted",209.06666564941406,178.68333435058594,235.68333435058594,30.383333206176758,367.7166748046875,26.616666793823242,Percentage,unit,"Both sexes, All age groups, Seasonally adjusted",53.099998474121094,60.38333511352539,11.899999618530273,Number,unit,Total of all violations-Actual incidents,4687.58
Prince Edward Island,2006-01,"Index, 201612=100",units,96.3,84.5,94.1,Dollars,units,"Median total income,Both sexes,All age groups",1983.33,,,,,,,,,,,,,Persons,unit,4.0,5.0,Persons,thousands,"Both sexes, All age groups, Seasonally adjusted",43.0,36.68333435058594,48.25,6.333333492279053,68.18333435058594,5.266666889190674,Percentage,unit,"Both sexes, All age groups, Seasonally adjusted",60.36666488647461,67.91666412353516,11.133333206176758,Number,unit,Total of all violations-Actual incidents,863.17
Prince Edward Island,2006-07,"Index, 201612=100",units,99.7,86.1,97.1,Dollars,units,"Median total income,Both sexes,All age groups",1983.33,,,,,,,,,,,,,Persons,unit,121.0,1224.0,Persons,thousands,"Both sexes, All age groups, Seasonally adjusted",42.88333511352539,36.983333587646484,48.18333435058594,5.900000095367432,68.41666412353516,5.333333492279053,Percentage,unit,"Both sexes, All age groups, Seasonally adjusted",60.11666488647461,67.83333587646484,11.649999618530273,Number,unit,Total of all violations-Actual incidents,863.17
Prince Edward Island,2006-03,"Index, 201612=100",units,97.9,84.5,95.4,Dollars,units,"Median total income,Both sexes,All age groups",1983.33,,,,,,,,,,,,,Persons,unit,4.0,31.0,Persons,thousands,"Both sexes, All age groups, Seasonally adjusted",42.53333282470703,36.71666717529297,48.66666793823242,5.816666603088379,68.23332977294922,6.150000095367432,Percentage,unit,"Both sexes, All age groups, Seasonally adjusted",59.599998474121094,68.80000305175781,13.100000381469727,Number,unit,Total of all violations-Actual incidents,863.17
Prince Edward Island,2006-02,"Index, 201612=100",units,95.9,84.5,93.8,Dollars,units,"Median total income,Both sexes,All age groups",1983.33,,,,,,,,,,,,,Persons,unit,13.0,40.0,Persons,thousands,"Both sexes, All age groups, Seasonally adjusted",43.150001525878906,36.733333587646484,48.53333282470703,6.416666507720947,68.21666717529297,5.383333206176758,Percentage,unit,"Both sexes, All age groups, Seasonally adjusted",60.70000076293945,68.41666412353516,11.183333396911621,Number,unit,Total of all violations-Actual incidents,863.17
Prince Edward Island,2006-09,"Index, 201612=100",units,99.5,86.2,97.0,Dollars,units,"Median total income,Both sexes,All age groups",1983.33,,,,,,,,,,,,,Persons,unit,156.0,969.0,Persons,thousands,"Both sexes, All age groups, Seasonally adjusted",43.04999923706055,36.5,48.0,6.550000190734863,68.41666412353516,4.949999809265137,Percentage,unit,"Both sexes, All age groups, Seasonally adjusted",60.36666488647461,67.56666564941406,10.783333778381348,Number,unit,Total of all violations-Actual incidents,863.17
Prince Edward Island,2006-10,"Index, 201612=100",units,99.5,85.9,96.9,Dollars,units,"Median total income,Both sexes,All age groups",1983.33,,,,,,,,,,,,,Persons,unit,171.0,610.0,Persons,thousands,"Both sexes, All age groups, Seasonally adjusted",42.81666564941406,36.349998474121094,47.66666793823242,6.433333396911621,68.44999694824219,4.849999904632568,Percentage,unit,"Both sexes, All age groups, Seasonally adjusted",59.93333435058594,67.0999984741211,10.983333587646484,Number,unit,Total of all violations-Actual incidents,863.17
Prince Edward Island,2006-12,"Index, 201612=100",units,100.2,85.9,97.5,Dollars,units,"Median total income,Both sexes,All age groups",1983.33,,,,,,,,,,,,,Persons,unit,0.0,11.0,Persons,thousands,"Both sexes, All age groups, Seasonally adjusted",43.11666488647461,36.03333282470703,48.93333435058594,7.099999904632568,68.46666717529297,5.800000190734863,Percentage,unit,"Both sexes, All age groups, Seasonally adjusted",60.63333511352539,69.16666412353516,12.300000190734863,Number,unit,Total of all violations-Actual incidents,863.17
Prince Edward Island,2006-11,"Index, 201612=100",units,100.2,85.9,97.5,Dollars,units,"Median total income,Both sexes,All age groups",1983.33,,,,,,,,,,,,,Persons,unit,15.0,74.0,Persons,thousands,"Both sexes, All age groups, Seasonally adjusted",43.46666717529297,36.88333511352539,48.63333511352539,6.583333492279053,68.46666717529297,5.183333396911621,Percentage,unit,"Both sexes, All age groups, Seasonally adjusted",61.08333206176758,68.69999694824219,11.516666412353516,Number,unit,Total of all violations-Actual incidents,863.17
Prince Edward Island,2006-05,"Index, 201612=100",units,99.2,85.6,96.6,Dollars,units,"Median total income,Both sexes,All age groups",1983.33,,,,,,,,,,,,,Persons,unit,3.0,9.0,Persons,thousands,"Both sexes, All age groups, Seasonally adjusted",43.75,37.63333511352539,48.766666412353516,6.116666793823242,68.30000305175781,5.0,Percentage,unit,"Both sexes, All age groups, Seasonally adjusted",61.54999923706055,68.94999694824219,10.516666412353516,Number,unit,Total of all violations-Actual incidents,863.17
Prince Edward Island,2006-08,"Index, 201612=100",units,99.8,86.2,97.2,Dollars,units,"Median total income,Both sexes,All age groups",1983.33,,,,,,,,,,,,,Persons,unit,135.0,1228.0,Persons,thousands,"Both sexes, All age groups, Seasonally adjusted",43.18333435058594,36.78333282470703,48.41666793823242,6.383333206176758,68.41666412353516,5.233333110809326,Percentage,unit,"Both sexes, All age groups, Seasonally adjusted",60.483333587646484,68.0999984741211,11.25,Number,unit,Total of all violations-Actual incidents,863.17
Prince Edward Island,2006-06,"Index, 201612=100",units,99.2,85.6,96.6,Dollars,units,"Median total income,Both sexes,All age groups",1983.33,,,,,,,,,,,,,Persons,unit,103.0,781.0,Persons,thousands,"Both sexes, All age groups, Seasonally adjusted",43.31666564941406,37.21666717529297,48.41666793823242,6.133333206176758,68.33333587646484,5.116666793823242,Percentage,unit,"Both sexes, All age groups, Seasonally adjusted",60.900001525878906,68.21666717529297,10.649999618530273,Number,unit,Total of all violations-Actual incidents,863.17
Prince Edward Island,2006-04,"Index, 201612=100",units,97.9,84.5,95.4,Dollars,units,"Median total income,Both sexes,All age groups",1983.33,,,,,,,,,,,,,Persons,unit,14.0,28.0,Persons,thousands,"Both sexes, All age groups, Seasonally adjusted",43.400001525878906,37.18333435058594,48.61666488647461,6.183333396911621,68.21666717529297,5.2166666984558105,Percentage,unit,"Both sexes, All age groups, Seasonally adjusted",60.91666793823242,68.58333587646484,11.149999618530273,Number,unit,Total of all violations-Actual incidents,863.17
