province,REF_DATE,uom_houseindex,scalar_houseindex,avg_house_only,avg_land_only,avg_totalhouseland,uom_income,scalar_income,statistic_income,avg_income,uom_expenditure,scalar_expenditure,statistic_expenditure,avg_food_expenditures,avg_income_taxes,avg_mortageinsurance,avg_mortagePaid,avg_accomodation,avg_rent,avg_shelter,avg_total_expenditure,avg_taxes_landregfees,uom_tourist,scalar_tourist,avg_international_tourism,avg_domestic_tourism,uom_labourforce,scalar_labourforce,statistic_labourforce,avg_employment,avg_fulltime,avg_labourforce,avg_parttime,avg_population,avg_unemployment,uom_lfperc,scalar_lfperc,statistic_labourforceperc,avg_employment_rate,avg_participationrate,avg_unemploymentrate,uom_crime,scalar_crime,statistic_crime,avg_crime_incidents
Manitoba,1992-12,"Index, 201612=100",units,41.2,33.3,38.9,,,,,,,,,,,,,,,,,Persons,unit,101359.0,140304.0,Persons,thousands,"Both sexes, All age groups, Seasonally adjusted",317.8166809082031,253.13333129882812,350.3833312988281,64.68333435058594,504.5333251953125,32.58333206176758,Percentage,unit,"Both sexes, All age groups, Seasonally adjusted",59.36666488647461,66.05000305175781,9.933333396911621,,,,
Manitoba,1992-06,"Index, 201612=100",units,41.1,33.3,38.9,,,,,,,,,,,,,,,,,Persons,unit,192391.0,288850.0,Persons,thousands,"Both sexes, All age groups, Seasonally adjusted",315.76666259765625,249.31666564941406,346.98333740234375,66.44999694824219,503.9333190917969,31.200000762939453,Percentage,unit,"Both sexes, All age groups, Seasonally adjusted",58.86666488647461,65.11666870117188,9.283333778381348,,,,
Manitoba,1992-11,"Index, 201612=100",units,41.2,33.3,38.9,,,,,,,,,,,,,,,,,Persons,unit,117993.0,156318.0,Persons,thousands,"Both sexes, All age groups, Seasonally adjusted",316.5833435058594,252.13333129882812,350.1000061035156,64.4000015258789,504.2833251953125,33.516666412353516,Percentage,unit,"Both sexes, All age groups, Seasonally adjusted",59.099998474121094,65.83333587646484,9.899999618530273,,,,
Manitoba,1992-04,"Index, 201612=100",units,40.9,33.3,38.7,,,,,,,,,,,,,,,,,Persons,unit,176507.0,225235.0,Persons,thousands,"Both sexes, All age groups, Seasonally adjusted",316.25,246.36666870117188,346.6000061035156,69.9000015258789,503.8666687011719,30.350000381469727,Percentage,unit,"Both sexes, All age groups, Seasonally adjusted",58.91666793823242,65.11666870117188,9.383333206176758,,,,
Manitoba,1992-08,"Index, 201612=100",units,41.1,33.3,38.9,,,,,,,,,,,,,,,,,Persons,unit,295046.0,396382.0,Persons,thousands,"Both sexes, All age groups, Seasonally adjusted",314.3333435058594,248.10000610351562,346.4333190917969,66.26667022705078,504.0333251953125,32.11666488647461,Percentage,unit,"Both sexes, All age groups, Seasonally adjusted",58.54999923706055,65.08333587646484,9.666666984558105,,,,
Manitoba,1992-10,"Index, 201612=100",units,41.2,33.2,38.9,,,,,,,,,,,,,,,,,Persons,unit,137822.0,190646.0,Persons,thousands,"Both sexes, All age groups, Seasonally adjusted",317.8333435058594,252.18333435058594,347.6833190917969,65.66666412353516,504.1499938964844,29.83333396911621,Percentage,unit,"Both sexes, All age groups, Seasonally adjusted",59.233333587646484,65.30000305175781,9.016666412353516,,,,
Manitoba,1992-05,"Index, 201612=100",units,41.0,33.3,38.8,,,,,,,,,,,,,,,,,Persons,unit,168612.0,241118.0,Persons,thousands,"Both sexes, All age groups, Seasonally adjusted",317.1833190917969,249.31666564941406,348.0666809082031,67.88333129882812,503.9333190917969,30.883333206176758,Percentage,unit,"Both sexes, All age groups, Seasonally adjusted",59.13333511352539,65.5,9.449999809265137,,,,
Manitoba,1992-01,"Index, 201612=100",units,40.5,32.9,38.3,,,,,,,,,,,,,,,,,Persons,unit,139418.0,177264.0,Persons,thousands,"Both sexes, All age groups, Seasonally adjusted",317.8666687011719,249.4166717529297,348.5333251953125,68.48332977294922,503.5,30.649999618530273,Percentage,unit,"Both sexes, All age groups, Seasonally adjusted",59.53333282470703,65.81666564941406,9.483333587646484,,,,
Manitoba,1992-03,"Index, 201612=100",units,40.7,33.4,38.6,,,,,,,,,,,,,,,,,Persons,unit,159535.0,207131.0,Persons,thousands,"Both sexes, All age groups, Seasonally adjusted",316.1000061035156,248.3333282470703,347.3166809082031,67.80000305175781,503.6000061035156,31.200000762939453,Percentage,unit,"Both sexes, All age groups, Seasonally adjusted",59.150001525878906,65.51667022705078,9.600000381469727,,,,
Manitoba,1992-07,"Index, 201612=100",units,41.1,33.3,38.9,,,,,,,,,,,,,,,,,Persons,unit,231325.0,345071.0,Persons,thousands,"Both sexes, All age groups, Seasonally adjusted",313.0666809082031,248.86666870117188,346.5333251953125,64.19999694824219,503.95001220703125,33.45000076293945,Percentage,unit,"Both sexes, All age groups, Seasonally adjusted",58.43333435058594,65.19999694824219,10.083333015441895,,,,
Manitoba,1992-09,"Index, 201612=100",units,41.2,33.2,38.9,,,,,,,,,,,,,,,,,Persons,unit,155411.0,220596.0,Persons,thousands,"Both sexes, All age groups, Seasonally adjusted",315.6833190917969,250.93333435058594,347.1499938964844,64.75,504.0333251953125,31.450000762939453,Percentage,unit,"Both sexes, All age groups, Seasonally adjusted",58.766666412353516,65.18333435058594,9.699999809265137,,,,
Manitoba,1992-02,"Index, 201612=100",units,40.6,33.0,38.5,,,,,,,,,,,,,,,,,Persons,unit,143764.0,185809.0,Persons,thousands,"Both sexes, All age groups, Seasonally adjusted",318.6000061035156,250.25,346.25,68.3499984741211,503.4666748046875,27.66666603088379,Percentage,unit,"Both sexes, All age groups, Seasonally adjusted",59.56666564941406,65.19999694824219,8.550000190734863,,,,
