province,REF_DATE,uom_houseindex,scalar_houseindex,avg_house_only,avg_land_only,avg_totalhouseland,uom_income,scalar_income,statistic_income,avg_income,uom_expenditure,scalar_expenditure,statistic_expenditure,avg_food_expenditures,avg_income_taxes,avg_mortageinsurance,avg_mortagePaid,avg_accomodation,avg_rent,avg_shelter,avg_total_expenditure,avg_taxes_landregfees,uom_tourist,scalar_tourist,avg_international_tourism,avg_domestic_tourism,uom_labourforce,scalar_labourforce,statistic_labourforce,avg_employment,avg_fulltime,avg_labourforce,avg_parttime,avg_population,avg_unemployment,uom_lfperc,scalar_lfperc,statistic_labourforceperc,avg_employment_rate,avg_participationrate,avg_unemploymentrate,uom_crime,scalar_crime,statistic_crime,avg_crime_incidents
Alberta,2009-09,"Index, 201612=100",units,91.13333333333333,92.46666666666665,91.5,Dollars,units,"Median total income,Both sexes,All age groups",2937.5,,,,,,,,,,,,,Persons,unit,150262.0,265220.0,Persons,thousands,"Both sexes, All age groups, Seasonally adjusted",1285.88330078125,1069.683349609375,1375.11669921875,216.1999969482422,1808.7667236328125,89.19999694824219,Percentage,unit,"Both sexes, All age groups, Seasonally adjusted",67.23332977294922,72.46666717529297,7.150000095367432,Number,unit,Total of all violations-Actual incidents,29298.5
Alberta,2009-12,"Index, 201612=100",units,92.03333333333332,91.36666666666667,91.7,Dollars,units,"Median total income,Both sexes,All age groups",2937.5,,,,,,,,,,,,,Persons,unit,182990.0,266156.0,Persons,thousands,"Both sexes, All age groups, Seasonally adjusted",1293.2833251953125,1071.550048828125,1381.3499755859375,221.75,1814.4166259765625,88.05000305175781,Percentage,unit,"Both sexes, All age groups, Seasonally adjusted",67.44999694824219,72.53333282470703,6.9666666984558105,Number,unit,Total of all violations-Actual incidents,29298.5
Alberta,2009-11,"Index, 201612=100",units,91.83333333333333,91.76666666666665,91.7,Dollars,units,"Median total income,Both sexes,All age groups",2937.5,,,,,,,,,,,,,Persons,unit,183525.0,246228.0,Persons,thousands,"Both sexes, All age groups, Seasonally adjusted",1286.2667236328125,1066.5,1384.36669921875,219.73333740234375,1812.6500244140625,98.08333587646484,Percentage,unit,"Both sexes, All age groups, Seasonally adjusted",67.06666564941406,72.61666870117188,7.599999904632568,Number,unit,Total of all violations-Actual incidents,29298.5
Alberta,2009-03,"Index, 201612=100",units,91.0,96.06666666666668,92.60000000000001,Dollars,units,"Median total income,Both sexes,All age groups",2937.5,,,,,,,,,,,,,Persons,unit,243089.0,321490.0,Persons,thousands,"Both sexes, All age groups, Seasonally adjusted",1293.0999755859375,1076.4832763671875,1370.816650390625,216.64999389648438,1789.7166748046875,77.69999694824219,Percentage,unit,"Both sexes, All age groups, Seasonally adjusted",68.51667022705078,73.06666564941406,6.099999904632568,Number,unit,Total of all violations-Actual incidents,29298.5
Alberta,2009-05,"Index, 201612=100",units,90.13333333333333,94.03333333333335,91.36666666666667,Dollars,units,"Median total income,Both sexes,All age groups",2937.5,,,,,,,,,,,,,Persons,unit,168169.0,265125.0,Persons,thousands,"Both sexes, All age groups, Seasonally adjusted",1286.9666748046875,1066.8499755859375,1379.61669921875,220.13333129882812,1797.11669921875,92.6500015258789,Percentage,unit,"Both sexes, All age groups, Seasonally adjusted",67.81666564941406,73.16666412353516,7.233333110809326,Number,unit,Total of all violations-Actual incidents,29298.5
Alberta,2009-10,"Index, 201612=100",units,91.56666666666666,91.56666666666668,91.5,Dollars,units,"Median total income,Both sexes,All age groups",2937.5,,,,,,,,,,,,,Persons,unit,168853.0,243750.0,Persons,thousands,"Both sexes, All age groups, Seasonally adjusted",1276.4166259765625,1064.0333251953125,1371.4832763671875,212.38333129882812,1810.800048828125,95.05000305175781,Percentage,unit,"Both sexes, All age groups, Seasonally adjusted",66.69999694824219,72.06666564941406,7.349999904632568,Number,unit,Total of all violations-Actual incidents,29298.5
Alberta,2009-01,"Index, 201612=100",units,93.10000000000001,101.06666666666666,95.59999999999998,Dollars,units,"Median total income,Both sexes,All age groups",2937.5,,,,,,,,,,,,,Persons,unit,211262.0,282308.0,Persons,thousands,"Both sexes, All age groups, Seasonally adjusted",1306.4000244140625,1092.699951171875,1370.9166259765625,213.75,1781.1500244140625,64.51667022705078,Percentage,unit,"Both sexes, All age groups, Seasonally adjusted",69.61666870117188,73.3499984741211,5.050000190734863,Number,unit,Total of all violations-Actual incidents,29298.5
Alberta,2009-06,"Index, 201612=100",units,89.96666666666665,93.2,90.93333333333334,Dollars,units,"Median total income,Both sexes,All age groups",2937.5,,,,,,,,,,,,,Persons,unit,121095.0,265697.0,Persons,thousands,"Both sexes, All age groups, Seasonally adjusted",1286.5,1067.3333740234375,1376.316650390625,219.18333435058594,1800.88330078125,89.81666564941406,Percentage,unit,"Both sexes, All age groups, Seasonally adjusted",67.48332977294922,72.5999984741211,6.9666666984558105,Number,unit,Total of all violations-Actual incidents,29298.5
Alberta,2009-08,"Index, 201612=100",units,90.8,92.36666666666667,91.23333333333333,Dollars,units,"Median total income,Both sexes,All age groups",2937.5,,,,,,,,,,,,,Persons,unit,215911.0,365254.0,Persons,thousands,"Both sexes, All age groups, Seasonally adjusted",1282.7833251953125,1057.63330078125,1378.2833251953125,225.13333129882812,1806.0167236328125,95.51667022705078,Percentage,unit,"Both sexes, All age groups, Seasonally adjusted",66.93333435058594,72.46666717529297,7.616666793823242,Number,unit,Total of all violations-Actual incidents,29298.5
Alberta,2009-04,"Index, 201612=100",units,90.10000000000001,95.43333333333332,91.8,Dollars,units,"Median total income,Both sexes,All age groups",2937.5,,,,,,,,,,,,,Persons,unit,253317.0,332093.0,Persons,thousands,"Both sexes, All age groups, Seasonally adjusted",1293.2667236328125,1070.800048828125,1374.8499755859375,222.48333740234375,1793.6500244140625,81.61666870117188,Percentage,unit,"Both sexes, All age groups, Seasonally adjusted",68.33333587646484,73.0,6.316666603088379,Number,unit,Total of all violations-Actual incidents,29298.5
Alberta,2009-07,"Index, 201612=100",units,90.53333333333332,93.16666666666667,91.33333333333333,Dollars,units,"Median total income,Both sexes,All age groups",2937.5,,,,,,,,,,,,,Persons,unit,162354.0,344390.0,Persons,thousands,"Both sexes, All age groups, Seasonally adjusted",1285.0,1067.36669921875,1378.88330078125,217.6666717529297,1803.5333251953125,93.86666870117188,Percentage,unit,"Both sexes, All age groups, Seasonally adjusted",67.31666564941406,72.76667022705078,7.416666507720947,Number,unit,Total of all violations-Actual incidents,29298.5
Alberta,2009-02,"Index, 201612=100",units,91.73333333333335,97.93333333333334,93.7,Dollars,units,"Median total income,Both sexes,All age groups",2937.5,,,,,,,,,,,,,Persons,unit,214120.0,285126.0,Persons,thousands,"Both sexes, All age groups, Seasonally adjusted",1296.199951171875,1078.0,1367.6666259765625,218.1999969482422,1785.683349609375,71.46666717529297,Percentage,unit,"Both sexes, All age groups, Seasonally adjusted",68.81666564941406,73.03333282470703,5.800000190734863,Number,unit,Total of all violations-Actual incidents,29298.5
Atlantic Region,2002-10,"Index, 201612=100",units,68.6,62.2,67.1,,,,,,,,,,,,,,,,,,,,,,,,,,,,,,,,,,,,,,,
Atlantic Region,2002-04,"Index, 201612=100",units,67.5,61.2,66.0,,,,,,,,,,,,,,,,,,,,,,,,,,,,,,,,,,,,,,,
Atlantic Region,2002-07,"Index, 201612=100",units,68.3,61.8,66.7,,,,,,,,,,,,,,,,,,,,,,,,,,,,,,,,,,,,,,,
Atlantic Region,2002-11,"Index, 201612=100",units,68.8,62.8,67.3,,,,,,,,,,,,,,,,,,,,,,,,,,,,,,,,,,,,,,,
Atlantic Region,2002-08,"Index, 201612=100",units,68.4,62.1,66.9,,,,,,,,,,,,,,,,,,,,,,,,,,,,,,,,,,,,,,,
Atlantic Region,2002-01,"Index, 201612=100",units,67.0,60.8,65.5,,,,,,,,,,,,,,,,,,,,,,,,,,,,,,,,,,,,,,,
Atlantic Region,2002-05,"Index, 201612=100",units,68.2,61.6,66.6,,,,,,,,,,,,,,,,,,,,,,,,,,,,,,,,,,,,,,,
Atlantic Region,2002-12,"Index, 201612=100",units,68.8,62.8,67.4,,,,,,,,,,,,,,,,,,,,,,,,,,,,,,,,,,,,,,,
Atlantic Region,2002-09,"Index, 201612=100",units,68.6,62.2,67.1,,,,,,,,,,,,,,,,,,,,,,,,,,,,,,,,,,,,,,,
Atlantic Region,2002-02,"Index, 201612=100",units,67.2,61.1,65.7,,,,,,,,,,,,,,,,,,,,,,,,,,,,,,,,,,,,,,,
Atlantic Region,2002-06,"Index, 201612=100",units,68.2,61.7,66.6,,,,,,,,,,,,,,,,,,,,,,,,,,,,,,,,,,,,,,,
Atlantic Region,2002-03,"Index, 201612=100",units,67.2,61.2,65.8,,,,,,,,,,,,,,,,,,,,,,,,,,,,,,,,,,,,,,,
Manitoba,2001-05,"Index, 201612=100",units,51.1,34.8,46.2,Dollars,units,"Median total income,Both sexes,All age groups",1766.67,,,,,,,,,,,,,Persons,unit,88142.0,176305.0,Persons,thousands,"Both sexes, All age groups, Seasonally adjusted",346.95001220703125,285.3166809082031,365.1333312988281,61.599998474121094,521.0499877929688,18.16666603088379,Percentage,unit,"Both sexes, All age groups, Seasonally adjusted",63.099998474121094,66.73332977294922,5.349999904632568,Number,unit,Total of all violations-Actual incidents,11814.0
Manitoba,2001-11,"Index, 201612=100",units,51.5,34.8,46.6,Dollars,units,"Median total income,Both sexes,All age groups",1766.67,,,,,,,,,,,,,Persons,unit,65779.0,131758.0,Persons,thousands,"Both sexes, All age groups, Seasonally adjusted",351.7833251953125,288.5333251953125,369.26666259765625,63.25,522.5166625976562,17.483333587646484,Percentage,unit,"Both sexes, All age groups, Seasonally adjusted",63.68333435058594,67.31666564941406,5.25,Number,unit,Total of all violations-Actual incidents,11814.0
Manitoba,2001-01,"Index, 201612=100",units,50.5,34.8,45.8,Dollars,units,"Median total income,Both sexes,All age groups",1766.67,,,,,,,,,,,,,Persons,unit,93601.0,156294.0,Persons,thousands,"Both sexes, All age groups, Seasonally adjusted",348.5,283.3166809082031,365.2833251953125,65.18333435058594,519.8333129882812,16.78333282470703,Percentage,unit,"Both sexes, All age groups, Seasonally adjusted",63.41666793823242,66.81666564941406,4.9666666984558105,Number,unit,Total of all violations-Actual incidents,11814.0
Manitoba,2001-07,"Index, 201612=100",units,51.1,34.8,46.2,Dollars,units,"Median total income,Both sexes,All age groups",1766.67,,,,,,,,,,,,,Persons,unit,141128.0,278292.0,Persons,thousands,"Both sexes, All age groups, Seasonally adjusted",346.9666748046875,285.8999938964844,365.79998779296875,61.03333282470703,521.5,18.83333396911621,Percentage,unit,"Both sexes, All age groups, Seasonally adjusted",62.58333206176758,66.5999984741211,6.016666889190674,Number,unit,Total of all violations-Actual incidents,11814.0
Manitoba,2001-03,"Index, 201612=100",units,51.1,34.8,46.2,Dollars,units,"Median total income,Both sexes,All age groups",1766.67,,,,,,,,,,,,,Persons,unit,110691.0,189073.0,Persons,thousands,"Both sexes, All age groups, Seasonally adjusted",347.6833190917969,284.8500061035156,365.8166809082031,62.849998474121094,520.3666381835938,18.133333206176758,Percentage,unit,"Both sexes, All age groups, Seasonally adjusted",63.20000076293945,66.83333587646484,5.2833333015441895,Number,unit,Total of all violations-Actual incidents,11814.0
Manitoba,2001-09,"Index, 201612=100",units,51.2,34.8,46.3,Dollars,units,"Median total income,Both sexes,All age groups",1766.67,,,,,,,,,,,,,Persons,unit,90278.0,171150.0,Persons,thousands,"Both sexes, All age groups, Seasonally adjusted",348.8666687011719,286.51666259765625,366.8833312988281,62.36666488647461,521.8833618164062,18.03333282470703,Percentage,unit,"Both sexes, All age groups, Seasonally adjusted",63.18333435058594,66.98332977294922,5.449999809265137,Number,unit,Total of all violations-Actual incidents,11814.0
Manitoba,2001-04,"Index, 201612=100",units,51.1,34.8,46.2,Dollars,units,"Median total income,Both sexes,All age groups",1766.67,,,,,,,,,,,,,Persons,unit,88921.0,154140.0,Persons,thousands,"Both sexes, All age groups, Seasonally adjusted",347.3500061035156,283.73333740234375,365.25,63.61666488647461,520.75,17.899999618530273,Percentage,unit,"Both sexes, All age groups, Seasonally adjusted",63.11666488647461,66.73332977294922,5.199999809265137,Number,unit,Total of all violations-Actual incidents,11814.0
Manitoba,2001-02,"Index, 201612=100",units,50.5,34.8,45.8,Dollars,units,"Median total income,Both sexes,All age groups",1766.67,,,,,,,,,,,,,Persons,unit,88527.0,149177.0,Persons,thousands,"Both sexes, All age groups, Seasonally adjusted",349.2833251953125,284.8666687011719,364.5333251953125,64.44999694824219,520.066650390625,15.25,Percentage,unit,"Both sexes, All age groups, Seasonally adjusted",63.46666717529297,66.56666564941406,4.5,Number,unit,Total of all violations-Actual incidents,11814.0
Manitoba,2001-12,"Index, 201612=100",units,51.5,35.2,46.7,Dollars,units,"Median total income,Both sexes,All age groups",1766.67,,,,,,,,,,,,,Persons,unit,62705.0,129861.0,Persons,thousands,"Both sexes, All age groups, Seasonally adjusted",353.23333740234375,290.7166748046875,370.2833251953125,62.516666412353516,522.7999877929688,17.03333282470703,Percentage,unit,"Both sexes, All age groups, Seasonally adjusted",63.733333587646484,67.25,5.233333110809326,Number,unit,Total of all violations-Actual incidents,11814.0
Manitoba,2001-08,"Index, 201612=100",units,51.1,34.8,46.2,Dollars,units,"Median total income,Both sexes,All age groups",1766.67,,,,,,,,,,,,,Persons,unit,148447.0,267975.0,Persons,thousands,"Both sexes, All age groups, Seasonally adjusted",346.9166564941406,285.2833251953125,365.1000061035156,61.61666488647461,521.683349609375,18.233333587646484,Percentage,unit,"Both sexes, All age groups, Seasonally adjusted",62.81666564941406,66.55000305175781,5.449999809265137,Number,unit,Total of all violations-Actual incidents,11814.0
Manitoba,2001-10,"Index, 201612=100",units,51.2,34.8,46.3,Dollars,units,"Median total income,Both sexes,All age groups",1766.67,,,,,,,,,,,,,Persons,unit,76353.0,151200.0,Persons,thousands,"Both sexes, All age groups, Seasonally adjusted",351.04998779296875,288.0333251953125,369.0833435058594,63.0,522.183349609375,18.08333396911621,Percentage,unit,"Both sexes, All age groups, Seasonally adjusted",63.766666412353516,67.41666412353516,5.4666666984558105,Number,unit,Total of all violations-Actual incidents,11814.0
Manitoba,2001-06,"Index, 201612=100",units,51.1,34.8,46.2,Dollars,units,"Median total income,Both sexes,All age groups",1766.67,,,,,,,,,,,,,Persons,unit,89791.0,207450.0,Persons,thousands,"Both sexes, All age groups, Seasonally adjusted",345.6000061035156,282.9666748046875,365.6666564941406,62.61666488647461,521.2999877929688,20.08333396911621,Percentage,unit,"Both sexes, All age groups, Seasonally adjusted",62.599998474121094,66.81666564941406,6.016666889190674,Number,unit,Total of all violations-Actual incidents,11814.0
New Brunswick,2007-10,"Index, 201612=100",units,92.0,91.2,91.6,Dollars,units,"Median total income,Both sexes,All age groups",2022.5,,,,,,,,,,,,,Persons,unit,371543.0,509753.0,Persons,thousands,"Both sexes, All age groups, Seasonally adjusted",228.64999389648438,195.38333129882812,247.4499969482422,33.266666412353516,372.8666687011719,18.766666412353516,Percentage,unit,"Both sexes, All age groups, Seasonally adjusted",58.733333587646484,64.01667022705078,8.199999809265137,Number,unit,Total of all violations-Actual incidents,3918.17
New Brunswick,2007-06,"Index, 201612=100",units,91.3,88.3,90.5,Dollars,units,"Median total income,Both sexes,All age groups",2022.5,,,,,,,,,,,,,Persons,unit,350104.0,528388.0,Persons,thousands,"Both sexes, All age groups, Seasonally adjusted",231.0,195.23333740234375,248.26666259765625,35.78333282470703,372.3333435058594,17.266666412353516,Percentage,unit,"Both sexes, All age groups, Seasonally adjusted",59.68333435058594,64.43333435058594,7.116666793823242,Number,unit,Total of all violations-Actual incidents,3918.17
New Brunswick,2007-08,"Index, 201612=100",units,91.6,90.8,91.2,Dollars,units,"Median total income,Both sexes,All age groups",2022.5,,,,,,,,,,,,,Persons,unit,411624.0,644272.0,Persons,thousands,"Both sexes, All age groups, Seasonally adjusted",229.28334045410156,196.0,247.43333435058594,33.25,372.5333251953125,18.16666603088379,Percentage,unit,"Both sexes, All age groups, Seasonally adjusted",59.04999923706055,64.08333587646484,7.833333492279053,Number,unit,Total of all violations-Actual incidents,3918.17
New Brunswick,2007-12,"Index, 201612=100",units,92.2,91.3,91.8,Dollars,units,"Median total income,Both sexes,All age groups",2022.5,,,,,,,,,,,,,Persons,unit,328924.0,432913.0,Persons,thousands,"Both sexes, All age groups, Seasonally adjusted",230.51666259765625,197.63333129882812,249.88333129882812,32.849998474121094,373.1166687011719,19.399999618530273,Percentage,unit,"Both sexes, All age groups, Seasonally adjusted",59.266666412353516,64.5999984741211,8.166666984558105,Number,unit,Total of all violations-Actual incidents,3918.17
New Brunswick,2007-03,"Index, 201612=100",units,90.9,88.3,90.1,Dollars,units,"Median total income,Both sexes,All age groups",2022.5,,,,,,,,,,,,,Persons,unit,330440.0,441509.0,Persons,thousands,"Both sexes, All age groups, Seasonally adjusted",226.25,192.14999389648438,243.93333435058594,34.08333206176758,372.1499938964844,17.683332443237305,Percentage,unit,"Both sexes, All age groups, Seasonally adjusted",58.04999923706055,62.983333587646484,7.7833333015441895,Number,unit,Total of all violations-Actual incidents,3918.17
New Brunswick,2007-02,"Index, 201612=100",units,90.9,88.3,90.1,Dollars,units,"Median total income,Both sexes,All age groups",2022.5,,,,,,,,,,,,,Persons,unit,258134.0,357713.0,Persons,thousands,"Both sexes, All age groups, Seasonally adjusted",226.3000030517578,192.38333129882812,242.60000610351562,33.91666793823242,372.1333312988281,16.299999237060547,Percentage,unit,"Both sexes, All age groups, Seasonally adjusted",58.04999923706055,62.650001525878906,7.266666889190674,Number,unit,Total of all violations-Actual incidents,3918.17
New Brunswick,2007-05,"Index, 201612=100",units,91.3,88.3,90.5,Dollars,units,"Median total income,Both sexes,All age groups",2022.5,,,,,,,,,,,,,Persons,unit,358501.0,492226.0,Persons,thousands,"Both sexes, All age groups, Seasonally adjusted",227.3333282470703,192.4166717529297,245.8000030517578,34.900001525878906,372.25,18.483333587646484,Percentage,unit,"Both sexes, All age groups, Seasonally adjusted",58.29999923706055,63.56666564941406,8.300000190734863,Number,unit,Total of all violations-Actual incidents,3918.17
New Brunswick,2007-04,"Index, 201612=100",units,90.8,88.3,90.0,Dollars,units,"Median total income,Both sexes,All age groups",2022.5,,,,,,,,,,,,,Persons,unit,332402.0,445746.0,Persons,thousands,"Both sexes, All age groups, Seasonally adjusted",226.36666870117188,192.5500030517578,244.63333129882812,33.86666488647461,372.26666259765625,18.266666412353516,Percentage,unit,"Both sexes, All age groups, Seasonally adjusted",58.13333511352539,63.08333206176758,7.849999904632568,Number,unit,Total of all violations-Actual incidents,3918.17
New Brunswick,2007-11,"Index, 201612=100",units,92.0,91.3,91.6,Dollars,units,"Median total income,Both sexes,All age groups",2022.5,,,,,,,,,,,,,Persons,unit,371858.0,476082.0,Persons,thousands,"Both sexes, All age groups, Seasonally adjusted",231.46665954589844,197.0833282470703,249.53334045410156,34.400001525878906,372.9333190917969,18.08333396911621,Percentage,unit,"Both sexes, All age groups, Seasonally adjusted",59.63333511352539,64.56666564941406,7.566666603088379,Number,unit,Total of all violations-Actual incidents,3918.17
New Brunswick,2007-09,"Index, 201612=100",units,91.7,90.8,91.3,Dollars,units,"Median total income,Both sexes,All age groups",2022.5,,,,,,,,,,,,,Persons,unit,357516.0,540540.0,Persons,thousands,"Both sexes, All age groups, Seasonally adjusted",229.64999389648438,195.71665954589844,249.14999389648438,33.96666717529297,372.6166687011719,19.5,Percentage,unit,"Both sexes, All age groups, Seasonally adjusted",59.13333511352539,64.78333282470703,8.699999809265137,Number,unit,Total of all violations-Actual incidents,3918.17
New Brunswick,2007-07,"Index, 201612=100",units,91.5,88.3,90.6,Dollars,units,"Median total income,Both sexes,All age groups",2022.5,,,,,,,,,,,,,Persons,unit,399246.0,640334.0,Persons,thousands,"Both sexes, All age groups, Seasonally adjusted",229.63333129882812,195.78334045410156,247.13333129882812,33.83333206176758,372.4333190917969,17.5,Percentage,unit,"Both sexes, All age groups, Seasonally adjusted",59.16666793823242,63.96666717529297,7.566666603088379,Number,unit,Total of all violations-Actual incidents,3918.17
New Brunswick,2007-01,"Index, 201612=100",units,91.5,88.3,90.6,Dollars,units,"Median total income,Both sexes,All age groups",2022.5,,,,,,,,,,,,,Persons,unit,283889.0,390662.0,Persons,thousands,"Both sexes, All age groups, Seasonally adjusted",225.6999969482422,191.21665954589844,244.31666564941406,34.5,372.04998779296875,18.649999618530273,Percentage,unit,"Both sexes, All age groups, Seasonally adjusted",57.78333282470703,62.900001525878906,8.116666793823242,Number,unit,Total of all violations-Actual incidents,3918.17
