province,REF_DATE,uom_houseindex,scalar_houseindex,avg_house_only,avg_land_only,avg_totalhouseland,uom_income,scalar_income,statistic_income,avg_income,uom_expenditure,scalar_expenditure,statistic_expenditure,avg_food_expenditures,avg_income_taxes,avg_mortageinsurance,avg_mortagePaid,avg_accomodation,avg_rent,avg_shelter,avg_total_expenditure,avg_taxes_landregfees,uom_tourist,scalar_tourist,avg_international_tourism,avg_domestic_tourism,uom_labourforce,scalar_labourforce,statistic_labourforce,avg_employment,avg_fulltime,avg_labourforce,avg_parttime,avg_population,avg_unemployment,uom_lfperc,scalar_lfperc,statistic_labourforceperc,avg_employment_rate,avg_participationrate,avg_unemploymentrate,uom_crime,scalar_crime,statistic_crime,avg_crime_incidents
Manitoba,2009-08,"Index, 201612=100",units,79.3,78.0,79.0,Dollars,units,"Median total income,Both sexes,All age groups",2373.33,,,,,,,,,,,,,Persons,unit,177388.0,244540.0,Persons,thousands,"Both sexes, All age groups, Seasonally adjusted",383.1499938964844,310.8333435058594,405.20001220703125,72.31666564941406,560.2666625976562,22.049999237060547,Percentage,unit,"Both sexes, All age groups, Seasonally adjusted",65.58333587646484,69.88333129882812,5.983333110809326,Number,unit,Total of all violations-Actual incidents,11440.25
Manitoba,2009-07,"Index, 201612=100",units,79.1,78.0,78.9,Dollars,units,"Median total income,Both sexes,All age groups",2373.33,,,,,,,,,,,,,Persons,unit,138752.0,217173.0,Persons,thousands,"Both sexes, All age groups, Seasonally adjusted",381.5,312.4333190917969,401.3999938964844,69.06666564941406,559.7166748046875,19.850000381469727,Percentage,unit,"Both sexes, All age groups, Seasonally adjusted",65.33333587646484,69.13333129882812,5.383333206176758,Number,unit,Total of all violations-Actual incidents,11440.25
Manitoba,2009-11,"Index, 201612=100",units,79.5,78.0,79.1,Dollars,units,"Median total income,Both sexes,All age groups",2373.33,,,,,,,,,,,,,Persons,unit,120365.0,164130.0,Persons,thousands,"Both sexes, All age groups, Seasonally adjusted",383.0833435058594,311.73333740234375,402.8500061035156,71.33333587646484,561.7833251953125,19.799999237060547,Percentage,unit,"Both sexes, All age groups, Seasonally adjusted",65.16666412353516,69.0,5.5,Number,unit,Total of all violations-Actual incidents,11440.25
Manitoba,2009-10,"Index, 201612=100",units,79.4,78.0,79.0,Dollars,units,"Median total income,Both sexes,All age groups",2373.33,,,,,,,,,,,,,Persons,unit,105799.0,157499.0,Persons,thousands,"Both sexes, All age groups, Seasonally adjusted",380.0333251953125,309.9333190917969,401.75,70.13333129882812,561.4166870117188,21.683332443237305,Percentage,unit,"Both sexes, All age groups, Seasonally adjusted",64.73332977294922,68.80000305175781,5.833333492279053,Number,unit,Total of all violations-Actual incidents,11440.25
Manitoba,2009-09,"Index, 201612=100",units,79.4,78.0,79.0,Dollars,units,"Median total income,Both sexes,All age groups",2373.33,,,,,,,,,,,,,Persons,unit,117072.0,172028.0,Persons,thousands,"Both sexes, All age groups, Seasonally adjusted",381.3833312988281,312.5833435058594,401.29998779296875,68.80000305175781,560.8833618164062,19.933332443237305,Percentage,unit,"Both sexes, All age groups, Seasonally adjusted",65.06666564941406,68.9000015258789,5.416666507720947,Number,unit,Total of all violations-Actual incidents,11440.25
Manitoba,2009-01,"Index, 201612=100",units,78.3,77.8,78.2,Dollars,units,"Median total income,Both sexes,All age groups",2373.33,,,,,,,,,,,,,Persons,unit,101651.0,144074.0,Persons,thousands,"Both sexes, All age groups, Seasonally adjusted",379.7166748046875,313.8166809082031,397.98333740234375,65.88333129882812,555.8333129882812,18.25,Percentage,unit,"Both sexes, All age groups, Seasonally adjusted",65.61666870117188,69.13333129882812,4.933333396911621,Number,unit,Total of all violations-Actual incidents,11440.25
Manitoba,2009-05,"Index, 201612=100",units,78.7,77.8,78.5,Dollars,units,"Median total income,Both sexes,All age groups",2373.33,,,,,,,,,,,,,Persons,unit,112102.0,168530.0,Persons,thousands,"Both sexes, All age groups, Seasonally adjusted",380.70001220703125,312.1833190917969,399.2166748046875,68.53333282470703,558.183349609375,18.516666412353516,Percentage,unit,"Both sexes, All age groups, Seasonally adjusted",65.5999984741211,69.06666564941406,5.0333333015441895,Number,unit,Total of all violations-Actual incidents,11440.25
Manitoba,2009-02,"Index, 201612=100",units,78.3,77.8,78.2,Dollars,units,"Median total income,Both sexes,All age groups",2373.33,,,,,,,,,,,,,Persons,unit,106124.0,144165.0,Persons,thousands,"Both sexes, All age groups, Seasonally adjusted",380.3333435058594,313.76666259765625,399.6166687011719,66.61666870117188,556.3666381835938,19.233333587646484,Percentage,unit,"Both sexes, All age groups, Seasonally adjusted",65.76667022705078,69.46666717529297,5.266666889190674,Number,unit,Total of all violations-Actual incidents,11440.25
Manitoba,2009-12,"Index, 201612=100",units,79.9,78.0,79.4,Dollars,units,"Median total income,Both sexes,All age groups",2373.33,,,,,,,,,,,,,Persons,unit,94904.0,139630.0,Persons,thousands,"Both sexes, All age groups, Seasonally adjusted",379.73333740234375,307.20001220703125,401.75,72.56666564941406,562.1333618164062,21.983333587646484,Percentage,unit,"Both sexes, All age groups, Seasonally adjusted",64.55000305175781,68.68333435058594,5.949999809265137,Number,unit,Total of all violations-Actual incidents,11440.25
Manitoba,2009-06,"Index, 201612=100",units,79.1,78.0,78.8,Dollars,units,"Median total income,Both sexes,All age groups",2373.33,,,,,,,,,,,,,Persons,unit,85478.0,154408.0,Persons,thousands,"Both sexes, All age groups, Seasonally adjusted",380.9166564941406,314.4333190917969,400.6000061035156,66.46666717529297,559.0166625976562,19.66666603088379,Percentage,unit,"Both sexes, All age groups, Seasonally adjusted",65.28333282470703,69.06666564941406,5.400000095367432,Number,unit,Total of all violations-Actual incidents,11440.25
Manitoba,2009-04,"Index, 201612=100",units,78.3,77.8,78.2,Dollars,units,"Median total income,Both sexes,All age groups",2373.33,,,,,,,,,,,,,Persons,unit,108185.0,149636.0,Persons,thousands,"Both sexes, All age groups, Seasonally adjusted",377.9666748046875,313.5,397.7833251953125,64.44999694824219,557.4500122070312,19.816667556762695,Percentage,unit,"Both sexes, All age groups, Seasonally adjusted",65.13333129882812,68.9000015258789,5.4666666984558105,Number,unit,Total of all violations-Actual incidents,11440.25
Manitoba,2009-03,"Index, 201612=100",units,78.3,77.8,78.2,Dollars,units,"Median total income,Both sexes,All age groups",2373.33,,,,,,,,,,,,,Persons,unit,108657.0,152875.0,Persons,thousands,"Both sexes, All age groups, Seasonally adjusted",378.51666259765625,313.95001220703125,399.98333740234375,64.55000305175781,556.9166870117188,21.46666717529297,Percentage,unit,"Both sexes, All age groups, Seasonally adjusted",65.31666564941406,69.51667022705078,5.983333110809326,Number,unit,Total of all violations-Actual incidents,11440.25
Prairie Region,2011-12,"Index, 201612=100",units,93.5,92.4,93.1,,,,,Dollars,unit,Average expenditure per household,679.17,1203.33,10.17,445.58,1218.08,250.5,1374.33,6822.25,2.75,,,,,,,,,,,,,,,,,,,,,,,
Prairie Region,2011-01,"Index, 201612=100",units,92.6,91.3,92.2,,,,,Dollars,unit,Average expenditure per household,679.17,1203.33,10.17,445.58,1218.08,250.5,1374.33,6822.25,2.75,,,,,,,,,,,,,,,,,,,,,,,
Prairie Region,2011-02,"Index, 201612=100",units,92.7,92.3,92.6,,,,,Dollars,unit,Average expenditure per household,679.17,1203.33,10.17,445.58,1218.08,250.5,1374.33,6822.25,2.75,,,,,,,,,,,,,,,,,,,,,,,
Prairie Region,2011-09,"Index, 201612=100",units,93.1,92.1,92.8,,,,,Dollars,unit,Average expenditure per household,679.17,1203.33,10.17,445.58,1218.08,250.5,1374.33,6822.25,2.75,,,,,,,,,,,,,,,,,,,,,,,
Prairie Region,2011-05,"Index, 201612=100",units,92.8,92.5,92.7,,,,,Dollars,unit,Average expenditure per household,679.17,1203.33,10.17,445.58,1218.08,250.5,1374.33,6822.25,2.75,,,,,,,,,,,,,,,,,,,,,,,
Prairie Region,2011-07,"Index, 201612=100",units,92.6,92.6,92.6,,,,,Dollars,unit,Average expenditure per household,679.17,1203.33,10.17,445.58,1218.08,250.5,1374.33,6822.25,2.75,,,,,,,,,,,,,,,,,,,,,,,
Prairie Region,2011-06,"Index, 201612=100",units,92.9,92.5,92.8,,,,,Dollars,unit,Average expenditure per household,679.17,1203.33,10.17,445.58,1218.08,250.5,1374.33,6822.25,2.75,,,,,,,,,,,,,,,,,,,,,,,
Prairie Region,2011-03,"Index, 201612=100",units,92.6,92.2,92.5,,,,,Dollars,unit,Average expenditure per household,679.17,1203.33,10.17,445.58,1218.08,250.5,1374.33,6822.25,2.75,,,,,,,,,,,,,,,,,,,,,,,
Prairie Region,2011-10,"Index, 201612=100",units,93.4,92.4,93.0,,,,,Dollars,unit,Average expenditure per household,679.17,1203.33,10.17,445.58,1218.08,250.5,1374.33,6822.25,2.75,,,,,,,,,,,,,,,,,,,,,,,
Prairie Region,2011-11,"Index, 201612=100",units,93.4,92.4,93.0,,,,,Dollars,unit,Average expenditure per household,679.17,1203.33,10.17,445.58,1218.08,250.5,1374.33,6822.25,2.75,,,,,,,,,,,,,,,,,,,,,,,
Prairie Region,2011-08,"Index, 201612=100",units,92.6,92.6,92.6,,,,,Dollars,unit,Average expenditure per household,679.17,1203.33,10.17,445.58,1218.08,250.5,1374.33,6822.25,2.75,,,,,,,,,,,,,,,,,,,,,,,
Prairie Region,2011-04,"Index, 201612=100",units,92.5,92.1,92.4,,,,,Dollars,unit,Average expenditure per household,679.17,1203.33,10.17,445.58,1218.08,250.5,1374.33,6822.25,2.75,,,,,,,,,,,,,,,,,,,,,,,
