province,REF_DATE,uom_houseindex,scalar_houseindex,avg_house_only,avg_land_only,avg_totalhouseland,uom_income,scalar_income,statistic_income,avg_income,uom_expenditure,scalar_expenditure,statistic_expenditure,avg_food_expenditures,avg_income_taxes,avg_mortageinsurance,avg_mortagePaid,avg_accomodation,avg_rent,avg_shelter,avg_total_expenditure,avg_taxes_landregfees,uom_tourist,scalar_tourist,avg_international_tourism,avg_domestic_tourism,uom_labourforce,scalar_labourforce,statistic_labourforce,avg_employment,avg_fulltime,avg_labourforce,avg_parttime,avg_population,avg_unemployment,uom_lfperc,scalar_lfperc,statistic_labourforceperc,avg_employment_rate,avg_participationrate,avg_unemploymentrate,uom_crime,scalar_crime,statistic_crime,avg_crime_incidents
Canada,1998-03,"Index, 201612=100",units,52.0,66.4,56.0,,,,,,,,,,,,,,,,,Persons,unit,4274419.0,7756801.0,Persons,thousands,"Both sexes, All age groups, Seasonally adjusted",6306.92236328125,7346.68310546875,6880.68896484375,1578.5,10322.677734375,573.7222290039062,Percentage,unit,"Both sexes, All age groups, Seasonally adjusted",54.5,60.64444351196289,10.244444847106934,,,,
Canada,1998-02,"Index, 201612=100",units,52.0,66.4,56.0,,,,,,,,,,,,,,,,,Persons,unit,3313550.0,6592041.0,Persons,thousands,"Both sexes, All age groups, Seasonally adjusted",6291.0888671875,7345.85009765625,6878.31103515625,1557.5167236328125,10313.822265625,587.2444458007812,Percentage,unit,"Both sexes, All age groups, Seasonally adjusted",54.377777099609375,60.622222900390625,10.377778053283691,,,,
Canada,1998-06,"Index, 201612=100",units,52.2,66.5,56.2,,,,,,,,,,,,,,,,,Persons,unit,3936917.0,9698808.0,Persons,thousands,"Both sexes, All age groups, Seasonally adjusted",6330.7109375,7380.60009765625,6908.677734375,1576.38330078125,10354.4775390625,577.9444580078125,Percentage,unit,"Both sexes, All age groups, Seasonally adjusted",54.63333511352539,60.877777099609375,10.322221755981445,,,,
Canada,1998-11,"Index, 201612=100",units,52.3,66.4,56.2,,,,,,,,,,,,,,,,,Persons,unit,3250631.0,7015772.0,Persons,thousands,"Both sexes, All age groups, Seasonally adjusted",6420.2666015625,7466.25,6980.033203125,1606.4166259765625,10400.14453125,559.7666625976562,Percentage,unit,"Both sexes, All age groups, Seasonally adjusted",55.55555725097656,61.5444450378418,9.800000190734863,,,,
Canada,1998-04,"Index, 201612=100",units,52.0,66.4,56.0,,,,,,,,,,,,,,,,,Persons,unit,4249087.0,8059354.0,Persons,thousands,"Both sexes, All age groups, Seasonally adjusted",6316.60009765625,7342.2333984375,6886.5556640625,1599.050048828125,10332.3115234375,569.9666748046875,Percentage,unit,"Both sexes, All age groups, Seasonally adjusted",54.5,60.63333511352539,10.244444847106934,,,,
Canada,1998-01,"Index, 201612=100",units,51.9,66.4,56.0,,,,,,,,,,,,,,,,,Persons,unit,3615375.0,6738517.0,Persons,thousands,"Both sexes, All age groups, Seasonally adjusted",6266.4111328125,7316.283203125,6869.533203125,1553.550048828125,10303.8779296875,603.0999755859375,Percentage,unit,"Both sexes, All age groups, Seasonally adjusted",54.17777633666992,60.67777633666992,10.755555152893066,,,,
Canada,1998-12,"Index, 201612=100",units,52.3,66.6,56.3,,,,,,,,,,,,,,,,,Persons,unit,3224769.0,7095682.0,Persons,thousands,"Both sexes, All age groups, Seasonally adjusted",6421.3779296875,7449.966796875,6989.14453125,1624.4166259765625,10408.3662109375,567.7888793945312,Percentage,unit,"Both sexes, All age groups, Seasonally adjusted",55.5,61.599998474121094,9.95555591583252,,,,
Canada,1998-09,"Index, 201612=100",units,52.2,66.6,56.2,,,,,,,,,,,,,,,,,Persons,unit,3595713.0,8979573.0,Persons,thousands,"Both sexes, All age groups, Seasonally adjusted",6394.2998046875,7433.18310546875,6964.36669921875,1602.75,10382.43359375,570.0777587890625,Percentage,unit,"Both sexes, All age groups, Seasonally adjusted",55.400001525878906,61.477779388427734,9.911110877990723,,,,
Canada,1998-10,"Index, 201612=100",units,52.3,66.4,56.2,,,,,,,,,,,,,,,,,Persons,unit,3563098.0,8138219.0,Persons,thousands,"Both sexes, All age groups, Seasonally adjusted",6402.85546875,7456.63330078125,6959.36669921875,1593.9666748046875,10391.4443359375,556.522216796875,Percentage,unit,"Both sexes, All age groups, Seasonally adjusted",55.33333206176758,61.24444580078125,9.755555152893066,,,,
Canada,1998-08,"Index, 201612=100",units,52.2,66.6,56.2,,,,,,,,,,,,,,,,,Persons,unit,4783740.0,1.222437E7,Persons,thousands,"Both sexes, All age groups, Seasonally adjusted",6374.0888671875,7414.39990234375,6934.75537109375,1597.63330078125,10371.4443359375,560.6889038085938,Percentage,unit,"Both sexes, All age groups, Seasonally adjusted",55.155555725097656,61.16666793823242,9.844444274902344,,,,
Canada,1998-05,"Index, 201612=100",units,52.1,66.4,56.1,,,,,,,,,,,,,,,,,Persons,unit,4363235.0,9209088.0,Persons,thousands,"Both sexes, All age groups, Seasonally adjusted",6322.85546875,7365.5498046875,6893.9111328125,1580.5833740234375,10342.244140625,571.04443359375,Percentage,unit,"Both sexes, All age groups, Seasonally adjusted",54.655555725097656,60.72222137451172,10.0,,,,
Canada,1998-07,"Index, 201612=100",units,52.3,66.5,56.2,,,,,,,,,,,,,,,,,Persons,unit,4814833.0,1.2056003E7,Persons,thousands,"Both sexes, All age groups, Seasonally adjusted",6357.2666015625,7381.06689453125,6931.39990234375,1607.449951171875,10363.099609375,574.1333618164062,Percentage,unit,"Both sexes, All age groups, Seasonally adjusted",55.0444450378418,61.16666793823242,10.05555534362793,,,,
