province,REF_DATE,uom_houseindex,scalar_houseindex,avg_house_only,avg_land_only,avg_totalhouseland,uom_income,scalar_income,statistic_income,avg_income,uom_expenditure,scalar_expenditure,statistic_expenditure,avg_food_expenditures,avg_income_taxes,avg_mortageinsurance,avg_mortagePaid,avg_accomodation,avg_rent,avg_shelter,avg_total_expenditure,avg_taxes_landregfees,uom_tourist,scalar_tourist,avg_international_tourism,avg_domestic_tourism,uom_labourforce,scalar_labourforce,statistic_labourforce,avg_employment,avg_fulltime,avg_labourforce,avg_parttime,avg_population,avg_unemployment,uom_lfperc,scalar_lfperc,statistic_labourforceperc,avg_employment_rate,avg_participationrate,avg_unemploymentrate,uom_crime,scalar_crime,statistic_crime,avg_crime_incidents
British Columbia,2008-10,"Index, 201612=100",units,107.63333333333333,100.63333333333333,104.56666666666668,Dollars,units,"Median total income,Both sexes,All age groups",2380.0,,,,,,,,,,,,,Persons,unit,701166.0,1121934.0,Persons,thousands,"Both sexes, All age groups, Seasonally adjusted",1424.0999755859375,1155.4000244140625,1496.9666748046875,268.6666564941406,2184.9833984375,72.86666870117188,Percentage,unit,"Both sexes, All age groups, Seasonally adjusted",62.266666412353516,65.78333282470703,5.266666889190674,Number,unit,Total of all violations-Actual incidents,39455.5
British Columbia,2008-06,"Index, 201612=100",units,109.73333333333333,100.8,105.76666666666667,Dollars,units,"Median total income,Both sexes,All age groups",2380.0,,,,,,,,,,,,,Persons,unit,824980.0,1704899.0,Persons,thousands,"Both sexes, All age groups, Seasonally adjusted",1435.5833740234375,1158.199951171875,1495.7332763671875,277.3666687011719,2171.433349609375,60.18333435058594,Percentage,unit,"Both sexes, All age groups, Seasonally adjusted",63.266666412353516,66.31666564941406,4.550000190734863,Number,unit,Total of all violations-Actual incidents,39455.5
British Columbia,2008-08,"Index, 201612=100",units,109.7,100.8,105.73333333333333,Dollars,units,"Median total income,Both sexes,All age groups",2380.0,,,,,,,,,,,,,Persons,unit,1167332.0,2230907.0,Persons,thousands,"Both sexes, All age groups, Seasonally adjusted",1430.8333740234375,1152.3499755859375,1493.800048828125,278.4666748046875,2178.566650390625,62.983333587646484,Percentage,unit,"Both sexes, All age groups, Seasonally adjusted",62.81666564941406,65.9000015258789,4.616666793823242,Number,unit,Total of all violations-Actual incidents,39455.5
British Columbia,2008-11,"Index, 201612=100",units,105.39999999999999,100.63333333333333,103.13333333333333,Dollars,units,"Median total income,Both sexes,All age groups",2380.0,,,,,,,,,,,,,Persons,unit,665643.0,1011706.0,Persons,thousands,"Both sexes, All age groups, Seasonally adjusted",1418.699951171875,1138.88330078125,1492.2667236328125,279.8166809082031,2187.85009765625,73.58333587646484,Percentage,unit,"Both sexes, All age groups, Seasonally adjusted",61.849998474121094,65.48332977294922,5.5,Number,unit,Total of all violations-Actual incidents,39455.5
British Columbia,2008-07,"Index, 201612=100",units,109.93333333333334,100.8,105.89999999999999,Dollars,units,"Median total income,Both sexes,All age groups",2380.0,,,,,,,,,,,,,Persons,unit,1016008.0,2068174.0,Persons,thousands,"Both sexes, All age groups, Seasonally adjusted",1431.4000244140625,1167.38330078125,1496.9666748046875,264.0333251953125,2175.183349609375,65.53333282470703,Percentage,unit,"Both sexes, All age groups, Seasonally adjusted",62.91666793823242,66.18333435058594,4.949999809265137,Number,unit,Total of all violations-Actual incidents,39455.5
British Columbia,2008-12,"Index, 201612=100",units,105.13333333333333,100.63333333333333,102.96666666666665,Dollars,units,"Median total income,Both sexes,All age groups",2380.0,,,,,,,,,,,,,Persons,unit,599099.0,992072.0,Persons,thousands,"Both sexes, All age groups, Seasonally adjusted",1414.4832763671875,1141.5167236328125,1496.316650390625,272.9666748046875,2190.449951171875,81.80000305175781,Percentage,unit,"Both sexes, All age groups, Seasonally adjusted",61.54999923706055,65.53333282470703,6.0333333015441895,Number,unit,Total of all violations-Actual incidents,39455.5
British Columbia,2008-01,"Index, 201612=100",units,110.16666666666667,100.3,105.8,Dollars,units,"Median total income,Both sexes,All age groups",2380.0,,,,,,,,,,,,,Persons,unit,749933.0,1128488.0,Persons,thousands,"Both sexes, All age groups, Seasonally adjusted",1426.0333251953125,1148.3499755859375,1486.0999755859375,277.70001220703125,2156.5166015625,60.03333282470703,Percentage,unit,"Both sexes, All age groups, Seasonally adjusted",63.36666488647461,66.31666564941406,4.383333206176758,Number,unit,Total of all violations-Actual incidents,39455.5
British Columbia,2008-02,"Index, 201612=100",units,110.10000000000001,100.63333333333333,105.86666666666667,Dollars,units,"Median total income,Both sexes,All age groups",2380.0,,,,,,,,,,,,,Persons,unit,710775.0,1124702.0,Persons,thousands,"Both sexes, All age groups, Seasonally adjusted",1422.800048828125,1147.5999755859375,1484.449951171875,275.23333740234375,2158.783447265625,61.61666488647461,Percentage,unit,"Both sexes, All age groups, Seasonally adjusted",63.099998474121094,66.1500015258789,4.516666889190674,Number,unit,Total of all violations-Actual incidents,39455.5
British Columbia,2008-09,"Index, 201612=100",units,109.76666666666665,100.63333333333333,105.8,Dollars,units,"Median total income,Both sexes,All age groups",2380.0,,,,,,,,,,,,,Persons,unit,836716.0,1575208.0,Persons,thousands,"Both sexes, All age groups, Seasonally adjusted",1430.7833251953125,1151.3499755859375,1495.5999755859375,279.4166564941406,2182.11669921875,64.83333587646484,Percentage,unit,"Both sexes, All age groups, Seasonally adjusted",62.599998474121094,65.71666717529297,4.683333396911621,Number,unit,Total of all violations-Actual incidents,39455.5
British Columbia,2008-04,"Index, 201612=100",units,110.53333333333335,100.8,106.23333333333333,Dollars,units,"Median total income,Both sexes,All age groups",2380.0,,,,,,,,,,,,,Persons,unit,837936.0,1271951.0,Persons,thousands,"Both sexes, All age groups, Seasonally adjusted",1428.449951171875,1152.1500244140625,1492.0833740234375,276.29998779296875,2164.7666015625,63.63333511352539,Percentage,unit,"Both sexes, All age groups, Seasonally adjusted",63.29999923706055,66.44999694824219,4.599999904632568,Number,unit,Total of all violations-Actual incidents,39455.5
British Columbia,2008-05,"Index, 201612=100",units,109.83333333333333,100.8,105.8,Dollars,units,"Median total income,Both sexes,All age groups",2380.0,,,,,,,,,,,,,Persons,unit,905001.0,1636447.0,Persons,thousands,"Both sexes, All age groups, Seasonally adjusted",1428.5,1153.0167236328125,1491.7667236328125,275.48333740234375,2167.433349609375,63.25,Percentage,unit,"Both sexes, All age groups, Seasonally adjusted",63.06666564941406,66.26667022705078,4.75,Number,unit,Total of all violations-Actual incidents,39455.5
British Columbia,2008-03,"Index, 201612=100",units,110.66666666666667,100.63333333333333,106.3,Dollars,units,"Median total income,Both sexes,All age groups",2380.0,,,,,,,,,,,,,Persons,unit,979003.0,1419618.0,Persons,thousands,"Both sexes, All age groups, Seasonally adjusted",1427.7667236328125,1156.5167236328125,1494.7667236328125,271.2166748046875,2161.466552734375,67.0,Percentage,unit,"Both sexes, All age groups, Seasonally adjusted",63.349998474121094,66.63333129882812,4.833333492279053,Number,unit,Total of all violations-Actual incidents,39455.5
Nova Scotia,1988-01,"Index, 201612=100",units,52.7,56.0,53.7,,,,,,,,,,,,,,,,,Persons,unit,2826.0,9845.0,Persons,thousands,"Both sexes, All age groups, Seasonally adjusted",229.13333129882812,193.96665954589844,257.73333740234375,35.150001525878906,413.7833251953125,28.616666793823242,Percentage,unit,"Both sexes, All age groups, Seasonally adjusted",51.75,58.650001525878906,11.066666603088379,,,,
Nova Scotia,1988-05,"Index, 201612=100",units,53.7,56.3,54.4,,,,,,,,,,,,,,,,,Persons,unit,8198.0,31110.0,Persons,thousands,"Both sexes, All age groups, Seasonally adjusted",233.93333435058594,196.73333740234375,259.8999938964844,37.21666717529297,415.1833190917969,25.950000762939453,Percentage,unit,"Both sexes, All age groups, Seasonally adjusted",52.79999923706055,58.900001525878906,9.683333396911621,,,,
Nova Scotia,1988-03,"Index, 201612=100",units,53.5,56.3,54.3,,,,,,,,,,,,,,,,,Persons,unit,9439.0,21067.0,Persons,thousands,"Both sexes, All age groups, Seasonally adjusted",234.5833282470703,198.60000610351562,260.26666259765625,35.983333587646484,414.3666687011719,25.71666717529297,Percentage,unit,"Both sexes, All age groups, Seasonally adjusted",53.08333206176758,59.28333282470703,9.983333587646484,,,,
Nova Scotia,1988-06,"Index, 201612=100",units,53.7,57.8,54.6,,,,,,,,,,,,,,,,,Persons,unit,5763.0,49133.0,Persons,thousands,"Both sexes, All age groups, Seasonally adjusted",235.5833282470703,198.56666564941406,260.9666748046875,37.016666412353516,415.54998779296875,25.41666603088379,Percentage,unit,"Both sexes, All age groups, Seasonally adjusted",53.150001525878906,59.150001525878906,9.449999809265137,,,,
Nova Scotia,1988-12,"Index, 201612=100",units,54.5,57.8,55.5,,,,,,,,,,,,,,,,,Persons,unit,3217.0,14146.0,Persons,thousands,"Both sexes, All age groups, Seasonally adjusted",238.6666717529297,201.8000030517578,262.95001220703125,36.86666488647461,417.6166687011719,24.266666412353516,Percentage,unit,"Both sexes, All age groups, Seasonally adjusted",53.400001525878906,59.25,9.633333206176758,,,,
Nova Scotia,1988-08,"Index, 201612=100",units,53.7,57.8,54.6,,,,,,,,,,,,,,,,,Persons,unit,9568.0,75245.0,Persons,thousands,"Both sexes, All age groups, Seasonally adjusted",236.43333435058594,198.73333740234375,262.1166687011719,37.70000076293945,416.5666809082031,25.683332443237305,Percentage,unit,"Both sexes, All age groups, Seasonally adjusted",53.233333587646484,59.33333206176758,9.783333778381348,,,,
Nova Scotia,1988-02,"Index, 201612=100",units,53.3,56.3,54.2,,,,,,,,,,,,,,,,,Persons,unit,4100.0,12026.0,Persons,thousands,"Both sexes, All age groups, Seasonally adjusted",232.0,195.11666870117188,259.04998779296875,36.849998474121094,414.1499938964844,27.08333396911621,Percentage,unit,"Both sexes, All age groups, Seasonally adjusted",52.53333282470703,59.06666564941406,10.649999618530273,,,,
Nova Scotia,1988-10,"Index, 201612=100",units,54.4,57.8,55.3,,,,,,,,,,,,,,,,,Persons,unit,6823.0,34727.0,Persons,thousands,"Both sexes, All age groups, Seasonally adjusted",235.39999389648438,198.86666870117188,260.9333190917969,36.56666564941406,417.01666259765625,25.53333282470703,Percentage,unit,"Both sexes, All age groups, Seasonally adjusted",52.86666488647461,58.81666564941406,9.600000381469727,,,,
Nova Scotia,1988-09,"Index, 201612=100",units,54.4,57.8,55.3,,,,,,,,,,,,,,,,,Persons,unit,7600.0,58972.0,Persons,thousands,"Both sexes, All age groups, Seasonally adjusted",235.88333129882812,200.11666870117188,262.01666259765625,35.75,416.75,26.149999618530273,Percentage,unit,"Both sexes, All age groups, Seasonally adjusted",53.13333511352539,59.25,9.716666221618652,,,,
Nova Scotia,1988-11,"Index, 201612=100",units,54.5,57.8,55.5,,,,,,,,,,,,,,,,,Persons,unit,3895.0,14196.0,Persons,thousands,"Both sexes, All age groups, Seasonally adjusted",238.78334045410156,202.1999969482422,263.4333190917969,36.61666488647461,417.3500061035156,24.649999618530273,Percentage,unit,"Both sexes, All age groups, Seasonally adjusted",53.483333587646484,59.400001525878906,9.600000381469727,,,,
Nova Scotia,1988-04,"Index, 201612=100",units,53.5,56.3,54.3,,,,,,,,,,,,,,,,,Persons,unit,9284.0,20067.0,Persons,thousands,"Both sexes, All age groups, Seasonally adjusted",233.46665954589844,198.06666564941406,259.29998779296875,35.400001525878906,414.7166748046875,25.799999237060547,Percentage,unit,"Both sexes, All age groups, Seasonally adjusted",52.68333435058594,58.93333435058594,9.766666412353516,,,,
Nova Scotia,1988-07,"Index, 201612=100",units,53.7,57.8,54.6,,,,,,,,,,,,,,,,,Persons,unit,9043.0,73729.0,Persons,thousands,"Both sexes, All age groups, Seasonally adjusted",238.4166717529297,200.86666870117188,263.3500061035156,37.58333206176758,416.01666259765625,24.933332443237305,Percentage,unit,"Both sexes, All age groups, Seasonally adjusted",53.766666412353516,59.66666793823242,9.216666221618652,,,,
Nova Scotia,1994-12,"Index, 201612=100",units,59.3,65.6,60.9,,,,,,,,,,,,,,,,,Persons,unit,4366.0,14595.0,Persons,thousands,"Both sexes, All age groups, Seasonally adjusted",239.0833282470703,196.51666259765625,272.54998779296875,42.58333206176758,438.6833190917969,33.45000076293945,Percentage,unit,"Both sexes, All age groups, Seasonally adjusted",50.483333587646484,57.93333435058594,12.466666221618652,,,,
Nova Scotia,1994-04,"Index, 201612=100",units,57.1,63.0,58.7,,,,,,,,,,,,,,,,,Persons,unit,11714.0,20234.0,Persons,thousands,"Both sexes, All age groups, Seasonally adjusted",233.9499969482422,190.60000610351562,271.5,43.349998474121094,437.1666564941406,37.53333282470703,Percentage,unit,"Both sexes, All age groups, Seasonally adjusted",49.29999923706055,57.96666717529297,14.399999618530273,,,,
Nova Scotia,1994-03,"Index, 201612=100",units,57.1,63.0,58.7,,,,,,,,,,,,,,,,,Persons,unit,12277.0,21224.0,Persons,thousands,"Both sexes, All age groups, Seasonally adjusted",234.6999969482422,189.8000030517578,271.6666564941406,44.88333511352539,437.04998779296875,36.93333435058594,Percentage,unit,"Both sexes, All age groups, Seasonally adjusted",49.53333282470703,58.0,14.116666793823242,,,,
Nova Scotia,1994-08,"Index, 201612=100",units,58.7,65.6,60.5,,,,,,,,,,,,,,,,,Persons,unit,9958.0,72530.0,Persons,thousands,"Both sexes, All age groups, Seasonally adjusted",240.3333282470703,196.56666564941406,275.6166687011719,43.766666412353516,438.1166687011719,35.31666564941406,Percentage,unit,"Both sexes, All age groups, Seasonally adjusted",50.71666717529297,58.96666717529297,14.033333778381348,,,,
Nova Scotia,1994-01,"Index, 201612=100",units,57.1,63.0,58.7,,,,,,,,,,,,,,,,,Persons,unit,5928.0,12466.0,Persons,thousands,"Both sexes, All age groups, Seasonally adjusted",232.73333740234375,186.0500030517578,272.3166809082031,46.66666793823242,436.5833435058594,39.599998474121094,Percentage,unit,"Both sexes, All age groups, Seasonally adjusted",49.08333206176758,58.21666717529297,15.616666793823242,,,,
Nova Scotia,1994-09,"Index, 201612=100",units,58.7,65.6,60.5,,,,,,,,,,,,,,,,,Persons,unit,8090.0,62782.0,Persons,thousands,"Both sexes, All age groups, Seasonally adjusted",240.1666717529297,196.5,274.5833435058594,43.63333511352539,438.1666564941406,34.41666793823242,Percentage,unit,"Both sexes, All age groups, Seasonally adjusted",50.54999923706055,58.53333282470703,13.533333778381348,,,,
Nova Scotia,1994-06,"Index, 201612=100",units,57.6,63.5,59.1,,,,,,,,,,,,,,,,,Persons,unit,7877.0,48028.0,Persons,thousands,"Both sexes, All age groups, Seasonally adjusted",237.96665954589844,190.4166717529297,273.6666564941406,47.54999923706055,437.5666809082031,35.733333587646484,Percentage,unit,"Both sexes, All age groups, Seasonally adjusted",50.31666564941406,58.483333587646484,13.483333587646484,,,,
Nova Scotia,1994-02,"Index, 201612=100",units,57.1,63.0,58.7,,,,,,,,,,,,,,,,,Persons,unit,5995.0,13569.0,Persons,thousands,"Both sexes, All age groups, Seasonally adjusted",232.51666259765625,188.10000610351562,270.0833435058594,44.43333435058594,436.8500061035156,37.58333206176758,Percentage,unit,"Both sexes, All age groups, Seasonally adjusted",48.96666717529297,57.61666488647461,14.550000190734863,,,,
Nova Scotia,1994-10,"Index, 201612=100",units,58.9,65.6,60.7,,,,,,,,,,,,,,,,,Persons,unit,7197.0,37551.0,Persons,thousands,"Both sexes, All age groups, Seasonally adjusted",240.0833282470703,197.5833282470703,273.26666259765625,42.483333587646484,438.3666687011719,33.18333435058594,Percentage,unit,"Both sexes, All age groups, Seasonally adjusted",50.56666564941406,58.18333435058594,12.966666221618652,,,,
Nova Scotia,1994-05,"Index, 201612=100",units,57.6,63.5,59.1,,,,,,,,,,,,,,,,,Persons,unit,10475.0,33733.0,Persons,thousands,"Both sexes, All age groups, Seasonally adjusted",238.10000610351562,194.23333740234375,274.5666809082031,43.86666488647461,437.3666687011719,36.46666717529297,Percentage,unit,"Both sexes, All age groups, Seasonally adjusted",50.266666412353516,58.68333435058594,13.716666221618652,,,,
Nova Scotia,1994-11,"Index, 201612=100",units,59.1,65.6,60.9,,,,,,,,,,,,,,,,,Persons,unit,4862.0,13368.0,Persons,thousands,"Both sexes, All age groups, Seasonally adjusted",238.81666564941406,194.61666870117188,272.5,44.20000076293945,438.5333251953125,33.68333435058594,Percentage,unit,"Both sexes, All age groups, Seasonally adjusted",50.650001525878906,58.233333587646484,12.566666603088379,,,,
Nova Scotia,1994-07,"Index, 201612=100",units,57.9,63.1,59.3,,,,,,,,,,,,,,,,,Persons,unit,9592.0,70916.0,Persons,thousands,"Both sexes, All age groups, Seasonally adjusted",239.81666564941406,194.71665954589844,275.5333251953125,45.099998474121094,437.8166809082031,35.733333587646484,Percentage,unit,"Both sexes, All age groups, Seasonally adjusted",50.56666564941406,58.79999923706055,13.566666603088379,,,,
