province,REF_DATE,uom_houseindex,scalar_houseindex,avg_house_only,avg_land_only,avg_totalhouseland,uom_income,scalar_income,statistic_income,avg_income,uom_expenditure,scalar_expenditure,statistic_expenditure,avg_food_expenditures,avg_income_taxes,avg_mortageinsurance,avg_mortagePaid,avg_accomodation,avg_rent,avg_shelter,avg_total_expenditure,avg_taxes_landregfees,uom_tourist,scalar_tourist,avg_international_tourism,avg_domestic_tourism,uom_labourforce,scalar_labourforce,statistic_labourforce,avg_employment,avg_fulltime,avg_labourforce,avg_parttime,avg_population,avg_unemployment,uom_lfperc,scalar_lfperc,statistic_labourforceperc,avg_employment_rate,avg_participationrate,avg_unemploymentrate,uom_crime,scalar_crime,statistic_crime,avg_crime_incidents
New Brunswick,2000-05,"Index, 201612=100",units,78.4,77.6,77.9,Dollars,units,"Median total income,Both sexes,All age groups",1508.33,,,,,,,,,,,,,Persons,unit,386140.0,592861.0,Persons,thousands,"Both sexes, All age groups, Seasonally adjusted",209.8000030517578,179.63333129882812,233.71665954589844,30.16666603088379,366.6499938964844,23.91666603088379,Percentage,unit,"Both sexes, All age groups, Seasonally adjusted",52.93333435058594,59.36666488647461,11.016666412353516,Number,unit,Total of all violations-Actual incidents,4744.58
New Brunswick,2000-03,"Index, 201612=100",units,79.1,77.6,78.4,Dollars,units,"Median total income,Both sexes,All age groups",1508.33,,,,,,,,,,,,,Persons,unit,358122.0,528461.0,Persons,thousands,"Both sexes, All age groups, Seasonally adjusted",209.13333129882812,178.78334045410156,232.6999969482422,30.366666793823242,366.3333435058594,23.516666412353516,Percentage,unit,"Both sexes, All age groups, Seasonally adjusted",52.849998474121094,59.25,10.5,Number,unit,Total of all violations-Actual incidents,4744.58
New Brunswick,2000-06,"Index, 201612=100",units,78.6,77.6,78.0,Dollars,units,"Median total income,Both sexes,All age groups",1508.33,,,,,,,,,,,,,Persons,unit,385994.0,640662.0,Persons,thousands,"Both sexes, All age groups, Seasonally adjusted",210.35000610351562,179.25,234.60000610351562,31.100000381469727,366.6833190917969,24.21666717529297,Percentage,unit,"Both sexes, All age groups, Seasonally adjusted",53.099998474121094,59.56666564941406,10.800000190734863,Number,unit,Total of all violations-Actual incidents,4744.58
New Brunswick,2000-01,"Index, 201612=100",units,79.3,77.6,78.6,Dollars,units,"Median total income,Both sexes,All age groups",1508.33,,,,,,,,,,,,,Persons,unit,297648.0,438929.0,Persons,thousands,"Both sexes, All age groups, Seasonally adjusted",209.48333740234375,177.60000610351562,231.21665954589844,31.883333206176758,366.1666564941406,21.71666717529297,Percentage,unit,"Both sexes, All age groups, Seasonally adjusted",53.099998474121094,59.11666488647461,9.899999618530273,Number,unit,Total of all violations-Actual incidents,4744.58
New Brunswick,2000-09,"Index, 201612=100",units,78.1,77.6,77.6,Dollars,units,"Median total income,Both sexes,All age groups",1508.33,,,,,,,,,,,,,Persons,unit,381983.0,650049.0,Persons,thousands,"Both sexes, All age groups, Seasonally adjusted",214.56666564941406,182.78334045410156,236.68333435058594,31.799999237060547,366.8666687011719,22.133333206176758,Percentage,unit,"Both sexes, All age groups, Seasonally adjusted",54.53333282470703,60.516666412353516,9.566666603088379,Number,unit,Total of all violations-Actual incidents,4744.58
New Brunswick,2000-08,"Index, 201612=100",units,78.5,77.6,77.9,Dollars,units,"Median total income,Both sexes,All age groups",1508.33,,,,,,,,,,,,,Persons,unit,442658.0,780959.0,Persons,thousands,"Both sexes, All age groups, Seasonally adjusted",214.14999389648438,183.6999969482422,237.21665954589844,30.46666717529297,366.8666687011719,23.066667556762695,Percentage,unit,"Both sexes, All age groups, Seasonally adjusted",54.36666488647461,60.68333435058594,10.583333015441895,Number,unit,Total of all violations-Actual incidents,4744.58
New Brunswick,2000-10,"Index, 201612=100",units,78.5,77.6,77.9,Dollars,units,"Median total income,Both sexes,All age groups",1508.33,,,,,,,,,,,,,Persons,unit,360820.0,563312.0,Persons,thousands,"Both sexes, All age groups, Seasonally adjusted",213.88333129882812,184.0500030517578,236.76666259765625,29.816667556762695,367.0833435058594,22.866666793823242,Percentage,unit,"Both sexes, All age groups, Seasonally adjusted",54.03333282470703,60.29999923706055,10.166666984558105,Number,unit,Total of all violations-Actual incidents,4744.58
New Brunswick,2000-07,"Index, 201612=100",units,78.4,77.6,77.9,Dollars,units,"Median total income,Both sexes,All age groups",1508.33,,,,,,,,,,,,,Persons,unit,450751.0,798997.0,Persons,thousands,"Both sexes, All age groups, Seasonally adjusted",212.88333129882812,181.89999389648438,235.13333129882812,30.96666717529297,366.7833251953125,22.266666412353516,Percentage,unit,"Both sexes, All age groups, Seasonally adjusted",53.599998474121094,59.83333206176758,10.5,Number,unit,Total of all violations-Actual incidents,4744.58
New Brunswick,2000-11,"Index, 201612=100",units,78.0,77.6,77.5,Dollars,units,"Median total income,Both sexes,All age groups",1508.33,,,,,,,,,,,,,Persons,unit,335147.0,510303.0,Persons,thousands,"Both sexes, All age groups, Seasonally adjusted",214.18333435058594,183.81666564941406,238.60000610351562,30.366666793823242,367.1833190917969,24.41666603088379,Percentage,unit,"Both sexes, All age groups, Seasonally adjusted",54.099998474121094,60.86666488647461,11.283333778381348,Number,unit,Total of all violations-Actual incidents,4744.58
New Brunswick,2000-04,"Index, 201612=100",units,79.3,77.6,78.6,Dollars,units,"Median total income,Both sexes,All age groups",1508.33,,,,,,,,,,,,,Persons,unit,377702.0,550889.0,Persons,thousands,"Both sexes, All age groups, Seasonally adjusted",211.38333129882812,180.5,235.36666870117188,30.883333206176758,366.45001220703125,23.96666717529297,Percentage,unit,"Both sexes, All age groups, Seasonally adjusted",53.56666564941406,59.983333587646484,10.600000381469727,Number,unit,Total of all violations-Actual incidents,4744.58
New Brunswick,2000-02,"Index, 201612=100",units,79.3,77.6,78.6,Dollars,units,"Median total income,Both sexes,All age groups",1508.33,,,,,,,,,,,,,Persons,unit,294926.0,443967.0,Persons,thousands,"Both sexes, All age groups, Seasonally adjusted",209.14999389648438,178.0500030517578,230.63333129882812,31.133333206176758,366.29998779296875,21.5,Percentage,unit,"Both sexes, All age groups, Seasonally adjusted",52.86666488647461,58.71666717529297,9.783333778381348,Number,unit,Total of all violations-Actual incidents,4744.58
New Brunswick,2000-12,"Index, 201612=100",units,78.3,77.6,77.8,Dollars,units,"Median total income,Both sexes,All age groups",1508.33,,,,,,,,,,,,,Persons,unit,329099.0,503365.0,Persons,thousands,"Both sexes, All age groups, Seasonally adjusted",213.5500030517578,183.98333740234375,236.0500030517578,29.566667556762695,367.3166809082031,22.5,Percentage,unit,"Both sexes, All age groups, Seasonally adjusted",53.900001525878906,60.18333435058594,10.366666793823242,Number,unit,Total of all violations-Actual incidents,4744.58
Newfoundland and Labrador,1997-06,"Index, 201612=100",units,49.6,45.1,48.3,,,,,,,,,,,,,,,,,Persons,unit,2024.0,15556.0,Persons,thousands,"Both sexes, All age groups, Seasonally adjusted",118.98332977294922,100.03333282470703,146.1666717529297,18.950000762939453,269.2833251953125,27.183332443237305,Percentage,unit,"Both sexes, All age groups, Seasonally adjusted",39.29999923706055,48.88333511352539,19.549999237060547,,,,
Newfoundland and Labrador,1997-12,"Index, 201612=100",units,49.3,45.1,48.1,,,,,,,,,,,,,,,,,Persons,unit,743.0,7366.0,Persons,thousands,"Both sexes, All age groups, Seasonally adjusted",123.44999694824219,102.58333587646484,147.76666259765625,20.883333206176758,268.0833435058594,24.316667556762695,Percentage,unit,"Both sexes, All age groups, Seasonally adjusted",41.11666488647461,49.54999923706055,16.766666412353516,,,,
Newfoundland and Labrador,1997-10,"Index, 201612=100",units,49.3,45.1,48.1,,,,,,,,,,,,,,,,,Persons,unit,834.0,11447.0,Persons,thousands,"Both sexes, All age groups, Seasonally adjusted",123.23332977294922,101.94999694824219,148.73333740234375,21.266666412353516,268.2166748046875,25.516666412353516,Percentage,unit,"Both sexes, All age groups, Seasonally adjusted",40.96666717529297,49.650001525878906,17.433332443237305,,,,
Newfoundland and Labrador,1997-05,"Index, 201612=100",units,49.8,45.1,48.4,,,,,,,,,,,,,,,,,Persons,unit,1832.0,11448.0,Persons,thousands,"Both sexes, All age groups, Seasonally adjusted",118.51667022705078,100.98332977294922,147.11666870117188,17.58333396911621,269.6000061035156,28.58333396911621,Percentage,unit,"Both sexes, All age groups, Seasonally adjusted",39.18333435058594,49.11666488647461,20.41666603088379,,,,
Newfoundland and Labrador,1997-07,"Index, 201612=100",units,49.6,45.1,48.3,,,,,,,,,,,,,,,,,Persons,unit,3120.0,19372.0,Persons,thousands,"Both sexes, All age groups, Seasonally adjusted",121.51667022705078,102.46666717529297,147.53334045410156,19.03333282470703,268.98333740234375,26.03333282470703,Percentage,unit,"Both sexes, All age groups, Seasonally adjusted",40.16666793823242,49.233333587646484,18.28333282470703,,,,
Newfoundland and Labrador,1997-02,"Index, 201612=100",units,50.6,46.1,49.3,,,,,,,,,,,,,,,,,Persons,unit,397.0,7808.0,Persons,thousands,"Both sexes, All age groups, Seasonally adjusted",120.81666564941406,102.86666870117188,148.51666259765625,17.933332443237305,270.4333190917969,27.71666717529297,Percentage,unit,"Both sexes, All age groups, Seasonally adjusted",39.93333435058594,49.5,19.53333282470703,,,,
Newfoundland and Labrador,1997-04,"Index, 201612=100",units,49.3,44.5,47.9,,,,,,,,,,,,,,,,,Persons,unit,1003.0,8872.0,Persons,thousands,"Both sexes, All age groups, Seasonally adjusted",119.01667022705078,100.9000015258789,145.6666717529297,18.133333206176758,269.8166809082031,26.683332443237305,Percentage,unit,"Both sexes, All age groups, Seasonally adjusted",39.21666717529297,48.29999923706055,18.83333396911621,,,,
Newfoundland and Labrador,1997-09,"Index, 201612=100",units,49.3,45.1,48.1,,,,,,,,,,,,,,,,,Persons,unit,1443.0,17784.0,Persons,thousands,"Both sexes, All age groups, Seasonally adjusted",124.08333587646484,104.06666564941406,149.10000610351562,20.016666412353516,268.3999938964844,25.03333282470703,Percentage,unit,"Both sexes, All age groups, Seasonally adjusted",41.0,49.78333282470703,17.850000381469727,,,,
Newfoundland and Labrador,1997-01,"Index, 201612=100",units,50.6,46.1,49.3,,,,,,,,,,,,,,,,,Persons,unit,649.0,6434.0,Persons,thousands,"Both sexes, All age groups, Seasonally adjusted",120.48332977294922,101.30000305175781,149.63333129882812,19.16666603088379,270.5833435058594,29.133333206176758,Percentage,unit,"Both sexes, All age groups, Seasonally adjusted",39.91666793823242,49.95000076293945,20.366666793823242,,,,
Newfoundland and Labrador,1997-03,"Index, 201612=100",units,50.6,46.1,49.3,,,,,,,,,,,,,,,,,Persons,unit,821.0,8008.0,Persons,thousands,"Both sexes, All age groups, Seasonally adjusted",121.71666717529297,101.9000015258789,148.9166717529297,19.816667556762695,270.2166748046875,27.200000762939453,Percentage,unit,"Both sexes, All age groups, Seasonally adjusted",39.983333587646484,49.349998474121094,19.116666793823242,,,,
Newfoundland and Labrador,1997-08,"Index, 201612=100",units,49.3,45.1,48.1,,,,,,,,,,,,,,,,,Persons,unit,3029.0,16337.0,Persons,thousands,"Both sexes, All age groups, Seasonally adjusted",124.91666412353516,105.38333129882812,150.68333435058594,19.549999237060547,268.73333740234375,25.78333282470703,Percentage,unit,"Both sexes, All age groups, Seasonally adjusted",41.400001525878906,50.5,18.299999237060547,,,,
Newfoundland and Labrador,1997-11,"Index, 201612=100",units,49.2,45.1,48.0,,,,,,,,,,,,,,,,,Persons,unit,599.0,8173.0,Persons,thousands,"Both sexes, All age groups, Seasonally adjusted",122.31666564941406,101.6500015258789,147.61666870117188,20.66666603088379,268.1166687011719,25.28333282470703,Percentage,unit,"Both sexes, All age groups, Seasonally adjusted",40.56666564941406,49.233333587646484,17.78333282470703,,,,
Prairie Region,1997-01,"Index, 201612=100",units,41.0,38.6,40.0,,,,,,,,,,,,,,,,,,,,,,,,,,,,,,,,,,,,,,,
Prairie Region,1997-08,"Index, 201612=100",units,42.1,39.2,40.9,,,,,,,,,,,,,,,,,,,,,,,,,,,,,,,,,,,,,,,
Prairie Region,1997-02,"Index, 201612=100",units,41.2,38.6,40.1,,,,,,,,,,,,,,,,,,,,,,,,,,,,,,,,,,,,,,,
Prairie Region,1997-09,"Index, 201612=100",units,42.2,39.3,41.0,,,,,,,,,,,,,,,,,,,,,,,,,,,,,,,,,,,,,,,
Prairie Region,1997-12,"Index, 201612=100",units,43.1,39.7,41.8,,,,,,,,,,,,,,,,,,,,,,,,,,,,,,,,,,,,,,,
Prairie Region,1997-03,"Index, 201612=100",units,41.4,38.7,40.3,,,,,,,,,,,,,,,,,,,,,,,,,,,,,,,,,,,,,,,
Prairie Region,1997-10,"Index, 201612=100",units,42.6,39.5,41.4,,,,,,,,,,,,,,,,,,,,,,,,,,,,,,,,,,,,,,,
Prairie Region,1997-07,"Index, 201612=100",units,41.9,39.1,40.8,,,,,,,,,,,,,,,,,,,,,,,,,,,,,,,,,,,,,,,
Prairie Region,1997-11,"Index, 201612=100",units,42.8,39.5,41.5,,,,,,,,,,,,,,,,,,,,,,,,,,,,,,,,,,,,,,,
Prairie Region,1997-04,"Index, 201612=100",units,41.5,38.9,40.4,,,,,,,,,,,,,,,,,,,,,,,,,,,,,,,,,,,,,,,
Prairie Region,1997-05,"Index, 201612=100",units,41.6,38.9,40.5,,,,,,,,,,,,,,,,,,,,,,,,,,,,,,,,,,,,,,,
Prairie Region,1997-06,"Index, 201612=100",units,41.9,39.0,40.7,,,,,,,,,,,,,,,,,,,,,,,,,,,,,,,,,,,,,,,
Saskatchewan,1987-10,"Index, 201612=100",units,32.300000000000004,31.53333333333333,32.1,,,,,,,,,,,,,,,,,Persons,unit,39066.0,57037.0,Persons,thousands,"Both sexes, All age groups, Seasonally adjusted",289.1833190917969,226.21665954589844,310.6000061035156,62.96666717529297,454.3333435058594,21.399999618530273,Percentage,unit,"Both sexes, All age groups, Seasonally adjusted",60.58333206176758,65.38333129882812,6.933333396911621,,,,
Saskatchewan,1987-07,"Index, 201612=100",units,32.199999999999996,31.166666666666668,31.96666666666667,,,,,,,,,,,,,,,,,Persons,unit,68248.0,109189.0,Persons,thousands,"Both sexes, All age groups, Seasonally adjusted",288.1499938964844,226.73333740234375,311.01666259765625,61.400001525878906,454.79998779296875,22.866666793823242,Percentage,unit,"Both sexes, All age groups, Seasonally adjusted",60.349998474121094,65.5,7.566666603088379,,,,
Saskatchewan,1987-08,"Index, 201612=100",units,32.199999999999996,31.2,31.96666666666667,,,,,,,,,,,,,,,,,Persons,unit,60323.0,93468.0,Persons,thousands,"Both sexes, All age groups, Seasonally adjusted",288.29998779296875,227.10000610351562,311.23333740234375,61.18333435058594,454.7833251953125,22.933332443237305,Percentage,unit,"Both sexes, All age groups, Seasonally adjusted",60.43333435058594,65.58333587646484,7.449999809265137,,,,
Saskatchewan,1987-03,"Index, 201612=100",units,31.833333333333332,30.666666666666668,31.5,,,,,,,,,,,,,,,,,Persons,unit,33676.0,47496.0,Persons,thousands,"Both sexes, All age groups, Seasonally adjusted",288.76666259765625,229.4166717529297,310.20001220703125,59.33333206176758,454.26666259765625,21.41666603088379,Percentage,unit,"Both sexes, All age groups, Seasonally adjusted",60.599998474121094,65.38333129882812,7.016666889190674,,,,
Saskatchewan,1987-05,"Index, 201612=100",units,31.96666666666667,30.96666666666667,31.73333333333333,,,,,,,,,,,,,,,,,Persons,unit,42218.0,63271.0,Persons,thousands,"Both sexes, All age groups, Seasonally adjusted",288.25,229.81666564941406,311.1499938964844,58.45000076293945,454.6499938964844,22.899999618530273,Percentage,unit,"Both sexes, All age groups, Seasonally adjusted",60.45000076293945,65.5999984741211,7.483333110809326,,,,
Saskatchewan,1987-11,"Index, 201612=100",units,32.36666666666667,31.666666666666668,32.166666666666664,,,,,,,,,,,,,,,,,Persons,unit,36313.0,50269.0,Persons,thousands,"Both sexes, All age groups, Seasonally adjusted",291.6000061035156,230.25,313.8166809082031,61.349998474121094,454.1833190917969,22.25,Percentage,unit,"Both sexes, All age groups, Seasonally adjusted",61.18333435058594,66.11666870117188,7.266666889190674,,,,
Saskatchewan,1987-09,"Index, 201612=100",units,32.300000000000004,31.433333333333337,32.1,,,,,,,,,,,,,,,,,Persons,unit,41480.0,62077.0,Persons,thousands,"Both sexes, All age groups, Seasonally adjusted",289.3666687011719,230.11666870117188,310.8500061035156,59.28333282470703,454.5666809082031,21.483333587646484,Percentage,unit,"Both sexes, All age groups, Seasonally adjusted",60.68333435058594,65.36666870117188,6.849999904632568,,,,
Saskatchewan,1987-01,"Index, 201612=100",units,31.633333333333336,30.666666666666668,31.333333333333332,,,,,,,,,,,,,,,,,Persons,unit,30242.0,43578.0,Persons,thousands,"Both sexes, All age groups, Seasonally adjusted",287.73333740234375,230.71665954589844,310.04998779296875,57.016666412353516,453.7166748046875,22.350000381469727,Percentage,unit,"Both sexes, All age groups, Seasonally adjusted",60.46666717529297,65.44999694824219,7.2166666984558105,,,,
Saskatchewan,1987-02,"Index, 201612=100",units,31.733333333333334,30.666666666666668,31.433333333333334,,,,,,,,,,,,,,,,,Persons,unit,31021.0,43555.0,Persons,thousands,"Both sexes, All age groups, Seasonally adjusted",288.8833312988281,229.75,310.70001220703125,59.11666488647461,454.0333251953125,21.799999237060547,Percentage,unit,"Both sexes, All age groups, Seasonally adjusted",60.70000076293945,65.48332977294922,6.983333110809326,,,,
Saskatchewan,1987-06,"Index, 201612=100",units,32.166666666666664,31.066666666666666,31.866666666666664,,,,,,,,,,,,,,,,,Persons,unit,42023.0,75076.0,Persons,thousands,"Both sexes, All age groups, Seasonally adjusted",289.25,228.46665954589844,310.5833435058594,60.78333282470703,454.73333740234375,21.350000381469727,Percentage,unit,"Both sexes, All age groups, Seasonally adjusted",60.63333511352539,65.41666412353516,7.016666889190674,,,,
Saskatchewan,1987-12,"Index, 201612=100",units,32.4,31.666666666666668,32.233333333333334,,,,,,,,,,,,,,,,,Persons,unit,36911.0,51788.0,Persons,thousands,"Both sexes, All age groups, Seasonally adjusted",290.9166564941406,229.4166717529297,312.3333435058594,61.5,454.1499938964844,21.41666603088379,Percentage,unit,"Both sexes, All age groups, Seasonally adjusted",61.03333282470703,65.80000305175781,7.0,,,,
Saskatchewan,1987-04,"Index, 201612=100",units,31.866666666666664,30.833333333333332,31.566666666666663,,,,,,,,,,,,,,,,,Persons,unit,40063.0,55551.0,Persons,thousands,"Both sexes, All age groups, Seasonally adjusted",288.8166809082031,232.10000610351562,310.5666809082031,56.75,454.51666259765625,21.71666717529297,Percentage,unit,"Both sexes, All age groups, Seasonally adjusted",60.53333282470703,65.4000015258789,7.116666793823242,,,,
