province,REF_DATE,uom_houseindex,scalar_houseindex,avg_house_only,avg_land_only,avg_totalhouseland,uom_income,scalar_income,statistic_income,avg_income,uom_expenditure,scalar_expenditure,statistic_expenditure,avg_food_expenditures,avg_income_taxes,avg_mortageinsurance,avg_mortagePaid,avg_accomodation,avg_rent,avg_shelter,avg_total_expenditure,avg_taxes_landregfees,uom_tourist,scalar_tourist,avg_international_tourism,avg_domestic_tourism,uom_labourforce,scalar_labourforce,statistic_labourforce,avg_employment,avg_fulltime,avg_labourforce,avg_parttime,avg_population,avg_unemployment,uom_lfperc,scalar_lfperc,statistic_labourforceperc,avg_employment_rate,avg_participationrate,avg_unemploymentrate,uom_crime,scalar_crime,statistic_crime,avg_crime_incidents
Quebec,2010-09,"Index, 201612=100",units,95.0,95.0,94.73333333333333,Dollars,units,"Median total income,Both sexes,All age groups",2315.0,Dollars,unit,Average expenditure per household,617.42,844.17,5.83,282.67,929.67,260.0,1001.83,5188.08,6.08,Persons,unit,577532.0,952096.0,Persons,thousands,"Both sexes, All age groups, Seasonally adjusted",2526.60009765625,2064.38330078125,2737.7333984375,462.1666564941406,4024.416748046875,211.14999389648438,Percentage,unit,"Both sexes, All age groups, Seasonally adjusted",60.25,65.80000305175781,8.383333206176758,Number,unit,Total of all violations-Actual incidents,36691.92
Quebec,2010-03,"Index, 201612=100",units,94.7,89.96666666666665,93.2,Dollars,units,"Median total income,Both sexes,All age groups",2315.0,Dollars,unit,Average expenditure per household,617.42,844.17,5.83,282.67,929.67,260.0,1001.83,5188.08,6.08,Persons,unit,641752.0,891080.0,Persons,thousands,"Both sexes, All age groups, Seasonally adjusted",2502.050048828125,2053.433349609375,2715.816650390625,448.6000061035156,3998.63330078125,213.78334045410156,Percentage,unit,"Both sexes, All age groups, Seasonally adjusted",59.70000076293945,65.44999694824219,8.75,Number,unit,Total of all violations-Actual incidents,36691.92
Quebec,2010-11,"Index, 201612=100",units,95.13333333333333,96.0,95.13333333333333,Dollars,units,"Median total income,Both sexes,All age groups",2315.0,Dollars,unit,Average expenditure per household,617.42,844.17,5.83,282.67,929.67,260.0,1001.83,5188.08,6.08,Persons,unit,432782.0,675306.0,Persons,thousands,"Both sexes, All age groups, Seasonally adjusted",2524.89990234375,2060.566650390625,2731.36669921875,464.3333435058594,4031.550048828125,206.43333435058594,Percentage,unit,"Both sexes, All age groups, Seasonally adjusted",60.13333511352539,65.48332977294922,8.116666793823242,Number,unit,Total of all violations-Actual incidents,36691.92
Quebec,2010-01,"Index, 201612=100",units,94.2,88.96666666666665,92.46666666666665,Dollars,units,"Median total income,Both sexes,All age groups",2315.0,Dollars,unit,Average expenditure per household,617.42,844.17,5.83,282.67,929.67,260.0,1001.83,5188.08,6.08,Persons,unit,561465.0,774331.0,Persons,thousands,"Both sexes, All age groups, Seasonally adjusted",2487.333251953125,2034.949951171875,2699.85009765625,452.3999938964844,3991.216552734375,212.51666259765625,Percentage,unit,"Both sexes, All age groups, Seasonally adjusted",59.45000076293945,65.08333587646484,8.616666793823242,Number,unit,Total of all violations-Actual incidents,36691.92
Quebec,2010-02,"Index, 201612=100",units,94.40000000000002,88.96666666666665,92.63333333333333,Dollars,units,"Median total income,Both sexes,All age groups",2315.0,Dollars,unit,Average expenditure per household,617.42,844.17,5.83,282.67,929.67,260.0,1001.83,5188.08,6.08,Persons,unit,447015.0,682637.0,Persons,thousands,"Both sexes, All age groups, Seasonally adjusted",2496.183349609375,2054.083251953125,2710.916748046875,442.0833435058594,3995.0166015625,214.73333740234375,Percentage,unit,"Both sexes, All age groups, Seasonally adjusted",59.54999923706055,65.30000305175781,8.716666221618652,Number,unit,Total of all violations-Actual incidents,36691.92
Quebec,2010-05,"Index, 201612=100",units,94.53333333333335,92.46666666666665,93.63333333333333,Dollars,units,"Median total income,Both sexes,All age groups",2315.0,Dollars,unit,Average expenditure per household,617.42,844.17,5.83,282.67,929.67,260.0,1001.83,5188.08,6.08,Persons,unit,578860.0,892581.0,Persons,thousands,"Both sexes, All age groups, Seasonally adjusted",2506.566650390625,2059.199951171875,2720.916748046875,447.3833312988281,4006.216552734375,214.3000030517578,Percentage,unit,"Both sexes, All age groups, Seasonally adjusted",59.78333282470703,65.44999694824219,8.583333015441895,Number,unit,Total of all violations-Actual incidents,36691.92
Quebec,2010-10,"Index, 201612=100",units,95.23333333333333,95.13333333333333,94.93333333333332,Dollars,units,"Median total income,Both sexes,All age groups",2315.0,Dollars,unit,Average expenditure per household,617.42,844.17,5.83,282.67,929.67,260.0,1001.83,5188.08,6.08,Persons,unit,550204.0,872480.0,Persons,thousands,"Both sexes, All age groups, Seasonally adjusted",2522.083251953125,2059.949951171875,2734.550048828125,462.1166687011719,4028.10009765625,212.51666259765625,Percentage,unit,"Both sexes, All age groups, Seasonally adjusted",60.16666793823242,65.69999694824219,8.383333206176758,Number,unit,Total of all violations-Actual incidents,36691.92
Quebec,2010-12,"Index, 201612=100",units,94.66666666666667,96.0,94.8,Dollars,units,"Median total income,Both sexes,All age groups",2315.0,Dollars,unit,Average expenditure per household,617.42,844.17,5.83,282.67,929.67,260.0,1001.83,5188.08,6.08,Persons,unit,445094.0,723710.0,Persons,thousands,"Both sexes, All age groups, Seasonally adjusted",2540.300048828125,2087.63330078125,2736.85009765625,452.6833190917969,4034.716552734375,196.5500030517578,Percentage,unit,"Both sexes, All age groups, Seasonally adjusted",60.5,65.73332977294922,7.900000095367432,Number,unit,Total of all violations-Actual incidents,36691.92
Quebec,2010-04,"Index, 201612=100",units,94.76666666666665,90.10000000000001,93.26666666666667,Dollars,units,"Median total income,Both sexes,All age groups",2315.0,Dollars,unit,Average expenditure per household,617.42,844.17,5.83,282.67,929.67,260.0,1001.83,5188.08,6.08,Persons,unit,613100.0,886047.0,Persons,thousands,"Both sexes, All age groups, Seasonally adjusted",2516.433349609375,2053.89990234375,2726.14990234375,462.51666259765625,4002.35009765625,209.73333740234375,Percentage,unit,"Both sexes, All age groups, Seasonally adjusted",60.016666412353516,65.66666412353516,8.533333778381348,Number,unit,Total of all violations-Actual incidents,36691.92
Quebec,2010-07,"Index, 201612=100",units,94.7,92.56666666666666,93.76666666666667,Dollars,units,"Median total income,Both sexes,All age groups",2315.0,Dollars,unit,Average expenditure per household,617.42,844.17,5.83,282.67,929.67,260.0,1001.83,5188.08,6.08,Persons,unit,866668.0,1353292.0,Persons,thousands,"Both sexes, All age groups, Seasonally adjusted",2513.13330078125,2025.36669921875,2733.166748046875,487.8166809082031,4015.800048828125,219.98333740234375,Percentage,unit,"Both sexes, All age groups, Seasonally adjusted",60.016666412353516,65.69999694824219,8.649999618530273,Number,unit,Total of all violations-Actual incidents,36691.92
Quebec,2010-06,"Index, 201612=100",units,94.7,92.56666666666668,93.76666666666667,Dollars,units,"Median total income,Both sexes,All age groups",2315.0,Dollars,unit,Average expenditure per household,617.42,844.17,5.83,282.67,929.67,260.0,1001.83,5188.08,6.08,Persons,unit,538299.0,933623.0,Persons,thousands,"Both sexes, All age groups, Seasonally adjusted",2523.716552734375,2068.416748046875,2735.75,455.2833251953125,4011.316650390625,212.03334045410156,Percentage,unit,"Both sexes, All age groups, Seasonally adjusted",60.33333206176758,65.86666870117188,8.399999618530273,Number,unit,Total of all violations-Actual incidents,36691.92
Quebec,2010-08,"Index, 201612=100",units,94.8,92.56666666666668,93.86666666666667,Dollars,units,"Median total income,Both sexes,All age groups",2315.0,Dollars,unit,Average expenditure per household,617.42,844.17,5.83,282.67,929.67,260.0,1001.83,5188.08,6.08,Persons,unit,979370.0,1456622.0,Persons,thousands,"Both sexes, All age groups, Seasonally adjusted",2516.533447265625,2043.4166259765625,2733.466552734375,473.1166687011719,4020.666748046875,216.93333435058594,Percentage,unit,"Both sexes, All age groups, Seasonally adjusted",60.0,65.5999984741211,8.583333015441895,Number,unit,Total of all violations-Actual incidents,36691.92
Quebec,2012-11,"Index, 201612=100",units,98.93333333333334,98.39999999999999,98.66666666666667,Dollars,units,"Median total income,Both sexes,All age groups",2487.5,Dollars,unit,Average expenditure per household,642.92,930.33,9.42,314.0,974.92,246.92,1047.08,5390.08,6.42,Persons,unit,484989.0,719680.0,Persons,thousands,"Both sexes, All age groups, Seasonally adjusted",2587.216552734375,2130.683349609375,2788.916748046875,456.5333251953125,4105.83349609375,201.71665954589844,Percentage,unit,"Both sexes, All age groups, Seasonally adjusted",60.68333435058594,65.91666412353516,7.983333110809326,Number,unit,Total of all violations-Actual incidents,35024.58
Quebec,2012-08,"Index, 201612=100",units,98.23333333333333,98.39999999999999,98.16666666666667,Dollars,units,"Median total income,Both sexes,All age groups",2487.5,Dollars,unit,Average expenditure per household,642.92,930.33,9.42,314.0,974.92,246.92,1047.08,5390.08,6.42,Persons,unit,1068164.0,1544186.0,Persons,thousands,"Both sexes, All age groups, Seasonally adjusted",2569.216552734375,2101.64990234375,2769.683349609375,467.5833435058594,4098.033203125,200.46665954589844,Percentage,unit,"Both sexes, All age groups, Seasonally adjusted",60.13333511352539,65.46666717529297,8.066666603088379,Number,unit,Total of all violations-Actual incidents,35024.58
Quebec,2012-10,"Index, 201612=100",units,98.73333333333333,98.39999999999999,98.5,Dollars,units,"Median total income,Both sexes,All age groups",2487.5,Dollars,unit,Average expenditure per household,642.92,930.33,9.42,314.0,974.92,246.92,1047.08,5390.08,6.42,Persons,unit,583775.0,903485.0,Persons,thousands,"Both sexes, All age groups, Seasonally adjusted",2581.38330078125,2106.4833984375,2781.14990234375,474.9166564941406,4103.36669921875,199.76666259765625,Percentage,unit,"Both sexes, All age groups, Seasonally adjusted",60.46666717529297,65.68333435058594,7.900000095367432,Number,unit,Total of all violations-Actual incidents,35024.58
Quebec,2012-04,"Index, 201612=100",units,97.73333333333333,98.03333333333335,97.63333333333333,Dollars,units,"Median total income,Both sexes,All age groups",2487.5,Dollars,unit,Average expenditure per household,642.92,930.33,9.42,314.0,974.92,246.92,1047.08,5390.08,6.42,Persons,unit,707365.0,986043.0,Persons,thousands,"Both sexes, All age groups, Seasonally adjusted",2556.0,2095.60009765625,2765.86669921875,460.4166564941406,4084.75,209.8333282470703,Percentage,unit,"Both sexes, All age groups, Seasonally adjusted",60.11666488647461,65.63333129882812,8.366666793823242,Number,unit,Total of all violations-Actual incidents,35024.58
Quebec,2012-03,"Index, 201612=100",units,97.66666666666667,98.03333333333335,97.60000000000001,Dollars,units,"Median total income,Both sexes,All age groups",2487.5,Dollars,unit,Average expenditure per household,642.92,930.33,9.42,314.0,974.92,246.92,1047.08,5390.08,6.42,Persons,unit,751864.0,998198.0,Persons,thousands,"Both sexes, All age groups, Seasonally adjusted",2539.949951171875,2096.11669921875,2747.35009765625,443.79998779296875,4081.316650390625,207.4499969482422,Percentage,unit,"Both sexes, All age groups, Seasonally adjusted",59.733333587646484,65.1500015258789,8.283333778381348,Number,unit,Total of all violations-Actual incidents,35024.58
Quebec,2012-09,"Index, 201612=100",units,98.39999999999999,98.39999999999999,98.26666666666665,Dollars,units,"Median total income,Both sexes,All age groups",2487.5,Dollars,unit,Average expenditure per household,642.92,930.33,9.42,314.0,974.92,246.92,1047.08,5390.08,6.42,Persons,unit,691430.0,1046066.0,Persons,thousands,"Both sexes, All age groups, Seasonally adjusted",2575.25,2115.25,2777.13330078125,460.01666259765625,4100.7333984375,201.88333129882812,Percentage,unit,"Both sexes, All age groups, Seasonally adjusted",60.33333206176758,65.61666870117188,8.083333015441895,Number,unit,Total of all violations-Actual incidents,35024.58
Quebec,2012-02,"Index, 201612=100",units,97.39999999999999,97.86666666666667,97.33333333333333,Dollars,units,"Median total income,Both sexes,All age groups",2487.5,Dollars,unit,Average expenditure per household,642.92,930.33,9.42,314.0,974.92,246.92,1047.08,5390.08,6.42,Persons,unit,527735.0,782599.0,Persons,thousands,"Both sexes, All age groups, Seasonally adjusted",2521.36669921875,2081.283447265625,2741.300048828125,440.0833435058594,4079.10009765625,219.93333435058594,Percentage,unit,"Both sexes, All age groups, Seasonally adjusted",59.21666717529297,64.98332977294922,8.833333015441895,Number,unit,Total of all violations-Actual incidents,35024.58
Quebec,2012-06,"Index, 201612=100",units,97.90000000000002,98.16666666666667,97.83333333333333,Dollars,units,"Median total income,Both sexes,All age groups",2487.5,Dollars,unit,Average expenditure per household,642.92,930.33,9.42,314.0,974.92,246.92,1047.08,5390.08,6.42,Persons,unit,628975.0,1027504.0,Persons,thousands,"Both sexes, All age groups, Seasonally adjusted",2566.933349609375,2108.966552734375,2762.0,457.9666748046875,4091.166748046875,195.10000610351562,Percentage,unit,"Both sexes, All age groups, Seasonally adjusted",60.25,65.46666717529297,7.900000095367432,Number,unit,Total of all violations-Actual incidents,35024.58
Quebec,2012-12,"Index, 201612=100",units,99.0,98.39999999999999,98.73333333333335,Dollars,units,"Median total income,Both sexes,All age groups",2487.5,Dollars,unit,Average expenditure per household,642.92,930.33,9.42,314.0,974.92,246.92,1047.08,5390.08,6.42,Persons,unit,511483.0,784634.0,Persons,thousands,"Both sexes, All age groups, Seasonally adjusted",2597.2333984375,2140.2333984375,2799.199951171875,456.9666748046875,4108.2001953125,201.98333740234375,Percentage,unit,"Both sexes, All age groups, Seasonally adjusted",60.849998474121094,66.0,7.900000095367432,Number,unit,Total of all violations-Actual incidents,35024.58
Quebec,2012-01,"Index, 201612=100",units,97.10000000000001,97.5,97.0,Dollars,units,"Median total income,Both sexes,All age groups",2487.5,Dollars,unit,Average expenditure per household,642.92,930.33,9.42,314.0,974.92,246.92,1047.08,5390.08,6.42,Persons,unit,643189.0,855947.0,Persons,thousands,"Both sexes, All age groups, Seasonally adjusted",2509.933349609375,2064.10009765625,2740.050048828125,445.8333435058594,4076.833251953125,230.10000610351562,Percentage,unit,"Both sexes, All age groups, Seasonally adjusted",59.0,64.98332977294922,9.183333396911621,Number,unit,Total of all violations-Actual incidents,35024.58
Quebec,2012-05,"Index, 201612=100",units,97.8,98.16666666666667,97.73333333333333,Dollars,units,"Median total income,Both sexes,All age groups",2487.5,Dollars,unit,Average expenditure per household,642.92,930.33,9.42,314.0,974.92,246.92,1047.08,5390.08,6.42,Persons,unit,606811.0,921592.0,Persons,thousands,"Both sexes, All age groups, Seasonally adjusted",2566.666748046875,2115.25,2771.033447265625,451.4333190917969,4087.716552734375,204.35000610351562,Percentage,unit,"Both sexes, All age groups, Seasonally adjusted",60.31666564941406,65.63333129882812,7.983333110809326,Number,unit,Total of all violations-Actual incidents,35024.58
Quebec,2012-07,"Index, 201612=100",units,97.96666666666665,98.16666666666667,97.89999999999999,Dollars,units,"Median total income,Both sexes,All age groups",2487.5,Dollars,unit,Average expenditure per household,642.92,930.33,9.42,314.0,974.92,246.92,1047.08,5390.08,6.42,Persons,unit,959022.0,1410040.0,Persons,thousands,"Both sexes, All age groups, Seasonally adjusted",2550.36669921875,2120.333251953125,2748.316650390625,430.0333251953125,4095.11669921875,197.93333435058594,Percentage,unit,"Both sexes, All age groups, Seasonally adjusted",59.79999923706055,64.93333435058594,7.816666603088379,Number,unit,Total of all violations-Actual incidents,35024.58
