province,REF_DATE,uom_houseindex,scalar_houseindex,avg_house_only,avg_land_only,avg_totalhouseland,uom_income,scalar_income,statistic_income,avg_income,uom_expenditure,scalar_expenditure,statistic_expenditure,avg_food_expenditures,avg_income_taxes,avg_mortageinsurance,avg_mortagePaid,avg_accomodation,avg_rent,avg_shelter,avg_total_expenditure,avg_taxes_landregfees,uom_tourist,scalar_tourist,avg_international_tourism,avg_domestic_tourism,uom_labourforce,scalar_labourforce,statistic_labourforce,avg_employment,avg_fulltime,avg_labourforce,avg_parttime,avg_population,avg_unemployment,uom_lfperc,scalar_lfperc,statistic_labourforceperc,avg_employment_rate,avg_participationrate,avg_unemploymentrate,uom_crime,scalar_crime,statistic_crime,avg_crime_incidents
Atlantic Region,1988-03,"Index, 201612=100",units,56.2,48.7,54.8,,,,,,,,,,,,,,,,,,,,,,,,,,,,,,,,,,,,,,,
Atlantic Region,1988-11,"Index, 201612=100",units,57.8,49.7,56.2,,,,,,,,,,,,,,,,,,,,,,,,,,,,,,,,,,,,,,,
Atlantic Region,1988-08,"Index, 201612=100",units,57.0,49.7,55.6,,,,,,,,,,,,,,,,,,,,,,,,,,,,,,,,,,,,,,,
Atlantic Region,1988-04,"Index, 201612=100",units,56.7,48.7,55.2,,,,,,,,,,,,,,,,,,,,,,,,,,,,,,,,,,,,,,,
Atlantic Region,1988-10,"Index, 201612=100",units,57.6,49.7,56.1,,,,,,,,,,,,,,,,,,,,,,,,,,,,,,,,,,,,,,,
Atlantic Region,1988-01,"Index, 201612=100",units,55.7,48.6,54.5,,,,,,,,,,,,,,,,,,,,,,,,,,,,,,,,,,,,,,,
Atlantic Region,1988-05,"Index, 201612=100",units,56.8,48.7,55.3,,,,,,,,,,,,,,,,,,,,,,,,,,,,,,,,,,,,,,,
Atlantic Region,1988-07,"Index, 201612=100",units,56.8,49.7,55.5,,,,,,,,,,,,,,,,,,,,,,,,,,,,,,,,,,,,,,,
Atlantic Region,1988-09,"Index, 201612=100",units,57.6,49.7,56.0,,,,,,,,,,,,,,,,,,,,,,,,,,,,,,,,,,,,,,,
Atlantic Region,1988-06,"Index, 201612=100",units,56.8,49.7,55.5,,,,,,,,,,,,,,,,,,,,,,,,,,,,,,,,,,,,,,,
Atlantic Region,1988-02,"Index, 201612=100",units,56.0,48.7,54.7,,,,,,,,,,,,,,,,,,,,,,,,,,,,,,,,,,,,,,,
Atlantic Region,1988-12,"Index, 201612=100",units,57.8,49.9,56.2,,,,,,,,,,,,,,,,,,,,,,,,,,,,,,,,,,,,,,,
Manitoba,1993-02,"Index, 201612=100",units,42.2,33.3,39.6,,,,,,,,,,,,,,,,,Persons,unit,118365.0,160660.0,Persons,thousands,"Both sexes, All age groups, Seasonally adjusted",317.98333740234375,253.9499969482422,347.29998779296875,64.03333282470703,504.8833312988281,29.299999237060547,Percentage,unit,"Both sexes, All age groups, Seasonally adjusted",59.483333587646484,65.25,8.5,,,,
Manitoba,1993-06,"Index, 201612=100",units,43.0,33.6,40.3,,,,,,,,,,,,,,,,,Persons,unit,140557.0,238581.0,Persons,thousands,"Both sexes, All age groups, Seasonally adjusted",317.26666259765625,249.23333740234375,352.45001220703125,68.05000305175781,505.6333312988281,35.21666717529297,Percentage,unit,"Both sexes, All age groups, Seasonally adjusted",59.016666412353516,66.21666717529297,10.550000190734863,,,,
Manitoba,1993-04,"Index, 201612=100",units,43.1,33.6,40.4,,,,,,,,,,,,,,,,,Persons,unit,151597.0,197662.0,Persons,thousands,"Both sexes, All age groups, Seasonally adjusted",316.70001220703125,252.8000030517578,347.76666259765625,63.900001525878906,505.3166809082031,31.066667556762695,Percentage,unit,"Both sexes, All age groups, Seasonally adjusted",58.983333587646484,65.16666412353516,9.083333015441895,,,,
Manitoba,1993-03,"Index, 201612=100",units,43.1,33.6,40.4,,,,,,,,,,,,,,,,,Persons,unit,135018.0,180467.0,Persons,thousands,"Both sexes, All age groups, Seasonally adjusted",319.1666564941406,255.5,349.3500061035156,63.70000076293945,505.1333312988281,30.183332443237305,Percentage,unit,"Both sexes, All age groups, Seasonally adjusted",59.599998474121094,65.5999984741211,8.899999618530273,,,,
Manitoba,1993-08,"Index, 201612=100",units,43.0,33.6,40.3,,,,,,,,,,,,,,,,,Persons,unit,230088.0,329251.0,Persons,thousands,"Both sexes, All age groups, Seasonally adjusted",319.76666259765625,249.35000610351562,351.5333251953125,70.4000015258789,505.73333740234375,31.78333282470703,Percentage,unit,"Both sexes, All age groups, Seasonally adjusted",59.516666412353516,65.78333282470703,9.166666984558105,,,,
Manitoba,1993-12,"Index, 201612=100",units,43.1,33.5,40.4,,,,,,,,,,,,,,,,,Persons,unit,97473.0,146050.0,Persons,thousands,"Both sexes, All age groups, Seasonally adjusted",320.70001220703125,254.28334045410156,352.25,66.4000015258789,506.20001220703125,31.600000381469727,Percentage,unit,"Both sexes, All age groups, Seasonally adjusted",59.43333435058594,65.8499984741211,9.483333587646484,,,,
Manitoba,1993-07,"Index, 201612=100",units,43.0,33.6,40.3,,,,,,,,,,,,,,,,,Persons,unit,224858.0,337746.0,Persons,thousands,"Both sexes, All age groups, Seasonally adjusted",318.5333251953125,249.9499969482422,352.6666564941406,68.56666564941406,505.6833190917969,34.13333511352539,Percentage,unit,"Both sexes, All age groups, Seasonally adjusted",59.33333206176758,66.1500015258789,9.800000190734863,,,,
Manitoba,1993-05,"Index, 201612=100",units,43.0,33.6,40.3,,,,,,,,,,,,,,,,,Persons,unit,143560.0,212613.0,Persons,thousands,"Both sexes, All age groups, Seasonally adjusted",316.5,248.75,349.5833435058594,67.73332977294922,505.5,33.11666488647461,Percentage,unit,"Both sexes, All age groups, Seasonally adjusted",59.03333282470703,65.51667022705078,9.516666412353516,,,,
Manitoba,1993-01,"Index, 201612=100",units,41.5,33.3,39.2,,,,,,,,,,,,,,,,,Persons,unit,118287.0,158868.0,Persons,thousands,"Both sexes, All age groups, Seasonally adjusted",319.5833435058594,255.60000610351562,347.9166564941406,63.983333587646484,504.6833190917969,28.299999237060547,Percentage,unit,"Both sexes, All age groups, Seasonally adjusted",59.68333435058594,65.44999694824219,8.399999618530273,,,,
Manitoba,1993-11,"Index, 201612=100",units,43.1,33.5,40.3,,,,,,,,,,,,,,,,,Persons,unit,111930.0,154521.0,Persons,thousands,"Both sexes, All age groups, Seasonally adjusted",320.8333435058594,252.46665954589844,353.70001220703125,68.36666870117188,506.0333251953125,32.88333511352539,Percentage,unit,"Both sexes, All age groups, Seasonally adjusted",59.516666412353516,66.06666564941406,9.550000190734863,,,,
Manitoba,1993-10,"Index, 201612=100",units,42.7,33.5,40.0,,,,,,,,,,,,,,,,,Persons,unit,124703.0,182497.0,Persons,thousands,"Both sexes, All age groups, Seasonally adjusted",318.5333251953125,250.60000610351562,351.1833190917969,67.94999694824219,505.8999938964844,32.650001525878906,Percentage,unit,"Both sexes, All age groups, Seasonally adjusted",59.150001525878906,65.68333435058594,9.550000190734863,,,,
Manitoba,1993-09,"Index, 201612=100",units,42.9,33.7,40.3,,,,,,,,,,,,,,,,,Persons,unit,135357.0,202219.0,Persons,thousands,"Both sexes, All age groups, Seasonally adjusted",320.9166564941406,251.61666870117188,353.4666748046875,69.31666564941406,505.75,32.5,Percentage,unit,"Both sexes, All age groups, Seasonally adjusted",59.63333511352539,66.0999984741211,9.433333396911621,,,,
Prairie Region,1996-04,"Index, 201612=100",units,39.5,38.1,38.8,,,,,,,,,,,,,,,,,,,,,,,,,,,,,,,,,,,,,,,
Prairie Region,1996-07,"Index, 201612=100",units,39.8,38.0,38.9,,,,,,,,,,,,,,,,,,,,,,,,,,,,,,,,,,,,,,,
Prairie Region,1996-08,"Index, 201612=100",units,39.8,38.0,39.0,,,,,,,,,,,,,,,,,,,,,,,,,,,,,,,,,,,,,,,
Prairie Region,1996-11,"Index, 201612=100",units,40.4,38.4,39.5,,,,,,,,,,,,,,,,,,,,,,,,,,,,,,,,,,,,,,,
Prairie Region,1996-12,"Index, 201612=100",units,40.9,38.6,39.9,,,,,,,,,,,,,,,,,,,,,,,,,,,,,,,,,,,,,,,
Prairie Region,1996-06,"Index, 201612=100",units,39.7,38.0,38.9,,,,,,,,,,,,,,,,,,,,,,,,,,,,,,,,,,,,,,,
Prairie Region,1996-05,"Index, 201612=100",units,39.5,38.0,38.7,,,,,,,,,,,,,,,,,,,,,,,,,,,,,,,,,,,,,,,
Prairie Region,1996-03,"Index, 201612=100",units,39.5,38.1,38.7,,,,,,,,,,,,,,,,,,,,,,,,,,,,,,,,,,,,,,,
Prairie Region,1996-01,"Index, 201612=100",units,39.5,38.1,38.7,,,,,,,,,,,,,,,,,,,,,,,,,,,,,,,,,,,,,,,
Prairie Region,1996-10,"Index, 201612=100",units,40.1,38.0,39.2,,,,,,,,,,,,,,,,,,,,,,,,,,,,,,,,,,,,,,,
Prairie Region,1996-02,"Index, 201612=100",units,39.5,38.1,38.7,,,,,,,,,,,,,,,,,,,,,,,,,,,,,,,,,,,,,,,
Prairie Region,1996-09,"Index, 201612=100",units,40.0,38.0,39.1,,,,,,,,,,,,,,,,,,,,,,,,,,,,,,,,,,,,,,,
