province,REF_DATE,uom_houseindex,scalar_houseindex,avg_house_only,avg_land_only,avg_totalhouseland,uom_income,scalar_income,statistic_income,avg_income,uom_expenditure,scalar_expenditure,statistic_expenditure,avg_food_expenditures,avg_income_taxes,avg_mortageinsurance,avg_mortagePaid,avg_accomodation,avg_rent,avg_shelter,avg_total_expenditure,avg_taxes_landregfees,uom_tourist,scalar_tourist,avg_international_tourism,avg_domestic_tourism,uom_labourforce,scalar_labourforce,statistic_labourforce,avg_employment,avg_fulltime,avg_labourforce,avg_parttime,avg_population,avg_unemployment,uom_lfperc,scalar_lfperc,statistic_labourforceperc,avg_employment_rate,avg_participationrate,avg_unemploymentrate,uom_crime,scalar_crime,statistic_crime,avg_crime_incidents
New Brunswick,2008-05,"Index, 201612=100",units,92.4,93.4,92.3,Dollars,units,"Median total income,Both sexes,All age groups",2112.5,,,,,,,,,,,,,Persons,unit,373935.0,485132.0,Persons,thousands,"Both sexes, All age groups, Seasonally adjusted",228.53334045410156,194.46665954589844,249.78334045410156,34.06666564941406,373.70001220703125,21.25,Percentage,unit,"Both sexes, All age groups, Seasonally adjusted",58.733333587646484,64.61666870117188,9.050000190734863,Number,unit,Total of all violations-Actual incidents,4049.5
New Brunswick,2008-01,"Index, 201612=100",units,92.6,92.7,92.4,Dollars,units,"Median total income,Both sexes,All age groups",2112.5,,,,,,,,,,,,,Persons,unit,288829.0,377417.0,Persons,thousands,"Both sexes, All age groups, Seasonally adjusted",230.0500030517578,199.8000030517578,250.3000030517578,30.299999237060547,373.2833251953125,20.21666717529297,Percentage,unit,"Both sexes, All age groups, Seasonally adjusted",58.983333587646484,64.71666717529297,8.683333396911621,Number,unit,Total of all violations-Actual incidents,4049.5
New Brunswick,2008-07,"Index, 201612=100",units,93.8,93.6,93.5,Dollars,units,"Median total income,Both sexes,All age groups",2112.5,,,,,,,,,,,,,Persons,unit,406437.0,598928.0,Persons,thousands,"Both sexes, All age groups, Seasonally adjusted",229.96665954589844,195.6666717529297,250.96665954589844,34.28333282470703,373.8166809082031,21.0,Percentage,unit,"Both sexes, All age groups, Seasonally adjusted",58.983333587646484,65.0999984741211,9.350000381469727,Number,unit,Total of all violations-Actual incidents,4049.5
New Brunswick,2008-09,"Index, 201612=100",units,94.1,92.7,93.6,Dollars,units,"Median total income,Both sexes,All age groups",2112.5,,,,,,,,,,,,,Persons,unit,330160.0,496025.0,Persons,thousands,"Both sexes, All age groups, Seasonally adjusted",230.6666717529297,196.75,250.6666717529297,33.93333435058594,374.25,19.96666717529297,Percentage,unit,"Both sexes, All age groups, Seasonally adjusted",59.45000076293945,65.06666564941406,8.483333587646484,Number,unit,Total of all violations-Actual incidents,4049.5
New Brunswick,2008-06,"Index, 201612=100",units,92.6,93.6,92.6,Dollars,units,"Median total income,Both sexes,All age groups",2112.5,,,,,,,,,,,,,Persons,unit,356473.0,484468.0,Persons,thousands,"Both sexes, All age groups, Seasonally adjusted",228.93333435058594,194.76666259765625,250.39999389648438,34.18333435058594,373.8166809082031,21.433332443237305,Percentage,unit,"Both sexes, All age groups, Seasonally adjusted",58.71666717529297,64.80000305175781,9.316666603088379,Number,unit,Total of all violations-Actual incidents,4049.5
New Brunswick,2008-04,"Index, 201612=100",units,92.5,92.7,92.3,Dollars,units,"Median total income,Both sexes,All age groups",2112.5,,,,,,,,,,,,,Persons,unit,334823.0,428262.0,Persons,thousands,"Both sexes, All age groups, Seasonally adjusted",230.28334045410156,195.4499969482422,251.10000610351562,34.83333206176758,373.5666809082031,20.799999237060547,Percentage,unit,"Both sexes, All age groups, Seasonally adjusted",58.900001525878906,64.88333129882812,9.216666221618652,Number,unit,Total of all violations-Actual incidents,4049.5
New Brunswick,2008-02,"Index, 201612=100",units,92.1,92.7,92.0,Dollars,units,"Median total income,Both sexes,All age groups",2112.5,,,,,,,,,,,,,Persons,unit,259372.0,340068.0,Persons,thousands,"Both sexes, All age groups, Seasonally adjusted",230.5833282470703,197.63333129882812,250.53334045410156,32.95000076293945,373.3666687011719,19.933332443237305,Percentage,unit,"Both sexes, All age groups, Seasonally adjusted",59.0,64.75,8.716666221618652,Number,unit,Total of all violations-Actual incidents,4049.5
New Brunswick,2008-08,"Index, 201612=100",units,94.4,93.6,94.0,Dollars,units,"Median total income,Both sexes,All age groups",2112.5,,,,,,,,,,,,,Persons,unit,416862.0,606835.0,Persons,thousands,"Both sexes, All age groups, Seasonally adjusted",231.8000030517578,196.8333282470703,251.6999969482422,34.96666717529297,373.9333190917969,19.866666793823242,Percentage,unit,"Both sexes, All age groups, Seasonally adjusted",59.766666412353516,65.16666412353516,8.216666221618652,Number,unit,Total of all violations-Actual incidents,4049.5
New Brunswick,2008-10,"Index, 201612=100",units,94.1,92.7,93.6,Dollars,units,"Median total income,Both sexes,All age groups",2112.5,,,,,,,,,,,,,Persons,unit,313769.0,456690.0,Persons,thousands,"Both sexes, All age groups, Seasonally adjusted",231.0,196.1999969482422,252.81666564941406,34.766666412353516,374.48333740234375,21.799999237060547,Percentage,unit,"Both sexes, All age groups, Seasonally adjusted",59.266666412353516,65.55000305175781,9.649999618530273,Number,unit,Total of all violations-Actual incidents,4049.5
New Brunswick,2008-03,"Index, 201612=100",units,92.5,92.7,92.3,Dollars,units,"Median total income,Both sexes,All age groups",2112.5,,,,,,,,,,,,,Persons,unit,329243.0,415101.0,Persons,thousands,"Both sexes, All age groups, Seasonally adjusted",230.06666564941406,195.53334045410156,250.63333129882812,34.53333282470703,373.4666748046875,20.566667556762695,Percentage,unit,"Both sexes, All age groups, Seasonally adjusted",58.93333435058594,64.88333129882812,9.050000190734863,Number,unit,Total of all violations-Actual incidents,4049.5
New Brunswick,2008-11,"Index, 201612=100",units,94.9,92.7,94.3,Dollars,units,"Median total income,Both sexes,All age groups",2112.5,,,,,,,,,,,,,Persons,unit,276098.0,366264.0,Persons,thousands,"Both sexes, All age groups, Seasonally adjusted",229.98333740234375,195.89999389648438,251.23333740234375,34.06666564941406,374.70001220703125,21.25,Percentage,unit,"Both sexes, All age groups, Seasonally adjusted",59.150001525878906,65.18333435058594,9.433333396911621,Number,unit,Total of all violations-Actual incidents,4049.5
New Brunswick,2008-12,"Index, 201612=100",units,94.9,92.7,94.3,Dollars,units,"Median total income,Both sexes,All age groups",2112.5,,,,,,,,,,,,,Persons,unit,252337.0,343611.0,Persons,thousands,"Both sexes, All age groups, Seasonally adjusted",230.4499969482422,196.5833282470703,251.4499969482422,33.88333511352539,374.79998779296875,20.950000762939453,Percentage,unit,"Both sexes, All age groups, Seasonally adjusted",59.16666793823242,65.06666564941406,9.116666793823242,Number,unit,Total of all violations-Actual incidents,4049.5
Saskatchewan,1996-08,"Index, 201612=100",units,38.666666666666664,35.93333333333333,37.86666666666667,,,,,,,,,,,,,,,,,Persons,unit,58476.0,98359.0,Persons,thousands,"Both sexes, All age groups, Seasonally adjusted",287.1333312988281,229.51666259765625,305.8666687011719,57.61666488647461,450.9666748046875,18.700000762939453,Percentage,unit,"Both sexes, All age groups, Seasonally adjusted",60.016666412353516,64.3499984741211,6.416666507720947,,,,
Saskatchewan,1996-05,"Index, 201612=100",units,38.5,35.56666666666667,37.63333333333333,,,,,,,,,,,,,,,,,Persons,unit,37098.0,64095.0,Persons,thousands,"Both sexes, All age groups, Seasonally adjusted",287.1166687011719,228.13333129882812,307.25,58.983333587646484,450.5,20.149999618530273,Percentage,unit,"Both sexes, All age groups, Seasonally adjusted",60.13333511352539,64.75,6.7833333015441895,,,,
Saskatchewan,1996-02,"Index, 201612=100",units,38.199999999999996,35.56666666666667,37.4,,,,,,,,,,,,,,,,,Persons,unit,39869.0,57535.0,Persons,thousands,"Both sexes, All age groups, Seasonally adjusted",286.0333251953125,226.48333740234375,308.1000061035156,59.516666412353516,450.01666259765625,22.100000381469727,Percentage,unit,"Both sexes, All age groups, Seasonally adjusted",60.03333282470703,64.8499984741211,7.133333206176758,,,,
Saskatchewan,1996-07,"Index, 201612=100",units,38.666666666666664,35.93333333333333,37.833333333333336,,,,,,,,,,,,,,,,,Persons,unit,60713.0,106254.0,Persons,thousands,"Both sexes, All age groups, Seasonally adjusted",287.0833435058594,228.8333282470703,306.6333312988281,58.25,450.8500061035156,19.549999237060547,Percentage,unit,"Both sexes, All age groups, Seasonally adjusted",60.06666564941406,64.58333587646484,6.699999809265137,,,,
Saskatchewan,1996-11,"Index, 201612=100",units,39.06666666666667,35.93333333333333,38.13333333333333,,,,,,,,,,,,,,,,,Persons,unit,36053.0,56777.0,Persons,thousands,"Both sexes, All age groups, Seasonally adjusted",288.0333251953125,234.0500030517578,304.25,53.983333587646484,451.3166809082031,16.21666717529297,Percentage,unit,"Both sexes, All age groups, Seasonally adjusted",59.93333435058594,63.58333206176758,5.566666603088379,,,,
Saskatchewan,1996-09,"Index, 201612=100",units,39.0,35.93333333333333,38.13333333333333,,,,,,,,,,,,,,,,,Persons,unit,38415.0,64884.0,Persons,thousands,"Both sexes, All age groups, Seasonally adjusted",289.1333312988281,231.5500030517578,307.25,57.58333206176758,451.1333312988281,18.116666793823242,Percentage,unit,"Both sexes, All age groups, Seasonally adjusted",60.400001525878906,64.53333282470703,6.150000095367432,,,,
Saskatchewan,1996-12,"Index, 201612=100",units,39.06666666666667,35.93333333333333,38.13333333333333,,,,,,,,,,,,,,,,,Persons,unit,30164.0,48118.0,Persons,thousands,"Both sexes, All age groups, Seasonally adjusted",288.51666259765625,232.96665954589844,305.51666259765625,55.54999923706055,451.3500061035156,17.0,Percentage,unit,"Both sexes, All age groups, Seasonally adjusted",60.0,63.83333206176758,5.75,,,,
Saskatchewan,1996-03,"Index, 201612=100",units,38.333333333333336,35.56666666666667,37.56666666666666,,,,,,,,,,,,,,,,,Persons,unit,40296.0,59531.0,Persons,thousands,"Both sexes, All age groups, Seasonally adjusted",285.04998779296875,224.5,306.8166809082031,60.56666564941406,450.1499938964844,21.766666412353516,Percentage,unit,"Both sexes, All age groups, Seasonally adjusted",59.68333435058594,64.6500015258789,7.349999904632568,,,,
Saskatchewan,1996-10,"Index, 201612=100",units,39.0,35.93333333333333,38.13333333333333,,,,,,,,,,,,,,,,,Persons,unit,36982.0,62562.0,Persons,thousands,"Both sexes, All age groups, Seasonally adjusted",291.6000061035156,233.76666259765625,307.9666748046875,57.81666564941406,451.2166748046875,16.399999618530273,Percentage,unit,"Both sexes, All age groups, Seasonally adjusted",60.88333511352539,64.58333587646484,5.550000190734863,,,,
Saskatchewan,1996-04,"Index, 201612=100",units,38.36666666666667,35.56666666666667,37.56666666666666,,,,,,,,,,,,,,,,,Persons,unit,41414.0,61050.0,Persons,thousands,"Both sexes, All age groups, Seasonally adjusted",286.1166687011719,224.8000030517578,306.5666809082031,61.28333282470703,450.3166809082031,20.450000762939453,Percentage,unit,"Both sexes, All age groups, Seasonally adjusted",59.95000076293945,64.6500015258789,6.983333110809326,,,,
Saskatchewan,1996-01,"Index, 201612=100",units,38.199999999999996,35.56666666666667,37.36666666666667,,,,,,,,,,,,,,,,,Persons,unit,34987.0,51262.0,Persons,thousands,"Both sexes, All age groups, Seasonally adjusted",285.1166687011719,225.64999389648438,306.9666748046875,59.46666717529297,449.8999938964844,21.850000381469727,Percentage,unit,"Both sexes, All age groups, Seasonally adjusted",59.83333206176758,64.66666412353516,7.2166666984558105,,,,
Saskatchewan,1996-06,"Index, 201612=100",units,38.6,35.93333333333333,37.766666666666666,,,,,,,,,,,,,,,,,Persons,unit,38215.0,74565.0,Persons,thousands,"Both sexes, All age groups, Seasonally adjusted",286.5666809082031,228.18333435058594,306.48333740234375,58.349998474121094,450.6666564941406,19.91666603088379,Percentage,unit,"Both sexes, All age groups, Seasonally adjusted",60.11666488647461,64.75,6.7833333015441895,,,,
