province,REF_DATE,uom_houseindex,scalar_houseindex,avg_house_only,avg_land_only,avg_totalhouseland,uom_income,scalar_income,statistic_income,avg_income,uom_expenditure,scalar_expenditure,statistic_expenditure,avg_food_expenditures,avg_income_taxes,avg_mortageinsurance,avg_mortagePaid,avg_accomodation,avg_rent,avg_shelter,avg_total_expenditure,avg_taxes_landregfees,uom_tourist,scalar_tourist,avg_international_tourism,avg_domestic_tourism,uom_labourforce,scalar_labourforce,statistic_labourforce,avg_employment,avg_fulltime,avg_labourforce,avg_parttime,avg_population,avg_unemployment,uom_lfperc,scalar_lfperc,statistic_labourforceperc,avg_employment_rate,avg_participationrate,avg_unemploymentrate,uom_crime,scalar_crime,statistic_crime,avg_crime_incidents
Alberta,2018-05,"Index, 201612=100",units,99.06666666666666,100.5,99.56666666666666,,,,,,,,,,,,,,,,,Persons,unit,228738.0,341957.0,Persons,thousands,"Both sexes, All age groups, Seasonally adjusted",1486.933349609375,1240.5999755859375,1583.36669921875,246.3333282470703,2137.050048828125,96.41666412353516,Percentage,unit,"Both sexes, All age groups, Seasonally adjusted",65.8499984741211,70.5999984741211,6.833333492279053,,,,
Alberta,2018-02,"Index, 201612=100",units,99.43333333333334,100.36666666666667,99.8,,,,,,,,,,,,,,,,,Persons,unit,274741.0,347330.0,Persons,thousands,"Both sexes, All age groups, Seasonally adjusted",1480.800048828125,1232.316650390625,1582.5333251953125,248.4499969482422,2129.5,101.73332977294922,Percentage,unit,"Both sexes, All age groups, Seasonally adjusted",65.8499984741211,70.88333129882812,7.2166666984558105,,,,
Alberta,2018-04,"Index, 201612=100",units,99.10000000000001,100.39999999999999,99.59999999999998,,,,,,,,,,,,,,,,,Persons,unit,344462.0,427221.0,Persons,thousands,"Both sexes, All age groups, Seasonally adjusted",1485.7332763671875,1238.9666748046875,1588.2833251953125,246.78334045410156,2134.550048828125,102.55000305175781,Percentage,unit,"Both sexes, All age groups, Seasonally adjusted",65.75,70.81666564941406,7.316666603088379,,,,
Alberta,2018-08,"Index, 201612=100",units,98.93333333333334,100.46666666666665,99.43333333333334,,,,,,,,,,,,,,,,,Persons,unit,223837.0,407823.0,Persons,thousands,"Both sexes, All age groups, Seasonally adjusted",1495.933349609375,1233.3499755859375,1600.2332763671875,262.6000061035156,2145.166748046875,104.30000305175781,Percentage,unit,"Both sexes, All age groups, Seasonally adjusted",66.11666870117188,71.21666717529297,7.300000190734863,,,,
Alberta,2018-09,"Index, 201612=100",units,98.8,100.46666666666665,99.36666666666667,,,,,,,,,,,,,,,,,Persons,unit,186412.0,322620.0,Persons,thousands,"Both sexes, All age groups, Seasonally adjusted",1494.7166748046875,1237.5333251953125,1604.3499755859375,257.2166748046875,2147.7333984375,109.61666870117188,Percentage,unit,"Both sexes, All age groups, Seasonally adjusted",65.83333587646484,71.19999694824219,7.7166666984558105,,,,
Alberta,2018-07,"Index, 201612=100",units,99.5,100.63333333333333,99.89999999999999,,,,,,,,,,,,,,,,,Persons,unit,206166.0,433521.0,Persons,thousands,"Both sexes, All age groups, Seasonally adjusted",1485.88330078125,1226.550048828125,1590.199951171875,259.3333435058594,2142.533447265625,104.33333587646484,Percentage,unit,"Both sexes, All age groups, Seasonally adjusted",65.53333282470703,70.63333129882812,7.333333492279053,,,,
Alberta,2018-01,"Index, 201612=100",units,99.89999999999999,100.40000000000002,100.06666666666666,,,,,,,,,,,,,,,,,Persons,unit,280738.0,352512.0,Persons,thousands,"Both sexes, All age groups, Seasonally adjusted",1478.4832763671875,1237.9000244140625,1586.183349609375,240.56666564941406,2127.61669921875,107.75,Percentage,unit,"Both sexes, All age groups, Seasonally adjusted",65.86666870117188,71.21666717529297,7.683333396911621,,,,
Alberta,2018-03,"Index, 201612=100",units,99.2,100.36666666666667,99.63333333333333,,,,,,,,,,,,,,,,,Persons,unit,321483.0,413290.0,Persons,thousands,"Both sexes, All age groups, Seasonally adjusted",1486.9666748046875,1233.4166259765625,1583.2332763671875,253.56666564941406,2131.449951171875,96.28333282470703,Percentage,unit,"Both sexes, All age groups, Seasonally adjusted",66.05000305175781,70.91666412353516,6.900000095367432,,,,
Alberta,2018-06,"Index, 201612=100",units,99.26666666666665,100.63333333333333,99.8,,,,,,,,,,,,,,,,,Persons,unit,175889.0,367127.0,Persons,thousands,"Both sexes, All age groups, Seasonally adjusted",1487.7166748046875,1240.699951171875,1589.433349609375,247.01666259765625,2139.63330078125,101.69999694824219,Percentage,unit,"Both sexes, All age groups, Seasonally adjusted",65.81666564941406,70.76667022705078,7.050000190734863,,,,
British Columbia,1998-08,"Index, 201612=100",units,87.2,77.93333333333334,81.66666666666667,,,,,,,,,,,,,,,,,Persons,unit,1111662.0,2445448.0,Persons,thousands,"Both sexes, All age groups, Seasonally adjusted",1190.683349609375,944.2333374023438,1297.25,246.43333435058594,1929.9000244140625,106.56666564941406,Percentage,unit,"Both sexes, All age groups, Seasonally adjusted",56.599998474121094,62.33333206176758,9.283333778381348,Number,unit,Total of all violations-Actual incidents,43655.17
British Columbia,1998-03,"Index, 201612=100",units,90.43333333333332,78.83333333333333,83.93333333333332,,,,,,,,,,,,,,,,,Persons,unit,965148.0,1526971.0,Persons,thousands,"Both sexes, All age groups, Seasonally adjusted",1186.816650390625,944.7833251953125,1306.8333740234375,242.03334045410156,1922.183349609375,120.03333282470703,Percentage,unit,"Both sexes, All age groups, Seasonally adjusted",56.66666793823242,63.03333282470703,9.883333206176758,Number,unit,Total of all violations-Actual incidents,43655.17
British Columbia,1998-09,"Index, 201612=100",units,86.3,77.7,81.06666666666666,,,,,,,,,,,,,,,,,Persons,unit,808006.0,1779330.0,Persons,thousands,"Both sexes, All age groups, Seasonally adjusted",1197.433349609375,952.5166625976562,1300.449951171875,244.93333435058594,1931.566650390625,103.01667022705078,Percentage,unit,"Both sexes, All age groups, Seasonally adjusted",57.04999923706055,62.53333282470703,8.600000381469727,Number,unit,Total of all violations-Actual incidents,43655.17
British Columbia,1998-04,"Index, 201612=100",units,89.03333333333335,78.50000000000001,82.93333333333334,,,,,,,,,,,,,,,,,Persons,unit,972927.0,1560872.0,Persons,thousands,"Both sexes, All age groups, Seasonally adjusted",1188.316650390625,937.6333618164062,1301.7166748046875,250.6999969482422,1923.63330078125,113.41666412353516,Percentage,unit,"Both sexes, All age groups, Seasonally adjusted",56.71666717529297,62.68333435058594,9.449999809265137,Number,unit,Total of all violations-Actual incidents,43655.17
British Columbia,1998-07,"Index, 201612=100",units,87.43333333333334,77.86666666666666,81.86666666666666,,,,,,,,,,,,,,,,,Persons,unit,1077437.0,2328938.0,Persons,thousands,"Both sexes, All age groups, Seasonally adjusted",1188.6666259765625,943.0,1301.0833740234375,245.68333435058594,1928.61669921875,112.41666412353516,Percentage,unit,"Both sexes, All age groups, Seasonally adjusted",56.68333435058594,62.75,9.466666221618652,Number,unit,Total of all violations-Actual incidents,43655.17
British Columbia,1998-01,"Index, 201612=100",units,91.83333333333333,78.93333333333334,84.7,,,,,,,,,,,,,,,,,Persons,unit,785638.0,1241379.0,Persons,thousands,"Both sexes, All age groups, Seasonally adjusted",1188.683349609375,946.7000122070312,1303.5333251953125,242.0,1919.3333740234375,114.86666870117188,Percentage,unit,"Both sexes, All age groups, Seasonally adjusted",56.86666488647461,63.016666412353516,9.583333015441895,Number,unit,Total of all violations-Actual incidents,43655.17
British Columbia,1998-10,"Index, 201612=100",units,86.13333333333333,77.3,80.83333333333333,,,,,,,,,,,,,,,,,Persons,unit,724046.0,1342702.0,Persons,thousands,"Both sexes, All age groups, Seasonally adjusted",1197.433349609375,953.5833129882812,1297.550048828125,243.88333129882812,1932.9832763671875,100.08333587646484,Percentage,unit,"Both sexes, All age groups, Seasonally adjusted",57.08333206176758,62.38333511352539,8.333333015441895,Number,unit,Total of all violations-Actual incidents,43655.17
British Columbia,1998-11,"Index, 201612=100",units,85.7,77.3,80.5,,,,,,,,,,,,,,,,,Persons,unit,663930.0,1177490.0,Persons,thousands,"Both sexes, All age groups, Seasonally adjusted",1201.8333740234375,956.7833251953125,1299.86669921875,245.0500030517578,1934.449951171875,98.03333282470703,Percentage,unit,"Both sexes, All age groups, Seasonally adjusted",57.349998474121094,62.58333206176758,8.25,Number,unit,Total of all violations-Actual incidents,43655.17
British Columbia,1998-05,"Index, 201612=100",units,88.3,78.16666666666667,82.46666666666667,,,,,,,,,,,,,,,,,Persons,unit,1028789.0,1854156.0,Persons,thousands,"Both sexes, All age groups, Seasonally adjusted",1186.550048828125,940.9166870117188,1307.7166748046875,245.63333129882812,1925.050048828125,121.16666412353516,Percentage,unit,"Both sexes, All age groups, Seasonally adjusted",56.71666717529297,63.08333206176758,9.866666793823242,Number,unit,Total of all violations-Actual incidents,43655.17
British Columbia,1998-06,"Index, 201612=100",units,87.46666666666665,77.83333333333333,81.83333333333333,,,,,,,,,,,,,,,,,Persons,unit,931174.0,1927304.0,Persons,thousands,"Both sexes, All age groups, Seasonally adjusted",1187.86669921875,951.8666381835938,1303.449951171875,236.01666259765625,1927.066650390625,115.58333587646484,Percentage,unit,"Both sexes, All age groups, Seasonally adjusted",56.56666564941406,62.91666793823242,9.883333206176758,Number,unit,Total of all violations-Actual incidents,43655.17
British Columbia,1998-02,"Index, 201612=100",units,91.13333333333333,78.83333333333333,84.36666666666667,,,,,,,,,,,,,,,,,Persons,unit,734955.0,1235306.0,Persons,thousands,"Both sexes, All age groups, Seasonally adjusted",1183.2667236328125,948.3666381835938,1302.1500244140625,234.9166717529297,1921.066650390625,118.86666870117188,Percentage,unit,"Both sexes, All age groups, Seasonally adjusted",56.53333282470703,62.900001525878906,9.766666412353516,Number,unit,Total of all violations-Actual incidents,43655.17
British Columbia,1998-12,"Index, 201612=100",units,85.76666666666667,77.06666666666668,80.36666666666667,,,,,,,,,,,,,,,,,Persons,unit,647565.0,1218155.0,Persons,thousands,"Both sexes, All age groups, Seasonally adjusted",1191.5999755859375,955.6666870117188,1295.0333251953125,235.9166717529297,1935.9832763671875,103.43333435058594,Percentage,unit,"Both sexes, All age groups, Seasonally adjusted",56.63333511352539,62.16666793823242,8.616666793823242,Number,unit,Total of all violations-Actual incidents,43655.17
