province,REF_DATE,uom_houseindex,scalar_houseindex,avg_house_only,avg_land_only,avg_totalhouseland,uom_income,scalar_income,statistic_income,avg_income,uom_expenditure,scalar_expenditure,statistic_expenditure,avg_food_expenditures,avg_income_taxes,avg_mortageinsurance,avg_mortagePaid,avg_accomodation,avg_rent,avg_shelter,avg_total_expenditure,avg_taxes_landregfees,uom_tourist,scalar_tourist,avg_international_tourism,avg_domestic_tourism,uom_labourforce,scalar_labourforce,statistic_labourforce,avg_employment,avg_fulltime,avg_labourforce,avg_parttime,avg_population,avg_unemployment,uom_lfperc,scalar_lfperc,statistic_labourforceperc,avg_employment_rate,avg_participationrate,avg_unemploymentrate,uom_crime,scalar_crime,statistic_crime,avg_crime_incidents
New Brunswick,2011-07,"Index, 201612=100",units,98.9,96.2,98.2,Dollars,units,"Median total income,Both sexes,All age groups",2277.5,Dollars,unit,Average expenditure per household,606.5,777.75,7.75,267.5,845.33,140.58,920.58,5195.17,1.42,Persons,unit,385068.0,567615.0,Persons,thousands,"Both sexes, All age groups, Seasonally adjusted",225.35000610351562,190.96665954589844,249.64999389648438,34.400001525878906,379.54998779296875,24.28333282470703,Percentage,unit,"Both sexes, All age groups, Seasonally adjusted",56.91666793823242,63.733333587646484,10.833333015441895,Number,unit,Total of all violations-Actual incidents,3817.42
New Brunswick,2011-11,"Index, 201612=100",units,98.7,98.6,98.4,Dollars,units,"Median total income,Both sexes,All age groups",2277.5,Dollars,unit,Average expenditure per household,606.5,777.75,7.75,267.5,845.33,140.58,920.58,5195.17,1.42,Persons,unit,315113.0,386623.0,Persons,thousands,"Both sexes, All age groups, Seasonally adjusted",227.48333740234375,193.81666564941406,250.68333435058594,33.70000076293945,380.0,23.149999618530273,Percentage,unit,"Both sexes, All age groups, Seasonally adjusted",57.63333511352539,64.19999694824219,10.083333015441895,Number,unit,Total of all violations-Actual incidents,3817.42
New Brunswick,2011-04,"Index, 201612=100",units,98.6,95.8,97.8,Dollars,units,"Median total income,Both sexes,All age groups",2277.5,Dollars,unit,Average expenditure per household,606.5,777.75,7.75,267.5,845.33,140.58,920.58,5195.17,1.42,Persons,unit,331013.0,407392.0,Persons,thousands,"Both sexes, All age groups, Seasonally adjusted",227.96665954589844,192.11666870117188,252.01666259765625,35.849998474121094,379.1833190917969,24.066667556762695,Percentage,unit,"Both sexes, All age groups, Seasonally adjusted",57.70000076293945,64.4000015258789,10.699999809265137,Number,unit,Total of all violations-Actual incidents,3817.42
New Brunswick,2011-09,"Index, 201612=100",units,98.7,98.6,98.4,Dollars,units,"Median total income,Both sexes,All age groups",2277.5,Dollars,unit,Average expenditure per household,606.5,777.75,7.75,267.5,845.33,140.58,920.58,5195.17,1.42,Persons,unit,326274.0,483194.0,Persons,thousands,"Both sexes, All age groups, Seasonally adjusted",227.86666870117188,193.5,249.38333129882812,34.349998474121094,379.70001220703125,21.5,Percentage,unit,"Both sexes, All age groups, Seasonally adjusted",57.66666793823242,63.86666488647461,9.850000381469727,Number,unit,Total of all violations-Actual incidents,3817.42
New Brunswick,2011-10,"Index, 201612=100",units,98.7,98.6,98.4,Dollars,units,"Median total income,Both sexes,All age groups",2277.5,Dollars,unit,Average expenditure per household,606.5,777.75,7.75,267.5,845.33,140.58,920.58,5195.17,1.42,Persons,unit,320327.0,451162.0,Persons,thousands,"Both sexes, All age groups, Seasonally adjusted",228.28334045410156,194.6666717529297,251.21665954589844,33.58333206176758,379.8999938964844,22.950000762939453,Percentage,unit,"Both sexes, All age groups, Seasonally adjusted",57.88333511352539,64.4000015258789,10.116666793823242,Number,unit,Total of all violations-Actual incidents,3817.42
New Brunswick,2011-05,"Index, 201612=100",units,98.6,95.8,97.8,Dollars,units,"Median total income,Both sexes,All age groups",2277.5,Dollars,unit,Average expenditure per household,606.5,777.75,7.75,267.5,845.33,140.58,920.58,5195.17,1.42,Persons,unit,342826.0,433795.0,Persons,thousands,"Both sexes, All age groups, Seasonally adjusted",225.9166717529297,190.76666259765625,249.31666564941406,35.16666793823242,379.3166809082031,23.399999618530273,Percentage,unit,"Both sexes, All age groups, Seasonally adjusted",57.04999923706055,63.58333206176758,10.566666603088379,Number,unit,Total of all violations-Actual incidents,3817.42
New Brunswick,2011-06,"Index, 201612=100",units,98.8,95.8,98.0,Dollars,units,"Median total income,Both sexes,All age groups",2277.5,Dollars,unit,Average expenditure per household,606.5,777.75,7.75,267.5,845.33,140.58,920.58,5195.17,1.42,Persons,unit,324371.0,462236.0,Persons,thousands,"Both sexes, All age groups, Seasonally adjusted",225.63333129882812,189.01666259765625,249.60000610351562,36.63333511352539,379.3833312988281,23.96666717529297,Percentage,unit,"Both sexes, All age groups, Seasonally adjusted",56.83333206176758,63.56666564941406,10.866666793823242,Number,unit,Total of all violations-Actual incidents,3817.42
New Brunswick,2011-08,"Index, 201612=100",units,99.1,98.6,98.8,Dollars,units,"Median total income,Both sexes,All age groups",2277.5,Dollars,unit,Average expenditure per household,606.5,777.75,7.75,267.5,845.33,140.58,920.58,5195.17,1.42,Persons,unit,397399.0,573532.0,Persons,thousands,"Both sexes, All age groups, Seasonally adjusted",226.75,192.75,248.3000030517578,33.983333587646484,379.6333312988281,21.549999237060547,Percentage,unit,"Both sexes, All age groups, Seasonally adjusted",57.31666564941406,63.599998474121094,10.050000190734863,Number,unit,Total of all violations-Actual incidents,3817.42
New Brunswick,2011-03,"Index, 201612=100",units,99.1,95.8,98.3,Dollars,units,"Median total income,Both sexes,All age groups",2277.5,Dollars,unit,Average expenditure per household,606.5,777.75,7.75,267.5,845.33,140.58,920.58,5195.17,1.42,Persons,unit,301305.0,374951.0,Persons,thousands,"Both sexes, All age groups, Seasonally adjusted",228.35000610351562,193.36666870117188,251.96665954589844,34.983333587646484,379.20001220703125,23.633333206176758,Percentage,unit,"Both sexes, All age groups, Seasonally adjusted",57.83333206176758,64.55000305175781,10.533333778381348,Number,unit,Total of all violations-Actual incidents,3817.42
New Brunswick,2011-12,"Index, 201612=100",units,98.7,98.6,98.4,Dollars,units,"Median total income,Both sexes,All age groups",2277.5,Dollars,unit,Average expenditure per household,606.5,777.75,7.75,267.5,845.33,140.58,920.58,5195.17,1.42,Persons,unit,298326.0,375268.0,Persons,thousands,"Both sexes, All age groups, Seasonally adjusted",227.89999389648438,193.89999389648438,250.26666259765625,33.983333587646484,380.1000061035156,22.383333206176758,Percentage,unit,"Both sexes, All age groups, Seasonally adjusted",57.63333511352539,64.11666870117188,9.933333396911621,Number,unit,Total of all violations-Actual incidents,3817.42
New Brunswick,2011-01,"Index, 201612=100",units,98.8,95.8,98.0,Dollars,units,"Median total income,Both sexes,All age groups",2277.5,Dollars,unit,Average expenditure per household,606.5,777.75,7.75,267.5,845.33,140.58,920.58,5195.17,1.42,Persons,unit,245925.0,313914.0,Persons,thousands,"Both sexes, All age groups, Seasonally adjusted",228.88333129882812,194.03334045410156,251.43333435058594,34.849998474121094,379.04998779296875,22.549999237060547,Percentage,unit,"Both sexes, All age groups, Seasonally adjusted",57.900001525878906,64.05000305175781,9.783333778381348,Number,unit,Total of all violations-Actual incidents,3817.42
New Brunswick,2011-02,"Index, 201612=100",units,98.7,95.8,97.9,Dollars,units,"Median total income,Both sexes,All age groups",2277.5,Dollars,unit,Average expenditure per household,606.5,777.75,7.75,267.5,845.33,140.58,920.58,5195.17,1.42,Persons,unit,220192.0,284381.0,Persons,thousands,"Both sexes, All age groups, Seasonally adjusted",228.21665954589844,192.13333129882812,252.23333740234375,36.06666564941406,379.1000061035156,24.016666412353516,Percentage,unit,"Both sexes, All age groups, Seasonally adjusted",57.78333282470703,64.5,10.633333206176758,Number,unit,Total of all violations-Actual incidents,3817.42
Quebec,2004-12,"Index, 201612=100",units,78.9,65.8,74.53333333333335,Dollars,units,"Median total income,Both sexes,All age groups",1925.0,,,,,,,,,,,,,Persons,unit,329025.0,698161.0,Persons,thousands,"Both sexes, All age groups, Seasonally adjusted",2356.39990234375,1961.683349609375,2573.083251953125,394.73333740234375,3767.566650390625,216.68333435058594,Percentage,unit,"Both sexes, All age groups, Seasonally adjusted",59.0,64.86666870117188,9.0,Number,unit,Total of all violations-Actual incidents,38481.67
Quebec,2004-08,"Index, 201612=100",units,77.66666666666667,64.3,73.33333333333333,Dollars,units,"Median total income,Both sexes,All age groups",1925.0,,,,,,,,,,,,,Persons,unit,674232.0,1310313.0,Persons,thousands,"Both sexes, All age groups, Seasonally adjusted",2349.533447265625,1949.949951171875,2545.2333984375,399.5666809082031,3755.61669921875,195.71665954589844,Percentage,unit,"Both sexes, All age groups, Seasonally adjusted",58.93333435058594,64.4000015258789,8.316666603088379,Number,unit,Total of all violations-Actual incidents,38481.67
Quebec,2004-09,"Index, 201612=100",units,78.03333333333333,64.43333333333332,73.66666666666667,Dollars,units,"Median total income,Both sexes,All age groups",1925.0,,,,,,,,,,,,,Persons,unit,451247.0,937760.0,Persons,thousands,"Both sexes, All age groups, Seasonally adjusted",2360.2666015625,1969.566650390625,2567.10009765625,390.6666564941406,3758.85009765625,206.85000610351562,Percentage,unit,"Both sexes, All age groups, Seasonally adjusted",59.31666564941406,65.03333282470703,8.566666603088379,Number,unit,Total of all violations-Actual incidents,38481.67
Quebec,2004-11,"Index, 201612=100",units,78.9,65.8,74.53333333333335,Dollars,units,"Median total income,Both sexes,All age groups",1925.0,,,,,,,,,,,,,Persons,unit,328213.0,656736.0,Persons,thousands,"Both sexes, All age groups, Seasonally adjusted",2363.949951171875,1970.4666748046875,2587.333251953125,393.48333740234375,3764.916748046875,223.38333129882812,Percentage,unit,"Both sexes, All age groups, Seasonally adjusted",59.31666564941406,65.41666412353516,9.183333396911621,Number,unit,Total of all violations-Actual incidents,38481.67
Quebec,2004-10,"Index, 201612=100",units,78.43333333333334,65.26666666666667,74.06666666666668,Dollars,units,"Median total income,Both sexes,All age groups",1925.0,,,,,,,,,,,,,Persons,unit,414074.0,849263.0,Persons,thousands,"Both sexes, All age groups, Seasonally adjusted",2361.25,1967.0,2575.433349609375,394.26666259765625,3762.0,214.21665954589844,Percentage,unit,"Both sexes, All age groups, Seasonally adjusted",59.18333435058594,65.19999694824219,9.100000381469727,Number,unit,Total of all violations-Actual incidents,38481.67
Quebec,2004-01,"Index, 201612=100",units,75.10000000000001,62.6,70.96666666666667,Dollars,units,"Median total income,Both sexes,All age groups",1925.0,,,,,,,,,,,,,Persons,unit,404781.0,711245.0,Persons,thousands,"Both sexes, All age groups, Seasonally adjusted",2326.949951171875,1916.0,2549.35009765625,410.9666748046875,3733.2666015625,222.38333129882812,Percentage,unit,"Both sexes, All age groups, Seasonally adjusted",58.56666564941406,64.71666717529297,9.483333587646484,Number,unit,Total of all violations-Actual incidents,38481.67
Quebec,2004-06,"Index, 201612=100",units,77.06666666666666,63.96666666666667,72.73333333333333,Dollars,units,"Median total income,Both sexes,All age groups",1925.0,,,,,,,,,,,,,Persons,unit,437971.0,928106.0,Persons,thousands,"Both sexes, All age groups, Seasonally adjusted",2346.14990234375,1936.433349609375,2557.7666015625,409.73333740234375,3747.86669921875,211.60000610351562,Percentage,unit,"Both sexes, All age groups, Seasonally adjusted",58.93333435058594,64.69999694824219,8.866666793823242,Number,unit,Total of all violations-Actual incidents,38481.67
Quebec,2004-04,"Index, 201612=100",units,76.46666666666665,63.46666666666667,72.23333333333333,Dollars,units,"Median total income,Both sexes,All age groups",1925.0,,,,,,,,,,,,,Persons,unit,452444.0,830033.0,Persons,thousands,"Both sexes, All age groups, Seasonally adjusted",2364.85009765625,1959.8499755859375,2574.699951171875,405.01666259765625,3741.13330078125,209.86666870117188,Percentage,unit,"Both sexes, All age groups, Seasonally adjusted",59.483333587646484,65.4000015258789,9.016666412353516,Number,unit,Total of all violations-Actual incidents,38481.67
Quebec,2004-02,"Index, 201612=100",units,75.50000000000001,62.79999999999999,71.26666666666667,Dollars,units,"Median total income,Both sexes,All age groups",1925.0,,,,,,,,,,,,,Persons,unit,380747.0,731184.0,Persons,thousands,"Both sexes, All age groups, Seasonally adjusted",2335.88330078125,1932.86669921875,2559.0,403.01666259765625,3735.683349609375,223.14999389648438,Percentage,unit,"Both sexes, All age groups, Seasonally adjusted",58.78333282470703,65.0,9.516666412353516,Number,unit,Total of all violations-Actual incidents,38481.67
Quebec,2004-03,"Index, 201612=100",units,75.8,63.06666666666667,71.60000000000001,Dollars,units,"Median total income,Both sexes,All age groups",1925.0,,,,,,,,,,,,,Persons,unit,483785.0,836765.0,Persons,thousands,"Both sexes, All age groups, Seasonally adjusted",2346.816650390625,1940.5167236328125,2559.300048828125,406.2833251953125,3738.2666015625,212.48333740234375,Percentage,unit,"Both sexes, All age groups, Seasonally adjusted",59.08333206176758,64.93333435058594,8.916666984558105,Number,unit,Total of all violations-Actual incidents,38481.67
Quebec,2004-07,"Index, 201612=100",units,77.06666666666666,63.96666666666667,72.73333333333333,Dollars,units,"Median total income,Both sexes,All age groups",1925.0,,,,,,,,,,,,,Persons,unit,661500.0,1302412.0,Persons,thousands,"Both sexes, All age groups, Seasonally adjusted",2345.64990234375,1946.8333740234375,2552.166748046875,398.7833251953125,3751.199951171875,206.5,Percentage,unit,"Both sexes, All age groups, Seasonally adjusted",58.900001525878906,64.58333587646484,8.699999809265137,Number,unit,Total of all violations-Actual incidents,38481.67
Quebec,2004-05,"Index, 201612=100",units,77.0,63.83333333333332,72.66666666666667,Dollars,units,"Median total income,Both sexes,All age groups",1925.0,,,,,,,,,,,,,Persons,unit,451333.0,882860.0,Persons,thousands,"Both sexes, All age groups, Seasonally adjusted",2361.716552734375,1953.25,2564.433349609375,408.51666259765625,3744.0,202.6999969482422,Percentage,unit,"Both sexes, All age groups, Seasonally adjusted",59.5,65.08333587646484,8.550000190734863,Number,unit,Total of all violations-Actual incidents,38481.67
