province,REF_DATE,uom_houseindex,scalar_houseindex,avg_house_only,avg_land_only,avg_totalhouseland,uom_income,scalar_income,statistic_income,avg_income,uom_expenditure,scalar_expenditure,statistic_expenditure,avg_food_expenditures,avg_income_taxes,avg_mortageinsurance,avg_mortagePaid,avg_accomodation,avg_rent,avg_shelter,avg_total_expenditure,avg_taxes_landregfees,uom_tourist,scalar_tourist,avg_international_tourism,avg_domestic_tourism,uom_labourforce,scalar_labourforce,statistic_labourforce,avg_employment,avg_fulltime,avg_labourforce,avg_parttime,avg_population,avg_unemployment,uom_lfperc,scalar_lfperc,statistic_labourforceperc,avg_employment_rate,avg_participationrate,avg_unemploymentrate,uom_crime,scalar_crime,statistic_crime,avg_crime_incidents
Nova Scotia,2001-07,"Index, 201612=100",units,65.8,68.5,66.4,Dollars,units,"Median total income,Both sexes,All age groups",1633.33,,,,,,,,,,,,,Persons,unit,12393.0,111615.0,Persons,thousands,"Both sexes, All age groups, Seasonally adjusted",266.8666687011719,221.0,294.6333312988281,45.86666488647461,454.45001220703125,27.766666412353516,Percentage,unit,"Both sexes, All age groups, Seasonally adjusted",54.766666412353516,61.13333511352539,10.199999809265137,Number,unit,Total of all violations-Actual incidents,6518.0
Nova Scotia,2001-11,"Index, 201612=100",units,67.1,69.1,67.6,Dollars,units,"Median total income,Both sexes,All age groups",1633.33,,,,,,,,,,,,,Persons,unit,4395.0,12796.0,Persons,thousands,"Both sexes, All age groups, Seasonally adjusted",270.3833312988281,223.3000030517578,296.01666259765625,47.099998474121094,455.6499938964844,25.649999618530273,Percentage,unit,"Both sexes, All age groups, Seasonally adjusted",55.483333587646484,61.483333587646484,9.366666793823242,Number,unit,Total of all violations-Actual incidents,6518.0
Nova Scotia,2001-04,"Index, 201612=100",units,65.7,68.5,66.3,Dollars,units,"Median total income,Both sexes,All age groups",1633.33,,,,,,,,,,,,,Persons,unit,24892.0,36942.0,Persons,thousands,"Both sexes, All age groups, Seasonally adjusted",261.8500061035156,218.98333740234375,290.23333740234375,42.86666488647461,454.1333312988281,28.366666793823242,Percentage,unit,"Both sexes, All age groups, Seasonally adjusted",53.766666412353516,60.25,10.5,Number,unit,Total of all violations-Actual incidents,6518.0
Nova Scotia,2001-06,"Index, 201612=100",units,65.8,68.5,66.4,Dollars,units,"Median total income,Both sexes,All age groups",1633.33,,,,,,,,,,,,,Persons,unit,10699.0,83459.0,Persons,thousands,"Both sexes, All age groups, Seasonally adjusted",263.25,220.39999389648438,292.5,42.83333206176758,454.23333740234375,29.266666412353516,Percentage,unit,"Both sexes, All age groups, Seasonally adjusted",54.0,60.63333511352539,10.75,Number,unit,Total of all violations-Actual incidents,6518.0
Nova Scotia,2001-12,"Index, 201612=100",units,67.1,69.1,67.6,Dollars,units,"Median total income,Both sexes,All age groups",1633.33,,,,,,,,,,,,,Persons,unit,4172.0,14179.0,Persons,thousands,"Both sexes, All age groups, Seasonally adjusted",268.6833190917969,222.03334045410156,296.7833251953125,46.599998474121094,455.9166564941406,28.133333206176758,Percentage,unit,"Both sexes, All age groups, Seasonally adjusted",54.91666793823242,61.650001525878906,10.716666221618652,Number,unit,Total of all violations-Actual incidents,6518.0
Nova Scotia,2001-02,"Index, 201612=100",units,65.7,68.5,66.3,Dollars,units,"Median total income,Both sexes,All age groups",1633.33,,,,,,,,,,,,,Persons,unit,15173.0,23672.0,Persons,thousands,"Both sexes, All age groups, Seasonally adjusted",265.4333190917969,221.96665954589844,290.4333190917969,43.483333587646484,454.0,25.0,Percentage,unit,"Both sexes, All age groups, Seasonally adjusted",54.53333282470703,60.28333282470703,9.199999809265137,Number,unit,Total of all violations-Actual incidents,6518.0
Nova Scotia,2001-09,"Index, 201612=100",units,66.4,68.5,66.9,Dollars,units,"Median total income,Both sexes,All age groups",1633.33,,,,,,,,,,,,,Persons,unit,8798.0,98832.0,Persons,thousands,"Both sexes, All age groups, Seasonally adjusted",267.5833435058594,221.98333740234375,294.7833251953125,45.599998474121094,455.04998779296875,27.183332443237305,Percentage,unit,"Both sexes, All age groups, Seasonally adjusted",54.900001525878906,61.233333587646484,10.0,Number,unit,Total of all violations-Actual incidents,6518.0
Nova Scotia,2001-05,"Index, 201612=100",units,65.8,68.5,66.4,Dollars,units,"Median total income,Both sexes,All age groups",1633.33,,,,,,,,,,,,,Persons,unit,17829.0,64000.0,Persons,thousands,"Both sexes, All age groups, Seasonally adjusted",260.9333190917969,218.39999389648438,289.4166564941406,42.53333282470703,454.1166687011719,28.516666412353516,Percentage,unit,"Both sexes, All age groups, Seasonally adjusted",53.63333511352539,60.099998474121094,10.466666221618652,Number,unit,Total of all violations-Actual incidents,6518.0
Nova Scotia,2001-03,"Index, 201612=100",units,65.7,68.5,66.3,Dollars,units,"Median total income,Both sexes,All age groups",1633.33,,,,,,,,,,,,,Persons,unit,25615.0,34087.0,Persons,thousands,"Both sexes, All age groups, Seasonally adjusted",262.6666564941406,219.35000610351562,291.0833435058594,43.31666564941406,454.0666809082031,28.383333206176758,Percentage,unit,"Both sexes, All age groups, Seasonally adjusted",53.849998474121094,60.29999923706055,10.350000381469727,Number,unit,Total of all violations-Actual incidents,6518.0
Nova Scotia,2001-01,"Index, 201612=100",units,65.7,68.5,66.3,Dollars,units,"Median total income,Both sexes,All age groups",1633.33,,,,,,,,,,,,,Persons,unit,8646.0,16780.0,Persons,thousands,"Both sexes, All age groups, Seasonally adjusted",262.25,217.28334045410156,289.1166687011719,44.96666717529297,453.8833312988281,26.850000381469727,Percentage,unit,"Both sexes, All age groups, Seasonally adjusted",53.79999923706055,59.96666717529297,9.850000381469727,Number,unit,Total of all violations-Actual incidents,6518.0
Nova Scotia,2001-08,"Index, 201612=100",units,66.4,68.5,66.9,Dollars,units,"Median total income,Both sexes,All age groups",1633.33,,,,,,,,,,,,,Persons,unit,13478.0,108584.0,Persons,thousands,"Both sexes, All age groups, Seasonally adjusted",265.54998779296875,220.60000610351562,293.6333312988281,44.983333587646484,454.76666259765625,28.08333396911621,Percentage,unit,"Both sexes, All age groups, Seasonally adjusted",54.599998474121094,60.849998474121094,10.050000190734863,Number,unit,Total of all violations-Actual incidents,6518.0
Nova Scotia,2001-10,"Index, 201612=100",units,66.8,68.5,67.2,Dollars,units,"Median total income,Both sexes,All age groups",1633.33,,,,,,,,,,,,,Persons,unit,9422.0,77786.0,Persons,thousands,"Both sexes, All age groups, Seasonally adjusted",269.6666564941406,221.06666564941406,297.3333435058594,48.599998474121094,455.3999938964844,27.649999618530273,Percentage,unit,"Both sexes, All age groups, Seasonally adjusted",55.400001525878906,61.78333282470703,10.083333015441895,Number,unit,Total of all violations-Actual incidents,6518.0
Prairie Region,2001-01,"Index, 201612=100",units,48.0,43.1,46.2,,,,,,,,,,,,,,,,,,,,,,,,,,,,,,,,,,,,,,,
Prairie Region,2001-07,"Index, 201612=100",units,48.9,43.7,46.9,,,,,,,,,,,,,,,,,,,,,,,,,,,,,,,,,,,,,,,
Prairie Region,2001-02,"Index, 201612=100",units,48.1,43.2,46.2,,,,,,,,,,,,,,,,,,,,,,,,,,,,,,,,,,,,,,,
Prairie Region,2001-03,"Index, 201612=100",units,48.2,43.3,46.4,,,,,,,,,,,,,,,,,,,,,,,,,,,,,,,,,,,,,,,
Prairie Region,2001-12,"Index, 201612=100",units,49.6,44.2,47.5,,,,,,,,,,,,,,,,,,,,,,,,,,,,,,,,,,,,,,,
Prairie Region,2001-09,"Index, 201612=100",units,49.0,44.0,47.2,,,,,,,,,,,,,,,,,,,,,,,,,,,,,,,,,,,,,,,
Prairie Region,2001-11,"Index, 201612=100",units,49.4,44.2,47.5,,,,,,,,,,,,,,,,,,,,,,,,,,,,,,,,,,,,,,,
Prairie Region,2001-04,"Index, 201612=100",units,48.3,43.4,46.5,,,,,,,,,,,,,,,,,,,,,,,,,,,,,,,,,,,,,,,
Prairie Region,2001-10,"Index, 201612=100",units,49.1,44.0,47.2,,,,,,,,,,,,,,,,,,,,,,,,,,,,,,,,,,,,,,,
Prairie Region,2001-08,"Index, 201612=100",units,48.9,43.9,47.0,,,,,,,,,,,,,,,,,,,,,,,,,,,,,,,,,,,,,,,
Prairie Region,2001-05,"Index, 201612=100",units,48.3,43.4,46.5,,,,,,,,,,,,,,,,,,,,,,,,,,,,,,,,,,,,,,,
Prairie Region,2001-06,"Index, 201612=100",units,48.7,43.7,46.8,,,,,,,,,,,,,,,,,,,,,,,,,,,,,,,,,,,,,,,
