province,REF_DATE,uom_houseindex,scalar_houseindex,avg_house_only,avg_land_only,avg_totalhouseland,uom_income,scalar_income,statistic_income,avg_income,uom_expenditure,scalar_expenditure,statistic_expenditure,avg_food_expenditures,avg_income_taxes,avg_mortageinsurance,avg_mortagePaid,avg_accomodation,avg_rent,avg_shelter,avg_total_expenditure,avg_taxes_landregfees,uom_tourist,scalar_tourist,avg_international_tourism,avg_domestic_tourism,uom_labourforce,scalar_labourforce,statistic_labourforce,avg_employment,avg_fulltime,avg_labourforce,avg_parttime,avg_population,avg_unemployment,uom_lfperc,scalar_lfperc,statistic_labourforceperc,avg_employment_rate,avg_participationrate,avg_unemploymentrate,uom_crime,scalar_crime,statistic_crime,avg_crime_incidents
New Brunswick,1986-05,"Index, 201612=100",units,76.1,61.0,72.6,,,,,,,,,,,,,,,,,Persons,unit,492867.0,696534.0,Persons,thousands,"Both sexes, All age groups, Seasonally adjusted",170.0,144.56666564941406,198.03334045410156,25.433332443237305,331.0666809082031,28.016666412353516,Percentage,unit,"Both sexes, All age groups, Seasonally adjusted",47.650001525878906,55.95000076293945,14.199999809265137,,,,
New Brunswick,1986-03,"Index, 201612=100",units,75.3,59.8,71.6,,,,,,,,,,,,,,,,,Persons,unit,460562.0,629954.0,Persons,thousands,"Both sexes, All age groups, Seasonally adjusted",171.21665954589844,145.5500030517578,199.3000030517578,25.700000762939453,330.5,28.08333396911621,Percentage,unit,"Both sexes, All age groups, Seasonally adjusted",48.20000076293945,56.58333206176758,14.083333015441895,,,,
New Brunswick,1986-08,"Index, 201612=100",units,76.5,61.0,72.8,,,,,,,,,,,,,,,,,Persons,unit,571843.0,904626.0,Persons,thousands,"Both sexes, All age groups, Seasonally adjusted",170.9166717529297,143.51666259765625,198.14999389648438,27.41666603088379,331.75,27.233333587646484,Percentage,unit,"Both sexes, All age groups, Seasonally adjusted",47.81666564941406,55.93333435058594,13.899999618530273,,,,
New Brunswick,1986-04,"Index, 201612=100",units,75.3,59.8,71.6,,,,,,,,,,,,,,,,,Persons,unit,481242.0,654695.0,Persons,thousands,"Both sexes, All age groups, Seasonally adjusted",170.88333129882812,145.35000610351562,199.64999389648438,25.58333396911621,330.8500061035156,28.766666412353516,Percentage,unit,"Both sexes, All age groups, Seasonally adjusted",47.95000076293945,56.56666564941406,14.600000381469727,,,,
New Brunswick,1986-12,"Index, 201612=100",units,76.5,61.0,72.8,,,,,,,,,,,,,,,,,Persons,unit,399770.0,584999.0,Persons,thousands,"Both sexes, All age groups, Seasonally adjusted",172.8333282470703,145.23333740234375,198.78334045410156,27.58333396911621,332.5666809082031,25.983333587646484,Percentage,unit,"Both sexes, All age groups, Seasonally adjusted",48.43333435058594,56.0,12.816666603088379,,,,
New Brunswick,1986-06,"Index, 201612=100",units,76.1,61.0,72.5,,,,,,,,,,,,,,,,,Persons,unit,492198.0,732447.0,Persons,thousands,"Both sexes, All age groups, Seasonally adjusted",167.5833282470703,141.10000610351562,195.18333435058594,26.5,331.3333435058594,27.58333396911621,Percentage,unit,"Both sexes, All age groups, Seasonally adjusted",46.71666717529297,54.93333435058594,14.366666793823242,,,,
New Brunswick,1986-02,"Index, 201612=100",units,75.3,59.8,71.6,,,,,,,,,,,,,,,,,Persons,unit,352235.0,502326.0,Persons,thousands,"Both sexes, All age groups, Seasonally adjusted",170.35000610351562,144.25,198.6666717529297,26.08333396911621,330.3666687011719,28.33333396911621,Percentage,unit,"Both sexes, All age groups, Seasonally adjusted",48.04999923706055,56.53333282470703,14.300000190734863,,,,
New Brunswick,1986-09,"Index, 201612=100",units,76.5,61.0,72.8,,,,,,,,,,,,,,,,,Persons,unit,427526.0,655467.0,Persons,thousands,"Both sexes, All age groups, Seasonally adjusted",171.26666259765625,142.88333129882812,197.26666259765625,28.399999618530273,331.9333190917969,25.983333587646484,Percentage,unit,"Both sexes, All age groups, Seasonally adjusted",48.0,55.58333206176758,13.066666603088379,,,,
New Brunswick,1986-10,"Index, 201612=100",units,76.5,61.0,72.8,,,,,,,,,,,,,,,,,Persons,unit,432688.0,639854.0,Persons,thousands,"Both sexes, All age groups, Seasonally adjusted",171.23333740234375,143.64999389648438,196.96665954589844,27.58333396911621,332.1499938964844,25.71666717529297,Percentage,unit,"Both sexes, All age groups, Seasonally adjusted",48.099998474121094,55.54999923706055,12.75,,,,
New Brunswick,1986-11,"Index, 201612=100",units,76.5,61.0,72.8,,,,,,,,,,,,,,,,,Persons,unit,374149.0,545419.0,Persons,thousands,"Both sexes, All age groups, Seasonally adjusted",171.8333282470703,144.9166717529297,197.4166717529297,26.899999618530273,332.3333435058594,25.600000381469727,Percentage,unit,"Both sexes, All age groups, Seasonally adjusted",48.25,55.66666793823242,12.683333396911621,,,,
New Brunswick,1986-01,"Index, 201612=100",units,75.1,56.1,70.5,,,,,,,,,,,,,,,,,Persons,unit,365540.0,512852.0,Persons,thousands,"Both sexes, All age groups, Seasonally adjusted",168.81666564941406,143.8000030517578,197.46665954589844,25.049999237060547,330.1333312988281,28.649999618530273,Percentage,unit,"Both sexes, All age groups, Seasonally adjusted",47.66666793823242,56.25,14.566666603088379,,,,
New Brunswick,1986-07,"Index, 201612=100",units,76.1,61.0,72.5,,,,,,,,,,,,,,,,,Persons,unit,555016.0,897479.0,Persons,thousands,"Both sexes, All age groups, Seasonally adjusted",168.9166717529297,142.36666870117188,197.01666259765625,26.549999237060547,331.5333251953125,28.066667556762695,Percentage,unit,"Both sexes, All age groups, Seasonally adjusted",47.21666717529297,55.58333206176758,14.616666793823242,,,,
Nova Scotia,2003-02,"Index, 201612=100",units,69.9,73.3,70.7,Dollars,units,"Median total income,Both sexes,All age groups",1758.33,,,,,,,,,,,,,Persons,unit,9777.0,18473.0,Persons,thousands,"Both sexes, All age groups, Seasonally adjusted",274.6666564941406,224.03334045410156,299.75,50.63333511352539,459.79998779296875,25.100000381469727,Percentage,unit,"Both sexes, All age groups, Seasonally adjusted",56.46666717529297,62.150001525878906,9.216666221618652,Number,unit,Total of all violations-Actual incidents,7180.25
Nova Scotia,2003-03,"Index, 201612=100",units,69.9,73.8,70.8,Dollars,units,"Median total income,Both sexes,All age groups",1758.33,,,,,,,,,,,,,Persons,unit,23894.0,33520.0,Persons,thousands,"Both sexes, All age groups, Seasonally adjusted",274.6000061035156,225.85000610351562,300.8500061035156,48.75,460.0333251953125,26.266666412353516,Percentage,unit,"Both sexes, All age groups, Seasonally adjusted",56.53333282470703,62.41666793823242,9.533333778381348,Number,unit,Total of all violations-Actual incidents,7180.25
Nova Scotia,2003-11,"Index, 201612=100",units,71.8,73.7,72.3,Dollars,units,"Median total income,Both sexes,All age groups",1758.33,,,,,,,,,,,,,Persons,unit,5826.0,16858.0,Persons,thousands,"Both sexes, All age groups, Seasonally adjusted",276.1333312988281,224.8333282470703,304.3166809082031,51.31666564941406,462.6833190917969,28.21666717529297,Percentage,unit,"Both sexes, All age groups, Seasonally adjusted",56.70000076293945,63.099998474121094,10.100000381469727,Number,unit,Total of all violations-Actual incidents,7180.25
Nova Scotia,2003-07,"Index, 201612=100",units,71.8,73.7,72.3,Dollars,units,"Median total income,Both sexes,All age groups",1758.33,,,,,,,,,,,,,Persons,unit,9745.0,93825.0,Persons,thousands,"Both sexes, All age groups, Seasonally adjusted",273.6333312988281,224.8333282470703,300.2166748046875,48.78333282470703,461.5833435058594,26.566667556762695,Percentage,unit,"Both sexes, All age groups, Seasonally adjusted",56.016666412353516,62.13333511352539,9.333333015441895,Number,unit,Total of all violations-Actual incidents,7180.25
Nova Scotia,2003-09,"Index, 201612=100",units,71.8,73.7,72.3,Dollars,units,"Median total income,Both sexes,All age groups",1758.33,,,,,,,,,,,,,Persons,unit,8558.0,123321.0,Persons,thousands,"Both sexes, All age groups, Seasonally adjusted",275.51666259765625,225.11666870117188,302.8500061035156,50.38333511352539,462.1499938964844,27.316667556762695,Percentage,unit,"Both sexes, All age groups, Seasonally adjusted",56.483333587646484,62.63333511352539,9.649999618530273,Number,unit,Total of all violations-Actual incidents,7180.25
Nova Scotia,2003-04,"Index, 201612=100",units,71.5,73.7,72.1,Dollars,units,"Median total income,Both sexes,All age groups",1758.33,,,,,,,,,,,,,Persons,unit,19546.0,32650.0,Persons,thousands,"Both sexes, All age groups, Seasonally adjusted",276.1333312988281,226.38333129882812,300.6333312988281,49.75,460.3999938964844,24.53333282470703,Percentage,unit,"Both sexes, All age groups, Seasonally adjusted",56.75,62.28333282470703,8.800000190734863,Number,unit,Total of all violations-Actual incidents,7180.25
Nova Scotia,2003-10,"Index, 201612=100",units,71.8,73.7,72.3,Dollars,units,"Median total income,Both sexes,All age groups",1758.33,,,,,,,,,,,,,Persons,unit,8276.0,85038.0,Persons,thousands,"Both sexes, All age groups, Seasonally adjusted",275.1666564941406,226.4499969482422,301.73333740234375,48.70000076293945,462.4333190917969,26.549999237060547,Percentage,unit,"Both sexes, All age groups, Seasonally adjusted",56.16666793823242,62.25,9.733333587646484,Number,unit,Total of all violations-Actual incidents,7180.25
Nova Scotia,2003-12,"Index, 201612=100",units,72.6,74.4,73.2,Dollars,units,"Median total income,Both sexes,All age groups",1758.33,,,,,,,,,,,,,Persons,unit,4834.0,16551.0,Persons,thousands,"Both sexes, All age groups, Seasonally adjusted",278.6833190917969,227.23333740234375,304.48333740234375,51.46666717529297,462.8666687011719,25.83333396911621,Percentage,unit,"Both sexes, All age groups, Seasonally adjusted",57.150001525878906,62.96666717529297,9.266666412353516,Number,unit,Total of all violations-Actual incidents,7180.25
Nova Scotia,2003-05,"Index, 201612=100",units,71.8,73.7,72.3,Dollars,units,"Median total income,Both sexes,All age groups",1758.33,,,,,,,,,,,,,Persons,unit,11050.0,46086.0,Persons,thousands,"Both sexes, All age groups, Seasonally adjusted",274.5833435058594,228.36666870117188,300.51666259765625,46.233333587646484,460.75,25.899999618530273,Percentage,unit,"Both sexes, All age groups, Seasonally adjusted",56.28333282470703,62.21666717529297,9.25,Number,unit,Total of all violations-Actual incidents,7180.25
Nova Scotia,2003-06,"Index, 201612=100",units,71.8,73.7,72.3,Dollars,units,"Median total income,Both sexes,All age groups",1758.33,,,,,,,,,,,,,Persons,unit,7344.0,62360.0,Persons,thousands,"Both sexes, All age groups, Seasonally adjusted",274.6333312988281,225.3333282470703,299.8833312988281,49.33333206176758,461.2166748046875,25.21666717529297,Percentage,unit,"Both sexes, All age groups, Seasonally adjusted",56.16666793823242,61.95000076293945,9.199999809265137,Number,unit,Total of all violations-Actual incidents,7180.25
Nova Scotia,2003-01,"Index, 201612=100",units,69.9,73.3,70.7,Dollars,units,"Median total income,Both sexes,All age groups",1758.33,,,,,,,,,,,,,Persons,unit,4781.0,11884.0,Persons,thousands,"Both sexes, All age groups, Seasonally adjusted",273.8500061035156,224.25,300.4666748046875,49.650001525878906,459.54998779296875,26.616666793823242,Percentage,unit,"Both sexes, All age groups, Seasonally adjusted",56.33333206176758,62.29999923706055,9.666666984558105,Number,unit,Total of all violations-Actual incidents,7180.25
Nova Scotia,2003-08,"Index, 201612=100",units,71.8,73.7,72.3,Dollars,units,"Median total income,Both sexes,All age groups",1758.33,,,,,,,,,,,,,Persons,unit,10136.0,100301.0,Persons,thousands,"Both sexes, All age groups, Seasonally adjusted",274.3500061035156,224.3000030517578,304.0666809082031,50.03333282470703,461.8833312988281,29.71666717529297,Percentage,unit,"Both sexes, All age groups, Seasonally adjusted",55.983333587646484,62.75,10.350000381469727,Number,unit,Total of all violations-Actual incidents,7180.25
Quebec,2015-08,"Index, 201612=100",units,99.2,99.36666666666667,99.23333333333333,Dollars,units,"Median total income,Both sexes,All age groups",2682.5,Dollars,unit,Average expenditure per household,679.5,1050.75,8.08,326.92,1044.67,271.58,1129.83,5702.58,4.5,Persons,unit,1059778.0,1580022.0,Persons,thousands,"Both sexes, All age groups, Seasonally adjusted",2619.800048828125,2147.666748046875,2838.2333984375,472.1499938964844,4173.81689453125,218.43333435058594,Percentage,unit,"Both sexes, All age groups, Seasonally adjusted",60.93333435058594,66.48332977294922,8.466666221618652,Number,unit,Total of all violations-Actual incidents,28971.08
Quebec,2015-04,"Index, 201612=100",units,99.53333333333335,99.3,99.36666666666667,Dollars,units,"Median total income,Both sexes,All age groups",2682.5,Dollars,unit,Average expenditure per household,679.5,1050.75,8.08,326.92,1044.67,271.58,1129.83,5702.58,4.5,Persons,unit,644856.0,929103.0,Persons,thousands,"Both sexes, All age groups, Seasonally adjusted",2626.39990234375,2155.36669921875,2829.38330078125,471.04998779296875,4165.4501953125,202.9499969482422,Percentage,unit,"Both sexes, All age groups, Seasonally adjusted",61.150001525878906,66.44999694824219,7.949999809265137,Number,unit,Total of all violations-Actual incidents,28971.08
Quebec,2015-01,"Index, 201612=100",units,99.40000000000002,99.23333333333333,99.3,Dollars,units,"Median total income,Both sexes,All age groups",2682.5,Dollars,unit,Average expenditure per household,679.5,1050.75,8.08,326.92,1044.67,271.58,1129.83,5702.58,4.5,Persons,unit,639960.0,851640.0,Persons,thousands,"Both sexes, All age groups, Seasonally adjusted",2598.36669921875,2113.949951171875,2802.0,484.4333190917969,4160.466796875,203.60000610351562,Percentage,unit,"Both sexes, All age groups, Seasonally adjusted",60.46666717529297,65.73332977294922,7.983333110809326,Number,unit,Total of all violations-Actual incidents,28971.08
Quebec,2015-05,"Index, 201612=100",units,98.96666666666665,99.39999999999999,99.03333333333335,Dollars,units,"Median total income,Both sexes,All age groups",2682.5,Dollars,unit,Average expenditure per household,679.5,1050.75,8.08,326.92,1044.67,271.58,1129.83,5702.58,4.5,Persons,unit,628046.0,979112.0,Persons,thousands,"Both sexes, All age groups, Seasonally adjusted",2619.88330078125,2136.300048828125,2835.416748046875,483.5833435058594,4167.35009765625,215.51666259765625,Percentage,unit,"Both sexes, All age groups, Seasonally adjusted",61.0,66.46666717529297,8.233333587646484,Number,unit,Total of all violations-Actual incidents,28971.08
Quebec,2015-06,"Index, 201612=100",units,99.03333333333335,99.39999999999999,99.10000000000001,Dollars,units,"Median total income,Both sexes,All age groups",2682.5,Dollars,unit,Average expenditure per household,679.5,1050.75,8.08,326.92,1044.67,271.58,1129.83,5702.58,4.5,Persons,unit,612735.0,1075519.0,Persons,thousands,"Both sexes, All age groups, Seasonally adjusted",2608.033447265625,2141.10009765625,2829.666748046875,466.8833312988281,4169.85009765625,221.64999389648438,Percentage,unit,"Both sexes, All age groups, Seasonally adjusted",60.56666564941406,66.16666412353516,8.5,Number,unit,Total of all violations-Actual incidents,28971.08
Quebec,2015-10,"Index, 201612=100",units,99.2,99.73333333333333,99.33333333333333,Dollars,units,"Median total income,Both sexes,All age groups",2682.5,Dollars,unit,Average expenditure per household,679.5,1050.75,8.08,326.92,1044.67,271.58,1129.83,5702.58,4.5,Persons,unit,546458.0,909242.0,Persons,thousands,"Both sexes, All age groups, Seasonally adjusted",2614.0,2131.4833984375,2823.333251953125,482.5,4178.13330078125,209.31666564941406,Percentage,unit,"Both sexes, All age groups, Seasonally adjusted",60.93333435058594,66.26667022705078,7.9666666984558105,Number,unit,Total of all violations-Actual incidents,28971.08
Quebec,2015-07,"Index, 201612=100",units,99.2,99.39999999999999,99.23333333333333,Dollars,units,"Median total income,Both sexes,All age groups",2682.5,Dollars,unit,Average expenditure per household,679.5,1050.75,8.08,326.92,1044.67,271.58,1129.83,5702.58,4.5,Persons,unit,886260.0,1416087.0,Persons,thousands,"Both sexes, All age groups, Seasonally adjusted",2622.433349609375,2150.63330078125,2834.13330078125,471.79998779296875,4171.86669921875,211.6999969482422,Percentage,unit,"Both sexes, All age groups, Seasonally adjusted",61.016666412353516,66.44999694824219,8.233333587646484,Number,unit,Total of all violations-Actual incidents,28971.08
Quebec,2015-11,"Index, 201612=100",units,99.43333333333332,99.73333333333333,99.53333333333335,Dollars,units,"Median total income,Both sexes,All age groups",2682.5,Dollars,unit,Average expenditure per household,679.5,1050.75,8.08,326.92,1044.67,271.58,1129.83,5702.58,4.5,Persons,unit,464691.0,720365.0,Persons,thousands,"Both sexes, All age groups, Seasonally adjusted",2611.64990234375,2153.5166015625,2824.5,458.1499938964844,4179.89990234375,212.85000610351562,Percentage,unit,"Both sexes, All age groups, Seasonally adjusted",60.733333587646484,66.05000305175781,8.100000381469727,Number,unit,Total of all violations-Actual incidents,28971.08
Quebec,2015-03,"Index, 201612=100",units,99.63333333333333,99.3,99.43333333333334,Dollars,units,"Median total income,Both sexes,All age groups",2682.5,Dollars,unit,Average expenditure per household,679.5,1050.75,8.08,326.92,1044.67,271.58,1129.83,5702.58,4.5,Persons,unit,735953.0,980539.0,Persons,thousands,"Both sexes, All age groups, Seasonally adjusted",2618.183349609375,2138.36669921875,2824.11669921875,479.79998779296875,4163.466796875,205.96665954589844,Percentage,unit,"Both sexes, All age groups, Seasonally adjusted",60.96666717529297,66.28333282470703,7.9666666984558105,Number,unit,Total of all violations-Actual incidents,28971.08
Quebec,2015-12,"Index, 201612=100",units,99.40000000000002,99.73333333333333,99.5,Dollars,units,"Median total income,Both sexes,All age groups",2682.5,Dollars,unit,Average expenditure per household,679.5,1050.75,8.08,326.92,1044.67,271.58,1129.83,5702.58,4.5,Persons,unit,476695.0,795294.0,Persons,thousands,"Both sexes, All age groups, Seasonally adjusted",2618.7333984375,2144.39990234375,2835.4833984375,474.3833312988281,4181.5,216.75,Percentage,unit,"Both sexes, All age groups, Seasonally adjusted",60.766666412353516,66.30000305175781,8.316666603088379,Number,unit,Total of all violations-Actual incidents,28971.08
Quebec,2015-02,"Index, 201612=100",units,99.53333333333335,99.3,99.39999999999999,Dollars,units,"Median total income,Both sexes,All age groups",2682.5,Dollars,unit,Average expenditure per household,679.5,1050.75,8.08,326.92,1044.67,271.58,1129.83,5702.58,4.5,Persons,unit,502137.0,734070.0,Persons,thousands,"Both sexes, All age groups, Seasonally adjusted",2613.64990234375,2117.89990234375,2814.300048828125,495.73333740234375,4161.85009765625,200.64999389648438,Percentage,unit,"Both sexes, All age groups, Seasonally adjusted",60.83333206176758,66.03333282470703,7.933333396911621,Number,unit,Total of all violations-Actual incidents,28971.08
Quebec,2015-09,"Index, 201612=100",units,99.2,99.73333333333333,99.33333333333333,Dollars,units,"Median total income,Both sexes,All age groups",2682.5,Dollars,unit,Average expenditure per household,679.5,1050.75,8.08,326.92,1044.67,271.58,1129.83,5702.58,4.5,Persons,unit,622672.0,1020889.0,Persons,thousands,"Both sexes, All age groups, Seasonally adjusted",2618.4833984375,2141.966552734375,2827.5,476.51666259765625,4176.39990234375,209.01666259765625,Percentage,unit,"Both sexes, All age groups, Seasonally adjusted",61.06666564941406,66.36666870117188,8.0,Number,unit,Total of all violations-Actual incidents,28971.08
