province,REF_DATE,uom_houseindex,scalar_houseindex,avg_house_only,avg_land_only,avg_totalhouseland,uom_income,scalar_income,statistic_income,avg_income,uom_expenditure,scalar_expenditure,statistic_expenditure,avg_food_expenditures,avg_income_taxes,avg_mortageinsurance,avg_mortagePaid,avg_accomodation,avg_rent,avg_shelter,avg_total_expenditure,avg_taxes_landregfees,uom_tourist,scalar_tourist,avg_international_tourism,avg_domestic_tourism,uom_labourforce,scalar_labourforce,statistic_labourforce,avg_employment,avg_fulltime,avg_labourforce,avg_parttime,avg_population,avg_unemployment,uom_lfperc,scalar_lfperc,statistic_labourforceperc,avg_employment_rate,avg_participationrate,avg_unemploymentrate,uom_crime,scalar_crime,statistic_crime,avg_crime_incidents
Alberta,2002-02,"Index, 201612=100",units,51.300000000000004,44.96666666666667,48.93333333333333,Dollars,units,"Median total income,Both sexes,All age groups",2091.67,,,,,,,,,,,,,Persons,unit,92498.0,158806.0,Persons,thousands,"Both sexes, All age groups, Seasonally adjusted",1042.7166748046875,868.5,1098.5833740234375,174.23333740234375,1475.683349609375,55.88333511352539,Percentage,unit,"Both sexes, All age groups, Seasonally adjusted",65.8499984741211,69.69999694824219,5.383333206176758,Number,unit,Total of all violations-Actual incidents,26373.0
Alberta,2002-01,"Index, 201612=100",units,50.699999999999996,44.866666666666674,48.43333333333334,Dollars,units,"Median total income,Both sexes,All age groups",2091.67,,,,,,,,,,,,,Persons,unit,89438.0,153486.0,Persons,thousands,"Both sexes, All age groups, Seasonally adjusted",1048.0999755859375,872.7666625976562,1099.0167236328125,175.3333282470703,1472.7667236328125,50.91666793823242,Percentage,unit,"Both sexes, All age groups, Seasonally adjusted",66.28333282470703,69.88333129882812,4.883333206176758,Number,unit,Total of all violations-Actual incidents,26373.0
Alberta,2002-08,"Index, 201612=100",units,53.800000000000004,45.833333333333336,50.86666666666667,Dollars,units,"Median total income,Both sexes,All age groups",2091.67,,,,,,,,,,,,,Persons,unit,114183.0,286481.0,Persons,thousands,"Both sexes, All age groups, Seasonally adjusted",1074.6666259765625,890.7666625976562,1127.933349609375,183.9166717529297,1496.4666748046875,53.266666412353516,Percentage,unit,"Both sexes, All age groups, Seasonally adjusted",67.21666717529297,71.06666564941406,5.300000190734863,Number,unit,Total of all violations-Actual incidents,26373.0
Alberta,2002-03,"Index, 201612=100",units,52.03333333333334,45.06666666666666,49.4,Dollars,units,"Median total income,Both sexes,All age groups",2091.67,,,,,,,,,,,,,Persons,unit,104438.0,188592.0,Persons,thousands,"Both sexes, All age groups, Seasonally adjusted",1048.7667236328125,870.9000244140625,1103.5833740234375,177.88333129882812,1478.8499755859375,54.79999923706055,Percentage,unit,"Both sexes, All age groups, Seasonally adjusted",65.91666412353516,69.8499984741211,5.516666889190674,Number,unit,Total of all violations-Actual incidents,26373.0
Alberta,2002-06,"Index, 201612=100",units,53.333333333333336,45.70000000000001,50.46666666666667,Dollars,units,"Median total income,Both sexes,All age groups",2091.67,,,,,,,,,,,,,Persons,unit,72026.0,211302.0,Persons,thousands,"Both sexes, All age groups, Seasonally adjusted",1059.2166748046875,882.7999877929688,1116.9666748046875,176.36666870117188,1489.9166259765625,57.75,Percentage,unit,"Both sexes, All age groups, Seasonally adjusted",66.43333435058594,70.41666412353516,5.566666603088379,Number,unit,Total of all violations-Actual incidents,26373.0
Alberta,2002-05,"Index, 201612=100",units,52.93333333333334,45.6,50.166666666666664,Dollars,units,"Median total income,Both sexes,All age groups",2091.67,,,,,,,,,,,,,Persons,unit,88078.0,184716.0,Persons,thousands,"Both sexes, All age groups, Seasonally adjusted",1050.38330078125,874.7000122070312,1115.9666748046875,175.68333435058594,1486.4666748046875,65.58333587646484,Percentage,unit,"Both sexes, All age groups, Seasonally adjusted",65.9000015258789,70.4000015258789,6.183333396911621,Number,unit,Total of all violations-Actual incidents,26373.0
Alberta,2002-09,"Index, 201612=100",units,53.96666666666666,46.166666666666664,51.0,Dollars,units,"Median total income,Both sexes,All age groups",2091.67,,,,,,,,,,,,,Persons,unit,81182.0,195518.0,Persons,thousands,"Both sexes, All age groups, Seasonally adjusted",1069.38330078125,891.4166870117188,1128.5999755859375,177.9499969482422,1499.61669921875,59.233333587646484,Percentage,unit,"Both sexes, All age groups, Seasonally adjusted",66.5,70.61666870117188,5.699999809265137,Number,unit,Total of all violations-Actual incidents,26373.0
Alberta,2002-11,"Index, 201612=100",units,54.56666666666666,46.56666666666666,51.6,Dollars,units,"Median total income,Both sexes,All age groups",2091.67,,,,,,,,,,,,,Persons,unit,85668.0,142256.0,Persons,thousands,"Both sexes, All age groups, Seasonally adjusted",1076.7833251953125,897.3333129882812,1132.4666748046875,179.4499969482422,1504.1666259765625,55.68333435058594,Percentage,unit,"Both sexes, All age groups, Seasonally adjusted",66.83333587646484,70.76667022705078,5.349999904632568,Number,unit,Total of all violations-Actual incidents,26373.0
Alberta,2002-07,"Index, 201612=100",units,53.53333333333333,45.73333333333333,50.666666666666664,Dollars,units,"Median total income,Both sexes,All age groups",2091.67,,,,,,,,,,,,,Persons,unit,99496.0,300212.0,Persons,thousands,"Both sexes, All age groups, Seasonally adjusted",1070.0833740234375,889.25,1128.6500244140625,180.81666564941406,1493.9000244140625,58.58333206176758,Percentage,unit,"Both sexes, All age groups, Seasonally adjusted",67.01667022705078,71.08333587646484,5.633333206176758,Number,unit,Total of all violations-Actual incidents,26373.0
Alberta,2002-12,"Index, 201612=100",units,54.900000000000006,46.833333333333336,51.86666666666667,Dollars,units,"Median total income,Both sexes,All age groups",2091.67,,,,,,,,,,,,,Persons,unit,96076.0,176688.0,Persons,thousands,"Both sexes, All age groups, Seasonally adjusted",1082.7332763671875,902.5499877929688,1136.9666748046875,180.18333435058594,1506.3499755859375,54.266666412353516,Percentage,unit,"Both sexes, All age groups, Seasonally adjusted",67.06666564941406,70.81666564941406,5.166666507720947,Number,unit,Total of all violations-Actual incidents,26373.0
Alberta,2002-10,"Index, 201612=100",units,54.06666666666666,46.333333333333336,51.166666666666664,Dollars,units,"Median total income,Both sexes,All age groups",2091.67,,,,,,,,,,,,,Persons,unit,86571.0,159537.0,Persons,thousands,"Both sexes, All age groups, Seasonally adjusted",1071.7332763671875,894.9000244140625,1128.61669921875,176.81666564941406,1501.933349609375,56.88333511352539,Percentage,unit,"Both sexes, All age groups, Seasonally adjusted",66.55000305175781,70.55000305175781,5.550000190734863,Number,unit,Total of all violations-Actual incidents,26373.0
Alberta,2002-04,"Index, 201612=100",units,52.333333333333336,45.06666666666666,49.63333333333333,Dollars,units,"Median total income,Both sexes,All age groups",2091.67,,,,,,,,,,,,,Persons,unit,111328.0,178152.0,Persons,thousands,"Both sexes, All age groups, Seasonally adjusted",1049.86669921875,872.0499877929688,1109.316650390625,177.85000610351562,1483.0833740234375,59.41666793823242,Percentage,unit,"Both sexes, All age groups, Seasonally adjusted",65.91666412353516,70.0,5.699999809265137,Number,unit,Total of all violations-Actual incidents,26373.0
Alberta,2013-08,"Index, 201612=100",units,98.2,95.8,97.33333333333333,Dollars,units,"Median total income,Both sexes,All age groups",3366.67,Dollars,unit,Average expenditure per household,777.33,1787.42,13.75,530.83,1421.58,283.0,1621.58,8432.92,NaN,Persons,unit,273985.0,439690.0,Persons,thousands,"Both sexes, All age groups, Seasonally adjusted",1431.5333251953125,1209.6500244140625,1500.933349609375,221.88333129882812,1977.4000244140625,69.38333129882812,Percentage,unit,"Both sexes, All age groups, Seasonally adjusted",68.93333435058594,72.58333587646484,5.083333492279053,Number,unit,Total of all violations-Actual incidents,26525.83
Alberta,2013-09,"Index, 201612=100",units,98.26666666666665,95.8,97.36666666666667,Dollars,units,"Median total income,Both sexes,All age groups",3366.67,Dollars,unit,Average expenditure per household,777.33,1787.42,13.75,530.83,1421.58,283.0,1621.58,8432.92,NaN,Persons,unit,206433.0,329198.0,Persons,thousands,"Both sexes, All age groups, Seasonally adjusted",1427.1666259765625,1208.13330078125,1490.0167236328125,219.03334045410156,1982.949951171875,62.88333511352539,Percentage,unit,"Both sexes, All age groups, Seasonally adjusted",68.43333435058594,71.73332977294922,4.599999904632568,Number,unit,Total of all violations-Actual incidents,26525.83
Alberta,2013-06,"Index, 201612=100",units,97.5,95.43333333333332,96.73333333333333,Dollars,units,"Median total income,Both sexes,All age groups",3366.67,Dollars,unit,Average expenditure per household,777.33,1787.42,13.75,530.83,1421.58,283.0,1621.58,8432.92,NaN,Persons,unit,185319.0,331339.0,Persons,thousands,"Both sexes, All age groups, Seasonally adjusted",1412.550048828125,1198.86669921875,1481.9666748046875,213.73333740234375,1966.7332763671875,69.43333435058594,Percentage,unit,"Both sexes, All age groups, Seasonally adjusted",68.30000305175781,72.01667022705078,5.266666889190674,Number,unit,Total of all violations-Actual incidents,26525.83
Alberta,2013-02,"Index, 201612=100",units,96.10000000000001,94.63333333333333,95.56666666666668,Dollars,units,"Median total income,Both sexes,All age groups",3366.67,Dollars,unit,Average expenditure per household,777.33,1787.42,13.75,530.83,1421.58,283.0,1621.58,8432.92,NaN,Persons,unit,264552.0,334785.0,Persons,thousands,"Both sexes, All age groups, Seasonally adjusted",1401.0333251953125,1197.9000244140625,1466.3333740234375,203.14999389648438,1944.5333251953125,65.28333282470703,Percentage,unit,"Both sexes, All age groups, Seasonally adjusted",68.18333435058594,71.83333587646484,5.183333396911621,Number,unit,Total of all violations-Actual incidents,26525.83
Alberta,2013-07,"Index, 201612=100",units,97.8,95.53333333333335,96.93333333333332,Dollars,units,"Median total income,Both sexes,All age groups",3366.67,Dollars,unit,Average expenditure per household,777.33,1787.42,13.75,530.83,1421.58,283.0,1621.58,8432.92,NaN,Persons,unit,225581.0,404935.0,Persons,thousands,"Both sexes, All age groups, Seasonally adjusted",1417.3333740234375,1201.183349609375,1483.5833740234375,216.14999389648438,1972.550048828125,66.23332977294922,Percentage,unit,"Both sexes, All age groups, Seasonally adjusted",68.36666870117188,71.88333129882812,4.916666507720947,Number,unit,Total of all violations-Actual incidents,26525.83
Alberta,2013-05,"Index, 201612=100",units,97.16666666666667,95.0,96.36666666666667,Dollars,units,"Median total income,Both sexes,All age groups",3366.67,Dollars,unit,Average expenditure per household,777.33,1787.42,13.75,530.83,1421.58,283.0,1621.58,8432.92,NaN,Persons,unit,241911.0,343870.0,Persons,thousands,"Both sexes, All age groups, Seasonally adjusted",1415.683349609375,1202.316650390625,1479.38330078125,213.38333129882812,1961.8333740234375,63.71666717529297,Percentage,unit,"Both sexes, All age groups, Seasonally adjusted",68.53333282470703,71.96666717529297,4.766666889190674,Number,unit,Total of all violations-Actual incidents,26525.83
Alberta,2013-04,"Index, 201612=100",units,96.86666666666667,94.76666666666665,96.06666666666666,Dollars,units,"Median total income,Both sexes,All age groups",3366.67,Dollars,unit,Average expenditure per household,777.33,1787.42,13.75,530.83,1421.58,283.0,1621.58,8432.92,NaN,Persons,unit,317972.0,395056.0,Persons,thousands,"Both sexes, All age groups, Seasonally adjusted",1405.4000244140625,1213.88330078125,1467.0999755859375,191.51666259765625,1956.6500244140625,61.68333435058594,Percentage,unit,"Both sexes, All age groups, Seasonally adjusted",68.08333587646484,71.44999694824219,4.816666603088379,Number,unit,Total of all violations-Actual incidents,26525.83
Alberta,2013-12,"Index, 201612=100",units,98.53333333333335,95.93333333333332,97.59999999999998,Dollars,units,"Median total income,Both sexes,All age groups",3366.67,Dollars,unit,Average expenditure per household,777.33,1787.42,13.75,530.83,1421.58,283.0,1621.58,8432.92,NaN,Persons,unit,239766.0,322934.0,Persons,thousands,"Both sexes, All age groups, Seasonally adjusted",1428.050048828125,1215.7667236328125,1497.699951171875,212.3000030517578,1995.13330078125,69.63333129882812,Percentage,unit,"Both sexes, All age groups, Seasonally adjusted",67.9000015258789,71.58333587646484,5.233333110809326,Number,unit,Total of all violations-Actual incidents,26525.83
Alberta,2013-01,"Index, 201612=100",units,95.56666666666666,94.36666666666666,95.09999999999998,Dollars,units,"Median total income,Both sexes,All age groups",3366.67,Dollars,unit,Average expenditure per household,777.33,1787.42,13.75,530.83,1421.58,283.0,1621.58,8432.92,NaN,Persons,unit,262985.0,331605.0,Persons,thousands,"Both sexes, All age groups, Seasonally adjusted",1401.550048828125,1191.2332763671875,1465.816650390625,210.3000030517578,1940.2667236328125,64.30000305175781,Percentage,unit,"Both sexes, All age groups, Seasonally adjusted",68.6500015258789,72.11666870117188,4.7833333015441895,Number,unit,Total of all violations-Actual incidents,26525.83
Alberta,2013-10,"Index, 201612=100",units,98.36666666666667,95.76666666666665,97.40000000000002,Dollars,units,"Median total income,Both sexes,All age groups",3366.67,Dollars,unit,Average expenditure per household,777.33,1787.42,13.75,530.83,1421.58,283.0,1621.58,8432.92,NaN,Persons,unit,211032.0,296160.0,Persons,thousands,"Both sexes, All age groups, Seasonally adjusted",1424.2667236328125,1201.7166748046875,1490.449951171875,222.5500030517578,1987.38330078125,66.19999694824219,Percentage,unit,"Both sexes, All age groups, Seasonally adjusted",68.0999984741211,71.55000305175781,4.900000095367432,Number,unit,Total of all violations-Actual incidents,26525.83
Alberta,2013-11,"Index, 201612=100",units,98.40000000000002,95.93333333333332,97.5,Dollars,units,"Median total income,Both sexes,All age groups",3366.67,Dollars,unit,Average expenditure per household,777.33,1787.42,13.75,530.83,1421.58,283.0,1621.58,8432.92,NaN,Persons,unit,235786.0,303717.0,Persons,thousands,"Both sexes, All age groups, Seasonally adjusted",1429.050048828125,1204.050048828125,1498.13330078125,224.98333740234375,1991.4000244140625,69.08333587646484,Percentage,unit,"Both sexes, All age groups, Seasonally adjusted",68.11666870117188,71.80000305175781,5.233333110809326,Number,unit,Total of all violations-Actual incidents,26525.83
Alberta,2013-03,"Index, 201612=100",units,96.36666666666667,94.7,95.73333333333335,Dollars,units,"Median total income,Both sexes,All age groups",3366.67,Dollars,unit,Average expenditure per household,777.33,1787.42,13.75,530.83,1421.58,283.0,1621.58,8432.92,NaN,Persons,unit,306874.0,388999.0,Persons,thousands,"Both sexes, All age groups, Seasonally adjusted",1400.9666748046875,1202.7833251953125,1467.25,198.14999389648438,1949.949951171875,66.28333282470703,Percentage,unit,"Both sexes, All age groups, Seasonally adjusted",68.16666412353516,71.78333282470703,5.099999904632568,Number,unit,Total of all violations-Actual incidents,26525.83
Nova Scotia,1985-09,"Index, 201612=100",units,49.8,50.3,50.2,,,,,,,,,,,,,,,,,Persons,unit,7291.0,49373.0,Persons,thousands,"Both sexes, All age groups, Seasonally adjusted",215.1666717529297,181.39999389648438,246.73333740234375,33.75,404.4666748046875,31.600000381469727,Percentage,unit,"Both sexes, All age groups, Seasonally adjusted",49.88333511352539,57.63333511352539,12.550000190734863,,,,
Nova Scotia,1985-08,"Index, 201612=100",units,49.6,50.3,50.0,,,,,,,,,,,,,,,,,Persons,unit,10570.0,71867.0,Persons,thousands,"Both sexes, All age groups, Seasonally adjusted",215.63333129882812,182.98333740234375,247.89999389648438,32.650001525878906,403.8500061035156,32.28333282470703,Percentage,unit,"Both sexes, All age groups, Seasonally adjusted",50.099998474121094,58.03333282470703,12.850000381469727,,,,
Nova Scotia,1985-02,"Index, 201612=100",units,49.6,48.3,49.5,,,,,,,,,,,,,,,,,Persons,unit,2412.0,11339.0,Persons,thousands,"Both sexes, All age groups, Seasonally adjusted",213.6999969482422,180.73333740234375,245.8000030517578,32.95000076293945,401.8833312988281,32.06666564941406,Percentage,unit,"Both sexes, All age groups, Seasonally adjusted",49.900001525878906,57.88333511352539,13.149999618530273,,,,
Nova Scotia,1985-10,"Index, 201612=100",units,49.9,50.3,50.3,,,,,,,,,,,,,,,,,Persons,unit,5832.0,27666.0,Persons,thousands,"Both sexes, All age groups, Seasonally adjusted",216.53334045410156,182.23333740234375,248.36666870117188,34.29999923706055,404.98333740234375,31.83333396911621,Percentage,unit,"Both sexes, All age groups, Seasonally adjusted",50.21666717529297,58.04999923706055,12.75,,,,
Nova Scotia,1985-01,"Index, 201612=100",units,49.4,47.6,49.3,,,,,,,,,,,,,,,,,Persons,unit,2839.0,10424.0,Persons,thousands,"Both sexes, All age groups, Seasonally adjusted",214.0,180.5833282470703,246.36666870117188,33.400001525878906,401.4666748046875,32.349998474121094,Percentage,unit,"Both sexes, All age groups, Seasonally adjusted",49.983333587646484,57.95000076293945,12.966666221618652,,,,
Nova Scotia,1985-11,"Index, 201612=100",units,50.5,51.1,50.9,,,,,,,,,,,,,,,,,Persons,unit,2963.0,12348.0,Persons,thousands,"Both sexes, All age groups, Seasonally adjusted",216.43333435058594,181.23333740234375,248.96665954589844,35.21666717529297,405.3999938964844,32.516666412353516,Percentage,unit,"Both sexes, All age groups, Seasonally adjusted",50.06666564941406,58.016666412353516,12.866666793823242,,,,
Nova Scotia,1985-06,"Index, 201612=100",units,49.6,50.3,50.0,,,,,,,,,,,,,,,,,Persons,unit,7519.0,48880.0,Persons,thousands,"Both sexes, All age groups, Seasonally adjusted",216.21665954589844,182.6999969482422,247.35000610351562,33.53333282470703,403.25,31.116666793823242,Percentage,unit,"Both sexes, All age groups, Seasonally adjusted",50.33333206176758,58.03333282470703,12.300000190734863,,,,
Nova Scotia,1985-03,"Index, 201612=100",units,49.6,48.5,49.5,,,,,,,,,,,,,,,,,Persons,unit,12219.0,22238.0,Persons,thousands,"Both sexes, All age groups, Seasonally adjusted",213.23333740234375,181.5500030517578,246.86666870117188,31.700000762939453,402.3333435058594,33.61666488647461,Percentage,unit,"Both sexes, All age groups, Seasonally adjusted",49.733333587646484,58.016666412353516,13.550000190734863,,,,
Nova Scotia,1985-05,"Index, 201612=100",units,49.4,50.0,49.9,,,,,,,,,,,,,,,,,Persons,unit,9235.0,26781.0,Persons,thousands,"Both sexes, All age groups, Seasonally adjusted",216.68333435058594,183.63333129882812,248.36666870117188,33.0,403.1333312988281,31.683332443237305,Percentage,unit,"Both sexes, All age groups, Seasonally adjusted",50.45000076293945,58.21666717529297,12.316666603088379,,,,
Nova Scotia,1985-07,"Index, 201612=100",units,49.6,50.3,50.0,,,,,,,,,,,,,,,,,Persons,unit,9498.0,69006.0,Persons,thousands,"Both sexes, All age groups, Seasonally adjusted",214.96665954589844,181.98333740234375,247.76666259765625,32.983333587646484,403.3833312988281,32.79999923706055,Percentage,unit,"Both sexes, All age groups, Seasonally adjusted",50.099998474121094,58.233333587646484,13.116666793823242,,,,
Nova Scotia,1985-12,"Index, 201612=100",units,50.4,51.1,50.9,,,,,,,,,,,,,,,,,Persons,unit,2601.0,10694.0,Persons,thousands,"Both sexes, All age groups, Seasonally adjusted",218.36666870117188,183.5,247.78334045410156,34.849998474121094,405.75,29.41666603088379,Percentage,unit,"Both sexes, All age groups, Seasonally adjusted",50.46666717529297,57.66666793823242,11.833333015441895,,,,
Nova Scotia,1985-04,"Index, 201612=100",units,49.4,50.0,49.9,,,,,,,,,,,,,,,,,Persons,unit,9720.0,20786.0,Persons,thousands,"Both sexes, All age groups, Seasonally adjusted",214.3333282470703,181.71665954589844,246.96665954589844,32.61666488647461,402.8166809082031,32.68333435058594,Percentage,unit,"Both sexes, All age groups, Seasonally adjusted",49.81666564941406,57.88333511352539,13.083333015441895,,,,
Ontario,2010-04,"Index, 201612=100",units,85.84444444444445,94.43333333333334,88.21111111111111,Dollars,units,"Median total income,Both sexes,All age groups",2460.0,Dollars,unit,Average expenditure per household,644.75,1133.83,7.08,430.83,1253.75,255.5,1393.0,6296.33,17.92,Persons,unit,2301689.0,3557081.0,Persons,thousands,"Both sexes, All age groups, Seasonally adjusted",4153.36669921875,3392.199951171875,4544.06689453125,761.183349609375,6535.66650390625,390.75,Percentage,unit,"Both sexes, All age groups, Seasonally adjusted",59.93333435058594,66.23332977294922,9.416666984558105,Number,unit,Total of all violations-Actual incidents,55532.75
Ontario,2010-05,"Index, 201612=100",units,86.0,94.28888888888889,88.28888888888888,Dollars,units,"Median total income,Both sexes,All age groups",2460.0,Dollars,unit,Average expenditure per household,644.75,1133.83,7.08,430.83,1253.75,255.5,1393.0,6296.33,17.92,Persons,unit,2315166.0,3806902.0,Persons,thousands,"Both sexes, All age groups, Seasonally adjusted",4177.93310546875,3420.083251953125,4558.9501953125,757.8499755859375,6543.216796875,381.0,Percentage,unit,"Both sexes, All age groups, Seasonally adjusted",60.18333435058594,66.28333282470703,9.216666221618652,Number,unit,Total of all violations-Actual incidents,55532.75
Ontario,2010-06,"Index, 201612=100",units,86.14444444444445,94.35555555555555,88.40000000000002,Dollars,units,"Median total income,Both sexes,All age groups",2460.0,Dollars,unit,Average expenditure per household,644.75,1133.83,7.08,430.83,1253.75,255.5,1393.0,6296.33,17.92,Persons,unit,1955858.0,3780646.0,Persons,thousands,"Both sexes, All age groups, Seasonally adjusted",4196.35009765625,3427.60009765625,4560.0498046875,768.7000122070312,6553.61669921875,363.73333740234375,Percentage,unit,"Both sexes, All age groups, Seasonally adjusted",60.349998474121094,66.19999694824219,8.816666603088379,Number,unit,Total of all violations-Actual incidents,55532.75
Ontario,2010-11,"Index, 201612=100",units,85.95555555555556,94.14444444444445,88.1888888888889,Dollars,units,"Median total income,Both sexes,All age groups",2460.0,Dollars,unit,Average expenditure per household,644.75,1133.83,7.08,430.83,1253.75,255.5,1393.0,6296.33,17.92,Persons,unit,2290489.0,3423581.0,Persons,thousands,"Both sexes, All age groups, Seasonally adjusted",4208.16650390625,3442.35009765625,4566.89990234375,765.7999877929688,6590.7333984375,358.73333740234375,Percentage,unit,"Both sexes, All age groups, Seasonally adjusted",59.93333435058594,65.66666412353516,8.866666793823242,Number,unit,Total of all violations-Actual incidents,55532.75
Ontario,2010-09,"Index, 201612=100",units,85.83333333333331,93.97777777777777,88.06666666666666,Dollars,units,"Median total income,Both sexes,All age groups",2460.0,Dollars,unit,Average expenditure per household,644.75,1133.83,7.08,430.83,1253.75,255.5,1393.0,6296.33,17.92,Persons,unit,2205848.0,3808292.0,Persons,thousands,"Both sexes, All age groups, Seasonally adjusted",4177.06689453125,3402.60009765625,4572.2998046875,774.4666748046875,6578.88330078125,395.23333740234375,Percentage,unit,"Both sexes, All age groups, Seasonally adjusted",59.63333511352539,65.91666412353516,9.649999618530273,Number,unit,Total of all violations-Actual incidents,55532.75
Ontario,2010-03,"Index, 201612=100",units,85.72222222222223,94.47777777777777,88.14444444444445,Dollars,units,"Median total income,Both sexes,All age groups",2460.0,Dollars,unit,Average expenditure per household,644.75,1133.83,7.08,430.83,1253.75,255.5,1393.0,6296.33,17.92,Persons,unit,2559680.0,3708759.0,Persons,thousands,"Both sexes, All age groups, Seasonally adjusted",4132.83349609375,3382.38330078125,4526.2333984375,750.4500122070312,6528.93310546875,393.3999938964844,Percentage,unit,"Both sexes, All age groups, Seasonally adjusted",59.63333511352539,66.0,9.583333015441895,Number,unit,Total of all violations-Actual incidents,55532.75
Ontario,2010-07,"Index, 201612=100",units,85.61111111111111,93.72222222222223,87.85555555555555,Dollars,units,"Median total income,Both sexes,All age groups",2460.0,Dollars,unit,Average expenditure per household,644.75,1133.83,7.08,430.83,1253.75,255.5,1393.0,6296.33,17.92,Persons,unit,2493852.0,4799191.0,Persons,thousands,"Both sexes, All age groups, Seasonally adjusted",4192.7666015625,3407.683349609375,4571.58349609375,785.1166381835938,6562.283203125,378.8333435058594,Percentage,unit,"Both sexes, All age groups, Seasonally adjusted",60.25,66.21666717529297,9.066666603088379,Number,unit,Total of all violations-Actual incidents,55532.75
Ontario,2010-02,"Index, 201612=100",units,85.21111111111112,94.87777777777778,87.85555555555555,Dollars,units,"Median total income,Both sexes,All age groups",2460.0,Dollars,unit,Average expenditure per household,644.75,1133.83,7.08,430.83,1253.75,255.5,1393.0,6296.33,17.92,Persons,unit,1833957.0,2782264.0,Persons,thousands,"Both sexes, All age groups, Seasonally adjusted",4138.5498046875,3406.566650390625,4536.25,731.9833374023438,6522.36669921875,397.6833190917969,Percentage,unit,"Both sexes, All age groups, Seasonally adjusted",59.71666717529297,66.18333435058594,9.716666221618652,Number,unit,Total of all violations-Actual incidents,55532.75
Ontario,2010-08,"Index, 201612=100",units,85.8,93.97777777777776,88.03333333333333,Dollars,units,"Median total income,Both sexes,All age groups",2460.0,Dollars,unit,Average expenditure per household,644.75,1133.83,7.08,430.83,1253.75,255.5,1393.0,6296.33,17.92,Persons,unit,2822125.0,4928274.0,Persons,thousands,"Both sexes, All age groups, Seasonally adjusted",4190.2666015625,3400.11669921875,4587.64990234375,790.1500244140625,6571.9833984375,397.3500061035156,Percentage,unit,"Both sexes, All age groups, Seasonally adjusted",60.16666793823242,66.55000305175781,9.566666603088379,Number,unit,Total of all violations-Actual incidents,55532.75
Ontario,2010-10,"Index, 201612=100",units,85.91111111111111,94.1111111111111,88.14444444444445,Dollars,units,"Median total income,Both sexes,All age groups",2460.0,Dollars,unit,Average expenditure per household,644.75,1133.83,7.08,430.83,1253.75,255.5,1393.0,6296.33,17.92,Persons,unit,2294696.0,3697998.0,Persons,thousands,"Both sexes, All age groups, Seasonally adjusted",4189.2001953125,3429.583251953125,4553.63330078125,759.5999755859375,6585.033203125,364.3999938964844,Percentage,unit,"Both sexes, All age groups, Seasonally adjusted",59.733333587646484,65.63333129882812,9.066666603088379,Number,unit,Total of all violations-Actual incidents,55532.75
Ontario,2010-12,"Index, 201612=100",units,85.80000000000001,94.22222222222223,88.13333333333334,Dollars,units,"Median total income,Both sexes,All age groups",2460.0,Dollars,unit,Average expenditure per household,644.75,1133.83,7.08,430.83,1253.75,255.5,1393.0,6296.33,17.92,Persons,unit,2289089.0,3463107.0,Persons,thousands,"Both sexes, All age groups, Seasonally adjusted",4217.7666015625,3454.4833984375,4574.93310546875,763.2666625976562,6596.0,357.1666564941406,Percentage,unit,"Both sexes, All age groups, Seasonally adjusted",60.233333587646484,65.98332977294922,8.733333587646484,Number,unit,Total of all violations-Actual incidents,55532.75
Ontario,2010-01,"Index, 201612=100",units,84.74444444444445,95.10000000000001,87.53333333333333,Dollars,units,"Median total income,Both sexes,All age groups",2460.0,Dollars,unit,Average expenditure per household,644.75,1133.83,7.08,430.83,1253.75,255.5,1393.0,6296.33,17.92,Persons,unit,2041224.0,3020175.0,Persons,thousands,"Both sexes, All age groups, Seasonally adjusted",4141.2001953125,3400.916748046875,4536.2001953125,740.2999877929688,6516.11669921875,394.95001220703125,Percentage,unit,"Both sexes, All age groups, Seasonally adjusted",59.86666488647461,66.25,9.633333206176758,Number,unit,Total of all violations-Actual incidents,55532.75
