province,REF_DATE,uom_houseindex,scalar_houseindex,avg_house_only,avg_land_only,avg_totalhouseland,uom_income,scalar_income,statistic_income,avg_income,uom_expenditure,scalar_expenditure,statistic_expenditure,avg_food_expenditures,avg_income_taxes,avg_mortageinsurance,avg_mortagePaid,avg_accomodation,avg_rent,avg_shelter,avg_total_expenditure,avg_taxes_landregfees,uom_tourist,scalar_tourist,avg_international_tourism,avg_domestic_tourism,uom_labourforce,scalar_labourforce,statistic_labourforce,avg_employment,avg_fulltime,avg_labourforce,avg_parttime,avg_population,avg_unemployment,uom_lfperc,scalar_lfperc,statistic_labourforceperc,avg_employment_rate,avg_participationrate,avg_unemploymentrate,uom_crime,scalar_crime,statistic_crime,avg_crime_incidents
Nova Scotia,2002-11,"Index, 201612=100",units,69.2,72.5,70.0,Dollars,units,"Median total income,Both sexes,All age groups",1691.67,,,,,,,,,,,,,Persons,unit,4901.0,13334.0,Persons,thousands,"Both sexes, All age groups, Seasonally adjusted",273.3500061035156,223.86666870117188,299.48333740234375,49.5,459.1166687011719,26.133333206176758,Percentage,unit,"Both sexes, All age groups, Seasonally adjusted",55.83333206176758,61.900001525878906,9.683333396911621,Number,unit,Total of all violations-Actual incidents,6580.92
Nova Scotia,2002-02,"Index, 201612=100",units,67.6,70.8,68.3,Dollars,units,"Median total income,Both sexes,All age groups",1691.67,,,,,,,,,,,,,Persons,unit,8986.0,17246.0,Persons,thousands,"Both sexes, All age groups, Seasonally adjusted",267.54998779296875,221.71665954589844,296.48333740234375,45.81666564941406,456.54998779296875,28.933332443237305,Percentage,unit,"Both sexes, All age groups, Seasonally adjusted",54.36666488647461,61.20000076293945,11.083333015441895,Number,unit,Total of all violations-Actual incidents,6580.92
Nova Scotia,2002-03,"Index, 201612=100",units,67.6,70.8,68.3,Dollars,units,"Median total income,Both sexes,All age groups",1691.67,,,,,,,,,,,,,Persons,unit,16562.0,25735.0,Persons,thousands,"Both sexes, All age groups, Seasonally adjusted",268.1833190917969,220.6666717529297,294.8999938964844,47.516666412353516,456.8333435058594,26.700000762939453,Percentage,unit,"Both sexes, All age groups, Seasonally adjusted",54.650001525878906,60.733333587646484,9.983333587646484,Number,unit,Total of all violations-Actual incidents,6580.92
Nova Scotia,2002-09,"Index, 201612=100",units,68.8,71.4,69.4,Dollars,units,"Median total income,Both sexes,All age groups",1691.67,,,,,,,,,,,,,Persons,unit,7309.0,101527.0,Persons,thousands,"Both sexes, All age groups, Seasonally adjusted",270.5,220.6999969482422,297.7833251953125,49.81666564941406,458.6833190917969,27.316667556762695,Percentage,unit,"Both sexes, All age groups, Seasonally adjusted",55.29999923706055,61.66666793823242,9.916666984558105,Number,unit,Total of all violations-Actual incidents,6580.92
Nova Scotia,2002-12,"Index, 201612=100",units,69.2,72.5,70.0,Dollars,units,"Median total income,Both sexes,All age groups",1691.67,,,,,,,,,,,,,Persons,unit,4404.0,14183.0,Persons,thousands,"Both sexes, All age groups, Seasonally adjusted",273.0666809082031,224.78334045410156,299.3666687011719,48.266666412353516,459.3166809082031,26.299999237060547,Percentage,unit,"Both sexes, All age groups, Seasonally adjusted",55.93333435058594,61.900001525878906,9.516666412353516,Number,unit,Total of all violations-Actual incidents,6580.92
Nova Scotia,2002-05,"Index, 201612=100",units,68.5,70.8,69.1,Dollars,units,"Median total income,Both sexes,All age groups",1691.67,,,,,,,,,,,,,Persons,unit,12338.0,51090.0,Persons,thousands,"Both sexes, All age groups, Seasonally adjusted",269.8166809082031,222.64999389648438,298.8333435058594,47.18333435058594,457.54998779296875,29.0,Percentage,unit,"Both sexes, All age groups, Seasonally adjusted",55.233333587646484,61.849998474121094,10.449999809265137,Number,unit,Total of all violations-Actual incidents,6580.92
Nova Scotia,2002-04,"Index, 201612=100",units,68.4,70.8,69.0,Dollars,units,"Median total income,Both sexes,All age groups",1691.67,,,,,,,,,,,,,Persons,unit,16732.0,27331.0,Persons,thousands,"Both sexes, All age groups, Seasonally adjusted",268.70001220703125,222.14999389648438,295.75,46.54999923706055,457.1666564941406,27.066667556762695,Percentage,unit,"Both sexes, All age groups, Seasonally adjusted",54.900001525878906,61.04999923706055,9.933333396911621,Number,unit,Total of all violations-Actual incidents,6580.92
Nova Scotia,2002-08,"Index, 201612=100",units,68.7,71.4,69.4,Dollars,units,"Median total income,Both sexes,All age groups",1691.67,,,,,,,,,,,,,Persons,unit,9697.0,95901.0,Persons,thousands,"Both sexes, All age groups, Seasonally adjusted",271.6000061035156,222.86666870117188,299.1000061035156,48.75,458.3333435058594,27.5,Percentage,unit,"Both sexes, All age groups, Seasonally adjusted",55.81666564941406,61.93333435058594,9.766666412353516,Number,unit,Total of all violations-Actual incidents,6580.92
Nova Scotia,2002-10,"Index, 201612=100",units,68.8,71.4,69.4,Dollars,units,"Median total income,Both sexes,All age groups",1691.67,,,,,,,,,,,,,Persons,unit,7689.0,70515.0,Persons,thousands,"Both sexes, All age groups, Seasonally adjusted",271.9666748046875,223.5500030517578,298.6333312988281,48.400001525878906,458.8999938964844,26.683332443237305,Percentage,unit,"Both sexes, All age groups, Seasonally adjusted",55.599998474121094,61.75,9.75,Number,unit,Total of all violations-Actual incidents,6580.92
Nova Scotia,2002-06,"Index, 201612=100",units,68.5,70.8,69.1,Dollars,units,"Median total income,Both sexes,All age groups",1691.67,,,,,,,,,,,,,Persons,unit,8121.0,65765.0,Persons,thousands,"Both sexes, All age groups, Seasonally adjusted",269.6000061035156,222.0,296.7166748046875,47.58333206176758,457.79998779296875,27.116666793823242,Percentage,unit,"Both sexes, All age groups, Seasonally adjusted",55.29999923706055,61.46666717529297,9.600000381469727,Number,unit,Total of all violations-Actual incidents,6580.92
Nova Scotia,2002-07,"Index, 201612=100",units,68.7,71.4,69.3,Dollars,units,"Median total income,Both sexes,All age groups",1691.67,,,,,,,,,,,,,Persons,unit,9465.0,101617.0,Persons,thousands,"Both sexes, All age groups, Seasonally adjusted",267.8333435058594,221.4499969482422,296.45001220703125,46.400001525878906,458.0333251953125,28.616666793823242,Percentage,unit,"Both sexes, All age groups, Seasonally adjusted",54.66666793823242,61.20000076293945,10.300000190734863,Number,unit,Total of all violations-Actual incidents,6580.92
Nova Scotia,2002-01,"Index, 201612=100",units,67.6,70.8,68.3,Dollars,units,"Median total income,Both sexes,All age groups",1691.67,,,,,,,,,,,,,Persons,unit,5237.0,12345.0,Persons,thousands,"Both sexes, All age groups, Seasonally adjusted",268.6333312988281,221.13333129882812,296.6333312988281,47.516666412353516,456.3833312988281,28.0,Percentage,unit,"Both sexes, All age groups, Seasonally adjusted",54.81666564941406,61.38333511352539,10.649999618530273,Number,unit,Total of all violations-Actual incidents,6580.92
Ontario,1992-08,"Index, 201612=100",units,57.67777777777778,80.7,63.199999999999996,,,,,,,,,,,,,,,,,Persons,unit,3949636.0,7502885.0,Persons,thousands,"Both sexes, All age groups, Seasonally adjusted",3125.0,2577.25,3508.7333984375,547.7333374023438,5047.2998046875,383.76666259765625,Percentage,unit,"Both sexes, All age groups, Seasonally adjusted",57.5,65.23332977294922,11.550000190734863,,,,
Ontario,1992-04,"Index, 201612=100",units,57.955555555555556,80.7,63.455555555555556,,,,,,,,,,,,,,,,,Persons,unit,3077430.0,4884416.0,Persons,thousands,"Both sexes, All age groups, Seasonally adjusted",3139.7333984375,2605.4833984375,3495.4833984375,534.2666625976562,5024.58349609375,355.75,Percentage,unit,"Both sexes, All age groups, Seasonally adjusted",58.099998474121094,65.25,10.616666793823242,,,,
Ontario,1992-06,"Index, 201612=100",units,57.77777777777778,80.83333333333333,63.333333333333336,,,,,,,,,,,,,,,,,Persons,unit,2935390.0,5753302.0,Persons,thousands,"Both sexes, All age groups, Seasonally adjusted",3140.699951171875,2613.25,3510.316650390625,527.4666748046875,5038.0166015625,369.6166687011719,Percentage,unit,"Both sexes, All age groups, Seasonally adjusted",57.86666488647461,65.38333129882812,11.283333778381348,,,,
Ontario,1992-03,"Index, 201612=100",units,58.199999999999996,80.9,63.70000000000001,,,,,,,,,,,,,,,,,Persons,unit,3211986.0,4796249.0,Persons,thousands,"Both sexes, All age groups, Seasonally adjusted",3144.2666015625,2600.083251953125,3497.833251953125,544.183349609375,5017.63330078125,353.5833435058594,Percentage,unit,"Both sexes, All age groups, Seasonally adjusted",58.33333206176758,65.36666870117188,10.466666221618652,,,,
Ontario,1992-02,"Index, 201612=100",units,58.25555555555555,80.8888888888889,63.6888888888889,,,,,,,,,,,,,,,,,Persons,unit,2581985.0,4021637.0,Persons,thousands,"Both sexes, All age groups, Seasonally adjusted",3157.550048828125,2616.466552734375,3492.666748046875,541.066650390625,5009.36669921875,335.1499938964844,Percentage,unit,"Both sexes, All age groups, Seasonally adjusted",58.68333435058594,65.3499984741211,9.850000381469727,,,,
Ontario,1992-01,"Index, 201612=100",units,58.455555555555556,81.05555555555557,63.94444444444444,,,,,,,,,,,,,,,,,Persons,unit,2734923.0,4163977.0,Persons,thousands,"Both sexes, All age groups, Seasonally adjusted",3164.25,2628.7666015625,3493.25,535.5,5004.10009765625,329.0,Percentage,unit,"Both sexes, All age groups, Seasonally adjusted",58.96666717529297,65.55000305175781,9.733333587646484,,,,
Ontario,1992-11,"Index, 201612=100",units,57.56666666666667,80.38888888888889,62.98888888888889,,,,,,,,,,,,,,,,,Persons,unit,2655905.0,4333533.0,Persons,thousands,"Both sexes, All age groups, Seasonally adjusted",3130.38330078125,2585.449951171875,3525.88330078125,544.9500122070312,5062.93310546875,395.45001220703125,Percentage,unit,"Both sexes, All age groups, Seasonally adjusted",57.43333435058594,65.21666717529297,11.850000381469727,,,,
Ontario,1992-05,"Index, 201612=100",units,57.72222222222222,80.72222222222223,63.25555555555555,,,,,,,,,,,,,,,,,Persons,unit,3169140.0,5568307.0,Persons,thousands,"Both sexes, All age groups, Seasonally adjusted",3142.9833984375,2599.64990234375,3504.533447265625,543.3666381835938,5031.2666015625,361.5333251953125,Percentage,unit,"Both sexes, All age groups, Seasonally adjusted",58.11666488647461,65.38333129882812,10.75,,,,
Ontario,1992-09,"Index, 201612=100",units,57.55555555555556,80.78888888888888,63.14444444444444,,,,,,,,,,,,,,,,,Persons,unit,3085520.0,5536812.0,Persons,thousands,"Both sexes, All age groups, Seasonally adjusted",3118.333251953125,2589.300048828125,3510.14990234375,529.0833129882812,5053.5,391.7833251953125,Percentage,unit,"Both sexes, All age groups, Seasonally adjusted",57.31666564941406,65.23332977294922,11.916666984558105,,,,
Ontario,1992-12,"Index, 201612=100",units,57.41111111111112,80.38888888888889,62.87777777777777,,,,,,,,,,,,,,,,,Persons,unit,2421403.0,4059986.0,Persons,thousands,"Both sexes, All age groups, Seasonally adjusted",3132.0166015625,2584.033447265625,3520.816650390625,547.9500122070312,5067.83349609375,388.7833251953125,Percentage,unit,"Both sexes, All age groups, Seasonally adjusted",57.33333206176758,65.01667022705078,11.633333206176758,,,,
Ontario,1992-10,"Index, 201612=100",units,57.44444444444444,80.76666666666665,63.03333333333333,,,,,,,,,,,,,,,,,Persons,unit,2851111.0,4922902.0,Persons,thousands,"Both sexes, All age groups, Seasonally adjusted",3123.60009765625,2583.533447265625,3508.4833984375,540.066650390625,5058.36669921875,384.8666687011719,Percentage,unit,"Both sexes, All age groups, Seasonally adjusted",57.38333511352539,65.03333282470703,11.683333396911621,,,,
Ontario,1992-07,"Index, 201612=100",units,57.72222222222222,80.84444444444445,63.24444444444444,,,,,,,,,,,,,,,,,Persons,unit,3723425.0,7317244.0,Persons,thousands,"Both sexes, All age groups, Seasonally adjusted",3141.2666015625,2594.61669921875,3505.183349609375,546.6500244140625,5042.716796875,363.8999938964844,Percentage,unit,"Both sexes, All age groups, Seasonally adjusted",57.83333206176758,65.1500015258789,11.033333778381348,,,,
