province,REF_DATE,uom_houseindex,scalar_houseindex,avg_house_only,avg_land_only,avg_totalhouseland,uom_income,scalar_income,statistic_income,avg_income,uom_expenditure,scalar_expenditure,statistic_expenditure,avg_food_expenditures,avg_income_taxes,avg_mortageinsurance,avg_mortagePaid,avg_accomodation,avg_rent,avg_shelter,avg_total_expenditure,avg_taxes_landregfees,uom_tourist,scalar_tourist,avg_international_tourism,avg_domestic_tourism,uom_labourforce,scalar_labourforce,statistic_labourforce,avg_employment,avg_fulltime,avg_labourforce,avg_parttime,avg_population,avg_unemployment,uom_lfperc,scalar_lfperc,statistic_labourforceperc,avg_employment_rate,avg_participationrate,avg_unemploymentrate,uom_crime,scalar_crime,statistic_crime,avg_crime_incidents
British Columbia,2001-02,"Index, 201612=100",units,80.6,75.76666666666667,76.76666666666667,Dollars,units,"Median total income,Both sexes,All age groups",1841.67,,,,,,,,,,,,,Persons,unit,594017.0,1173049.0,Persons,thousands,"Both sexes, All age groups, Seasonally adjusted",1236.6666259765625,1002.5499877929688,1332.38330078125,234.11666870117188,1986.1666259765625,95.75,Percentage,unit,"Both sexes, All age groups, Seasonally adjusted",57.650001525878906,62.61666488647461,7.833333492279053,Number,unit,Total of all violations-Actual incidents,42521.0
British Columbia,2001-05,"Index, 201612=100",units,80.96666666666667,75.76666666666667,77.03333333333335,Dollars,units,"Median total income,Both sexes,All age groups",1841.67,,,,,,,,,,,,,Persons,unit,807809.0,1744906.0,Persons,thousands,"Both sexes, All age groups, Seasonally adjusted",1248.2833251953125,986.566650390625,1336.13330078125,261.73333740234375,1993.816650390625,87.86666870117188,Percentage,unit,"Both sexes, All age groups, Seasonally adjusted",57.983333587646484,62.43333435058594,6.983333110809326,Number,unit,Total of all violations-Actual incidents,42521.0
British Columbia,2001-12,"Index, 201612=100",units,82.33333333333333,75.83333333333333,77.96666666666667,Dollars,units,"Median total income,Both sexes,All age groups",1841.67,,,,,,,,,,,,,Persons,unit,464398.0,1052883.0,Persons,thousands,"Both sexes, All age groups, Seasonally adjusted",1212.5167236328125,958.4833374023438,1340.683349609375,254.03334045410156,2004.7166748046875,128.1999969482422,Percentage,unit,"Both sexes, All age groups, Seasonally adjusted",56.11666488647461,62.5,10.199999809265137,Number,unit,Total of all violations-Actual incidents,42521.0
British Columbia,2001-07,"Index, 201612=100",units,81.5,75.83333333333333,77.39999999999999,Dollars,units,"Median total income,Both sexes,All age groups",1841.67,,,,,,,,,,,,,Persons,unit,977606.0,2342903.0,Persons,thousands,"Both sexes, All age groups, Seasonally adjusted",1230.7833251953125,977.0333251953125,1328.449951171875,253.73333740234375,1998.5,97.66666412353516,Percentage,unit,"Both sexes, All age groups, Seasonally adjusted",57.099998474121094,62.03333282470703,7.800000190734863,Number,unit,Total of all violations-Actual incidents,42521.0
British Columbia,2001-03,"Index, 201612=100",units,80.76666666666667,75.76666666666667,76.86666666666667,Dollars,units,"Median total income,Both sexes,All age groups",1841.67,,,,,,,,,,,,,Persons,unit,760688.0,1447104.0,Persons,thousands,"Both sexes, All age groups, Seasonally adjusted",1245.5167236328125,1001.7666625976562,1332.7667236328125,243.73333740234375,1988.316650390625,87.25,Percentage,unit,"Both sexes, All age groups, Seasonally adjusted",58.04999923706055,62.68333435058594,7.383333206176758,Number,unit,Total of all violations-Actual incidents,42521.0
British Columbia,2001-01,"Index, 201612=100",units,80.3,75.76666666666667,76.56666666666666,Dollars,units,"Median total income,Both sexes,All age groups",1841.67,,,,,,,,,,,,,Persons,unit,664429.0,1217460.0,Persons,thousands,"Both sexes, All age groups, Seasonally adjusted",1233.2667236328125,996.5166625976562,1325.8333740234375,236.73333740234375,1984.0833740234375,92.56666564941406,Percentage,unit,"Both sexes, All age groups, Seasonally adjusted",57.5,62.33333206176758,7.650000095367432,Number,unit,Total of all violations-Actual incidents,42521.0
British Columbia,2001-04,"Index, 201612=100",units,80.83333333333333,75.76666666666667,76.86666666666667,Dollars,units,"Median total income,Both sexes,All age groups",1841.67,,,,,,,,,,,,,Persons,unit,775097.0,1475162.0,Persons,thousands,"Both sexes, All age groups, Seasonally adjusted",1239.6666259765625,993.9833374023438,1331.199951171875,245.68333435058594,1991.199951171875,91.51667022705078,Percentage,unit,"Both sexes, All age groups, Seasonally adjusted",57.650001525878906,62.43333435058594,7.5333333015441895,Number,unit,Total of all violations-Actual incidents,42521.0
British Columbia,2001-06,"Index, 201612=100",units,81.06666666666666,75.76666666666667,77.10000000000001,Dollars,units,"Median total income,Both sexes,All age groups",1841.67,,,,,,,,,,,,,Persons,unit,768626.0,1891294.0,Persons,thousands,"Both sexes, All age groups, Seasonally adjusted",1232.9000244140625,991.2333374023438,1329.4666748046875,241.64999389648438,1996.38330078125,96.58333587646484,Percentage,unit,"Both sexes, All age groups, Seasonally adjusted",57.20000076293945,62.06666564941406,7.666666507720947,Number,unit,Total of all violations-Actual incidents,42521.0
British Columbia,2001-09,"Index, 201612=100",units,81.8,75.83333333333333,77.63333333333334,Dollars,units,"Median total income,Both sexes,All age groups",1841.67,,,,,,,,,,,,,Persons,unit,580794.0,1428423.0,Persons,thousands,"Both sexes, All age groups, Seasonally adjusted",1224.800048828125,980.8499755859375,1324.4000244140625,243.9166717529297,2001.199951171875,99.5999984741211,Percentage,unit,"Both sexes, All age groups, Seasonally adjusted",56.75,61.78333282470703,8.100000381469727,Number,unit,Total of all violations-Actual incidents,42521.0
British Columbia,2001-11,"Index, 201612=100",units,82.33333333333333,75.83333333333333,78.0,Dollars,units,"Median total income,Both sexes,All age groups",1841.67,,,,,,,,,,,,,Persons,unit,433866.0,906321.0,Persons,thousands,"Both sexes, All age groups, Seasonally adjusted",1219.8333740234375,970.5,1330.13330078125,249.31666564941406,2003.61669921875,110.30000305175781,Percentage,unit,"Both sexes, All age groups, Seasonally adjusted",56.28333282470703,61.91666793823242,9.066666603088379,Number,unit,Total of all violations-Actual incidents,42521.0
British Columbia,2001-08,"Index, 201612=100",units,81.63333333333334,75.83333333333333,77.5,Dollars,units,"Median total income,Both sexes,All age groups",1841.67,,,,,,,,,,,,,Persons,unit,1038670.0,2428400.0,Persons,thousands,"Both sexes, All age groups, Seasonally adjusted",1221.3499755859375,981.4000244140625,1325.4666748046875,239.93333435058594,1999.9166259765625,104.11666870117188,Percentage,unit,"Both sexes, All age groups, Seasonally adjusted",56.54999923706055,61.91666793823242,8.550000190734863,Number,unit,Total of all violations-Actual incidents,42521.0
British Columbia,2001-10,"Index, 201612=100",units,82.1,75.83333333333333,77.86666666666666,Dollars,units,"Median total income,Both sexes,All age groups",1841.67,,,,,,,,,,,,,Persons,unit,462625.0,972074.0,Persons,thousands,"Both sexes, All age groups, Seasonally adjusted",1215.6666259765625,973.0833129882812,1321.5,242.60000610351562,2002.3499755859375,105.83333587646484,Percentage,unit,"Both sexes, All age groups, Seasonally adjusted",56.233333587646484,61.650001525878906,8.716666221618652,Number,unit,Total of all violations-Actual incidents,42521.0
