province,REF_DATE,uom_houseindex,scalar_houseindex,avg_house_only,avg_land_only,avg_totalhouseland,uom_income,scalar_income,statistic_income,avg_income,uom_expenditure,scalar_expenditure,statistic_expenditure,avg_food_expenditures,avg_income_taxes,avg_mortageinsurance,avg_mortagePaid,avg_accomodation,avg_rent,avg_shelter,avg_total_expenditure,avg_taxes_landregfees,uom_tourist,scalar_tourist,avg_international_tourism,avg_domestic_tourism,uom_labourforce,scalar_labourforce,statistic_labourforce,avg_employment,avg_fulltime,avg_labourforce,avg_parttime,avg_population,avg_unemployment,uom_lfperc,scalar_lfperc,statistic_labourforceperc,avg_employment_rate,avg_participationrate,avg_unemploymentrate,uom_crime,scalar_crime,statistic_crime,avg_crime_incidents
Manitoba,2006-02,"Index, 201612=100",units,65.0,48.3,60.2,Dollars,units,"Median total income,Both sexes,All age groups",2091.67,,,,,,,,,,,,,Persons,unit,91971.0,140554.0,Persons,thousands,"Both sexes, All age groups, Seasonally adjusted",368.4666748046875,299.51666259765625,384.6333312988281,68.94999694824219,542.2000122070312,16.149999618530273,Percentage,unit,"Both sexes, All age groups, Seasonally adjusted",65.26667022705078,68.43333435058594,4.516666889190674,Number,unit,Total of all violations-Actual incidents,12153.92
Manitoba,2006-05,"Index, 201612=100",units,66.6,50.7,62.0,Dollars,units,"Median total income,Both sexes,All age groups",2091.67,,,,,,,,,,,,,Persons,unit,101385.0,172750.0,Persons,thousands,"Both sexes, All age groups, Seasonally adjusted",369.45001220703125,305.01666259765625,383.7166748046875,64.44999694824219,543.6333618164062,14.233333587646484,Percentage,unit,"Both sexes, All age groups, Seasonally adjusted",65.01667022705078,67.9000015258789,4.133333206176758,Number,unit,Total of all violations-Actual incidents,12153.92
Manitoba,2006-11,"Index, 201612=100",units,68.7,52.3,64.0,Dollars,units,"Median total income,Both sexes,All age groups",2091.67,,,,,,,,,,,,,Persons,unit,89575.0,141412.0,Persons,thousands,"Both sexes, All age groups, Seasonally adjusted",369.6666564941406,302.0333251953125,387.0666809082031,67.61666870117188,545.1333618164062,17.383333206176758,Percentage,unit,"Both sexes, All age groups, Seasonally adjusted",64.76667022705078,68.3499984741211,5.133333206176758,Number,unit,Total of all violations-Actual incidents,12153.92
Manitoba,2006-10,"Index, 201612=100",units,68.6,51.4,63.6,Dollars,units,"Median total income,Both sexes,All age groups",2091.67,,,,,,,,,,,,,Persons,unit,100391.0,165817.0,Persons,thousands,"Both sexes, All age groups, Seasonally adjusted",370.04998779296875,300.7166748046875,385.6666564941406,69.33333587646484,544.8499755859375,15.633333206176758,Percentage,unit,"Both sexes, All age groups, Seasonally adjusted",64.94999694824219,68.08333587646484,4.5,Number,unit,Total of all violations-Actual incidents,12153.92
Manitoba,2006-09,"Index, 201612=100",units,68.3,50.8,63.2,Dollars,units,"Median total income,Both sexes,All age groups",2091.67,,,,,,,,,,,,,Persons,unit,108772.0,177694.0,Persons,thousands,"Both sexes, All age groups, Seasonally adjusted",370.8999938964844,301.73333740234375,386.8999938964844,69.16666412353516,544.6166381835938,16.016666412353516,Percentage,unit,"Both sexes, All age groups, Seasonally adjusted",65.11666870117188,68.36666870117188,4.733333110809326,Number,unit,Total of all violations-Actual incidents,12153.92
Manitoba,2006-01,"Index, 201612=100",units,64.6,48.3,59.9,Dollars,units,"Median total income,Both sexes,All age groups",2091.67,,,,,,,,,,,,,Persons,unit,97249.0,149066.0,Persons,thousands,"Both sexes, All age groups, Seasonally adjusted",367.3500061035156,296.8166809082031,383.8666687011719,70.51667022705078,541.8666381835938,16.53333282470703,Percentage,unit,"Both sexes, All age groups, Seasonally adjusted",64.98332977294922,68.23332977294922,4.733333110809326,Number,unit,Total of all violations-Actual incidents,12153.92
Manitoba,2006-07,"Index, 201612=100",units,67.5,50.8,62.7,Dollars,units,"Median total income,Both sexes,All age groups",2091.67,,,,,,,,,,,,,Persons,unit,148120.0,246956.0,Persons,thousands,"Both sexes, All age groups, Seasonally adjusted",369.26666259765625,300.3166809082031,386.0333251953125,68.9000015258789,544.2999877929688,16.766666412353516,Percentage,unit,"Both sexes, All age groups, Seasonally adjusted",64.69999694824219,68.11666870117188,5.016666889190674,Number,unit,Total of all violations-Actual incidents,12153.92
Manitoba,2006-08,"Index, 201612=100",units,67.7,50.8,62.8,Dollars,units,"Median total income,Both sexes,All age groups",2091.67,,,,,,,,,,,,,Persons,unit,157364.0,245108.0,Persons,thousands,"Both sexes, All age groups, Seasonally adjusted",370.5833435058594,300.73333740234375,386.9666748046875,69.83333587646484,544.3499755859375,16.41666603088379,Percentage,unit,"Both sexes, All age groups, Seasonally adjusted",65.08333587646484,68.41666412353516,4.800000190734863,Number,unit,Total of all violations-Actual incidents,12153.92
Manitoba,2006-04,"Index, 201612=100",units,65.7,50.5,61.3,Dollars,units,"Median total income,Both sexes,All age groups",2091.67,,,,,,,,,,,,,Persons,unit,104936.0,161807.0,Persons,thousands,"Both sexes, All age groups, Seasonally adjusted",368.6499938964844,300.8666687011719,385.5,67.80000305175781,543.0333251953125,16.850000381469727,Percentage,unit,"Both sexes, All age groups, Seasonally adjusted",65.01667022705078,68.4000015258789,4.816666603088379,Number,unit,Total of all violations-Actual incidents,12153.92
Manitoba,2006-06,"Index, 201612=100",units,67.0,50.8,62.3,Dollars,units,"Median total income,Both sexes,All age groups",2091.67,,,,,,,,,,,,,Persons,unit,89182.0,185298.0,Persons,thousands,"Both sexes, All age groups, Seasonally adjusted",369.6833190917969,301.8999938964844,383.29998779296875,67.75,544.0166625976562,13.633333206176758,Percentage,unit,"Both sexes, All age groups, Seasonally adjusted",65.05000305175781,67.68333435058594,3.8499999046325684,Number,unit,Total of all violations-Actual incidents,12153.92
Manitoba,2006-12,"Index, 201612=100",units,69.1,52.3,64.3,Dollars,units,"Median total income,Both sexes,All age groups",2091.67,,,,,,,,,,,,,Persons,unit,81823.0,136643.0,Persons,thousands,"Both sexes, All age groups, Seasonally adjusted",370.8833312988281,304.1499938964844,386.9666748046875,66.71666717529297,545.5,16.08333396911621,Percentage,unit,"Both sexes, All age groups, Seasonally adjusted",65.03333282470703,68.19999694824219,4.666666507720947,Number,unit,Total of all violations-Actual incidents,12153.92
Manitoba,2006-03,"Index, 201612=100",units,65.5,50.5,61.2,Dollars,units,"Median total income,Both sexes,All age groups",2091.67,,,,,,,,,,,,,Persons,unit,118557.0,178656.0,Persons,thousands,"Both sexes, All age groups, Seasonally adjusted",366.6333312988281,300.0333251953125,382.2166748046875,66.5999984741211,542.566650390625,15.583333015441895,Percentage,unit,"Both sexes, All age groups, Seasonally adjusted",64.75,67.91666412353516,4.550000190734863,Number,unit,Total of all violations-Actual incidents,12153.92
Saskatchewan,2018-03,"Index, 201612=100",units,98.26666666666665,100.13333333333333,98.8,,,,,,,,,,,,,,,,,Persons,unit,42304.0,65544.0,Persons,thousands,"Both sexes, All age groups, Seasonally adjusted",362.8833312988281,301.4333190917969,384.6333312988281,61.46666717529297,538.9500122070312,21.733333587646484,Percentage,unit,"Both sexes, All age groups, Seasonally adjusted",64.55000305175781,68.8499984741211,6.333333492279053,,,,
Saskatchewan,2018-09,"Index, 201612=100",units,97.16666666666667,100.8,98.23333333333333,,,,,,,,,,,,,,,,,Persons,unit,24450.0,51188.0,Persons,thousands,"Both sexes, All age groups, Seasonally adjusted",362.3333435058594,301.3500061035156,386.6333312988281,60.95000076293945,540.5499877929688,24.316667556762695,Percentage,unit,"Both sexes, All age groups, Seasonally adjusted",64.43333435058594,69.18333435058594,6.833333492279053,,,,
Saskatchewan,2018-08,"Index, 201612=100",units,97.5,100.63333333333333,98.43333333333334,,,,,,,,,,,,,,,,,Persons,unit,36596.0,67998.0,Persons,thousands,"Both sexes, All age groups, Seasonally adjusted",361.3999938964844,301.5666809082031,386.70001220703125,59.81666564941406,540.5999755859375,25.33333396911621,Percentage,unit,"Both sexes, All age groups, Seasonally adjusted",64.19999694824219,69.23332977294922,7.233333110809326,,,,
Saskatchewan,2018-05,"Index, 201612=100",units,97.96666666666665,100.63333333333333,98.8,,,,,,,,,,,,,,,,,Persons,unit,25623.0,53495.0,Persons,thousands,"Both sexes, All age groups, Seasonally adjusted",358.48333740234375,297.79998779296875,383.4166564941406,60.66666793823242,539.9166870117188,24.950000762939453,Percentage,unit,"Both sexes, All age groups, Seasonally adjusted",63.56666564941406,68.56666564941406,7.349999904632568,,,,
Saskatchewan,2018-07,"Index, 201612=100",units,97.93333333333334,100.63333333333333,98.73333333333333,,,,,,,,,,,,,,,,,Persons,unit,34900.0,68997.0,Persons,thousands,"Both sexes, All age groups, Seasonally adjusted",360.5833435058594,300.3333435058594,384.9333190917969,60.266666412353516,540.5499877929688,24.350000381469727,Percentage,unit,"Both sexes, All age groups, Seasonally adjusted",63.983333587646484,68.93333435058594,7.099999904632568,,,,
Saskatchewan,2018-06,"Index, 201612=100",units,97.76666666666667,100.63333333333333,98.63333333333333,,,,,,,,,,,,,,,,,Persons,unit,23839.0,57021.0,Persons,thousands,"Both sexes, All age groups, Seasonally adjusted",363.4166564941406,304.95001220703125,386.7833251953125,58.43333435058594,540.2666625976562,23.350000381469727,Percentage,unit,"Both sexes, All age groups, Seasonally adjusted",64.4000015258789,69.1500015258789,6.849999904632568,,,,
Saskatchewan,2018-01,"Index, 201612=100",units,99.0,100.10000000000001,99.3,,,,,,,,,,,,,,,,,Persons,unit,47456.0,68393.0,Persons,thousands,"Both sexes, All age groups, Seasonally adjusted",362.1166687011719,302.45001220703125,382.2833251953125,59.70000076293945,537.9000244140625,20.149999618530273,Percentage,unit,"Both sexes, All age groups, Seasonally adjusted",64.43333435058594,68.46666717529297,5.9666666984558105,,,,
Saskatchewan,2018-02,"Index, 201612=100",units,98.33333333333333,100.13333333333333,98.83333333333333,,,,,,,,,,,,,,,,,Persons,unit,49885.0,69467.0,Persons,thousands,"Both sexes, All age groups, Seasonally adjusted",360.4333190917969,300.2833251953125,381.1333312988281,60.150001525878906,538.3333129882812,20.700000762939453,Percentage,unit,"Both sexes, All age groups, Seasonally adjusted",64.05000305175781,68.11666870117188,6.0,,,,
Saskatchewan,2018-04,"Index, 201612=100",units,98.46666666666665,100.60000000000001,99.06666666666668,,,,,,,,,,,,,,,,,Persons,unit,41634.0,65061.0,Persons,thousands,"Both sexes, All age groups, Seasonally adjusted",359.8999938964844,298.75,383.54998779296875,61.20000076293945,539.433349609375,23.633333206176758,Percentage,unit,"Both sexes, All age groups, Seasonally adjusted",63.86666488647461,68.46666717529297,6.699999809265137,,,,
