province,REF_DATE,uom_houseindex,scalar_houseindex,avg_house_only,avg_land_only,avg_totalhouseland,uom_income,scalar_income,statistic_income,avg_income,uom_expenditure,scalar_expenditure,statistic_expenditure,avg_food_expenditures,avg_income_taxes,avg_mortageinsurance,avg_mortagePaid,avg_accomodation,avg_rent,avg_shelter,avg_total_expenditure,avg_taxes_landregfees,uom_tourist,scalar_tourist,avg_international_tourism,avg_domestic_tourism,uom_labourforce,scalar_labourforce,statistic_labourforce,avg_employment,avg_fulltime,avg_labourforce,avg_parttime,avg_population,avg_unemployment,uom_lfperc,scalar_lfperc,statistic_labourforceperc,avg_employment_rate,avg_participationrate,avg_unemploymentrate,uom_crime,scalar_crime,statistic_crime,avg_crime_incidents
Prince Edward Island,2004-11,"Index, 201612=100",units,94.3,80.6,91.7,Dollars,units,"Median total income,Both sexes,All age groups",1800.0,,,,,,,,,,,,,Persons,unit,5.0,60.0,Persons,thousands,"Both sexes, All age groups, Seasonally adjusted",43.63333511352539,36.900001525878906,48.45000076293945,6.733333110809326,67.55000305175781,4.816666603088379,Percentage,unit,"Both sexes, All age groups, Seasonally adjusted",61.61666488647461,68.88333129882812,10.316666603088379,Number,unit,Total of all violations-Actual incidents,1029.58
Prince Edward Island,2004-06,"Index, 201612=100",units,92.9,78.6,90.2,Dollars,units,"Median total income,Both sexes,All age groups",1800.0,,,,,,,,,,,,,Persons,unit,14.0,71.0,Persons,thousands,"Both sexes, All age groups, Seasonally adjusted",41.71666717529297,35.54999923706055,47.03333282470703,6.166666507720947,67.43333435058594,5.316666603088379,Percentage,unit,"Both sexes, All age groups, Seasonally adjusted",58.28333282470703,66.25,12.066666603088379,Number,unit,Total of all violations-Actual incidents,1029.58
Prince Edward Island,2004-01,"Index, 201612=100",units,91.4,77.8,88.9,Dollars,units,"Median total income,Both sexes,All age groups",1800.0,,,,,,,,,,,,,Persons,unit,23.0,63.0,Persons,thousands,"Both sexes, All age groups, Seasonally adjusted",41.96666717529297,35.66666793823242,47.04999923706055,6.316666603088379,67.21666717529297,5.116666793823242,Percentage,unit,"Both sexes, All age groups, Seasonally adjusted",58.95000076293945,66.58333587646484,11.833333015441895,Number,unit,Total of all violations-Actual incidents,1029.58
Prince Edward Island,2004-02,"Index, 201612=100",units,92.2,77.8,89.5,Dollars,units,"Median total income,Both sexes,All age groups",1800.0,,,,,,,,,,,,,Persons,unit,7.0,44.0,Persons,thousands,"Both sexes, All age groups, Seasonally adjusted",41.900001525878906,35.58333206176758,47.349998474121094,6.333333492279053,67.30000305175781,5.400000095367432,Percentage,unit,"Both sexes, All age groups, Seasonally adjusted",58.75,66.98332977294922,12.366666793823242,Number,unit,Total of all violations-Actual incidents,1029.58
Prince Edward Island,2004-07,"Index, 201612=100",units,92.9,78.6,90.2,Dollars,units,"Median total income,Both sexes,All age groups",1800.0,,,,,,,,,,,,,Persons,unit,25.0,151.0,Persons,thousands,"Both sexes, All age groups, Seasonally adjusted",42.5,35.58333206176758,47.483333587646484,6.900000095367432,67.5,4.983333110809326,Percentage,unit,"Both sexes, All age groups, Seasonally adjusted",59.53333282470703,67.21666717529297,11.350000381469727,Number,unit,Total of all violations-Actual incidents,1029.58
Prince Edward Island,2004-05,"Index, 201612=100",units,92.9,78.6,90.2,Dollars,units,"Median total income,Both sexes,All age groups",1800.0,,,,,,,,,,,,,Persons,unit,19.0,60.0,Persons,thousands,"Both sexes, All age groups, Seasonally adjusted",42.016666412353516,35.766666412353516,47.46666717529297,6.25,67.46666717529297,5.433333396911621,Percentage,unit,"Both sexes, All age groups, Seasonally adjusted",58.96666717529297,67.13333129882812,11.933333396911621,Number,unit,Total of all violations-Actual incidents,1029.58
Prince Edward Island,2004-03,"Index, 201612=100",units,92.5,77.8,89.8,Dollars,units,"Median total income,Both sexes,All age groups",1800.0,,,,,,,,,,,,,Persons,unit,25.0,27.0,Persons,thousands,"Both sexes, All age groups, Seasonally adjusted",41.93333435058594,35.13333511352539,47.483333587646484,6.800000190734863,67.3499984741211,5.5333333015441895,Percentage,unit,"Both sexes, All age groups, Seasonally adjusted",59.0,67.1500015258789,12.316666603088379,Number,unit,Total of all violations-Actual incidents,1029.58
Prince Edward Island,2004-12,"Index, 201612=100",units,94.3,80.6,91.7,Dollars,units,"Median total income,Both sexes,All age groups",1800.0,,,,,,,,,,,,,Persons,unit,1.0,8.0,Persons,thousands,"Both sexes, All age groups, Seasonally adjusted",43.41666793823242,36.86666488647461,48.266666412353516,6.550000190734863,67.63333129882812,4.849999904632568,Percentage,unit,"Both sexes, All age groups, Seasonally adjusted",61.21666717529297,68.44999694824219,10.416666984558105,Number,unit,Total of all violations-Actual incidents,1029.58
Prince Edward Island,2004-09,"Index, 201612=100",units,93.5,78.6,90.6,Dollars,units,"Median total income,Both sexes,All age groups",1800.0,,,,,,,,,,,,,Persons,unit,6.0,271.0,Persons,thousands,"Both sexes, All age groups, Seasonally adjusted",42.79999923706055,35.79999923706055,47.900001525878906,7.0,67.53333282470703,5.083333492279053,Percentage,unit,"Both sexes, All age groups, Seasonally adjusted",60.25,67.86666870117188,11.033333778381348,Number,unit,Total of all violations-Actual incidents,1029.58
Prince Edward Island,2004-04,"Index, 201612=100",units,92.5,77.8,89.8,Dollars,units,"Median total income,Both sexes,All age groups",1800.0,,,,,,,,,,,,,Persons,unit,15.0,23.0,Persons,thousands,"Both sexes, All age groups, Seasonally adjusted",41.31666564941406,34.95000076293945,46.93333435058594,6.400000095367432,67.43333435058594,5.583333492279053,Percentage,unit,"Both sexes, All age groups, Seasonally adjusted",57.71666717529297,66.18333435058594,12.816666603088379,Number,unit,Total of all violations-Actual incidents,1029.58
Prince Edward Island,2004-08,"Index, 201612=100",units,93.5,78.6,90.6,Dollars,units,"Median total income,Both sexes,All age groups",1800.0,,,,,,,,,,,,,Persons,unit,14.0,107.0,Persons,thousands,"Both sexes, All age groups, Seasonally adjusted",42.61666488647461,35.93333435058594,47.71666717529297,6.7166666984558105,67.53333282470703,5.116666793823242,Percentage,unit,"Both sexes, All age groups, Seasonally adjusted",60.03333282470703,67.73332977294922,11.266666412353516,Number,unit,Total of all violations-Actual incidents,1029.58
Prince Edward Island,2004-10,"Index, 201612=100",units,94.3,78.6,91.3,Dollars,units,"Median total income,Both sexes,All age groups",1800.0,,,,,,,,,,,,,Persons,unit,16.0,74.0,Persons,thousands,"Both sexes, All age groups, Seasonally adjusted",43.04999923706055,36.349998474121094,48.31666564941406,6.7166666984558105,67.53333282470703,5.233333110809326,Percentage,unit,"Both sexes, All age groups, Seasonally adjusted",60.68333435058594,68.66666412353516,11.183333396911621,Number,unit,Total of all violations-Actual incidents,1029.58
Quebec,1989-12,"Index, 201612=100",units,55.9,46.46666666666667,52.96666666666667,,,,,,,,,,,,,,,,,Persons,unit,475577.0,758121.0,Persons,thousands,"Both sexes, All age groups, Seasonally adjusted",1984.7166748046875,1707.050048828125,2195.550048828125,277.6499938964844,3339.800048828125,210.8333282470703,Percentage,unit,"Both sexes, All age groups, Seasonally adjusted",55.38333511352539,61.483333587646484,9.633333206176758,,,,
Quebec,1989-06,"Index, 201612=100",units,55.199999999999996,45.43333333333334,52.199999999999996,,,,,,,,,,,,,,,,,Persons,unit,722857.0,1171689.0,Persons,thousands,"Both sexes, All age groups, Seasonally adjusted",1978.8499755859375,1697.0167236328125,2194.86669921875,281.8166809082031,3318.300048828125,216.0,Percentage,unit,"Both sexes, All age groups, Seasonally adjusted",55.599998474121094,61.96666717529297,10.050000190734863,,,,
Quebec,1989-02,"Index, 201612=100",units,54.166666666666664,44.5,51.23333333333333,,,,,,,,,,,,,,,,,Persons,unit,496080.0,766669.0,Persons,thousands,"Both sexes, All age groups, Seasonally adjusted",1989.5333251953125,1704.25,2185.083251953125,285.26666259765625,3305.38330078125,195.5833282470703,Percentage,unit,"Both sexes, All age groups, Seasonally adjusted",56.18333435058594,62.04999923706055,9.383333206176758,,,,
Quebec,1989-01,"Index, 201612=100",units,53.93333333333334,44.166666666666664,51.03333333333334,,,,,,,,,,,,,,,,,Persons,unit,557258.0,807861.0,Persons,thousands,"Both sexes, All age groups, Seasonally adjusted",1971.183349609375,1689.2833251953125,2172.61669921875,281.9333190917969,3302.64990234375,201.4166717529297,Percentage,unit,"Both sexes, All age groups, Seasonally adjusted",55.79999923706055,61.81666564941406,9.550000190734863,,,,
Quebec,1989-09,"Index, 201612=100",units,55.366666666666674,45.93333333333334,52.43333333333334,,,,,,,,,,,,,,,,,Persons,unit,718275.0,1152441.0,Persons,thousands,"Both sexes, All age groups, Seasonally adjusted",1991.9166259765625,1714.1666259765625,2197.85009765625,277.75,3329.283447265625,205.9166717529297,Percentage,unit,"Both sexes, All age groups, Seasonally adjusted",55.79999923706055,61.78333282470703,9.583333015441895,,,,
Quebec,1989-08,"Index, 201612=100",units,55.23333333333334,45.76666666666667,52.333333333333336,,,,,,,,,,,,,,,,,Persons,unit,1069130.0,1616414.0,Persons,thousands,"Both sexes, All age groups, Seasonally adjusted",1990.88330078125,1719.2667236328125,2191.7333984375,271.6000061035156,3325.816650390625,200.85000610351562,Percentage,unit,"Both sexes, All age groups, Seasonally adjusted",55.849998474121094,61.70000076293945,9.233333587646484,,,,
Quebec,1989-03,"Index, 201612=100",units,54.53333333333334,44.56666666666666,51.5,,,,,,,,,,,,,,,,,Persons,unit,637686.0,919411.0,Persons,thousands,"Both sexes, All age groups, Seasonally adjusted",1992.9666748046875,1695.800048828125,2196.183349609375,297.1666564941406,3308.449951171875,203.21665954589844,Percentage,unit,"Both sexes, All age groups, Seasonally adjusted",56.31666564941406,62.266666412353516,9.383333206176758,,,,
Quebec,1989-11,"Index, 201612=100",units,55.86666666666667,46.23333333333334,52.86666666666667,,,,,,,,,,,,,,,,,Persons,unit,495710.0,771882.0,Persons,thousands,"Both sexes, All age groups, Seasonally adjusted",1988.699951171875,1706.13330078125,2193.416748046875,282.5666809082031,3336.666748046875,204.71665954589844,Percentage,unit,"Both sexes, All age groups, Seasonally adjusted",55.516666412353516,61.5,9.616666793823242,,,,
Quebec,1989-07,"Index, 201612=100",units,55.13333333333333,45.56666666666666,52.199999999999996,,,,,,,,,,,,,,,,,Persons,unit,1301282.0,1870469.0,Persons,thousands,"Both sexes, All age groups, Seasonally adjusted",1971.050048828125,1696.9166259765625,2180.85009765625,274.1499938964844,3321.4833984375,209.8333282470703,Percentage,unit,"Both sexes, All age groups, Seasonally adjusted",55.36666488647461,61.483333587646484,9.75,,,,
Quebec,1989-05,"Index, 201612=100",units,55.13333333333333,45.43333333333334,52.199999999999996,,,,,,,,,,,,,,,,,Persons,unit,634183.0,1009658.0,Persons,thousands,"Both sexes, All age groups, Seasonally adjusted",1975.199951171875,1691.3333740234375,2189.300048828125,283.8999938964844,3315.216552734375,214.10000610351562,Percentage,unit,"Both sexes, All age groups, Seasonally adjusted",55.54999923706055,61.83333206176758,9.800000190734863,,,,
Quebec,1989-10,"Index, 201612=100",units,55.56666666666666,46.0,52.6,,,,,,,,,,,,,,,,,Persons,unit,629576.0,985104.0,Persons,thousands,"Both sexes, All age groups, Seasonally adjusted",1987.61669921875,1714.8499755859375,2190.716552734375,272.75,3333.566650390625,203.0833282470703,Percentage,unit,"Both sexes, All age groups, Seasonally adjusted",55.56666564941406,61.516666412353516,9.516666412353516,,,,
Quebec,1989-04,"Index, 201612=100",units,54.53333333333334,45.06666666666666,51.633333333333326,,,,,,,,,,,,,,,,,Persons,unit,606017.0,902460.0,Persons,thousands,"Both sexes, All age groups, Seasonally adjusted",1982.8499755859375,1701.1666259765625,2191.89990234375,281.7166748046875,3311.416748046875,209.06666564941406,Percentage,unit,"Both sexes, All age groups, Seasonally adjusted",55.849998474121094,62.06666564941406,9.816666603088379,,,,
