province,REF_DATE,uom_houseindex,scalar_houseindex,avg_house_only,avg_land_only,avg_totalhouseland,uom_income,scalar_income,statistic_income,avg_income,uom_expenditure,scalar_expenditure,statistic_expenditure,avg_food_expenditures,avg_income_taxes,avg_mortageinsurance,avg_mortagePaid,avg_accomodation,avg_rent,avg_shelter,avg_total_expenditure,avg_taxes_landregfees,uom_tourist,scalar_tourist,avg_international_tourism,avg_domestic_tourism,uom_labourforce,scalar_labourforce,statistic_labourforce,avg_employment,avg_fulltime,avg_labourforce,avg_parttime,avg_population,avg_unemployment,uom_lfperc,scalar_lfperc,statistic_labourforceperc,avg_employment_rate,avg_participationrate,avg_unemploymentrate,uom_crime,scalar_crime,statistic_crime,avg_crime_incidents
British Columbia,1992-03,"Index, 201612=100",units,117.76666666666665,70.5,95.10000000000001,,,,,,,,,,,,,,,,,Persons,unit,1716959.0,2092047.0,Persons,thousands,"Both sexes, All age groups, Seasonally adjusted",1022.0999755859375,836.0,1131.5167236328125,186.10000610351562,1634.449951171875,109.4000015258789,Percentage,unit,"Both sexes, All age groups, Seasonally adjusted",58.349998474121094,65.0999984741211,10.366666793823242,,,,
British Columbia,1992-09,"Index, 201612=100",units,120.39999999999999,76.89999999999999,99.5,,,,,,,,,,,,,,,,,Persons,unit,1479149.0,2104114.0,Persons,thousands,"Both sexes, All age groups, Seasonally adjusted",1029.38330078125,827.3499755859375,1148.300048828125,202.06666564941406,1662.4166259765625,118.91666412353516,Percentage,unit,"Both sexes, All age groups, Seasonally adjusted",57.95000076293945,65.11666870117188,10.666666984558105,,,,
British Columbia,1992-01,"Index, 201612=100",units,116.33333333333333,68.43333333333334,93.3,,,,,,,,,,,,,,,,,Persons,unit,1517851.0,1826603.0,Persons,thousands,"Both sexes, All age groups, Seasonally adjusted",1011.7666625976562,828.0999755859375,1121.2332763671875,183.6999969482422,1627.550048828125,109.46666717529297,Percentage,unit,"Both sexes, All age groups, Seasonally adjusted",58.06666564941406,64.83333587646484,10.333333015441895,,,,
British Columbia,1992-06,"Index, 201612=100",units,120.0,73.83333333333333,97.83333333333333,,,,,,,,,,,,,,,,,Persons,unit,1584716.0,2293393.0,Persons,thousands,"Both sexes, All age groups, Seasonally adjusted",1026.9832763671875,844.5,1145.199951171875,182.48333740234375,1647.5833740234375,118.19999694824219,Percentage,unit,"Both sexes, All age groups, Seasonally adjusted",58.25,65.5999984741211,10.766666412353516,,,,
British Columbia,1992-07,"Index, 201612=100",units,119.96666666666665,76.63333333333333,98.86666666666667,,,,,,,,,,,,,,,,,Persons,unit,1872826.0,2789306.0,Persons,thousands,"Both sexes, All age groups, Seasonally adjusted",1027.300048828125,840.9000244140625,1141.61669921875,186.43333435058594,1652.2166748046875,114.31666564941406,Percentage,unit,"Both sexes, All age groups, Seasonally adjusted",58.20000076293945,65.1500015258789,10.366666793823242,,,,
British Columbia,1992-10,"Index, 201612=100",units,120.16666666666667,78.7,100.19999999999999,,,,,,,,,,,,,,,,,Persons,unit,1305059.0,1697318.0,Persons,thousands,"Both sexes, All age groups, Seasonally adjusted",1035.699951171875,830.2000122070312,1154.7833251953125,205.5,1666.0999755859375,119.08333587646484,Percentage,unit,"Both sexes, All age groups, Seasonally adjusted",58.349998474121094,65.48332977294922,10.583333015441895,,,,
British Columbia,1992-04,"Index, 201612=100",units,118.8,72.39999999999999,96.53333333333335,,,,,,,,,,,,,,,,,Persons,unit,1638662.0,2029501.0,Persons,thousands,"Both sexes, All age groups, Seasonally adjusted",1023.6500244140625,841.8833618164062,1129.5,181.78334045410156,1637.949951171875,105.86666870117188,Percentage,unit,"Both sexes, All age groups, Seasonally adjusted",58.29999923706055,64.80000305175781,9.899999618530273,,,,
British Columbia,1992-02,"Index, 201612=100",units,117.53333333333335,69.3,94.33333333333333,,,,,,,,,,,,,,,,,Persons,unit,1451776.0,1788173.0,Persons,thousands,"Both sexes, All age groups, Seasonally adjusted",1018.0,834.4666748046875,1122.5333251953125,183.53334045410156,1630.300048828125,104.53333282470703,Percentage,unit,"Both sexes, All age groups, Seasonally adjusted",58.33333206176758,64.83333587646484,9.983333587646484,,,,
British Columbia,1992-08,"Index, 201612=100",units,120.43333333333334,76.56666666666666,99.13333333333333,,,,,,,,,,,,,,,,,Persons,unit,1968031.0,2925502.0,Persons,thousands,"Both sexes, All age groups, Seasonally adjusted",1031.300048828125,840.433349609375,1152.816650390625,190.86666870117188,1656.949951171875,121.5,Percentage,unit,"Both sexes, All age groups, Seasonally adjusted",58.266666412353516,65.71666717529297,10.833333015441895,,,,
British Columbia,1992-11,"Index, 201612=100",units,120.0,80.3,100.83333333333333,,,,,,,,,,,,,,,,,Persons,unit,1162737.0,1486751.0,Persons,thousands,"Both sexes, All age groups, Seasonally adjusted",1043.683349609375,848.7833251953125,1165.6666259765625,194.93333435058594,1669.4666748046875,121.94999694824219,Percentage,unit,"Both sexes, All age groups, Seasonally adjusted",58.56666564941406,65.86666870117188,10.733333587646484,,,,
British Columbia,1992-05,"Index, 201612=100",units,119.7,73.13333333333334,97.26666666666667,,,,,,,,,,,,,,,,,Persons,unit,1563512.0,2114733.0,Persons,thousands,"Both sexes, All age groups, Seasonally adjusted",1033.13330078125,855.4000244140625,1137.5,177.78334045410156,1642.0167236328125,104.33333587646484,Percentage,unit,"Both sexes, All age groups, Seasonally adjusted",58.68333435058594,65.06666564941406,9.583333015441895,,,,
British Columbia,1992-12,"Index, 201612=100",units,119.13333333333333,80.56666666666666,100.53333333333335,,,,,,,,,,,,,,,,,Persons,unit,1021595.0,1369613.0,Persons,thousands,"Both sexes, All age groups, Seasonally adjusted",1050.1666259765625,844.8499755859375,1165.6666259765625,205.31666564941406,1672.5,115.51667022705078,Percentage,unit,"Both sexes, All age groups, Seasonally adjusted",58.79999923706055,65.69999694824219,10.133333206176758,,,,
Newfoundland and Labrador,1993-09,"Index, 201612=100",units,51.2,45.9,49.8,,,,,,,,,,,,,,,,,Persons,unit,1100.0,8381.0,Persons,thousands,"Both sexes, All age groups, Seasonally adjusted",122.71666717529297,104.91666412353516,152.0,17.78333282470703,274.6333312988281,29.28333282470703,Percentage,unit,"Both sexes, All age groups, Seasonally adjusted",40.16666793823242,50.28333282470703,20.433332443237305,,,,
Newfoundland and Labrador,1993-01,"Index, 201612=100",units,51.2,45.9,49.8,,,,,,,,,,,,,,,,,Persons,unit,449.0,5549.0,Persons,thousands,"Both sexes, All age groups, Seasonally adjusted",121.91666412353516,103.23332977294922,151.96665954589844,18.683332443237305,273.73333740234375,30.049999237060547,Percentage,unit,"Both sexes, All age groups, Seasonally adjusted",40.099998474121094,50.349998474121094,20.28333282470703,,,,
Newfoundland and Labrador,1993-03,"Index, 201612=100",units,51.2,45.9,49.8,,,,,,,,,,,,,,,,,Persons,unit,608.0,5323.0,Persons,thousands,"Both sexes, All age groups, Seasonally adjusted",122.56666564941406,104.86666870117188,153.36666870117188,17.700000762939453,274.2166748046875,30.816667556762695,Percentage,unit,"Both sexes, All age groups, Seasonally adjusted",40.016666412353516,50.66666793823242,21.21666717529297,,,,
Newfoundland and Labrador,1993-02,"Index, 201612=100",units,51.2,45.9,49.8,,,,,,,,,,,,,,,,,Persons,unit,265.0,3839.0,Persons,thousands,"Both sexes, All age groups, Seasonally adjusted",120.53333282470703,102.26667022705078,150.60000610351562,18.233333587646484,274.0,30.066667556762695,Percentage,unit,"Both sexes, All age groups, Seasonally adjusted",39.599998474121094,49.86666488647461,20.46666717529297,,,,
Newfoundland and Labrador,1993-11,"Index, 201612=100",units,51.4,45.9,49.9,,,,,,,,,,,,,,,,,Persons,unit,296.0,5455.0,Persons,thousands,"Both sexes, All age groups, Seasonally adjusted",124.46666717529297,106.55000305175781,154.93333435058594,17.933332443237305,274.5666809082031,30.450000762939453,Percentage,unit,"Both sexes, All age groups, Seasonally adjusted",40.75,51.11666488647461,19.733333587646484,,,,
Newfoundland and Labrador,1993-04,"Index, 201612=100",units,51.2,45.9,49.8,,,,,,,,,,,,,,,,,Persons,unit,1221.0,7453.0,Persons,thousands,"Both sexes, All age groups, Seasonally adjusted",123.96666717529297,106.68333435058594,153.9166717529297,17.28333282470703,274.4166564941406,29.96666717529297,Percentage,unit,"Both sexes, All age groups, Seasonally adjusted",40.46666717529297,51.13333511352539,20.850000381469727,,,,
Newfoundland and Labrador,1993-10,"Index, 201612=100",units,50.6,45.9,49.4,,,,,,,,,,,,,,,,,Persons,unit,580.0,7002.0,Persons,thousands,"Both sexes, All age groups, Seasonally adjusted",125.4000015258789,108.33333587646484,156.0500030517578,17.03333282470703,274.6000061035156,30.66666603088379,Percentage,unit,"Both sexes, All age groups, Seasonally adjusted",41.099998474121094,51.56666564941406,20.100000381469727,,,,
Newfoundland and Labrador,1993-08,"Index, 201612=100",units,51.2,45.9,49.8,,,,,,,,,,,,,,,,,Persons,unit,2998.0,11992.0,Persons,thousands,"Both sexes, All age groups, Seasonally adjusted",123.05000305175781,105.06666564941406,152.6666717529297,18.0,274.6166687011719,29.616666793823242,Percentage,unit,"Both sexes, All age groups, Seasonally adjusted",40.16666793823242,50.41666793823242,20.16666603088379,,,,
Newfoundland and Labrador,1993-07,"Index, 201612=100",units,51.1,45.9,49.7,,,,,,,,,,,,,,,,,Persons,unit,2838.0,13904.0,Persons,thousands,"Both sexes, All age groups, Seasonally adjusted",125.51667022705078,107.83333587646484,155.6999969482422,17.649999618530273,274.70001220703125,30.183332443237305,Percentage,unit,"Both sexes, All age groups, Seasonally adjusted",40.849998474121094,51.400001525878906,20.700000762939453,,,,
Newfoundland and Labrador,1993-06,"Index, 201612=100",units,51.2,45.9,49.8,,,,,,,,,,,,,,,,,Persons,unit,1822.0,10365.0,Persons,thousands,"Both sexes, All age groups, Seasonally adjusted",126.18333435058594,107.76667022705078,155.88333129882812,18.399999618530273,274.6666564941406,29.683332443237305,Percentage,unit,"Both sexes, All age groups, Seasonally adjusted",41.06666564941406,51.45000076293945,19.96666717529297,,,,
Newfoundland and Labrador,1993-05,"Index, 201612=100",units,51.2,45.9,49.8,,,,,,,,,,,,,,,,,Persons,unit,2817.0,10878.0,Persons,thousands,"Both sexes, All age groups, Seasonally adjusted",124.26667022705078,107.06666564941406,153.31666564941406,17.149999618530273,274.6166687011719,29.066667556762695,Percentage,unit,"Both sexes, All age groups, Seasonally adjusted",40.483333587646484,50.56666564941406,19.700000762939453,,,,
Newfoundland and Labrador,1993-12,"Index, 201612=100",units,51.4,45.9,49.9,,,,,,,,,,,,,,,,,Persons,unit,355.0,4499.0,Persons,thousands,"Both sexes, All age groups, Seasonally adjusted",123.18333435058594,105.51667022705078,153.93333435058594,17.683332443237305,274.6833190917969,30.766666412353516,Percentage,unit,"Both sexes, All age groups, Seasonally adjusted",40.20000076293945,50.78333282470703,20.483333587646484,,,,
Quebec,2009-07,"Index, 201612=100",units,92.40000000000002,87.5,90.8,Dollars,units,"Median total income,Both sexes,All age groups",2267.5,,,,,,,,,,,,,Persons,unit,739485.0,1203415.0,Persons,thousands,"Both sexes, All age groups, Seasonally adjusted",2453.63330078125,2022.4832763671875,2686.5,431.1833190917969,3966.0,232.86666870117188,Percentage,unit,"Both sexes, All age groups, Seasonally adjusted",58.88333511352539,65.1500015258789,9.550000190734863,Number,unit,Total of all violations-Actual incidents,38117.67
Quebec,2009-03,"Index, 201612=100",units,92.26666666666665,87.03333333333335,90.5,Dollars,units,"Median total income,Both sexes,All age groups",2267.5,,,,,,,,,,,,,Persons,unit,613845.0,856579.0,Persons,thousands,"Both sexes, All age groups, Seasonally adjusted",2465.816650390625,2031.800048828125,2694.933349609375,434.01666259765625,3948.449951171875,229.11666870117188,Percentage,unit,"Both sexes, All age groups, Seasonally adjusted",59.516666412353516,65.55000305175781,9.216666221618652,Number,unit,Total of all violations-Actual incidents,38117.67
Quebec,2009-08,"Index, 201612=100",units,92.86666666666666,87.73333333333333,91.13333333333333,Dollars,units,"Median total income,Both sexes,All age groups",2267.5,,,,,,,,,,,,,Persons,unit,914821.0,1367093.0,Persons,thousands,"Both sexes, All age groups, Seasonally adjusted",2458.63330078125,2021.550048828125,2686.85009765625,437.0833435058594,3970.416748046875,228.21665954589844,Percentage,unit,"Both sexes, All age groups, Seasonally adjusted",58.91666793823242,65.01667022705078,9.316666603088379,Number,unit,Total of all violations-Actual incidents,38117.67
Quebec,2009-10,"Index, 201612=100",units,93.26666666666665,88.96666666666665,91.83333333333333,Dollars,units,"Median total income,Both sexes,All age groups",2267.5,,,,,,,,,,,,,Persons,unit,499104.0,831313.0,Persons,thousands,"Both sexes, All age groups, Seasonally adjusted",2456.466552734375,2035.2667236328125,2676.61669921875,421.1833190917969,3979.916748046875,220.14999389648438,Percentage,unit,"Both sexes, All age groups, Seasonally adjusted",58.733333587646484,64.51667022705078,8.933333396911621,Number,unit,Total of all violations-Actual incidents,38117.67
Quebec,2009-05,"Index, 201612=100",units,92.39999999999999,87.5,90.73333333333333,Dollars,units,"Median total income,Both sexes,All age groups",2267.5,,,,,,,,,,,,,Persons,unit,504753.0,820639.0,Persons,thousands,"Both sexes, All age groups, Seasonally adjusted",2465.35009765625,2025.75,2697.25,439.6166687011719,3955.783447265625,231.86666870117188,Percentage,unit,"Both sexes, All age groups, Seasonally adjusted",59.38333511352539,65.55000305175781,9.416666984558105,Number,unit,Total of all violations-Actual incidents,38117.67
Quebec,2009-11,"Index, 201612=100",units,94.03333333333335,88.96666666666665,92.33333333333333,Dollars,units,"Median total income,Both sexes,All age groups",2267.5,,,,,,,,,,,,,Persons,unit,392977.0,622272.0,Persons,thousands,"Both sexes, All age groups, Seasonally adjusted",2476.050048828125,2051.38330078125,2693.63330078125,424.6833190917969,3983.683349609375,217.60000610351562,Percentage,unit,"Both sexes, All age groups, Seasonally adjusted",59.16666793823242,64.93333435058594,8.883333206176758,Number,unit,Total of all violations-Actual incidents,38117.67
Quebec,2009-04,"Index, 201612=100",units,92.26666666666665,87.09999999999998,90.5,Dollars,units,"Median total income,Both sexes,All age groups",2267.5,,,,,,,,,,,,,Persons,unit,563467.0,844056.0,Persons,thousands,"Both sexes, All age groups, Seasonally adjusted",2466.2333984375,2028.4166259765625,2699.4833984375,437.8166809082031,3952.033447265625,233.26666259765625,Percentage,unit,"Both sexes, All age groups, Seasonally adjusted",59.483333587646484,65.63333129882812,9.350000381469727,Number,unit,Total of all violations-Actual incidents,38117.67
Quebec,2009-06,"Index, 201612=100",units,92.46666666666665,87.5,90.8,Dollars,units,"Median total income,Both sexes,All age groups",2267.5,,,,,,,,,,,,,Persons,unit,496110.0,842820.0,Persons,thousands,"Both sexes, All age groups, Seasonally adjusted",2463.0166015625,2024.7332763671875,2695.2666015625,438.2833251953125,3961.300048828125,232.23333740234375,Percentage,unit,"Both sexes, All age groups, Seasonally adjusted",59.266666412353516,65.38333129882812,9.383333206176758,Number,unit,Total of all violations-Actual incidents,38117.67
Quebec,2009-01,"Index, 201612=100",units,91.56666666666668,84.46666666666665,89.16666666666667,Dollars,units,"Median total income,Both sexes,All age groups",2267.5,,,,,,,,,,,,,Persons,unit,537264.0,759706.0,Persons,thousands,"Both sexes, All age groups, Seasonally adjusted",2466.199951171875,2038.5,2677.38330078125,427.70001220703125,3940.783447265625,211.21665954589844,Percentage,unit,"Both sexes, All age groups, Seasonally adjusted",59.45000076293945,65.11666870117188,8.766666412353516,Number,unit,Total of all violations-Actual incidents,38117.67
Quebec,2009-09,"Index, 201612=100",units,93.0,87.73333333333333,91.23333333333333,Dollars,units,"Median total income,Both sexes,All age groups",2267.5,,,,,,,,,,,,,Persons,unit,550122.0,909866.0,Persons,thousands,"Both sexes, All age groups, Seasonally adjusted",2451.833251953125,2022.4000244140625,2682.300048828125,429.4333190917969,3975.433349609375,230.46665954589844,Percentage,unit,"Both sexes, All age groups, Seasonally adjusted",58.63333511352539,64.76667022705078,9.300000190734863,Number,unit,Total of all violations-Actual incidents,38117.67
Quebec,2009-12,"Index, 201612=100",units,94.13333333333333,88.96666666666665,92.46666666666665,Dollars,units,"Median total income,Both sexes,All age groups",2267.5,,,,,,,,,,,,,Persons,unit,406453.0,672720.0,Persons,thousands,"Both sexes, All age groups, Seasonally adjusted",2478.166748046875,2036.8499755859375,2699.800048828125,441.26666259765625,3987.25,221.61666870117188,Percentage,unit,"Both sexes, All age groups, Seasonally adjusted",59.18333435058594,65.18333435058594,9.100000381469727,Number,unit,Total of all violations-Actual incidents,38117.67
Quebec,2009-02,"Index, 201612=100",units,91.96666666666665,87.03333333333335,90.3,Dollars,units,"Median total income,Both sexes,All age groups",2267.5,,,,,,,,,,,,,Persons,unit,435969.0,683141.0,Persons,thousands,"Both sexes, All age groups, Seasonally adjusted",2460.433349609375,2023.6500244140625,2681.566650390625,436.76666259765625,3944.716552734375,221.11666870117188,Percentage,unit,"Both sexes, All age groups, Seasonally adjusted",59.349998474121094,65.30000305175781,9.066666603088379,Number,unit,Total of all violations-Actual incidents,38117.67
