province,REF_DATE,uom_houseindex,scalar_houseindex,avg_house_only,avg_land_only,avg_totalhouseland,uom_income,scalar_income,statistic_income,avg_income,uom_expenditure,scalar_expenditure,statistic_expenditure,avg_food_expenditures,avg_income_taxes,avg_mortageinsurance,avg_mortagePaid,avg_accomodation,avg_rent,avg_shelter,avg_total_expenditure,avg_taxes_landregfees,uom_tourist,scalar_tourist,avg_international_tourism,avg_domestic_tourism,uom_labourforce,scalar_labourforce,statistic_labourforce,avg_employment,avg_fulltime,avg_labourforce,avg_parttime,avg_population,avg_unemployment,uom_lfperc,scalar_lfperc,statistic_labourforceperc,avg_employment_rate,avg_participationrate,avg_unemploymentrate,uom_crime,scalar_crime,statistic_crime,avg_crime_incidents
Manitoba,1983-03,"Index, 201612=100",units,33.6,21.2,30.0,,,,,,,,,,,,,,,,,Persons,unit,83454.0,128087.0,Persons,thousands,"Both sexes, All age groups, Seasonally adjusted",288.3500061035156,238.78334045410156,317.3500061035156,49.56666564941406,471.76666259765625,29.016666412353516,Percentage,unit,"Both sexes, All age groups, Seasonally adjusted",58.45000076293945,64.6500015258789,9.316666603088379,,,,
Manitoba,1983-05,"Index, 201612=100",units,33.7,22.5,30.5,,,,,,,,,,,,,,,,,Persons,unit,86064.0,154605.0,Persons,thousands,"Both sexes, All age groups, Seasonally adjusted",288.8166809082031,237.73333740234375,321.7166748046875,51.03333282470703,473.1333312988281,32.900001525878906,Percentage,unit,"Both sexes, All age groups, Seasonally adjusted",58.349998474121094,65.36666870117188,10.533333778381348,,,,
Manitoba,1983-12,"Index, 201612=100",units,34.6,23.4,31.4,,,,,,,,,,,,,,,,,Persons,unit,65309.0,102286.0,Persons,thousands,"Both sexes, All age groups, Seasonally adjusted",295.70001220703125,241.73333740234375,322.1499938964844,53.983333587646484,476.7833251953125,26.433332443237305,Percentage,unit,"Both sexes, All age groups, Seasonally adjusted",59.400001525878906,65.08333587646484,8.566666603088379,,,,
Manitoba,1983-10,"Index, 201612=100",units,34.6,23.4,31.4,,,,,,,,,,,,,,,,,Persons,unit,86488.0,143809.0,Persons,thousands,"Both sexes, All age groups, Seasonally adjusted",293.98333740234375,240.76666259765625,323.3500061035156,53.233333587646484,475.8500061035156,29.33333396911621,Percentage,unit,"Both sexes, All age groups, Seasonally adjusted",59.04999923706055,65.31666564941406,9.383333206176758,,,,
Manitoba,1983-01,"Index, 201612=100",units,33.6,21.2,30.0,,,,,,,,,,,,,,,,,Persons,unit,71051.0,107464.0,Persons,thousands,"Both sexes, All age groups, Seasonally adjusted",286.8833312988281,235.78334045410156,316.9666748046875,51.08333206176758,470.54998779296875,30.08333396911621,Percentage,unit,"Both sexes, All age groups, Seasonally adjusted",58.33333206176758,64.78333282470703,9.716666221618652,,,,
Manitoba,1983-09,"Index, 201612=100",units,34.6,23.4,31.4,,,,,,,,,,,,,,,,,Persons,unit,93999.0,171478.0,Persons,thousands,"Both sexes, All age groups, Seasonally adjusted",294.48333740234375,240.56666564941406,323.6000061035156,53.900001525878906,475.3166809082031,29.116666793823242,Percentage,unit,"Both sexes, All age groups, Seasonally adjusted",59.25,65.36666870117188,9.083333015441895,,,,
Manitoba,1983-02,"Index, 201612=100",units,33.6,21.2,30.0,,,,,,,,,,,,,,,,,Persons,unit,65771.0,100328.0,Persons,thousands,"Both sexes, All age groups, Seasonally adjusted",286.3833312988281,236.93333435058594,316.95001220703125,49.45000076293945,471.23333740234375,30.566667556762695,Percentage,unit,"Both sexes, All age groups, Seasonally adjusted",58.150001525878906,64.63333129882812,9.816666603088379,,,,
Manitoba,1983-04,"Index, 201612=100",units,33.8,22.2,30.4,,,,,,,,,,,,,,,,,Persons,unit,92751.0,135987.0,Persons,thousands,"Both sexes, All age groups, Seasonally adjusted",287.48333740234375,235.0500030517578,317.26666259765625,52.41666793823242,472.3666687011719,29.83333396911621,Percentage,unit,"Both sexes, All age groups, Seasonally adjusted",58.233333587646484,64.56666564941406,9.5,,,,
Manitoba,1983-07,"Index, 201612=100",units,34.3,23.4,31.2,,,,,,,,,,,,,,,,,Persons,unit,159494.0,299247.0,Persons,thousands,"Both sexes, All age groups, Seasonally adjusted",293.45001220703125,237.96665954589844,323.20001220703125,55.483333587646484,474.1666564941406,29.766666412353516,Percentage,unit,"Both sexes, All age groups, Seasonally adjusted",59.16666793823242,65.51667022705078,9.483333587646484,,,,
Manitoba,1983-11,"Index, 201612=100",units,34.6,23.4,31.4,,,,,,,,,,,,,,,,,Persons,unit,78169.0,116606.0,Persons,thousands,"Both sexes, All age groups, Seasonally adjusted",294.5833435058594,240.60000610351562,322.1666564941406,54.016666412353516,476.29998779296875,27.566667556762695,Percentage,unit,"Both sexes, All age groups, Seasonally adjusted",59.16666793823242,64.98332977294922,8.716666221618652,,,,
Manitoba,1983-06,"Index, 201612=100",units,33.7,22.5,30.5,,,,,,,,,,,,,,,,,Persons,unit,86337.0,194289.0,Persons,thousands,"Both sexes, All age groups, Seasonally adjusted",292.9333190917969,239.8000030517578,324.5,53.150001525878906,473.70001220703125,31.549999237060547,Percentage,unit,"Both sexes, All age groups, Seasonally adjusted",59.04999923706055,65.81666564941406,9.949999809265137,,,,
Manitoba,1983-08,"Index, 201612=100",units,34.3,23.4,31.2,,,,,,,,,,,,,,,,,Persons,unit,157188.0,264256.0,Persons,thousands,"Both sexes, All age groups, Seasonally adjusted",295.1333312988281,241.28334045410156,322.5333251953125,53.86666488647461,474.8500061035156,27.383333206176758,Percentage,unit,"Both sexes, All age groups, Seasonally adjusted",59.45000076293945,65.33333587646484,8.966666221618652,,,,
Newfoundland and Labrador,1982-01,"Index, 201612=100",units,38.0,31.9,36.6,,,,,,,,,,,,,,,,,Persons,unit,264.0,6216.0,Persons,thousands,"Both sexes, All age groups, Seasonally adjusted",114.93333435058594,104.36666870117188,132.31666564941406,10.583333015441895,242.73333740234375,17.350000381469727,Percentage,unit,"Both sexes, All age groups, Seasonally adjusted",43.71666717529297,50.58333206176758,13.199999809265137,,,,
Newfoundland and Labrador,1982-10,"Index, 201612=100",units,37.3,31.9,36.1,,,,,,,,,,,,,,,,,Persons,unit,537.0,15010.0,Persons,thousands,"Both sexes, All age groups, Seasonally adjusted",111.53333282470703,100.76667022705078,135.78334045410156,10.766666412353516,246.3333282470703,24.25,Percentage,unit,"Both sexes, All age groups, Seasonally adjusted",41.68333435058594,51.11666488647461,17.71666717529297,,,,
Newfoundland and Labrador,1982-07,"Index, 201612=100",units,37.3,31.9,36.1,,,,,,,,,,,,,,,,,Persons,unit,2883.0,11905.0,Persons,thousands,"Both sexes, All age groups, Seasonally adjusted",113.31666564941406,102.41666412353516,134.01666259765625,10.933333396911621,244.6999969482422,20.683332443237305,Percentage,unit,"Both sexes, All age groups, Seasonally adjusted",42.516666412353516,50.733333587646484,15.75,,,,
Newfoundland and Labrador,1982-03,"Index, 201612=100",units,38.0,31.9,36.6,,,,,,,,,,,,,,,,,Persons,unit,394.0,6750.0,Persons,thousands,"Both sexes, All age groups, Seasonally adjusted",116.46666717529297,104.73332977294922,133.78334045410156,11.733333587646484,243.28334045410156,17.33333396911621,Percentage,unit,"Both sexes, All age groups, Seasonally adjusted",44.18333435058594,51.06666564941406,13.366666793823242,,,,
Newfoundland and Labrador,1982-05,"Index, 201612=100",units,37.3,31.9,36.1,,,,,,,,,,,,,,,,,Persons,unit,2359.0,9463.0,Persons,thousands,"Both sexes, All age groups, Seasonally adjusted",113.8499984741211,103.55000305175781,133.88333129882812,10.300000190734863,243.85000610351562,20.0,Percentage,unit,"Both sexes, All age groups, Seasonally adjusted",43.03333282470703,51.03333282470703,15.216666221618652,,,,
Newfoundland and Labrador,1982-08,"Index, 201612=100",units,37.3,31.9,36.1,,,,,,,,,,,,,,,,,Persons,unit,3106.0,15942.0,Persons,thousands,"Both sexes, All age groups, Seasonally adjusted",111.71666717529297,100.71666717529297,133.56666564941406,11.016666412353516,245.3333282470703,21.850000381469727,Percentage,unit,"Both sexes, All age groups, Seasonally adjusted",41.733333587646484,50.28333282470703,16.799999237060547,,,,
Newfoundland and Labrador,1982-09,"Index, 201612=100",units,37.3,31.9,36.1,,,,,,,,,,,,,,,,,Persons,unit,1643.0,26618.0,Persons,thousands,"Both sexes, All age groups, Seasonally adjusted",110.80000305175781,100.16666412353516,133.78334045410156,10.616666793823242,245.78334045410156,23.016666412353516,Percentage,unit,"Both sexes, All age groups, Seasonally adjusted",41.349998474121094,50.33333206176758,17.41666603088379,,,,
Newfoundland and Labrador,1982-11,"Index, 201612=100",units,37.3,31.9,36.1,,,,,,,,,,,,,,,,,Persons,unit,252.0,5716.0,Persons,thousands,"Both sexes, All age groups, Seasonally adjusted",112.69999694824219,102.03333282470703,136.60000610351562,10.649999618530273,246.6999969482422,23.899999618530273,Percentage,unit,"Both sexes, All age groups, Seasonally adjusted",41.95000076293945,51.28333282470703,17.633333206176758,,,,
Newfoundland and Labrador,1982-02,"Index, 201612=100",units,38.0,31.9,36.6,,,,,,,,,,,,,,,,,Persons,unit,182.0,7957.0,Persons,thousands,"Both sexes, All age groups, Seasonally adjusted",114.98332977294922,104.68333435058594,133.0,10.266666412353516,243.03334045410156,18.016666412353516,Percentage,unit,"Both sexes, All age groups, Seasonally adjusted",43.58333206176758,50.75,13.716666221618652,,,,
Newfoundland and Labrador,1982-06,"Index, 201612=100",units,37.3,31.9,36.1,,,,,,,,,,,,,,,,,Persons,unit,1114.0,8901.0,Persons,thousands,"Both sexes, All age groups, Seasonally adjusted",113.8499984741211,103.3499984741211,134.13333129882812,10.483333587646484,244.3000030517578,20.28333282470703,Percentage,unit,"Both sexes, All age groups, Seasonally adjusted",42.81666564941406,50.86666488647461,15.483333587646484,,,,
Newfoundland and Labrador,1982-12,"Index, 201612=100",units,37.3,31.9,36.1,,,,,,,,,,,,,,,,,Persons,unit,254.0,5880.0,Persons,thousands,"Both sexes, All age groups, Seasonally adjusted",113.66666412353516,102.80000305175781,137.9166717529297,10.899999618530273,247.0833282470703,24.25,Percentage,unit,"Both sexes, All age groups, Seasonally adjusted",42.266666412353516,51.71666717529297,17.566667556762695,,,,
Newfoundland and Labrador,1982-04,"Index, 201612=100",units,37.3,31.9,36.1,,,,,,,,,,,,,,,,,Persons,unit,1088.0,8186.0,Persons,thousands,"Both sexes, All age groups, Seasonally adjusted",115.01667022705078,104.56666564941406,133.9166717529297,10.449999809265137,243.43333435058594,18.91666603088379,Percentage,unit,"Both sexes, All age groups, Seasonally adjusted",43.63333511352539,51.13333511352539,14.516666412353516,,,,
Prairie Region,2006-08,"Index, 201612=100",units,90.4,74.5,85.2,,,,,,,,,,,,,,,,,,,,,,,,,,,,,,,,,,,,,,,
Prairie Region,2006-01,"Index, 201612=100",units,69.9,55.5,65.1,,,,,,,,,,,,,,,,,,,,,,,,,,,,,,,,,,,,,,,
Prairie Region,2006-09,"Index, 201612=100",units,91.6,76.5,86.6,,,,,,,,,,,,,,,,,,,,,,,,,,,,,,,,,,,,,,,
Prairie Region,2006-03,"Index, 201612=100",units,74.4,57.9,68.8,,,,,,,,,,,,,,,,,,,,,,,,,,,,,,,,,,,,,,,
Prairie Region,2006-07,"Index, 201612=100",units,87.3,70.6,81.8,,,,,,,,,,,,,,,,,,,,,,,,,,,,,,,,,,,,,,,
Prairie Region,2006-12,"Index, 201612=100",units,91.9,80.9,88.2,,,,,,,,,,,,,,,,,,,,,,,,,,,,,,,,,,,,,,,
Prairie Region,2006-04,"Index, 201612=100",units,77.6,59.6,71.5,,,,,,,,,,,,,,,,,,,,,,,,,,,,,,,,,,,,,,,
Prairie Region,2006-10,"Index, 201612=100",units,91.8,77.3,87.0,,,,,,,,,,,,,,,,,,,,,,,,,,,,,,,,,,,,,,,
Prairie Region,2006-05,"Index, 201612=100",units,80.8,63.5,75.0,,,,,,,,,,,,,,,,,,,,,,,,,,,,,,,,,,,,,,,
Prairie Region,2006-02,"Index, 201612=100",units,71.4,55.6,66.1,,,,,,,,,,,,,,,,,,,,,,,,,,,,,,,,,,,,,,,
Prairie Region,2006-11,"Index, 201612=100",units,92.5,79.5,88.2,,,,,,,,,,,,,,,,,,,,,,,,,,,,,,,,,,,,,,,
Prairie Region,2006-06,"Index, 201612=100",units,85.1,67.1,79.1,,,,,,,,,,,,,,,,,,,,,,,,,,,,,,,,,,,,,,,
Prince Edward Island,2002-07,"Index, 201612=100",units,88.6,75.1,86.2,Dollars,units,"Median total income,Both sexes,All age groups",1675.0,,,,,,,,,,,,,Persons,unit,10.0,126.0,Persons,thousands,"Both sexes, All age groups, Seasonally adjusted",40.68333435058594,35.11666488647461,46.400001525878906,5.583333492279053,66.31666564941406,5.7166666984558105,Percentage,unit,"Both sexes, All age groups, Seasonally adjusted",58.16666793823242,66.55000305175781,12.5,Number,unit,Total of all violations-Actual incidents,987.25
Prince Edward Island,2002-03,"Index, 201612=100",units,88.6,75.1,86.2,Dollars,units,"Median total income,Both sexes,All age groups",1675.0,,,,,,,,,,,,,Persons,unit,24.0,58.0,Persons,thousands,"Both sexes, All age groups, Seasonally adjusted",40.849998474121094,34.46666717529297,46.25,6.366666793823242,66.23332977294922,5.416666507720947,Percentage,unit,"Both sexes, All age groups, Seasonally adjusted",58.18333435058594,66.1500015258789,11.933333396911621,Number,unit,Total of all violations-Actual incidents,987.25
Prince Edward Island,2002-08,"Index, 201612=100",units,89.1,75.1,86.6,Dollars,units,"Median total income,Both sexes,All age groups",1675.0,,,,,,,,,,,,,Persons,unit,8.0,232.0,Persons,thousands,"Both sexes, All age groups, Seasonally adjusted",41.21666717529297,34.849998474121094,46.81666564941406,6.349999904632568,66.38333129882812,5.583333492279053,Percentage,unit,"Both sexes, All age groups, Seasonally adjusted",58.95000076293945,67.23332977294922,12.133333206176758,Number,unit,Total of all violations-Actual incidents,987.25
Prince Edward Island,2002-12,"Index, 201612=100",units,89.1,75.3,86.6,Dollars,units,"Median total income,Both sexes,All age groups",1675.0,,,,,,,,,,,,,Persons,unit,11.0,102.0,Persons,thousands,"Both sexes, All age groups, Seasonally adjusted",41.20000076293945,34.79999923706055,46.16666793823242,6.400000095367432,66.55000305175781,4.9666666984558105,Percentage,unit,"Both sexes, All age groups, Seasonally adjusted",59.0,66.25,10.566666603088379,Number,unit,Total of all violations-Actual incidents,987.25
Prince Edward Island,2002-01,"Index, 201612=100",units,88.5,74.2,85.9,Dollars,units,"Median total income,Both sexes,All age groups",1675.0,,,,,,,,,,,,,Persons,unit,10.0,17.0,Persons,thousands,"Both sexes, All age groups, Seasonally adjusted",40.38333511352539,34.13333511352539,46.18333435058594,6.25,66.13333129882812,5.816666603088379,Percentage,unit,"Both sexes, All age groups, Seasonally adjusted",57.56666564941406,66.41666412353516,13.266666412353516,Number,unit,Total of all violations-Actual incidents,987.25
Prince Edward Island,2002-02,"Index, 201612=100",units,88.6,75.1,86.2,Dollars,units,"Median total income,Both sexes,All age groups",1675.0,,,,,,,,,,,,,Persons,unit,0.0,0.0,Persons,thousands,"Both sexes, All age groups, Seasonally adjusted",40.53333282470703,34.21666717529297,46.86666488647461,6.266666889190674,66.19999694824219,6.366666793823242,Percentage,unit,"Both sexes, All age groups, Seasonally adjusted",58.0,67.33333587646484,13.883333206176758,Number,unit,Total of all violations-Actual incidents,987.25
Prince Edward Island,2002-04,"Index, 201612=100",units,88.6,75.1,86.2,Dollars,units,"Median total income,Both sexes,All age groups",1675.0,,,,,,,,,,,,,Persons,unit,24.0,54.0,Persons,thousands,"Both sexes, All age groups, Seasonally adjusted",41.733333587646484,35.41666793823242,46.53333282470703,6.316666603088379,66.28333282470703,4.800000190734863,Percentage,unit,"Both sexes, All age groups, Seasonally adjusted",59.483333587646484,66.5999984741211,10.483333587646484,Number,unit,Total of all violations-Actual incidents,987.25
Prince Edward Island,2002-05,"Index, 201612=100",units,88.6,75.1,86.2,Dollars,units,"Median total income,Both sexes,All age groups",1675.0,,,,,,,,,,,,,Persons,unit,10.0,37.0,Persons,thousands,"Both sexes, All age groups, Seasonally adjusted",41.25,35.16666793823242,46.150001525878906,6.083333492279053,66.28333282470703,4.933333396911621,Percentage,unit,"Both sexes, All age groups, Seasonally adjusted",58.93333435058594,66.23332977294922,11.100000381469727,Number,unit,Total of all violations-Actual incidents,987.25
Prince Edward Island,2002-06,"Index, 201612=100",units,88.6,75.1,86.2,Dollars,units,"Median total income,Both sexes,All age groups",1675.0,,,,,,,,,,,,,Persons,unit,169.0,2082.0,Persons,thousands,"Both sexes, All age groups, Seasonally adjusted",41.13333511352539,35.099998474121094,46.516666412353516,6.0333333015441895,66.31666564941406,5.366666793823242,Percentage,unit,"Both sexes, All age groups, Seasonally adjusted",58.91666793823242,66.80000305175781,11.783333778381348,Number,unit,Total of all violations-Actual incidents,987.25
Prince Edward Island,2002-10,"Index, 201612=100",units,89.1,75.1,86.6,Dollars,units,"Median total income,Both sexes,All age groups",1675.0,,,,,,,,,,,,,Persons,unit,10.0,95.0,Persons,thousands,"Both sexes, All age groups, Seasonally adjusted",41.08333206176758,35.03333282470703,46.5,6.050000190734863,66.48332977294922,5.416666507720947,Percentage,unit,"Both sexes, All age groups, Seasonally adjusted",58.650001525878906,66.63333129882812,12.133333206176758,Number,unit,Total of all violations-Actual incidents,987.25
Prince Edward Island,2002-11,"Index, 201612=100",units,89.1,75.1,86.6,Dollars,units,"Median total income,Both sexes,All age groups",1675.0,,,,,,,,,,,,,Persons,unit,20.0,110.0,Persons,thousands,"Both sexes, All age groups, Seasonally adjusted",40.96666717529297,35.016666412353516,46.20000076293945,5.9666666984558105,66.46666717529297,5.199999809265137,Percentage,unit,"Both sexes, All age groups, Seasonally adjusted",58.516666412353516,66.06666564941406,11.283333778381348,Number,unit,Total of all violations-Actual incidents,987.25
Prince Edward Island,2002-09,"Index, 201612=100",units,89.1,75.1,86.6,Dollars,units,"Median total income,Both sexes,All age groups",1675.0,,,,,,,,,,,,,Persons,unit,8.0,113.0,Persons,thousands,"Both sexes, All age groups, Seasonally adjusted",41.68333435058594,35.25,47.03333282470703,6.433333396911621,66.43333435058594,5.349999904632568,Percentage,unit,"Both sexes, All age groups, Seasonally adjusted",59.516666412353516,67.56666564941406,11.883333206176758,Number,unit,Total of all violations-Actual incidents,987.25
Quebec,2014-01,"Index, 201612=100",units,99.43333333333332,98.8,99.16666666666667,Dollars,units,"Median total income,Both sexes,All age groups",2598.33,Dollars,unit,Average expenditure per household,647.58,1083.75,7.08,294.42,997.83,270.0,1098.92,5767.42,3.42,Persons,unit,661020.0,870678.0,Persons,thousands,"Both sexes, All age groups, Seasonally adjusted",2599.11669921875,2116.283447265625,2807.166748046875,482.79998779296875,4136.5498046875,208.0500030517578,Percentage,unit,"Both sexes, All age groups, Seasonally adjusted",60.63333511352539,66.0,8.149999618530273,Number,unit,Total of all violations-Actual incidents,29534.75
Quebec,2014-06,"Index, 201612=100",units,99.5,99.03333333333335,99.26666666666667,Dollars,units,"Median total income,Both sexes,All age groups",2598.33,Dollars,unit,Average expenditure per household,647.58,1083.75,7.08,294.42,997.83,270.0,1098.92,5767.42,3.42,Persons,unit,696192.0,1097965.0,Persons,thousands,"Both sexes, All age groups, Seasonally adjusted",2586.316650390625,2109.75,2804.699951171875,476.54998779296875,4147.83349609375,218.36666870117188,Percentage,unit,"Both sexes, All age groups, Seasonally adjusted",60.349998474121094,65.9000015258789,8.366666793823242,Number,unit,Total of all violations-Actual incidents,29534.75
Quebec,2014-11,"Index, 201612=100",units,99.46666666666665,99.13333333333333,99.3,Dollars,units,"Median total income,Both sexes,All age groups",2598.33,Dollars,unit,Average expenditure per household,647.58,1083.75,7.08,294.42,997.83,270.0,1098.92,5767.42,3.42,Persons,unit,507505.0,742670.0,Persons,thousands,"Both sexes, All age groups, Seasonally adjusted",2595.38330078125,2110.216552734375,2806.933349609375,485.1833190917969,4157.466796875,211.53334045410156,Percentage,unit,"Both sexes, All age groups, Seasonally adjusted",60.5,65.96666717529297,8.266666412353516,Number,unit,Total of all violations-Actual incidents,29534.75
Quebec,2014-03,"Index, 201612=100",units,99.39999999999999,98.83333333333333,99.13333333333333,Dollars,units,"Median total income,Both sexes,All age groups",2598.33,Dollars,unit,Average expenditure per household,647.58,1083.75,7.08,294.42,997.83,270.0,1098.92,5767.42,3.42,Persons,unit,755645.0,986421.0,Persons,thousands,"Both sexes, All age groups, Seasonally adjusted",2591.333251953125,2123.39990234375,2803.88330078125,467.9333190917969,4139.18310546875,212.53334045410156,Percentage,unit,"Both sexes, All age groups, Seasonally adjusted",60.45000076293945,65.86666870117188,8.183333396911621,Number,unit,Total of all violations-Actual incidents,29534.75
Quebec,2014-04,"Index, 201612=100",units,99.46666666666668,98.83333333333333,99.16666666666667,Dollars,units,"Median total income,Both sexes,All age groups",2598.33,Dollars,unit,Average expenditure per household,647.58,1083.75,7.08,294.42,997.83,270.0,1098.92,5767.42,3.42,Persons,unit,705385.0,980334.0,Persons,thousands,"Both sexes, All age groups, Seasonally adjusted",2577.0166015625,2109.2333984375,2788.0166015625,467.79998779296875,4141.58349609375,211.01666259765625,Percentage,unit,"Both sexes, All age groups, Seasonally adjusted",60.11666488647461,65.5,8.216666221618652,Number,unit,Total of all violations-Actual incidents,29534.75
Quebec,2014-05,"Index, 201612=100",units,99.53333333333335,98.83333333333333,99.23333333333333,Dollars,units,"Median total income,Both sexes,All age groups",2598.33,Dollars,unit,Average expenditure per household,647.58,1083.75,7.08,294.42,997.83,270.0,1098.92,5767.42,3.42,Persons,unit,646726.0,975471.0,Persons,thousands,"Both sexes, All age groups, Seasonally adjusted",2575.566650390625,2095.0,2789.63330078125,480.54998779296875,4144.033203125,214.06666564941406,Percentage,unit,"Both sexes, All age groups, Seasonally adjusted",60.03333282470703,65.56666564941406,8.449999809265137,Number,unit,Total of all violations-Actual incidents,29534.75
Quebec,2014-10,"Index, 201612=100",units,99.36666666666667,99.13333333333333,99.23333333333333,Dollars,units,"Median total income,Both sexes,All age groups",2598.33,Dollars,unit,Average expenditure per household,647.58,1083.75,7.08,294.42,997.83,270.0,1098.92,5767.42,3.42,Persons,unit,592366.0,925609.0,Persons,thousands,"Both sexes, All age groups, Seasonally adjusted",2587.783447265625,2097.9833984375,2795.949951171875,489.8166809082031,4156.18310546875,208.1666717529297,Percentage,unit,"Both sexes, All age groups, Seasonally adjusted",60.29999923706055,65.71666717529297,8.283333778381348,Number,unit,Total of all violations-Actual incidents,29534.75
Quebec,2014-02,"Index, 201612=100",units,99.46666666666668,98.8,99.13333333333333,Dollars,units,"Median total income,Both sexes,All age groups",2598.33,Dollars,unit,Average expenditure per household,647.58,1083.75,7.08,294.42,997.83,270.0,1098.92,5767.42,3.42,Persons,unit,533421.0,761264.0,Persons,thousands,"Both sexes, All age groups, Seasonally adjusted",2580.833251953125,2106.800048828125,2797.833251953125,474.0333251953125,4137.58349609375,216.98333740234375,Percentage,unit,"Both sexes, All age groups, Seasonally adjusted",60.16666793823242,65.76667022705078,8.383333206176758,Number,unit,Total of all violations-Actual incidents,29534.75
Quebec,2014-07,"Index, 201612=100",units,99.5,99.09999999999998,99.33333333333333,Dollars,units,"Median total income,Both sexes,All age groups",2598.33,Dollars,unit,Average expenditure per household,647.58,1083.75,7.08,294.42,997.83,270.0,1098.92,5767.42,3.42,Persons,unit,931724.0,1431693.0,Persons,thousands,"Both sexes, All age groups, Seasonally adjusted",2588.4833984375,2104.683349609375,2810.88330078125,483.79998779296875,4150.43310546875,222.35000610351562,Percentage,unit,"Both sexes, All age groups, Seasonally adjusted",60.5,66.03333282470703,8.366666793823242,Number,unit,Total of all violations-Actual incidents,29534.75
Quebec,2014-09,"Index, 201612=100",units,99.33333333333333,99.13333333333333,99.2,Dollars,units,"Median total income,Both sexes,All age groups",2598.33,Dollars,unit,Average expenditure per household,647.58,1083.75,7.08,294.42,997.83,270.0,1098.92,5767.42,3.42,Persons,unit,681719.0,1035712.0,Persons,thousands,"Both sexes, All age groups, Seasonally adjusted",2589.85009765625,2100.4833984375,2799.0166015625,489.3666687011719,4154.81689453125,209.1666717529297,Percentage,unit,"Both sexes, All age groups, Seasonally adjusted",60.41666793823242,65.93333435058594,8.383333206176758,Number,unit,Total of all violations-Actual incidents,29534.75
Quebec,2014-12,"Index, 201612=100",units,99.33333333333333,99.13333333333333,99.23333333333335,Dollars,units,"Median total income,Both sexes,All age groups",2598.33,Dollars,unit,Average expenditure per household,647.58,1083.75,7.08,294.42,997.83,270.0,1098.92,5767.42,3.42,Persons,unit,516750.0,807041.0,Persons,thousands,"Both sexes, All age groups, Seasonally adjusted",2591.5166015625,2119.449951171875,2792.300048828125,472.04998779296875,4159.11669921875,200.76666259765625,Percentage,unit,"Both sexes, All age groups, Seasonally adjusted",60.31666564941406,65.53333282470703,7.9666666984558105,Number,unit,Total of all violations-Actual incidents,29534.75
Quebec,2014-08,"Index, 201612=100",units,99.5,99.13333333333333,99.33333333333333,Dollars,units,"Median total income,Both sexes,All age groups",2598.33,Dollars,unit,Average expenditure per household,647.58,1083.75,7.08,294.42,997.83,270.0,1098.92,5767.42,3.42,Persons,unit,1151307.0,1670042.0,Persons,thousands,"Both sexes, All age groups, Seasonally adjusted",2589.14990234375,2099.300048828125,2796.25,489.8666687011719,4152.5,207.11666870117188,Percentage,unit,"Both sexes, All age groups, Seasonally adjusted",60.43333435058594,65.71666717529297,8.033333778381348,Number,unit,Total of all violations-Actual incidents,29534.75
