province,REF_DATE,uom_houseindex,scalar_houseindex,avg_house_only,avg_land_only,avg_totalhouseland,uom_income,scalar_income,statistic_income,avg_income,uom_expenditure,scalar_expenditure,statistic_expenditure,avg_food_expenditures,avg_income_taxes,avg_mortageinsurance,avg_mortagePaid,avg_accomodation,avg_rent,avg_shelter,avg_total_expenditure,avg_taxes_landregfees,uom_tourist,scalar_tourist,avg_international_tourism,avg_domestic_tourism,uom_labourforce,scalar_labourforce,statistic_labourforce,avg_employment,avg_fulltime,avg_labourforce,avg_parttime,avg_population,avg_unemployment,uom_lfperc,scalar_lfperc,statistic_labourforceperc,avg_employment_rate,avg_participationrate,avg_unemploymentrate,uom_crime,scalar_crime,statistic_crime,avg_crime_incidents
Canada,1986-09,"Index, 201612=100",units,42.9,40.6,42.8,,,,,,,,,,,,,,,,,Persons,unit,3265973.0,7606965.0,Persons,thousands,"Both sexes, All age groups, Seasonally adjusted",5448.15576171875,6350.68310546875,6019.7333984375,1216.566650390625,8931.3330078125,571.566650390625,Percentage,unit,"Both sexes, All age groups, Seasonally adjusted",56.522220611572266,63.28888702392578,10.45555591583252,,,,
Canada,1986-01,"Index, 201612=100",units,39.4,38.8,39.8,,,,,,,,,,,,,,,,,Persons,unit,2794629.0,4861759.0,Persons,thousands,"Both sexes, All age groups, Seasonally adjusted",5391.64453125,6298.63330078125,5978.7109375,1180.2833251953125,8862.6337890625,587.0999755859375,Percentage,unit,"Both sexes, All age groups, Seasonally adjusted",56.344444274902344,63.42222213745117,10.877778053283691,,,,
Canada,1986-10,"Index, 201612=100",units,43.4,40.6,43.2,,,,,,,,,,,,,,,,,Persons,unit,3140542.0,6533600.0,Persons,thousands,"Both sexes, All age groups, Seasonally adjusted",5457.63330078125,6366.7333984375,6024.466796875,1216.066650390625,8938.9111328125,566.8333129882812,Percentage,unit,"Both sexes, All age groups, Seasonally adjusted",56.5444450378418,63.20000076293945,10.277777671813965,,,,
Canada,1986-07,"Index, 201612=100",units,41.4,39.8,41.6,,,,,,,,,,,,,,,,,Persons,unit,4476679.0,1.1449869E7,Persons,thousands,"Both sexes, All age groups, Seasonally adjusted",5443.2001953125,6356.216796875,6016.822265625,1194.6500244140625,8914.6337890625,573.6221923828125,Percentage,unit,"Both sexes, All age groups, Seasonally adjusted",56.77777862548828,63.5444450378418,10.322221755981445,,,,
Canada,1986-03,"Index, 201612=100",units,40.2,39.3,40.6,,,,,,,,,,,,,,,,,Persons,unit,3637126.0,6263354.0,Persons,thousands,"Both sexes, All age groups, Seasonally adjusted",5401.54443359375,6315.63330078125,5988.56689453125,1181.8333740234375,8877.7666015625,587.0,Percentage,unit,"Both sexes, All age groups, Seasonally adjusted",56.25555419921875,63.36666488647461,10.966666221618652,,,,
Canada,1986-02,"Index, 201612=100",units,39.9,39.2,40.3,,,,,,,,,,,,,,,,,Persons,unit,2431018.0,4454457.0,Persons,thousands,"Both sexes, All age groups, Seasonally adjusted",5397.13330078125,6306.2333984375,5986.65576171875,1183.199951171875,8870.0888671875,589.5333251953125,Percentage,unit,"Both sexes, All age groups, Seasonally adjusted",56.31111145019531,63.477779388427734,11.100000381469727,,,,
Canada,1986-05,"Index, 201612=100",units,40.9,39.5,41.1,,,,,,,,,,,,,,,,,Persons,unit,3399007.0,7424441.0,Persons,thousands,"Both sexes, All age groups, Seasonally adjusted",5426.0,6329.93310546875,5995.2666015625,1197.6666259765625,8896.533203125,569.2777709960938,Percentage,unit,"Both sexes, All age groups, Seasonally adjusted",56.622222900390625,63.4555549621582,10.5,,,,
Canada,1986-12,"Index, 201612=100",units,44.4,41.0,44.0,,,,,,,,,,,,,,,,,Persons,unit,2712960.0,5311147.0,Persons,thousands,"Both sexes, All age groups, Seasonally adjusted",5468.60009765625,6380.0166015625,6040.18896484375,1222.5333251953125,8953.9111328125,571.611083984375,Percentage,unit,"Both sexes, All age groups, Seasonally adjusted",56.5,63.22222137451172,10.411110877990723,,,,
Canada,1986-08,"Index, 201612=100",units,41.9,40.1,42.0,,,,,,,,,,,,,,,,,Persons,unit,4922655.0,1.2097137E7,Persons,thousands,"Both sexes, All age groups, Seasonally adjusted",5443.95556640625,6357.10009765625,6021.677734375,1200.3333740234375,8922.1552734375,577.7333374023438,Percentage,unit,"Both sexes, All age groups, Seasonally adjusted",56.61111068725586,63.42222213745117,10.55555534362793,,,,
Canada,1986-06,"Index, 201612=100",units,41.2,39.7,41.3,,,,,,,,,,,,,,,,,Persons,unit,3580830.0,8693142.0,Persons,thousands,"Both sexes, All age groups, Seasonally adjusted",5442.54443359375,6338.35009765625,6016.8779296875,1207.3333740234375,8907.1552734375,574.3222045898438,Percentage,unit,"Both sexes, All age groups, Seasonally adjusted",56.9555549621582,63.766666412353516,10.355555534362793,,,,
Canada,1986-11,"Index, 201612=100",units,44.1,41.0,43.8,,,,,,,,,,,,,,,,,Persons,unit,2788590.0,5371628.0,Persons,thousands,"Both sexes, All age groups, Seasonally adjusted",5469.43310546875,6386.5166015625,6033.04443359375,1213.316650390625,8946.27734375,563.611083984375,Percentage,unit,"Both sexes, All age groups, Seasonally adjusted",56.64444351196289,63.22222137451172,10.144444465637207,,,,
Canada,1986-04,"Index, 201612=100",units,40.6,39.3,40.8,,,,,,,,,,,,,,,,,Persons,unit,3253588.0,5963499.0,Persons,thousands,"Both sexes, All age groups, Seasonally adjusted",5438.5556640625,6333.86669921875,6017.89990234375,1207.3499755859375,8887.85546875,579.2999877929688,Percentage,unit,"Both sexes, All age groups, Seasonally adjusted",56.911109924316406,63.82222366333008,10.522222518920898,,,,
Canada,2015-12,"Index, 201612=100",units,96.5,98.1,97.0,Dollars,units,"Median total income,Both sexes,All age groups",2826.67,Dollars,unit,Average expenditure per household,719.08,1277.83,9.0,441.33,1316.83,306.75,1459.08,6891.42,12.92,Persons,unit,3972182.0,6414415.0,Persons,thousands,"Both sexes, All age groups, Seasonally adjusted",8244.77734375,9454.283203125,8877.921875,2014.199951171875,12987.9892578125,633.1333618164062,Percentage,unit,"Both sexes, All age groups, Seasonally adjusted",59.70000076293945,65.38888549804688,8.899999618530273,,,,
Canada,2015-03,"Index, 201612=100",units,95.0,97.0,95.7,Dollars,units,"Median total income,Both sexes,All age groups",2826.67,Dollars,unit,Average expenditure per household,719.08,1277.83,9.0,441.33,1316.83,306.75,1459.08,6891.42,12.92,Persons,unit,5381225.0,7434298.0,Persons,thousands,"Both sexes, All age groups, Seasonally adjusted",8202.6337890625,9373.6162109375,8799.6220703125,2034.300048828125,12890.4892578125,596.95556640625,Percentage,unit,"Both sexes, All age groups, Seasonally adjusted",59.977779388427734,65.43333435058594,8.600000381469727,,,,
Canada,2015-07,"Index, 201612=100",units,95.5,97.9,96.2,Dollars,units,"Median total income,Both sexes,All age groups",2826.67,Dollars,unit,Average expenditure per household,719.08,1277.83,9.0,441.33,1316.83,306.75,1459.08,6891.42,12.92,Persons,unit,5372443.0,1.0148968E7,Persons,thousands,"Both sexes, All age groups, Seasonally adjusted",8235.4892578125,9455.900390625,8839.4775390625,2001.0,12937.388671875,604.0,Percentage,unit,"Both sexes, All age groups, Seasonally adjusted",59.911109924316406,65.5111083984375,8.833333015441895,,,,
Canada,2015-10,"Index, 201612=100",units,96.2,98.1,96.8,Dollars,units,"Median total income,Both sexes,All age groups",2826.67,Dollars,unit,Average expenditure per household,719.08,1277.83,9.0,441.33,1316.83,306.75,1459.08,6891.42,12.92,Persons,unit,4113548.0,6820213.0,Persons,thousands,"Both sexes, All age groups, Seasonally adjusted",8244.400390625,9442.466796875,8858.5,2027.0833740234375,12970.8662109375,614.111083984375,Percentage,unit,"Both sexes, All age groups, Seasonally adjusted",59.844444274902344,65.46666717529297,8.766666412353516,,,,
Canada,2015-06,"Index, 201612=100",units,95.3,97.9,96.1,Dollars,units,"Median total income,Both sexes,All age groups",2826.67,Dollars,unit,Average expenditure per household,719.08,1277.83,9.0,441.33,1316.83,306.75,1459.08,6891.42,12.92,Persons,unit,4373333.0,8369947.0,Persons,thousands,"Both sexes, All age groups, Seasonally adjusted",8221.6220703125,9438.783203125,8826.533203125,1998.800048828125,12925.0888671875,604.9222412109375,Percentage,unit,"Both sexes, All age groups, Seasonally adjusted",59.844444274902344,65.4000015258789,8.766666412353516,,,,
Canada,2015-05,"Index, 201612=100",units,95.1,97.6,95.9,Dollars,units,"Median total income,Both sexes,All age groups",2826.67,Dollars,unit,Average expenditure per household,719.08,1277.83,9.0,441.33,1316.83,306.75,1459.08,6891.42,12.92,Persons,unit,4976433.0,8085646.0,Persons,thousands,"Both sexes, All age groups, Seasonally adjusted",8217.7890625,9399.8662109375,8820.7001953125,2031.2166748046875,12910.755859375,602.9222412109375,Percentage,unit,"Both sexes, All age groups, Seasonally adjusted",59.94444274902344,65.53333282470703,8.777777671813965,,,,
Canada,2015-04,"Index, 201612=100",units,95.1,97.0,95.7,Dollars,units,"Median total income,Both sexes,All age groups",2826.67,Dollars,unit,Average expenditure per household,719.08,1277.83,9.0,441.33,1316.83,306.75,1459.08,6891.42,12.92,Persons,unit,5010400.0,7288754.0,Persons,thousands,"Both sexes, All age groups, Seasonally adjusted",8197.0107421875,9391.81640625,8798.14453125,2011.449951171875,12900.85546875,601.1444702148438,Percentage,unit,"Both sexes, All age groups, Seasonally adjusted",59.78888702392578,65.4888916015625,8.922222137451172,,,,
Canada,2015-01,"Index, 201612=100",units,94.8,96.9,95.5,Dollars,units,"Median total income,Both sexes,All age groups",2826.67,Dollars,unit,Average expenditure per household,719.08,1277.83,9.0,441.33,1316.83,306.75,1459.08,6891.42,12.92,Persons,unit,4646733.0,6453817.0,Persons,thousands,"Both sexes, All age groups, Seasonally adjusted",8182.13330078125,9354.68359375,8762.078125,2031.816650390625,12872.2333984375,579.9444580078125,Percentage,unit,"Both sexes, All age groups, Seasonally adjusted",59.78888702392578,65.17778015136719,8.45555591583252,,,,
Canada,2015-09,"Index, 201612=100",units,95.9,98.0,96.6,Dollars,units,"Median total income,Both sexes,All age groups",2826.67,Dollars,unit,Average expenditure per household,719.08,1277.83,9.0,441.33,1316.83,306.75,1459.08,6891.42,12.92,Persons,unit,4252128.0,7742339.0,Persons,thousands,"Both sexes, All age groups, Seasonally adjusted",8238.177734375,9440.900390625,8861.7109375,2020.5,12960.43359375,623.5777587890625,Percentage,unit,"Both sexes, All age groups, Seasonally adjusted",59.83333206176758,65.57777404785156,8.977777481079102,,,,
Canada,2015-11,"Index, 201612=100",units,96.4,98.1,96.9,Dollars,units,"Median total income,Both sexes,All age groups",2826.67,Dollars,unit,Average expenditure per household,719.08,1277.83,9.0,441.33,1316.83,306.75,1459.08,6891.42,12.92,Persons,unit,3981073.0,6054215.0,Persons,thousands,"Both sexes, All age groups, Seasonally adjusted",8236.6552734375,9467.75,8866.4892578125,1992.11669921875,12980.72265625,629.8444213867188,Percentage,unit,"Both sexes, All age groups, Seasonally adjusted",59.70000076293945,65.28888702392578,8.800000190734863,,,,
Canada,2015-02,"Index, 201612=100",units,95.0,97.0,95.6,Dollars,units,"Median total income,Both sexes,All age groups",2826.67,Dollars,unit,Average expenditure per household,719.08,1277.83,9.0,441.33,1316.83,306.75,1459.08,6891.42,12.92,Persons,unit,4051906.0,5830111.0,Persons,thousands,"Both sexes, All age groups, Seasonally adjusted",8193.544921875,9387.349609375,8789.93359375,2012.3499755859375,12881.0556640625,596.4111328125,Percentage,unit,"Both sexes, All age groups, Seasonally adjusted",59.900001525878906,65.45555877685547,8.699999809265137,,,,
Canada,2015-08,"Index, 201612=100",units,95.8,98.0,96.5,Dollars,units,"Median total income,Both sexes,All age groups",2826.67,Dollars,unit,Average expenditure per household,719.08,1277.83,9.0,441.33,1316.83,306.75,1459.08,6891.42,12.92,Persons,unit,5839290.0,1.0346459E7,Persons,thousands,"Both sexes, All age groups, Seasonally adjusted",8240.7666015625,9479.7998046875,8859.0888671875,1983.8333740234375,12947.8115234375,618.2999877929688,Percentage,unit,"Both sexes, All age groups, Seasonally adjusted",59.911109924316406,65.57777404785156,8.877778053283691,,,,
Manitoba,2012-03,"Index, 201612=100",units,88.9,88.8,89.0,Dollars,units,"Median total income,Both sexes,All age groups",2554.17,Dollars,unit,Average expenditure per household,638.17,1069.67,10.0,341.42,1023.67,238.08,1143.0,5957.67,7.33,Persons,unit,169834.0,218568.0,Persons,thousands,"Both sexes, All age groups, Seasonally adjusted",393.73333740234375,321.1000061035156,414.45001220703125,72.61666870117188,578.2666625976562,20.733333587646484,Percentage,unit,"Both sexes, All age groups, Seasonally adjusted",65.18333435058594,69.19999694824219,5.733333110809326,Number,unit,Total of all violations-Actual incidents,10151.25
Manitoba,2012-10,"Index, 201612=100",units,91.1,91.3,91.2,Dollars,units,"Median total income,Both sexes,All age groups",2554.17,Dollars,unit,Average expenditure per household,638.17,1069.67,10.0,341.42,1023.67,238.08,1143.0,5957.67,7.33,Persons,unit,125633.0,185856.0,Persons,thousands,"Both sexes, All age groups, Seasonally adjusted",394.48333740234375,325.79998779296875,417.2833251953125,68.68333435058594,582.5166625976562,22.799999237060547,Percentage,unit,"Both sexes, All age groups, Seasonally adjusted",65.08333587646484,69.30000305175781,6.0333333015441895,Number,unit,Total of all violations-Actual incidents,10151.25
Manitoba,2012-11,"Index, 201612=100",units,91.5,91.5,91.6,Dollars,units,"Median total income,Both sexes,All age groups",2554.17,Dollars,unit,Average expenditure per household,638.17,1069.67,10.0,341.42,1023.67,238.08,1143.0,5957.67,7.33,Persons,unit,126337.0,172352.0,Persons,thousands,"Both sexes, All age groups, Seasonally adjusted",397.3166809082031,325.2166748046875,418.26666259765625,72.08333587646484,583.2333374023438,20.96666717529297,Percentage,unit,"Both sexes, All age groups, Seasonally adjusted",65.38333129882812,69.25,5.599999904632568,Number,unit,Total of all violations-Actual incidents,10151.25
Manitoba,2012-02,"Index, 201612=100",units,88.6,87.8,88.4,Dollars,units,"Median total income,Both sexes,All age groups",2554.17,Dollars,unit,Average expenditure per household,638.17,1069.67,10.0,341.42,1023.67,238.08,1143.0,5957.67,7.33,Persons,unit,133338.0,177692.0,Persons,thousands,"Both sexes, All age groups, Seasonally adjusted",389.8500061035156,316.6833190917969,411.6833190917969,73.18333435058594,577.7833251953125,21.83333396911621,Percentage,unit,"Both sexes, All age groups, Seasonally adjusted",64.61666870117188,68.76667022705078,6.0,Number,unit,Total of all violations-Actual incidents,10151.25
Manitoba,2012-07,"Index, 201612=100",units,90.0,90.5,90.2,Dollars,units,"Median total income,Both sexes,All age groups",2554.17,Dollars,unit,Average expenditure per household,638.17,1069.67,10.0,341.42,1023.67,238.08,1143.0,5957.67,7.33,Persons,unit,195895.0,276260.0,Persons,thousands,"Both sexes, All age groups, Seasonally adjusted",391.7833251953125,319.8833312988281,414.1833190917969,71.9000015258789,580.9666748046875,22.383333206176758,Percentage,unit,"Both sexes, All age groups, Seasonally adjusted",64.71666717529297,68.91666412353516,5.933333396911621,Number,unit,Total of all violations-Actual incidents,10151.25
Manitoba,2012-04,"Index, 201612=100",units,89.3,88.8,89.3,Dollars,units,"Median total income,Both sexes,All age groups",2554.17,Dollars,unit,Average expenditure per household,638.17,1069.67,10.0,341.42,1023.67,238.08,1143.0,5957.67,7.33,Persons,unit,151556.0,197699.0,Persons,thousands,"Both sexes, All age groups, Seasonally adjusted",396.0833435058594,324.45001220703125,416.3500061035156,71.63333129882812,578.8833618164062,20.266666412353516,Percentage,unit,"Both sexes, All age groups, Seasonally adjusted",65.56666564941406,69.5,5.5333333015441895,Number,unit,Total of all violations-Actual incidents,10151.25
Manitoba,2012-06,"Index, 201612=100",units,89.7,90.5,90.0,Dollars,units,"Median total income,Both sexes,All age groups",2554.17,Dollars,unit,Average expenditure per household,638.17,1069.67,10.0,341.42,1023.67,238.08,1143.0,5957.67,7.33,Persons,unit,122967.0,199263.0,Persons,thousands,"Both sexes, All age groups, Seasonally adjusted",392.25,321.7166748046875,413.23333740234375,70.51667022705078,580.1666870117188,20.96666717529297,Percentage,unit,"Both sexes, All age groups, Seasonally adjusted",64.83333587646484,68.80000305175781,5.699999809265137,Number,unit,Total of all violations-Actual incidents,10151.25
Manitoba,2012-09,"Index, 201612=100",units,90.6,91.3,90.9,Dollars,units,"Median total income,Both sexes,All age groups",2554.17,Dollars,unit,Average expenditure per household,638.17,1069.67,10.0,341.42,1023.67,238.08,1143.0,5957.67,7.33,Persons,unit,151609.0,210560.0,Persons,thousands,"Both sexes, All age groups, Seasonally adjusted",396.5666809082031,325.3500061035156,417.4333190917969,71.21666717529297,581.7999877929688,20.899999618530273,Percentage,unit,"Both sexes, All age groups, Seasonally adjusted",65.56666564941406,69.36666870117188,5.400000095367432,Number,unit,Total of all violations-Actual incidents,10151.25
Manitoba,2012-05,"Index, 201612=100",units,89.5,88.8,89.4,Dollars,units,"Median total income,Both sexes,All age groups",2554.17,Dollars,unit,Average expenditure per household,638.17,1069.67,10.0,341.42,1023.67,238.08,1143.0,5957.67,7.33,Persons,unit,137151.0,195008.0,Persons,thousands,"Both sexes, All age groups, Seasonally adjusted",394.48333740234375,320.9666748046875,414.48333740234375,73.53333282470703,579.4833374023438,20.016666412353516,Percentage,unit,"Both sexes, All age groups, Seasonally adjusted",65.26667022705078,69.11666870117188,5.566666603088379,Number,unit,Total of all violations-Actual incidents,10151.25
Manitoba,2012-12,"Index, 201612=100",units,91.7,93.4,92.4,Dollars,units,"Median total income,Both sexes,All age groups",2554.17,Dollars,unit,Average expenditure per household,638.17,1069.67,10.0,341.42,1023.67,238.08,1143.0,5957.67,7.33,Persons,unit,120753.0,170262.0,Persons,thousands,"Both sexes, All age groups, Seasonally adjusted",399.9666748046875,327.4333190917969,420.2166748046875,72.51667022705078,583.7999877929688,20.266666412353516,Percentage,unit,"Both sexes, All age groups, Seasonally adjusted",65.94999694824219,69.69999694824219,5.333333492279053,Number,unit,Total of all violations-Actual incidents,10151.25
Manitoba,2012-01,"Index, 201612=100",units,88.1,87.8,88.1,Dollars,units,"Median total income,Both sexes,All age groups",2554.17,Dollars,unit,Average expenditure per household,638.17,1069.67,10.0,341.42,1023.67,238.08,1143.0,5957.67,7.33,Persons,unit,130358.0,174781.0,Persons,thousands,"Both sexes, All age groups, Seasonally adjusted",389.2166748046875,315.8666687011719,411.3500061035156,73.33333587646484,577.0999755859375,22.149999618530273,Percentage,unit,"Both sexes, All age groups, Seasonally adjusted",64.58333587646484,68.8499984741211,6.25,Number,unit,Total of all violations-Actual incidents,10151.25
Manitoba,2012-08,"Index, 201612=100",units,90.2,90.6,90.4,Dollars,units,"Median total income,Both sexes,All age groups",2554.17,Dollars,unit,Average expenditure per household,638.17,1069.67,10.0,341.42,1023.67,238.08,1143.0,5957.67,7.33,Persons,unit,211357.0,286305.0,Persons,thousands,"Both sexes, All age groups, Seasonally adjusted",394.48333740234375,324.1666564941406,416.5,70.31666564941406,581.2833251953125,22.016666412353516,Percentage,unit,"Both sexes, All age groups, Seasonally adjusted",65.16666412353516,69.30000305175781,5.866666793823242,Number,unit,Total of all violations-Actual incidents,10151.25
Prince Edward Island,1995-03,"Index, 201612=100",units,89.8,59.7,83.5,,,,,,,,,,,,,,,,,Persons,unit,2.0,100.0,Persons,thousands,"Both sexes, All age groups, Seasonally adjusted",35.96666717529297,30.049999237060547,42.349998474121094,5.883333206176758,62.63333511352539,6.416666507720947,Percentage,unit,"Both sexes, All age groups, Seasonally adjusted",53.46666717529297,63.29999923706055,15.466666221618652,,,,
Prince Edward Island,1995-11,"Index, 201612=100",units,88.8,59.5,82.8,,,,,,,,,,,,,,,,,Persons,unit,1.0,168.0,Persons,thousands,"Both sexes, All age groups, Seasonally adjusted",37.28333282470703,30.66666603088379,42.66666793823242,6.599999904632568,63.18333435058594,5.366666793823242,Percentage,unit,"Both sexes, All age groups, Seasonally adjusted",55.266666412353516,63.599998474121094,13.066666603088379,,,,
Prince Edward Island,1995-10,"Index, 201612=100",units,88.9,59.5,82.8,,,,,,,,,,,,,,,,,Persons,unit,8.0,238.0,Persons,thousands,"Both sexes, All age groups, Seasonally adjusted",36.93333435058594,30.566667556762695,42.95000076293945,6.366666793823242,63.16666793823242,6.016666889190674,Percentage,unit,"Both sexes, All age groups, Seasonally adjusted",55.04999923706055,64.1500015258789,14.149999618530273,,,,
Prince Edward Island,1995-08,"Index, 201612=100",units,88.6,59.5,82.6,,,,,,,,,,,,,,,,,Persons,unit,604.0,2468.0,Persons,thousands,"Both sexes, All age groups, Seasonally adjusted",36.21666717529297,29.950000762939453,42.849998474121094,6.266666889190674,62.983333587646484,6.616666793823242,Percentage,unit,"Both sexes, All age groups, Seasonally adjusted",53.79999923706055,63.983333587646484,15.183333396911621,,,,
Prince Edward Island,1995-09,"Index, 201612=100",units,88.9,59.5,82.8,,,,,,,,,,,,,,,,,Persons,unit,0.0,162.0,Persons,thousands,"Both sexes, All age groups, Seasonally adjusted",36.41666793823242,29.799999237060547,43.04999923706055,6.616666793823242,63.08333206176758,6.616666793823242,Percentage,unit,"Both sexes, All age groups, Seasonally adjusted",54.150001525878906,64.1500015258789,15.166666984558105,,,,
Prince Edward Island,1995-04,"Index, 201612=100",units,89.2,59.7,83.1,,,,,,,,,,,,,,,,,Persons,unit,3.0,91.0,Persons,thousands,"Both sexes, All age groups, Seasonally adjusted",35.70000076293945,29.733333587646484,42.099998474121094,5.933333396911621,62.766666412353516,6.433333396911621,Percentage,unit,"Both sexes, All age groups, Seasonally adjusted",52.983333587646484,62.78333282470703,15.433333396911621,,,,
Prince Edward Island,1995-05,"Index, 201612=100",units,89.2,59.7,83.1,,,,,,,,,,,,,,,,,Persons,unit,3.0,153.0,Persons,thousands,"Both sexes, All age groups, Seasonally adjusted",35.650001525878906,29.78333282470703,42.349998474121094,5.866666793823242,62.79999923706055,6.699999809265137,Percentage,unit,"Both sexes, All age groups, Seasonally adjusted",53.11666488647461,63.21666717529297,15.716666221618652,,,,
Prince Edward Island,1995-07,"Index, 201612=100",units,88.3,59.5,82.4,,,,,,,,,,,,,,,,,Persons,unit,723.0,2120.0,Persons,thousands,"Both sexes, All age groups, Seasonally adjusted",35.95000076293945,30.0,42.54999923706055,5.933333396911621,62.849998474121094,6.616666793823242,Percentage,unit,"Both sexes, All age groups, Seasonally adjusted",53.41666793823242,63.46666717529297,15.766666412353516,,,,
Prince Edward Island,1995-02,"Index, 201612=100",units,89.8,59.7,83.5,,,,,,,,,,,,,,,,,Persons,unit,4.0,51.0,Persons,thousands,"Both sexes, All age groups, Seasonally adjusted",35.516666412353516,29.633333206176758,41.599998474121094,5.916666507720947,62.63333511352539,6.083333492279053,Percentage,unit,"Both sexes, All age groups, Seasonally adjusted",52.81666564941406,62.13333511352539,15.016666412353516,,,,
Prince Edward Island,1995-01,"Index, 201612=100",units,89.8,59.7,83.5,,,,,,,,,,,,,,,,,Persons,unit,0.0,165.0,Persons,thousands,"Both sexes, All age groups, Seasonally adjusted",35.516666412353516,29.899999618530273,41.61666488647461,5.583333492279053,62.56666564941406,6.083333492279053,Percentage,unit,"Both sexes, All age groups, Seasonally adjusted",52.46666717529297,62.04999923706055,15.216666221618652,,,,
Prince Edward Island,1995-06,"Index, 201612=100",units,89.1,59.7,83.0,,,,,,,,,,,,,,,,,Persons,unit,22.0,445.0,Persons,thousands,"Both sexes, All age groups, Seasonally adjusted",35.93333435058594,29.983333587646484,42.46666717529297,5.949999809265137,62.79999923706055,6.5333333015441895,Percentage,unit,"Both sexes, All age groups, Seasonally adjusted",53.36666488647461,63.36666488647461,16.03333282470703,,,,
Prince Edward Island,1995-12,"Index, 201612=100",units,88.5,59.5,82.5,,,,,,,,,,,,,,,,,Persons,unit,0.0,76.0,Persons,thousands,"Both sexes, All age groups, Seasonally adjusted",36.900001525878906,29.96666717529297,43.29999923706055,6.933333396911621,63.21666717529297,6.400000095367432,Percentage,unit,"Both sexes, All age groups, Seasonally adjusted",54.900001525878906,64.69999694824219,14.816666603088379,,,,
