province,REF_DATE,uom_houseindex,scalar_houseindex,avg_house_only,avg_land_only,avg_totalhouseland,uom_income,scalar_income,statistic_income,avg_income,uom_expenditure,scalar_expenditure,statistic_expenditure,avg_food_expenditures,avg_income_taxes,avg_mortageinsurance,avg_mortagePaid,avg_accomodation,avg_rent,avg_shelter,avg_total_expenditure,avg_taxes_landregfees,uom_tourist,scalar_tourist,avg_international_tourism,avg_domestic_tourism,uom_labourforce,scalar_labourforce,statistic_labourforce,avg_employment,avg_fulltime,avg_labourforce,avg_parttime,avg_population,avg_unemployment,uom_lfperc,scalar_lfperc,statistic_labourforceperc,avg_employment_rate,avg_participationrate,avg_unemploymentrate,uom_crime,scalar_crime,statistic_crime,avg_crime_incidents
Canada,1997-07,"Index, 201612=100",units,51.4,66.3,55.6,,,,,,,,,,,,,,,,,Persons,unit,5688045.0,1.2677092E7,Persons,thousands,"Both sexes, All age groups, Seasonally adjusted",6203.95556640625,7183.5498046875,6813.033203125,1597.3499755859375,10243.3662109375,609.0555419921875,Percentage,unit,"Both sexes, All age groups, Seasonally adjusted",53.988887786865234,60.64444351196289,11.05555534362793,,,,
Canada,1997-10,"Index, 201612=100",units,51.4,66.3,55.6,,,,,,,,,,,,,,,,,Persons,unit,4346218.0,8483347.0,Persons,thousands,"Both sexes, All age groups, Seasonally adjusted",6251.84423828125,7265.5166015625,6859.822265625,1583.2667236328125,10276.1884765625,608.0111083984375,Percentage,unit,"Both sexes, All age groups, Seasonally adjusted",54.24444580078125,60.74444580078125,10.766666412353516,,,,
Canada,1997-06,"Index, 201612=100",units,51.4,66.3,55.6,,,,,,,,,,,,,,,,,Persons,unit,4583465.0,1.0084826E7,Persons,thousands,"Both sexes, All age groups, Seasonally adjusted",6187.31103515625,7215.93310546875,6809.5,1539.4832763671875,10233.5,622.1889038085938,Percentage,unit,"Both sexes, All age groups, Seasonally adjusted",53.94444274902344,60.71111297607422,11.222222328186035,,,,
Canada,1997-02,"Index, 201612=100",units,51.1,66.3,55.4,,,,,,,,,,,,,,,,,Persons,unit,3775785.0,6820801.0,Persons,thousands,"Both sexes, All age groups, Seasonally adjusted",6118.33349609375,7085.68310546875,6761.466796875,1567.800048828125,10188.421875,643.1333618164062,Percentage,unit,"Both sexes, All age groups, Seasonally adjusted",53.79999923706055,60.56666564941406,11.244444847106934,,,,
Canada,1997-12,"Index, 201612=100",units,51.8,66.4,55.9,,,,,,,,,,,,,,,,,Persons,unit,3695080.0,7178331.0,Persons,thousands,"Both sexes, All age groups, Seasonally adjusted",6272.2666015625,7322.75,6849.7333984375,1555.050048828125,10293.93359375,577.45556640625,Percentage,unit,"Both sexes, All age groups, Seasonally adjusted",54.27777862548828,60.477779388427734,10.300000190734863,,,,
Canada,1997-01,"Index, 201612=100",units,51.0,66.2,55.3,,,,,,,,,,,,,,,,,Persons,unit,3899780.0,6763791.0,Persons,thousands,"Both sexes, All age groups, Seasonally adjusted",6114.966796875,7093.60009765625,6754.84423828125,1554.6500244140625,10179.7333984375,639.8666381835938,Percentage,unit,"Both sexes, All age groups, Seasonally adjusted",53.85555648803711,60.64444351196289,11.266666412353516,,,,
Canada,1997-11,"Index, 201612=100",units,51.7,66.3,55.8,,,,,,,,,,,,,,,,,Persons,unit,3935427.0,7317535.0,Persons,thousands,"Both sexes, All age groups, Seasonally adjusted",6263.64453125,7280.83349609375,6871.45556640625,1583.9832763671875,10285.5,607.8222045898438,Percentage,unit,"Both sexes, All age groups, Seasonally adjusted",54.31111145019531,60.83333206176758,10.811111450195312,,,,
Canada,1997-04,"Index, 201612=100",units,51.3,66.1,55.5,,,,,,,,,,,,,,,,,Persons,unit,4506198.0,8092113.0,Persons,thousands,"Both sexes, All age groups, Seasonally adjusted",6134.5,7104.88330078125,6773.36669921875,1575.0,10210.6220703125,638.888916015625,Percentage,unit,"Both sexes, All age groups, Seasonally adjusted",53.64444351196289,60.411109924316406,11.155555725097656,,,,
Canada,1997-05,"Index, 201612=100",units,51.3,66.2,55.6,,,,,,,,,,,,,,,,,Persons,unit,4725834.0,9425818.0,Persons,thousands,"Both sexes, All age groups, Seasonally adjusted",6161.92236328125,7148.283203125,6799.07763671875,1571.9000244140625,10220.93359375,637.1333618164062,Percentage,unit,"Both sexes, All age groups, Seasonally adjusted",53.79999923706055,60.53333282470703,11.300000190734863,,,,
Canada,1997-08,"Index, 201612=100",units,51.4,66.3,55.6,,,,,,,,,,,,,,,,,Persons,unit,6288190.0,1.3473619E7,Persons,thousands,"Both sexes, All age groups, Seasonally adjusted",6235.9443359375,7214.5,6843.04443359375,1609.449951171875,10253.56640625,607.1333618164062,Percentage,unit,"Both sexes, All age groups, Seasonally adjusted",54.28888702392578,60.88888931274414,10.88888931274414,,,,
Canada,1997-09,"Index, 201612=100",units,51.4,66.3,55.6,,,,,,,,,,,,,,,,,Persons,unit,4426626.0,9242168.0,Persons,thousands,"Both sexes, All age groups, Seasonally adjusted",6242.5224609375,7273.7998046875,6847.27783203125,1562.050048828125,10266.2666015625,604.7666625976562,Percentage,unit,"Both sexes, All age groups, Seasonally adjusted",54.233333587646484,60.733333587646484,10.833333015441895,,,,
Canada,1997-03,"Index, 201612=100",units,51.2,66.2,55.5,,,,,,,,,,,,,,,,,Persons,unit,5054778.0,8579124.0,Persons,thousands,"Both sexes, All age groups, Seasonally adjusted",6132.5888671875,7092.14990234375,6763.75537109375,1584.13330078125,10197.9892578125,631.1555786132812,Percentage,unit,"Both sexes, All age groups, Seasonally adjusted",53.766666412353516,60.488887786865234,11.166666984558105,,,,
Manitoba,2004-05,"Index, 201612=100",units,57.5,36.9,51.4,Dollars,units,"Median total income,Both sexes,All age groups",1925.0,,,,,,,,,,,,,Persons,unit,90368.0,172588.0,Persons,thousands,"Both sexes, All age groups, Seasonally adjusted",363.6499938964844,298.75,383.0,64.9000015258789,535.2833251953125,19.350000381469727,Percentage,unit,"Both sexes, All age groups, Seasonally adjusted",64.3499984741211,68.25,5.516666889190674,Number,unit,Total of all violations-Actual incidents,13329.75
Manitoba,2004-01,"Index, 201612=100",units,55.8,36.9,50.2,Dollars,units,"Median total income,Both sexes,All age groups",1925.0,,,,,,,,,,,,,Persons,unit,76838.0,130938.0,Persons,thousands,"Both sexes, All age groups, Seasonally adjusted",361.1166687011719,294.01666259765625,380.3666687011719,67.0999984741211,533.0333251953125,19.233333587646484,Percentage,unit,"Both sexes, All age groups, Seasonally adjusted",64.53333282470703,68.3499984741211,5.433333396911621,Number,unit,Total of all violations-Actual incidents,13329.75
Manitoba,2004-02,"Index, 201612=100",units,55.8,36.9,50.2,Dollars,units,"Median total income,Both sexes,All age groups",1925.0,,,,,,,,,,,,,Persons,unit,92027.0,147759.0,Persons,thousands,"Both sexes, All age groups, Seasonally adjusted",361.0,296.3333435058594,379.3833312988281,64.69999694824219,533.6166381835938,18.383333206176758,Percentage,unit,"Both sexes, All age groups, Seasonally adjusted",64.13333129882812,67.78333282470703,5.383333206176758,Number,unit,Total of all violations-Actual incidents,13329.75
Manitoba,2004-06,"Index, 201612=100",units,59.3,39.6,53.4,Dollars,units,"Median total income,Both sexes,All age groups",1925.0,,,,,,,,,,,,,Persons,unit,78214.0,182866.0,Persons,thousands,"Both sexes, All age groups, Seasonally adjusted",362.9166564941406,295.7833251953125,384.0666809082031,67.13333129882812,535.8333129882812,21.133333206176758,Percentage,unit,"Both sexes, All age groups, Seasonally adjusted",64.28333282470703,68.5,5.916666507720947,Number,unit,Total of all violations-Actual incidents,13329.75
Manitoba,2004-03,"Index, 201612=100",units,56.8,36.9,50.9,Dollars,units,"Median total income,Both sexes,All age groups",1925.0,,,,,,,,,,,,,Persons,unit,98832.0,166216.0,Persons,thousands,"Both sexes, All age groups, Seasonally adjusted",362.8666687011719,300.2833251953125,381.51666259765625,62.58333206176758,534.2333374023438,18.616666793823242,Percentage,unit,"Both sexes, All age groups, Seasonally adjusted",64.41666412353516,68.11666870117188,5.2833333015441895,Number,unit,Total of all violations-Actual incidents,13329.75
Manitoba,2004-10,"Index, 201612=100",units,59.6,40.0,53.8,Dollars,units,"Median total income,Both sexes,All age groups",1925.0,,,,,,,,,,,,,Persons,unit,89490.0,165477.0,Persons,thousands,"Both sexes, All age groups, Seasonally adjusted",366.3333435058594,298.0,385.95001220703125,68.31666564941406,537.2999877929688,19.600000381469727,Percentage,unit,"Both sexes, All age groups, Seasonally adjusted",64.68333435058594,68.73332977294922,5.699999809265137,Number,unit,Total of all violations-Actual incidents,13329.75
Manitoba,2004-12,"Index, 201612=100",units,60.1,40.0,54.2,Dollars,units,"Median total income,Both sexes,All age groups",1925.0,,,,,,,,,,,,,Persons,unit,79596.0,141585.0,Persons,thousands,"Both sexes, All age groups, Seasonally adjusted",367.1833190917969,302.29998779296875,385.6833190917969,64.88333129882812,538.0999755859375,18.483333587646484,Percentage,unit,"Both sexes, All age groups, Seasonally adjusted",64.73332977294922,68.48332977294922,5.2166666984558105,Number,unit,Total of all violations-Actual incidents,13329.75
Manitoba,2004-08,"Index, 201612=100",units,59.3,39.6,53.4,Dollars,units,"Median total income,Both sexes,All age groups",1925.0,,,,,,,,,,,,,Persons,unit,139739.0,238017.0,Persons,thousands,"Both sexes, All age groups, Seasonally adjusted",363.1166687011719,300.1666564941406,383.01666259765625,62.96666717529297,536.5,19.91666603088379,Percentage,unit,"Both sexes, All age groups, Seasonally adjusted",64.30000305175781,68.36666870117188,5.683333396911621,Number,unit,Total of all violations-Actual incidents,13329.75
Manitoba,2004-09,"Index, 201612=100",units,59.6,40.0,53.8,Dollars,units,"Median total income,Both sexes,All age groups",1925.0,,,,,,,,,,,,,Persons,unit,95157.0,175014.0,Persons,thousands,"Both sexes, All age groups, Seasonally adjusted",364.5,295.0,384.98333740234375,69.51667022705078,536.9166870117188,20.450000762939453,Percentage,unit,"Both sexes, All age groups, Seasonally adjusted",64.56666564941406,68.66666412353516,5.75,Number,unit,Total of all violations-Actual incidents,13329.75
Manitoba,2004-11,"Index, 201612=100",units,59.6,40.0,53.8,Dollars,units,"Median total income,Both sexes,All age groups",1925.0,,,,,,,,,,,,,Persons,unit,89375.0,150488.0,Persons,thousands,"Both sexes, All age groups, Seasonally adjusted",367.51666259765625,300.98333740234375,386.1833190917969,66.53333282470703,537.75,18.633333206176758,Percentage,unit,"Both sexes, All age groups, Seasonally adjusted",64.88333129882812,68.63333129882812,5.2833333015441895,Number,unit,Total of all violations-Actual incidents,13329.75
Manitoba,2004-04,"Index, 201612=100",units,57.1,36.9,51.1,Dollars,units,"Median total income,Both sexes,All age groups",1925.0,,,,,,,,,,,,,Persons,unit,103888.0,167797.0,Persons,thousands,"Both sexes, All age groups, Seasonally adjusted",363.1833190917969,298.1666564941406,382.04998779296875,65.03333282470703,534.7333374023438,18.866666793823242,Percentage,unit,"Both sexes, All age groups, Seasonally adjusted",64.38333129882812,68.19999694824219,5.433333396911621,Number,unit,Total of all violations-Actual incidents,13329.75
Manitoba,2004-07,"Index, 201612=100",units,59.3,39.6,53.4,Dollars,units,"Median total income,Both sexes,All age groups",1925.0,,,,,,,,,,,,,Persons,unit,125555.0,249609.0,Persons,thousands,"Both sexes, All age groups, Seasonally adjusted",361.6499938964844,295.6166687011719,381.29998779296875,66.05000305175781,536.183349609375,19.649999618530273,Percentage,unit,"Both sexes, All age groups, Seasonally adjusted",63.91666793823242,67.86666870117188,5.5333333015441895,Number,unit,Total of all violations-Actual incidents,13329.75
