province,REF_DATE,uom_houseindex,scalar_houseindex,avg_house_only,avg_land_only,avg_totalhouseland,uom_income,scalar_income,statistic_income,avg_income,uom_expenditure,scalar_expenditure,statistic_expenditure,avg_food_expenditures,avg_income_taxes,avg_mortageinsurance,avg_mortagePaid,avg_accomodation,avg_rent,avg_shelter,avg_total_expenditure,avg_taxes_landregfees,uom_tourist,scalar_tourist,avg_international_tourism,avg_domestic_tourism,uom_labourforce,scalar_labourforce,statistic_labourforce,avg_employment,avg_fulltime,avg_labourforce,avg_parttime,avg_population,avg_unemployment,uom_lfperc,scalar_lfperc,statistic_labourforceperc,avg_employment_rate,avg_participationrate,avg_unemploymentrate,uom_crime,scalar_crime,statistic_crime,avg_crime_incidents
Ontario,2001-11,"Index, 201612=100",units,64.38888888888889,81.32222222222222,68.47777777777777,Dollars,units,"Median total income,Both sexes,All age groups",2075.0,,,,,,,,,,,,,Persons,unit,1443824.0,3496783.0,Persons,thousands,"Both sexes, All age groups, Seasonally adjusted",3791.316650390625,3145.64990234375,4058.11669921875,645.7000122070312,5815.39990234375,266.79998779296875,Percentage,unit,"Both sexes, All age groups, Seasonally adjusted",60.61666488647461,65.44999694824219,7.2833333015441895,Number,unit,Total of all violations-Actual incidents,67543.67
Ontario,2001-06,"Index, 201612=100",units,63.900000000000006,81.23333333333333,68.03333333333333,Dollars,units,"Median total income,Both sexes,All age groups",2075.0,,,,,,,,,,,,,Persons,unit,1843050.0,5725534.0,Persons,thousands,"Both sexes, All age groups, Seasonally adjusted",3785.2666015625,3158.216552734375,4026.283447265625,627.0166625976562,5767.2998046875,241.03334045410156,Percentage,unit,"Both sexes, All age groups, Seasonally adjusted",60.95000076293945,65.31666564941406,6.633333206176758,Number,unit,Total of all violations-Actual incidents,67543.67
Ontario,2001-07,"Index, 201612=100",units,64.02222222222223,81.23333333333333,68.13333333333334,Dollars,units,"Median total income,Both sexes,All age groups",2075.0,,,,,,,,,,,,,Persons,unit,2315539.0,6986633.0,Persons,thousands,"Both sexes, All age groups, Seasonally adjusted",3792.066650390625,3159.949951171875,4032.7666015625,632.1166381835938,5780.18310546875,240.6666717529297,Percentage,unit,"Both sexes, All age groups, Seasonally adjusted",61.0,65.33333587646484,6.449999809265137,Number,unit,Total of all violations-Actual incidents,67543.67
Ontario,2001-03,"Index, 201612=100",units,63.25555555555555,81.16666666666666,67.53333333333333,Dollars,units,"Median total income,Both sexes,All age groups",2075.0,,,,,,,,,,,,,Persons,unit,2210501.0,4812322.0,Persons,thousands,"Both sexes, All age groups, Seasonally adjusted",3762.9833984375,3139.933349609375,4002.949951171875,623.0333251953125,5733.75,239.98333740234375,Percentage,unit,"Both sexes, All age groups, Seasonally adjusted",60.849998474121094,65.28333282470703,6.683333396911621,Number,unit,Total of all violations-Actual incidents,67543.67
Ontario,2001-05,"Index, 201612=100",units,63.633333333333326,81.22222222222223,67.84444444444445,Dollars,units,"Median total income,Both sexes,All age groups",2075.0,,,,,,,,,,,,,Persons,unit,1993829.0,5225012.0,Persons,thousands,"Both sexes, All age groups, Seasonally adjusted",3791.666748046875,3167.699951171875,4023.5,623.933349609375,5756.83349609375,231.81666564941406,Percentage,unit,"Both sexes, All age groups, Seasonally adjusted",61.20000076293945,65.31666564941406,6.183333396911621,Number,unit,Total of all violations-Actual incidents,67543.67
Ontario,2001-08,"Index, 201612=100",units,64.13333333333333,81.22222222222223,68.23333333333333,Dollars,units,"Median total income,Both sexes,All age groups",2075.0,,,,,,,,,,,,,Persons,unit,2486824.0,7118281.0,Persons,thousands,"Both sexes, All age groups, Seasonally adjusted",3791.7333984375,3175.833251953125,4043.316650390625,615.9166870117188,5789.89990234375,251.5833282470703,Percentage,unit,"Both sexes, All age groups, Seasonally adjusted",60.849998474121094,65.36666870117188,6.666666507720947,Number,unit,Total of all violations-Actual incidents,67543.67
Ontario,2001-04,"Index, 201612=100",units,63.48888888888889,81.16666666666667,67.72222222222223,Dollars,units,"Median total income,Both sexes,All age groups",2075.0,,,,,,,,,,,,,Persons,unit,2048261.0,4787932.0,Persons,thousands,"Both sexes, All age groups, Seasonally adjusted",3787.0166015625,3155.14990234375,4021.199951171875,631.8666381835938,5746.283203125,234.14999389648438,Percentage,unit,"Both sexes, All age groups, Seasonally adjusted",61.16666793823242,65.5,6.5333333015441895,Number,unit,Total of all violations-Actual incidents,67543.67
Ontario,2001-10,"Index, 201612=100",units,64.45555555555558,81.24444444444445,68.4888888888889,Dollars,units,"Median total income,Both sexes,All age groups",2075.0,,,,,,,,,,,,,Persons,unit,1463342.0,3561423.0,Persons,thousands,"Both sexes, All age groups, Seasonally adjusted",3785.85009765625,3164.0166015625,4042.316650390625,621.8333129882812,5807.18310546875,256.4666748046875,Percentage,unit,"Both sexes, All age groups, Seasonally adjusted",60.56666564941406,65.13333129882812,6.900000095367432,Number,unit,Total of all violations-Actual incidents,67543.67
Ontario,2001-09,"Index, 201612=100",units,64.30000000000001,81.21111111111111,68.3777777777778,Dollars,units,"Median total income,Both sexes,All age groups",2075.0,,,,,,,,,,,,,Persons,unit,1526215.0,4003331.0,Persons,thousands,"Both sexes, All age groups, Seasonally adjusted",3790.2666015625,3167.166748046875,4043.61669921875,623.0999755859375,5798.85009765625,253.35000610351562,Percentage,unit,"Both sexes, All age groups, Seasonally adjusted",60.71666717529297,65.21666717529297,6.766666889190674,Number,unit,Total of all violations-Actual incidents,67543.67
Ontario,2001-02,"Index, 201612=100",units,63.07777777777777,81.16666666666667,67.38888888888889,Dollars,units,"Median total income,Both sexes,All age groups",2075.0,,,,,,,,,,,,,Persons,unit,1689815.0,3911416.0,Persons,thousands,"Both sexes, All age groups, Seasonally adjusted",3753.916748046875,3138.183349609375,3989.966552734375,615.7666625976562,5724.06689453125,236.01666259765625,Percentage,unit,"Both sexes, All age groups, Seasonally adjusted",60.79999923706055,65.19999694824219,6.566666603088379,Number,unit,Total of all violations-Actual incidents,67543.67
Ontario,2001-01,"Index, 201612=100",units,62.977777777777774,80.93333333333332,67.27777777777777,Dollars,units,"Median total income,Both sexes,All age groups",2075.0,,,,,,,,,,,,,Persons,unit,1900156.0,4127873.0,Persons,thousands,"Both sexes, All age groups, Seasonally adjusted",3771.39990234375,3151.85009765625,3993.0166015625,619.5499877929688,5715.5166015625,221.61666870117188,Percentage,unit,"Both sexes, All age groups, Seasonally adjusted",61.28333282470703,65.28333282470703,6.016666889190674,Number,unit,Total of all violations-Actual incidents,67543.67
Ontario,2001-12,"Index, 201612=100",units,64.61111111111111,81.24444444444445,68.62222222222222,Dollars,units,"Median total income,Both sexes,All age groups",2075.0,,,,,,,,,,,,,Persons,unit,1473955.0,3545986.0,Persons,thousands,"Both sexes, All age groups, Seasonally adjusted",3785.89990234375,3133.933349609375,4063.816650390625,651.9833374023438,5822.93310546875,277.8666687011719,Percentage,unit,"Both sexes, All age groups, Seasonally adjusted",60.46666717529297,65.44999694824219,7.433333396911621,Number,unit,Total of all violations-Actual incidents,67543.67
Prairie Region,2017-09,"Index, 201612=100",units,100.2,100.3,100.3,,,,,,,,,,,,,,,,,,,,,,,,,,,,,,,,,,,,,,,
Prairie Region,2017-01,"Index, 201612=100",units,100.0,100.0,100.0,,,,,,,,,,,,,,,,,,,,,,,,,,,,,,,,,,,,,,,
Prairie Region,2017-11,"Index, 201612=100",units,100.4,100.3,100.4,,,,,,,,,,,,,,,,,,,,,,,,,,,,,,,,,,,,,,,
Prairie Region,2017-04,"Index, 201612=100",units,100.2,99.8,100.1,,,,,,,,,,,,,,,,,,,,,,,,,,,,,,,,,,,,,,,
Prairie Region,2017-05,"Index, 201612=100",units,100.0,99.8,99.9,,,,,,,,,,,,,,,,,,,,,,,,,,,,,,,,,,,,,,,
Prairie Region,2017-07,"Index, 201612=100",units,100.2,100.1,100.2,,,,,,,,,,,,,,,,,,,,,,,,,,,,,,,,,,,,,,,
Prairie Region,2017-08,"Index, 201612=100",units,100.3,100.1,100.3,,,,,,,,,,,,,,,,,,,,,,,,,,,,,,,,,,,,,,,
Prairie Region,2017-03,"Index, 201612=100",units,100.1,99.8,100.0,,,,,,,,,,,,,,,,,,,,,,,,,,,,,,,,,,,,,,,
Prairie Region,2017-02,"Index, 201612=100",units,100.1,99.8,100.0,,,,,,,,,,,,,,,,,,,,,,,,,,,,,,,,,,,,,,,
Prairie Region,2017-06,"Index, 201612=100",units,99.9,99.8,99.9,,,,,,,,,,,,,,,,,,,,,,,,,,,,,,,,,,,,,,,
Prairie Region,2017-12,"Index, 201612=100",units,100.2,100.3,100.3,,,,,,,,,,,,,,,,,,,,,,,,,,,,,,,,,,,,,,,
Prairie Region,2017-10,"Index, 201612=100",units,100.3,100.3,100.3,,,,,,,,,,,,,,,,,,,,,,,,,,,,,,,,,,,,,,,
