province,REF_DATE,uom_houseindex,scalar_houseindex,avg_house_only,avg_land_only,avg_totalhouseland,uom_income,scalar_income,statistic_income,avg_income,uom_expenditure,scalar_expenditure,statistic_expenditure,avg_food_expenditures,avg_income_taxes,avg_mortageinsurance,avg_mortagePaid,avg_accomodation,avg_rent,avg_shelter,avg_total_expenditure,avg_taxes_landregfees,uom_tourist,scalar_tourist,avg_international_tourism,avg_domestic_tourism,uom_labourforce,scalar_labourforce,statistic_labourforce,avg_employment,avg_fulltime,avg_labourforce,avg_parttime,avg_population,avg_unemployment,uom_lfperc,scalar_lfperc,statistic_labourforceperc,avg_employment_rate,avg_participationrate,avg_unemploymentrate,uom_crime,scalar_crime,statistic_crime,avg_crime_incidents
Canada,1989-12,"Index, 201612=100",units,57.9,67.0,61.1,,,,,,,,,,,,,,,,,Persons,unit,4640813.0,7120661.0,Persons,thousands,"Both sexes, All age groups, Seasonally adjusted",5909.5,6962.7666015625,6398.68896484375,1304.5,9300.06640625,489.21112060546875,Percentage,unit,"Both sexes, All age groups, Seasonally adjusted",59.06666564941406,64.56666564941406,8.266666412353516,,,,
Canada,1989-06,"Index, 201612=100",units,56.9,64.0,59.6,,,,,,,,,,,,,,,,,Persons,unit,5218058.0,9934219.0,Persons,thousands,"Both sexes, All age groups, Seasonally adjusted",5869.1220703125,6930.466796875,6344.7890625,1270.0333251953125,9235.5,475.6666564941406,Percentage,unit,"Both sexes, All age groups, Seasonally adjusted",59.16666793823242,64.5999984741211,8.255555152893066,,,,
Canada,1989-04,"Index, 201612=100",units,56.4,63.4,59.1,,,,,,,,,,,,,,,,,Persons,unit,4946942.0,7766647.0,Persons,thousands,"Both sexes, All age groups, Seasonally adjusted",5860.60009765625,6905.83349609375,6352.5,1277.316650390625,9212.8115234375,491.8999938964844,Percentage,unit,"Both sexes, All age groups, Seasonally adjusted",59.32222366333008,64.93333435058594,8.48888874053955,,,,
Canada,1989-09,"Index, 201612=100",units,57.1,65.2,60.1,,,,,,,,,,,,,,,,,Persons,unit,5497184.0,9788169.0,Persons,thousands,"Both sexes, All age groups, Seasonally adjusted",5892.966796875,6952.9501953125,6361.7666015625,1286.933349609375,9268.7998046875,468.79998779296875,Percentage,unit,"Both sexes, All age groups, Seasonally adjusted",59.11111068725586,64.4000015258789,8.066666603088379,,,,
Canada,1989-08,"Index, 201612=100",units,56.9,64.7,59.8,,,,,,,,,,,,,,,,,Persons,unit,7049278.0,1.3287854E7,Persons,thousands,"Both sexes, All age groups, Seasonally adjusted",5891.42236328125,6989.56689453125,6357.0224609375,1245.5833740234375,9258.611328125,465.6222229003906,Percentage,unit,"Both sexes, All age groups, Seasonally adjusted",59.24444580078125,64.5,7.97777795791626,,,,
Canada,1989-05,"Index, 201612=100",units,56.5,63.6,59.3,,,,,,,,,,,,,,,,,Persons,unit,5218065.0,8966782.0,Persons,thousands,"Both sexes, All age groups, Seasonally adjusted",5860.4775390625,6922.7666015625,6346.111328125,1264.5999755859375,9225.400390625,485.6111145019531,Percentage,unit,"Both sexes, All age groups, Seasonally adjusted",59.14444351196289,64.64444732666016,8.266666412353516,,,,
Canada,1989-11,"Index, 201612=100",units,57.6,66.6,60.8,,,,,,,,,,,,,,,,,Persons,unit,4739208.0,7358822.0,Persons,thousands,"Both sexes, All age groups, Seasonally adjusted",5905.81103515625,6956.61669921875,6382.83349609375,1304.5999755859375,9290.85546875,477.0333251953125,Percentage,unit,"Both sexes, All age groups, Seasonally adjusted",59.05555725097656,64.4888916015625,8.211111068725586,,,,
Canada,1989-03,"Index, 201612=100",units,56.1,62.5,58.6,,,,,,,,,,,,,,,,,Persons,unit,5136723.0,7877531.0,Persons,thousands,"Both sexes, All age groups, Seasonally adjusted",5870.24462890625,6898.13330078125,6347.27783203125,1296.1666259765625,9203.3447265625,477.0555419921875,Percentage,unit,"Both sexes, All age groups, Seasonally adjusted",59.5,64.9000015258789,8.155555725097656,,,,
Canada,1989-07,"Index, 201612=100",units,56.9,64.5,59.8,,,,,,,,,,,,,,,,,Persons,unit,7171981.0,1.3563572E7,Persons,thousands,"Both sexes, All age groups, Seasonally adjusted",5867.7998046875,6964.58349609375,6339.65576171875,1237.0999755859375,9245.7890625,471.8666687011719,Percentage,unit,"Both sexes, All age groups, Seasonally adjusted",59.06666564941406,64.34444427490234,8.077777862548828,,,,
Canada,1989-01,"Index, 201612=100",units,54.7,57.6,56.3,,,,,,,,,,,,,,,,,Persons,unit,4112643.0,6403288.0,Persons,thousands,"Both sexes, All age groups, Seasonally adjusted",5844.31103515625,6862.283203125,6316.51123046875,1291.199951171875,9185.93359375,472.21112060546875,Percentage,unit,"Both sexes, All age groups, Seasonally adjusted",59.38888931274414,64.83333587646484,8.144444465637207,,,,
Canada,1989-10,"Index, 201612=100",units,57.4,65.5,60.4,,,,,,,,,,,,,,,,,Persons,unit,5316659.0,8583104.0,Persons,thousands,"Both sexes, All age groups, Seasonally adjusted",5895.0556640625,6962.86669921875,6357.07763671875,1283.5333251953125,9281.2109375,462.04443359375,Percentage,unit,"Both sexes, All age groups, Seasonally adjusted",58.977779388427734,64.28888702392578,8.100000381469727,,,,
Canada,1989-02,"Index, 201612=100",units,55.6,60.3,57.7,,,,,,,,,,,,,,,,,Persons,unit,3859885.0,6029575.0,Persons,thousands,"Both sexes, All age groups, Seasonally adjusted",5850.2666015625,6872.61669921875,6328.57763671875,1293.449951171875,9194.244140625,478.31109619140625,Percentage,unit,"Both sexes, All age groups, Seasonally adjusted",59.32222366333008,64.85555267333984,8.333333015441895,,,,
Ontario,2009-01,"Index, 201612=100",units,83.95555555555558,94.7666666666667,86.84444444444445,Dollars,units,"Median total income,Both sexes,All age groups",2440.0,,,,,,,,,,,,,Persons,unit,1821407.0,2824560.0,Persons,thousands,"Both sexes, All age groups, Seasonally adjusted",4136.11669921875,3401.800048828125,4489.68310546875,734.2999877929688,6438.38330078125,353.5833435058594,Percentage,unit,"Both sexes, All age groups, Seasonally adjusted",60.58333206176758,66.30000305175781,8.516666412353516,Number,unit,Total of all violations-Actual incidents,57515.0
Ontario,2009-04,"Index, 201612=100",units,83.58888888888889,94.76666666666668,86.58888888888889,Dollars,units,"Median total income,Both sexes,All age groups",2440.0,,,,,,,,,,,,,Persons,unit,1999651.0,3313650.0,Persons,thousands,"Both sexes, All age groups, Seasonally adjusted",4098.60009765625,3348.683349609375,4488.9501953125,749.9166870117188,6454.56689453125,390.3500061035156,Percentage,unit,"Both sexes, All age groups, Seasonally adjusted",59.71666717529297,66.03333282470703,9.5,Number,unit,Total of all violations-Actual incidents,57515.0
Ontario,2009-08,"Index, 201612=100",units,83.5111111111111,94.80000000000001,86.56666666666666,Dollars,units,"Median total income,Both sexes,All age groups",2440.0,,,,,,,,,,,,,Persons,unit,2502356.0,4503387.0,Persons,thousands,"Both sexes, All age groups, Seasonally adjusted",4098.08349609375,3334.283447265625,4509.43310546875,763.816650390625,6484.5,411.3500061035156,Percentage,unit,"Both sexes, All age groups, Seasonally adjusted",59.45000076293945,66.03333282470703,9.983333587646484,Number,unit,Total of all violations-Actual incidents,57515.0
Ontario,2009-11,"Index, 201612=100",units,84.32222222222222,94.8888888888889,87.18888888888891,Dollars,units,"Median total income,Both sexes,All age groups",2440.0,,,,,,,,,,,,,Persons,unit,1987003.0,3054120.0,Persons,thousands,"Both sexes, All age groups, Seasonally adjusted",4129.64990234375,3388.7666015625,4538.13330078125,740.8666381835938,6504.9833984375,408.48333740234375,Percentage,unit,"Both sexes, All age groups, Seasonally adjusted",59.766666412353516,66.3499984741211,9.933333396911621,Number,unit,Total of all violations-Actual incidents,57515.0
Ontario,2009-09,"Index, 201612=100",units,83.65555555555555,94.83333333333334,86.65555555555557,Dollars,units,"Median total income,Both sexes,All age groups",2440.0,,,,,,,,,,,,,Persons,unit,1923642.0,3440348.0,Persons,thousands,"Both sexes, All age groups, Seasonally adjusted",4111.83349609375,3368.14990234375,4504.85009765625,743.7000122070312,6492.89990234375,392.95001220703125,Percentage,unit,"Both sexes, All age groups, Seasonally adjusted",59.54999923706055,65.91666412353516,9.666666984558105,Number,unit,Total of all violations-Actual incidents,57515.0
Ontario,2009-05,"Index, 201612=100",units,83.42222222222223,94.7666666666667,86.47777777777779,Dollars,units,"Median total income,Both sexes,All age groups",2440.0,,,,,,,,,,,,,Persons,unit,2026938.0,3601660.0,Persons,thousands,"Both sexes, All age groups, Seasonally adjusted",4077.316650390625,3331.25,4492.466796875,746.0833129882812,6461.033203125,415.1333312988281,Percentage,unit,"Both sexes, All age groups, Seasonally adjusted",59.400001525878906,66.03333282470703,9.933333396911621,Number,unit,Total of all violations-Actual incidents,57515.0
Ontario,2009-03,"Index, 201612=100",units,83.84444444444445,94.7666666666667,86.74444444444445,Dollars,units,"Median total income,Both sexes,All age groups",2440.0,,,,,,,,,,,,,Persons,unit,2315103.0,3462996.0,Persons,thousands,"Both sexes, All age groups, Seasonally adjusted",4124.08349609375,3352.683349609375,4510.08349609375,771.3833618164062,6448.7998046875,386.0666809082031,Percentage,unit,"Both sexes, All age groups, Seasonally adjusted",60.233333587646484,66.48332977294922,9.283333778381348,Number,unit,Total of all violations-Actual incidents,57515.0
Ontario,2009-06,"Index, 201612=100",units,83.39999999999999,94.76666666666668,86.46666666666667,Dollars,units,"Median total income,Both sexes,All age groups",2440.0,,,,,,,,,,,,,Persons,unit,1562597.0,3161993.0,Persons,thousands,"Both sexes, All age groups, Seasonally adjusted",4073.199951171875,3303.466552734375,4489.58349609375,769.7166748046875,6469.60009765625,416.3833312988281,Percentage,unit,"Both sexes, All age groups, Seasonally adjusted",59.21666717529297,65.9000015258789,10.050000190734863,Number,unit,Total of all violations-Actual incidents,57515.0
Ontario,2009-07,"Index, 201612=100",units,83.57777777777778,94.80000000000001,86.6,Dollars,units,"Median total income,Both sexes,All age groups",2440.0,,,,,,,,,,,,,Persons,unit,2006584.0,4087635.0,Persons,thousands,"Both sexes, All age groups, Seasonally adjusted",4092.5,3337.0,4506.81689453125,755.4666748046875,6477.2333984375,414.3500061035156,Percentage,unit,"Both sexes, All age groups, Seasonally adjusted",59.38333511352539,66.05000305175781,10.066666603088379,Number,unit,Total of all violations-Actual incidents,57515.0
Ontario,2009-12,"Index, 201612=100",units,84.56666666666666,94.96666666666668,87.4,Dollars,units,"Median total income,Both sexes,All age groups",2440.0,,,,,,,,,,,,,Persons,unit,1955484.0,3117948.0,Persons,thousands,"Both sexes, All age groups, Seasonally adjusted",4119.7998046875,3398.216552734375,4519.783203125,721.5833129882812,6510.5166015625,399.98333740234375,Percentage,unit,"Both sexes, All age groups, Seasonally adjusted",59.56666564941406,66.08333587646484,9.833333015441895,Number,unit,Total of all violations-Actual incidents,57515.0
Ontario,2009-02,"Index, 201612=100",units,84.02222222222221,94.76666666666667,86.9111111111111,Dollars,units,"Median total income,Both sexes,All age groups",2440.0,,,,,,,,,,,,,Persons,unit,1750598.0,2753136.0,Persons,thousands,"Both sexes, All age groups, Seasonally adjusted",4122.81689453125,3369.949951171875,4507.38330078125,752.8666381835938,6443.83349609375,384.5833435058594,Percentage,unit,"Both sexes, All age groups, Seasonally adjusted",60.28333282470703,66.48332977294922,9.25,Number,unit,Total of all violations-Actual incidents,57515.0
Ontario,2009-10,"Index, 201612=100",units,83.88888888888889,94.83333333333334,86.84444444444445,Dollars,units,"Median total income,Both sexes,All age groups",2440.0,,,,,,,,,,,,,Persons,unit,1921195.0,3227550.0,Persons,thousands,"Both sexes, All age groups, Seasonally adjusted",4123.4501953125,3382.9833984375,4517.10009765625,740.4833374023438,6499.2666015625,393.6499938964844,Percentage,unit,"Both sexes, All age groups, Seasonally adjusted",59.650001525878906,65.98332977294922,9.633333206176758,Number,unit,Total of all violations-Actual incidents,57515.0
