province,REF_DATE,uom_houseindex,scalar_houseindex,avg_house_only,avg_land_only,avg_totalhouseland,uom_income,scalar_income,statistic_income,avg_income,uom_expenditure,scalar_expenditure,statistic_expenditure,avg_food_expenditures,avg_income_taxes,avg_mortageinsurance,avg_mortagePaid,avg_accomodation,avg_rent,avg_shelter,avg_total_expenditure,avg_taxes_landregfees,uom_tourist,scalar_tourist,avg_international_tourism,avg_domestic_tourism,uom_labourforce,scalar_labourforce,statistic_labourforce,avg_employment,avg_fulltime,avg_labourforce,avg_parttime,avg_population,avg_unemployment,uom_lfperc,scalar_lfperc,statistic_labourforceperc,avg_employment_rate,avg_participationrate,avg_unemploymentrate,uom_crime,scalar_crime,statistic_crime,avg_crime_incidents
British Columbia,1996-07,"Index, 201612=100",units,98.40000000000002,80.53333333333333,89.2,,,,,,,,,,,,,,,,,Persons,unit,1428947.0,2602411.0,Persons,thousands,"Both sexes, All age groups, Seasonally adjusted",1171.0167236328125,951.5833129882812,1271.800048828125,219.43333435058594,1863.25,100.75,Percentage,unit,"Both sexes, All age groups, Seasonally adjusted",58.099998474121094,63.483333587646484,8.333333015441895,,,,
British Columbia,1996-08,"Index, 201612=100",units,99.16666666666667,79.43333333333334,88.93333333333334,,,,,,,,,,,,,,,,,Persons,unit,1475159.0,2685067.0,Persons,thousands,"Both sexes, All age groups, Seasonally adjusted",1162.6500244140625,945.6333618164062,1271.5833740234375,217.01666259765625,1867.5833740234375,108.93333435058594,Percentage,unit,"Both sexes, All age groups, Seasonally adjusted",57.400001525878906,63.33333206176758,9.100000381469727,,,,
British Columbia,1996-10,"Index, 201612=100",units,98.2,79.26666666666667,88.46666666666665,,,,,,,,,,,,,,,,,Persons,unit,1058416.0,1603488.0,Persons,thousands,"Both sexes, All age groups, Seasonally adjusted",1158.1666259765625,940.9666748046875,1276.816650390625,217.1999969482422,1875.316650390625,118.61666870117188,Percentage,unit,"Both sexes, All age groups, Seasonally adjusted",57.0,63.28333282470703,9.683333396911621,,,,
British Columbia,1996-09,"Index, 201612=100",units,99.13333333333333,79.33333333333333,88.90000000000002,,,,,,,,,,,,,,,,,Persons,unit,1149468.0,1991328.0,Persons,thousands,"Both sexes, All age groups, Seasonally adjusted",1158.0833740234375,941.8666381835938,1267.4166259765625,216.23333740234375,1872.0833740234375,109.33333587646484,Percentage,unit,"Both sexes, All age groups, Seasonally adjusted",57.016666412353516,62.766666412353516,9.116666793823242,,,,
British Columbia,1996-11,"Index, 201612=100",units,97.96666666666665,79.26666666666667,88.33333333333333,,,,,,,,,,,,,,,,,Persons,unit,920829.0,1354213.0,Persons,thousands,"Both sexes, All age groups, Seasonally adjusted",1162.61669921875,933.5166625976562,1279.3499755859375,229.0833282470703,1878.4000244140625,116.75,Percentage,unit,"Both sexes, All age groups, Seasonally adjusted",57.20000076293945,63.38333511352539,9.533333778381348,,,,
British Columbia,1996-05,"Index, 201612=100",units,99.39999999999999,80.7,89.8,,,,,,,,,,,,,,,,,Persons,unit,1277921.0,2035700.0,Persons,thousands,"Both sexes, All age groups, Seasonally adjusted",1166.25,943.1333618164062,1267.2833251953125,223.10000610351562,1853.5,101.03333282470703,Percentage,unit,"Both sexes, All age groups, Seasonally adjusted",58.20000076293945,63.61666488647461,8.383333206176758,,,,
British Columbia,1996-04,"Index, 201612=100",units,100.03333333333335,80.53333333333335,90.09999999999998,,,,,,,,,,,,,,,,,Persons,unit,1208806.0,1742955.0,Persons,thousands,"Both sexes, All age groups, Seasonally adjusted",1158.5333251953125,942.8666381835938,1258.5,215.68333435058594,1848.0333251953125,99.9000015258789,Percentage,unit,"Both sexes, All age groups, Seasonally adjusted",58.08333206176758,63.483333587646484,8.316666603088379,,,,
British Columbia,1996-03,"Index, 201612=100",units,101.33333333333333,80.56666666666666,90.86666666666667,,,,,,,,,,,,,,,,,Persons,unit,1211548.0,1741580.0,Persons,thousands,"Both sexes, All age groups, Seasonally adjusted",1153.949951171875,938.2333374023438,1258.5999755859375,215.68333435058594,1843.7667236328125,104.66666412353516,Percentage,unit,"Both sexes, All age groups, Seasonally adjusted",57.96666717529297,63.650001525878906,8.866666793823242,,,,
British Columbia,1996-02,"Index, 201612=100",units,102.2,80.66666666666667,91.5,,,,,,,,,,,,,,,,,Persons,unit,954124.0,1402944.0,Persons,thousands,"Both sexes, All age groups, Seasonally adjusted",1149.36669921875,928.1500244140625,1251.5,221.23333740234375,1839.4000244140625,102.08333587646484,Percentage,unit,"Both sexes, All age groups, Seasonally adjusted",57.91666793823242,63.483333587646484,8.449999809265137,,,,
British Columbia,1996-12,"Index, 201612=100",units,96.73333333333333,79.26666666666667,87.76666666666667,,,,,,,,,,,,,,,,,Persons,unit,820329.0,1251640.0,Persons,thousands,"Both sexes, All age groups, Seasonally adjusted",1171.11669921875,934.8833618164062,1283.566650390625,236.23333740234375,1881.3499755859375,112.44999694824219,Percentage,unit,"Both sexes, All age groups, Seasonally adjusted",57.483333587646484,63.5,9.449999809265137,,,,
British Columbia,1996-06,"Index, 201612=100",units,98.5,80.7,89.39999999999999,,,,,,,,,,,,,,,,,Persons,unit,1298092.0,2251071.0,Persons,thousands,"Both sexes, All age groups, Seasonally adjusted",1162.3333740234375,943.433349609375,1267.449951171875,218.88333129882812,1857.800048828125,105.11666870117188,Percentage,unit,"Both sexes, All age groups, Seasonally adjusted",57.95000076293945,63.61666488647461,8.733333587646484,,,,
British Columbia,1996-01,"Index, 201612=100",units,102.86666666666667,81.03333333333335,91.86666666666667,,,,,,,,,,,,,,,,,Persons,unit,906565.0,1286199.0,Persons,thousands,"Both sexes, All age groups, Seasonally adjusted",1145.050048828125,916.7166748046875,1253.7667236328125,228.31666564941406,1835.050048828125,108.75,Percentage,unit,"Both sexes, All age groups, Seasonally adjusted",57.68333435058594,63.71666717529297,9.216666221618652,,,,
Newfoundland and Labrador,1990-08,"Index, 201612=100",units,46.6,44.4,46.4,,,,,,,,,,,,,,,,,Persons,unit,3846.0,17972.0,Persons,thousands,"Both sexes, All age groups, Seasonally adjusted",133.0500030517578,118.19999694824219,158.89999389648438,14.883333206176758,267.54998779296875,25.866666793823242,Percentage,unit,"Both sexes, All age groups, Seasonally adjusted",45.0,54.31666564941406,17.28333282470703,,,,
Newfoundland and Labrador,1990-05,"Index, 201612=100",units,46.6,40.9,45.4,,,,,,,,,,,,,,,,,Persons,unit,3188.0,13919.0,Persons,thousands,"Both sexes, All age groups, Seasonally adjusted",128.71665954589844,114.48332977294922,154.6666717529297,14.266666412353516,266.9333190917969,25.950000762939453,Percentage,unit,"Both sexes, All age groups, Seasonally adjusted",43.75,52.86666488647461,17.03333282470703,,,,
Newfoundland and Labrador,1990-02,"Index, 201612=100",units,46.7,40.6,45.4,,,,,,,,,,,,,,,,,Persons,unit,175.0,6359.0,Persons,thousands,"Both sexes, All age groups, Seasonally adjusted",130.63333129882812,116.31666564941406,156.06666564941406,14.316666603088379,265.8999938964844,25.433332443237305,Percentage,unit,"Both sexes, All age groups, Seasonally adjusted",44.599998474121094,53.599998474121094,16.53333282470703,,,,
Newfoundland and Labrador,1990-03,"Index, 201612=100",units,46.6,40.9,45.4,,,,,,,,,,,,,,,,,Persons,unit,709.0,8206.0,Persons,thousands,"Both sexes, All age groups, Seasonally adjusted",129.76666259765625,113.73332977294922,152.51666259765625,16.016666412353516,266.1833190917969,22.766666412353516,Percentage,unit,"Both sexes, All age groups, Seasonally adjusted",44.233333587646484,52.233333587646484,14.866666793823242,,,,
Newfoundland and Labrador,1990-09,"Index, 201612=100",units,46.8,44.8,46.7,,,,,,,,,,,,,,,,,Persons,unit,2070.0,15765.0,Persons,thousands,"Both sexes, All age groups, Seasonally adjusted",132.75,117.01667022705078,158.5,15.716666221618652,267.70001220703125,25.71666717529297,Percentage,unit,"Both sexes, All age groups, Seasonally adjusted",44.766666412353516,54.04999923706055,17.350000381469727,,,,
Newfoundland and Labrador,1990-01,"Index, 201612=100",units,46.7,40.6,45.4,,,,,,,,,,,,,,,,,Persons,unit,334.0,7310.0,Persons,thousands,"Both sexes, All age groups, Seasonally adjusted",130.86666870117188,115.81666564941406,156.81666564941406,15.066666603088379,265.6499938964844,25.933332443237305,Percentage,unit,"Both sexes, All age groups, Seasonally adjusted",44.849998474121094,54.03333282470703,16.616666793823242,,,,
Newfoundland and Labrador,1990-12,"Index, 201612=100",units,46.8,44.8,46.7,,,,,,,,,,,,,,,,,Persons,unit,389.0,8869.0,Persons,thousands,"Both sexes, All age groups, Seasonally adjusted",132.9499969482422,116.23332977294922,160.11666870117188,16.700000762939453,268.3999938964844,27.16666603088379,Percentage,unit,"Both sexes, All age groups, Seasonally adjusted",44.63333511352539,54.43333435058594,18.100000381469727,,,,
Newfoundland and Labrador,1990-04,"Index, 201612=100",units,46.6,40.9,45.4,,,,,,,,,,,,,,,,,Persons,unit,1977.0,11226.0,Persons,thousands,"Both sexes, All age groups, Seasonally adjusted",129.03334045410156,114.5,154.14999389648438,14.566666603088379,266.6000061035156,25.08333396911621,Percentage,unit,"Both sexes, All age groups, Seasonally adjusted",43.849998474121094,52.61666488647461,15.833333015441895,,,,
Newfoundland and Labrador,1990-06,"Index, 201612=100",units,46.6,40.9,45.4,,,,,,,,,,,,,,,,,Persons,unit,1811.0,13967.0,Persons,thousands,"Both sexes, All age groups, Seasonally adjusted",129.63333129882812,114.61666870117188,155.86666870117188,15.016666412353516,267.1499938964844,26.233333587646484,Percentage,unit,"Both sexes, All age groups, Seasonally adjusted",43.95000076293945,53.233333587646484,17.46666717529297,,,,
Newfoundland and Labrador,1990-10,"Index, 201612=100",units,46.8,44.8,46.7,,,,,,,,,,,,,,,,,Persons,unit,819.0,11220.0,Persons,thousands,"Both sexes, All age groups, Seasonally adjusted",134.5,118.08333587646484,160.21665954589844,16.41666603088379,267.8833312988281,25.700000762939453,Percentage,unit,"Both sexes, All age groups, Seasonally adjusted",45.38333511352539,54.54999923706055,16.78333282470703,,,,
Newfoundland and Labrador,1990-11,"Index, 201612=100",units,46.8,44.8,46.7,,,,,,,,,,,,,,,,,Persons,unit,420.0,8213.0,Persons,thousands,"Both sexes, All age groups, Seasonally adjusted",131.81666564941406,116.43333435058594,159.71665954589844,15.383333206176758,268.20001220703125,27.866666793823242,Percentage,unit,"Both sexes, All age groups, Seasonally adjusted",44.43333435058594,54.266666412353516,17.5,,,,
Newfoundland and Labrador,1990-07,"Index, 201612=100",units,46.6,44.4,46.4,,,,,,,,,,,,,,,,,Persons,unit,3500.0,17286.0,Persons,thousands,"Both sexes, All age groups, Seasonally adjusted",129.78334045410156,115.1500015258789,156.6999969482422,14.616666793823242,267.3833312988281,26.899999618530273,Percentage,unit,"Both sexes, All age groups, Seasonally adjusted",43.96666717529297,53.54999923706055,17.850000381469727,,,,
Prairie Region,1991-04,"Index, 201612=100",units,36.6,36.3,36.4,,,,,,,,,,,,,,,,,,,,,,,,,,,,,,,,,,,,,,,
Prairie Region,1991-11,"Index, 201612=100",units,36.5,36.8,36.4,,,,,,,,,,,,,,,,,,,,,,,,,,,,,,,,,,,,,,,
Prairie Region,1991-05,"Index, 201612=100",units,36.6,36.4,36.4,,,,,,,,,,,,,,,,,,,,,,,,,,,,,,,,,,,,,,,
Prairie Region,1991-02,"Index, 201612=100",units,36.8,36.4,36.5,,,,,,,,,,,,,,,,,,,,,,,,,,,,,,,,,,,,,,,
Prairie Region,1991-08,"Index, 201612=100",units,36.6,36.7,36.5,,,,,,,,,,,,,,,,,,,,,,,,,,,,,,,,,,,,,,,
Prairie Region,1991-03,"Index, 201612=100",units,36.9,36.4,36.6,,,,,,,,,,,,,,,,,,,,,,,,,,,,,,,,,,,,,,,
Prairie Region,1991-09,"Index, 201612=100",units,36.6,36.7,36.5,,,,,,,,,,,,,,,,,,,,,,,,,,,,,,,,,,,,,,,
Prairie Region,1991-10,"Index, 201612=100",units,36.6,36.8,36.5,,,,,,,,,,,,,,,,,,,,,,,,,,,,,,,,,,,,,,,
Prairie Region,1991-07,"Index, 201612=100",units,36.6,36.5,36.4,,,,,,,,,,,,,,,,,,,,,,,,,,,,,,,,,,,,,,,
Prairie Region,1991-06,"Index, 201612=100",units,36.7,36.6,36.5,,,,,,,,,,,,,,,,,,,,,,,,,,,,,,,,,,,,,,,
Prairie Region,1991-12,"Index, 201612=100",units,36.4,37.3,36.5,,,,,,,,,,,,,,,,,,,,,,,,,,,,,,,,,,,,,,,
Prairie Region,1991-01,"Index, 201612=100",units,36.9,36.3,36.6,,,,,,,,,,,,,,,,,,,,,,,,,,,,,,,,,,,,,,,
Prairie Region,2016-10,"Index, 201612=100",units,99.7,99.7,99.7,,,,,Dollars,unit,Average expenditure per household,777.83,1709.25,10.58,529.75,1445.08,318.67,1627.33,8188.33,2.25,,,,,,,,,,,,,,,,,,,,,,,
Prairie Region,2016-03,"Index, 201612=100",units,100.8,99.0,100.2,,,,,Dollars,unit,Average expenditure per household,777.83,1709.25,10.58,529.75,1445.08,318.67,1627.33,8188.33,2.25,,,,,,,,,,,,,,,,,,,,,,,
Prairie Region,2016-05,"Index, 201612=100",units,100.6,99.7,100.3,,,,,Dollars,unit,Average expenditure per household,777.83,1709.25,10.58,529.75,1445.08,318.67,1627.33,8188.33,2.25,,,,,,,,,,,,,,,,,,,,,,,
Prairie Region,2016-08,"Index, 201612=100",units,100.0,99.7,99.9,,,,,Dollars,unit,Average expenditure per household,777.83,1709.25,10.58,529.75,1445.08,318.67,1627.33,8188.33,2.25,,,,,,,,,,,,,,,,,,,,,,,
Prairie Region,2016-01,"Index, 201612=100",units,101.1,99.1,100.4,,,,,Dollars,unit,Average expenditure per household,777.83,1709.25,10.58,529.75,1445.08,318.67,1627.33,8188.33,2.25,,,,,,,,,,,,,,,,,,,,,,,
Prairie Region,2016-07,"Index, 201612=100",units,100.1,99.7,100.0,,,,,Dollars,unit,Average expenditure per household,777.83,1709.25,10.58,529.75,1445.08,318.67,1627.33,8188.33,2.25,,,,,,,,,,,,,,,,,,,,,,,
Prairie Region,2016-12,"Index, 201612=100",units,100.0,100.0,100.0,,,,,Dollars,unit,Average expenditure per household,777.83,1709.25,10.58,529.75,1445.08,318.67,1627.33,8188.33,2.25,,,,,,,,,,,,,,,,,,,,,,,
Prairie Region,2016-06,"Index, 201612=100",units,100.0,99.6,99.9,,,,,Dollars,unit,Average expenditure per household,777.83,1709.25,10.58,529.75,1445.08,318.67,1627.33,8188.33,2.25,,,,,,,,,,,,,,,,,,,,,,,
Prairie Region,2016-09,"Index, 201612=100",units,99.8,99.7,99.7,,,,,Dollars,unit,Average expenditure per household,777.83,1709.25,10.58,529.75,1445.08,318.67,1627.33,8188.33,2.25,,,,,,,,,,,,,,,,,,,,,,,
Prairie Region,2016-04,"Index, 201612=100",units,100.8,99.0,100.2,,,,,Dollars,unit,Average expenditure per household,777.83,1709.25,10.58,529.75,1445.08,318.67,1627.33,8188.33,2.25,,,,,,,,,,,,,,,,,,,,,,,
Prairie Region,2016-02,"Index, 201612=100",units,100.8,99.0,100.2,,,,,Dollars,unit,Average expenditure per household,777.83,1709.25,10.58,529.75,1445.08,318.67,1627.33,8188.33,2.25,,,,,,,,,,,,,,,,,,,,,,,
Prairie Region,2016-11,"Index, 201612=100",units,99.8,99.9,99.8,,,,,Dollars,unit,Average expenditure per household,777.83,1709.25,10.58,529.75,1445.08,318.67,1627.33,8188.33,2.25,,,,,,,,,,,,,,,,,,,,,,,
Prince Edward Island,2018-01,"Index, 201612=100",units,100.4,100.0,100.3,,,,,,,,,,,,,,,,,Persons,unit,0.0,0.0,Persons,thousands,"Both sexes, All age groups, Seasonally adjusted",47.349998474121094,39.900001525878906,52.88333511352539,7.433333396911621,75.41666412353516,5.5333333015441895,Percentage,unit,"Both sexes, All age groups, Seasonally adjusted",61.61666488647461,69.1500015258789,11.233333587646484,,,,
Prince Edward Island,2018-03,"Index, 201612=100",units,100.6,100.1,100.5,,,,,,,,,,,,,,,,,Persons,unit,756.0,784.0,Persons,thousands,"Both sexes, All age groups, Seasonally adjusted",47.53333282470703,39.983333587646484,52.83333206176758,7.5333333015441895,75.56666564941406,5.300000190734863,Percentage,unit,"Both sexes, All age groups, Seasonally adjusted",61.75,69.13333129882812,10.899999618530273,,,,
Prince Edward Island,2018-07,"Index, 201612=100",units,100.5,100.2,100.5,,,,,,,,,,,,,,,,,Persons,unit,11.0,130.0,Persons,thousands,"Both sexes, All age groups, Seasonally adjusted",48.41666793823242,41.04999923706055,53.29999923706055,7.349999904632568,76.05000305175781,4.916666507720947,Percentage,unit,"Both sexes, All age groups, Seasonally adjusted",62.5,69.43333435058594,10.066666603088379,,,,
Prince Edward Island,2018-05,"Index, 201612=100",units,100.6,100.1,100.5,,,,,,,,,,,,,,,,,Persons,unit,358.0,374.0,Persons,thousands,"Both sexes, All age groups, Seasonally adjusted",47.91666793823242,40.63333511352539,52.75,7.2833333015441895,75.81666564941406,4.833333492279053,Percentage,unit,"Both sexes, All age groups, Seasonally adjusted",62.099998474121094,68.83333587646484,9.916666984558105,,,,
Prince Edward Island,2018-09,"Index, 201612=100",units,100.3,100.2,100.3,,,,,,,,,,,,,,,,,Persons,unit,3.0,117.0,Persons,thousands,"Both sexes, All age groups, Seasonally adjusted",48.349998474121094,41.516666412353516,52.86666488647461,6.816666603088379,76.3499984741211,4.5333333015441895,Percentage,unit,"Both sexes, All age groups, Seasonally adjusted",62.33333206176758,68.38333129882812,8.933333396911621,,,,
Prince Edward Island,2018-02,"Index, 201612=100",units,100.4,100.0,100.3,,,,,,,,,,,,,,,,,Persons,unit,362.0,386.0,Persons,thousands,"Both sexes, All age groups, Seasonally adjusted",47.61666488647461,40.20000076293945,52.88333511352539,7.383333206176758,75.48332977294922,5.300000190734863,Percentage,unit,"Both sexes, All age groups, Seasonally adjusted",61.95000076293945,69.03333282470703,10.566666603088379,,,,
Prince Edward Island,2018-06,"Index, 201612=100",units,100.5,100.1,100.4,,,,,,,,,,,,,,,,,Persons,unit,8.0,79.0,Persons,thousands,"Both sexes, All age groups, Seasonally adjusted",48.20000076293945,40.83333206176758,52.88333511352539,7.366666793823242,75.93333435058594,4.683333396911621,Percentage,unit,"Both sexes, All age groups, Seasonally adjusted",62.46666717529297,68.88333129882812,9.416666984558105,,,,
Prince Edward Island,2018-04,"Index, 201612=100",units,100.7,100.1,100.5,,,,,,,,,,,,,,,,,Persons,unit,1098.0,1154.0,Persons,thousands,"Both sexes, All age groups, Seasonally adjusted",47.33333206176758,40.266666412353516,53.150001525878906,7.083333492279053,75.71666717529297,5.833333492279053,Percentage,unit,"Both sexes, All age groups, Seasonally adjusted",61.53333282470703,69.55000305175781,11.733333587646484,,,,
Prince Edward Island,2018-08,"Index, 201612=100",units,100.6,100.2,100.5,,,,,,,,,,,,,,,,,Persons,unit,8.0,142.0,Persons,thousands,"Both sexes, All age groups, Seasonally adjusted",48.150001525878906,41.08333206176758,53.03333282470703,7.066666603088379,76.18333435058594,4.900000095367432,Percentage,unit,"Both sexes, All age groups, Seasonally adjusted",62.36666488647461,68.81666564941406,9.383333206176758,,,,
Saskatchewan,1985-02,"Index, 201612=100",units,29.950000000000003,27.1,29.049999999999997,,,,,,,,,,,,,,,,,Persons,unit,26644.0,38319.0,Persons,thousands,"Both sexes, All age groups, Seasonally adjusted",277.54998779296875,224.48333740234375,300.6166687011719,53.08333206176758,448.3666687011719,23.049999237060547,Percentage,unit,"Both sexes, All age groups, Seasonally adjusted",59.233333587646484,64.53333282470703,7.883333206176758,,,,
Saskatchewan,1985-07,"Index, 201612=100",units,30.200000000000003,28.35,29.55,,,,,,,,,,,,,,,,,Persons,unit,57407.0,95962.0,Persons,thousands,"Both sexes, All age groups, Seasonally adjusted",282.1666564941406,226.53334045410156,305.8166809082031,55.63333511352539,450.3666687011719,23.649999618530273,Percentage,unit,"Both sexes, All age groups, Seasonally adjusted",59.900001525878906,65.19999694824219,7.800000190734863,,,,
Saskatchewan,1985-11,"Index, 201612=100",units,30.3,29.0,29.9,,,,,,,,,,,,,,,,,Persons,unit,28397.0,41227.0,Persons,thousands,"Both sexes, All age groups, Seasonally adjusted",286.8333435058594,228.1999969482422,310.6833190917969,58.650001525878906,451.1666564941406,23.816667556762695,Percentage,unit,"Both sexes, All age groups, Seasonally adjusted",60.86666488647461,66.26667022705078,7.550000190734863,,,,
Saskatchewan,1985-10,"Index, 201612=100",units,30.25,29.0,29.85,,,,,,,,,,,,,,,,,Persons,unit,30017.0,46533.0,Persons,thousands,"Both sexes, All age groups, Seasonally adjusted",286.1000061035156,229.64999389648438,309.9666748046875,56.41666793823242,450.98333740234375,23.883333206176758,Percentage,unit,"Both sexes, All age groups, Seasonally adjusted",60.66666793823242,66.0,7.7166666984558105,,,,
Saskatchewan,1985-05,"Index, 201612=100",units,30.05,27.15,29.15,,,,,,,,,,,,,,,,,Persons,unit,33526.0,55191.0,Persons,thousands,"Both sexes, All age groups, Seasonally adjusted",283.3500061035156,227.75,307.5833435058594,55.599998474121094,449.51666259765625,24.200000762939453,Percentage,unit,"Both sexes, All age groups, Seasonally adjusted",60.33333206176758,65.8499984741211,8.016666412353516,,,,
Saskatchewan,1985-08,"Index, 201612=100",units,30.1,28.45,29.549999999999997,,,,,,,,,,,,,,,,,Persons,unit,52197.0,80755.0,Persons,thousands,"Both sexes, All age groups, Seasonally adjusted",281.8333435058594,222.85000610351562,307.1499938964844,58.96666717529297,450.6833190917969,25.316667556762695,Percentage,unit,"Both sexes, All age groups, Seasonally adjusted",59.79999923706055,65.41666412353516,8.133333206176758,,,,
Saskatchewan,1985-06,"Index, 201612=100",units,30.15,27.35,29.2,,,,,,,,,,,,,,,,,Persons,unit,39241.0,72585.0,Persons,thousands,"Both sexes, All age groups, Seasonally adjusted",282.1499938964844,228.13333129882812,305.98333740234375,54.0,449.98333740234375,23.850000381469727,Percentage,unit,"Both sexes, All age groups, Seasonally adjusted",60.08333206176758,65.48332977294922,7.883333206176758,,,,
Saskatchewan,1985-12,"Index, 201612=100",units,30.3,29.05,29.95,,,,,,,,,,,,,,,,,Persons,unit,25597.0,38360.0,Persons,thousands,"Both sexes, All age groups, Seasonally adjusted",287.54998779296875,228.46665954589844,311.9333190917969,59.08333206176758,451.23333740234375,24.399999618530273,Percentage,unit,"Both sexes, All age groups, Seasonally adjusted",60.95000076293945,66.48332977294922,7.883333206176758,,,,
Saskatchewan,1985-09,"Index, 201612=100",units,30.15,28.9,29.75,,,,,,,,,,,,,,,,,Persons,unit,33161.0,51305.0,Persons,thousands,"Both sexes, All age groups, Seasonally adjusted",284.76666259765625,223.98333740234375,308.1499938964844,60.78333282470703,451.0,23.399999618530273,Percentage,unit,"Both sexes, All age groups, Seasonally adjusted",60.36666488647461,65.61666870117188,7.683333396911621,,,,
Saskatchewan,1985-01,"Index, 201612=100",units,29.950000000000003,27.05,29.049999999999997,,,,,,,,,,,,,,,,,Persons,unit,26469.0,38304.0,Persons,thousands,"Both sexes, All age groups, Seasonally adjusted",276.48333740234375,221.6999969482422,299.73333740234375,54.83333206176758,448.01666259765625,23.21666717529297,Percentage,unit,"Both sexes, All age groups, Seasonally adjusted",59.03333282470703,64.36666870117188,7.7833333015441895,,,,
Saskatchewan,1985-04,"Index, 201612=100",units,30.0,27.15,29.099999999999998,,,,,,,,,,,,,,,,,Persons,unit,35368.0,50738.0,Persons,thousands,"Both sexes, All age groups, Seasonally adjusted",280.6000061035156,224.06666564941406,304.8999938964844,56.56666564941406,449.2166748046875,24.28333282470703,Percentage,unit,"Both sexes, All age groups, Seasonally adjusted",59.81666564941406,65.26667022705078,8.0,,,,
Saskatchewan,1985-03,"Index, 201612=100",units,30.05,27.1,29.1,,,,,,,,,,,,,,,,,Persons,unit,31025.0,45978.0,Persons,thousands,"Both sexes, All age groups, Seasonally adjusted",279.25,225.81666564941406,303.2833251953125,53.43333435058594,448.6833190917969,23.983333587646484,Percentage,unit,"Both sexes, All age groups, Seasonally adjusted",59.63333511352539,65.05000305175781,7.900000095367432,,,,
