province,REF_DATE,uom_houseindex,scalar_houseindex,avg_house_only,avg_land_only,avg_totalhouseland,uom_income,scalar_income,statistic_income,avg_income,uom_expenditure,scalar_expenditure,statistic_expenditure,avg_food_expenditures,avg_income_taxes,avg_mortageinsurance,avg_mortagePaid,avg_accomodation,avg_rent,avg_shelter,avg_total_expenditure,avg_taxes_landregfees,uom_tourist,scalar_tourist,avg_international_tourism,avg_domestic_tourism,uom_labourforce,scalar_labourforce,statistic_labourforce,avg_employment,avg_fulltime,avg_labourforce,avg_parttime,avg_population,avg_unemployment,uom_lfperc,scalar_lfperc,statistic_labourforceperc,avg_employment_rate,avg_participationrate,avg_unemploymentrate,uom_crime,scalar_crime,statistic_crime,avg_crime_incidents
Atlantic Region,2016-11,"Index, 201612=100",units,100.0,100.0,100.0,,,,,Dollars,unit,Average expenditure per household,671.75,1068.25,10.17,320.83,1005.33,186.83,1123.5,6079.5,4.25,,,,,,,,,,,,,,,,,,,,,,,
Atlantic Region,2016-03,"Index, 201612=100",units,99.5,99.7,99.6,,,,,Dollars,unit,Average expenditure per household,671.75,1068.25,10.17,320.83,1005.33,186.83,1123.5,6079.5,4.25,,,,,,,,,,,,,,,,,,,,,,,
Atlantic Region,2016-06,"Index, 201612=100",units,99.5,99.8,99.6,,,,,Dollars,unit,Average expenditure per household,671.75,1068.25,10.17,320.83,1005.33,186.83,1123.5,6079.5,4.25,,,,,,,,,,,,,,,,,,,,,,,
Atlantic Region,2016-10,"Index, 201612=100",units,99.9,100.0,100.0,,,,,Dollars,unit,Average expenditure per household,671.75,1068.25,10.17,320.83,1005.33,186.83,1123.5,6079.5,4.25,,,,,,,,,,,,,,,,,,,,,,,
Atlantic Region,2016-01,"Index, 201612=100",units,99.5,99.6,99.5,,,,,Dollars,unit,Average expenditure per household,671.75,1068.25,10.17,320.83,1005.33,186.83,1123.5,6079.5,4.25,,,,,,,,,,,,,,,,,,,,,,,
Atlantic Region,2016-08,"Index, 201612=100",units,99.4,99.8,99.5,,,,,Dollars,unit,Average expenditure per household,671.75,1068.25,10.17,320.83,1005.33,186.83,1123.5,6079.5,4.25,,,,,,,,,,,,,,,,,,,,,,,
Atlantic Region,2016-04,"Index, 201612=100",units,99.5,99.7,99.6,,,,,Dollars,unit,Average expenditure per household,671.75,1068.25,10.17,320.83,1005.33,186.83,1123.5,6079.5,4.25,,,,,,,,,,,,,,,,,,,,,,,
Atlantic Region,2016-07,"Index, 201612=100",units,99.4,99.8,99.5,,,,,Dollars,unit,Average expenditure per household,671.75,1068.25,10.17,320.83,1005.33,186.83,1123.5,6079.5,4.25,,,,,,,,,,,,,,,,,,,,,,,
Atlantic Region,2016-12,"Index, 201612=100",units,100.0,100.0,100.0,,,,,Dollars,unit,Average expenditure per household,671.75,1068.25,10.17,320.83,1005.33,186.83,1123.5,6079.5,4.25,,,,,,,,,,,,,,,,,,,,,,,
Atlantic Region,2016-02,"Index, 201612=100",units,99.6,99.7,99.6,,,,,Dollars,unit,Average expenditure per household,671.75,1068.25,10.17,320.83,1005.33,186.83,1123.5,6079.5,4.25,,,,,,,,,,,,,,,,,,,,,,,
Atlantic Region,2016-05,"Index, 201612=100",units,99.5,99.8,99.6,,,,,Dollars,unit,Average expenditure per household,671.75,1068.25,10.17,320.83,1005.33,186.83,1123.5,6079.5,4.25,,,,,,,,,,,,,,,,,,,,,,,
Atlantic Region,2016-09,"Index, 201612=100",units,99.7,100.0,99.7,,,,,Dollars,unit,Average expenditure per household,671.75,1068.25,10.17,320.83,1005.33,186.83,1123.5,6079.5,4.25,,,,,,,,,,,,,,,,,,,,,,,
Ontario,2008-01,"Index, 201612=100",units,82.33333333333333,93.24444444444445,85.27777777777777,Dollars,units,"Median total income,Both sexes,All age groups",2475.0,,,,,,,,,,,,,Persons,unit,2119879.0,3279829.0,Persons,thousands,"Both sexes, All age groups, Seasonally adjusted",4195.466796875,3476.433349609375,4470.14990234375,719.0499877929688,6365.216796875,274.6666564941406,Percentage,unit,"Both sexes, All age groups, Seasonally adjusted",62.13333511352539,66.71666717529297,6.849999904632568,Number,unit,Total of all violations-Actual incidents,58809.58
Ontario,2008-12,"Index, 201612=100",units,83.93333333333334,94.76666666666667,86.82222222222224,Dollars,units,"Median total income,Both sexes,All age groups",2475.0,,,,,,,,,,,,,Persons,unit,1810782.0,3066780.0,Persons,thousands,"Both sexes, All age groups, Seasonally adjusted",4193.2666015625,3437.433349609375,4513.033203125,755.816650390625,6433.4501953125,319.75,Percentage,unit,"Both sexes, All age groups, Seasonally adjusted",61.516666412353516,66.80000305175781,7.883333206176758,Number,unit,Total of all violations-Actual incidents,58809.58
Ontario,2008-08,"Index, 201612=100",units,83.96666666666667,94.7666666666667,86.86666666666666,Dollars,units,"Median total income,Both sexes,All age groups",2475.0,,,,,,,,,,,,,Persons,unit,2900419.0,5402273.0,Persons,thousands,"Both sexes, All age groups, Seasonally adjusted",4219.25,3493.716552734375,4493.89990234375,725.5333251953125,6411.08349609375,274.6499938964844,Percentage,unit,"Both sexes, All age groups, Seasonally adjusted",62.03333282470703,66.5999984741211,6.833333492279053,Number,unit,Total of all violations-Actual incidents,58809.58
Ontario,2008-07,"Index, 201612=100",units,83.9,94.7666666666667,86.82222222222221,Dollars,units,"Median total income,Both sexes,All age groups",2475.0,,,,,,,,,,,,,Persons,unit,2421406.0,4913337.0,Persons,thousands,"Both sexes, All age groups, Seasonally adjusted",4209.2333984375,3458.35009765625,4486.88330078125,750.9000244140625,6404.783203125,277.6333312988281,Percentage,unit,"Both sexes, All age groups, Seasonally adjusted",61.88333511352539,66.56666564941406,7.0,Number,unit,Total of all violations-Actual incidents,58809.58
Ontario,2008-04,"Index, 201612=100",units,83.40000000000002,94.41111111111113,86.32222222222222,Dollars,units,"Median total income,Both sexes,All age groups",2475.0,,,,,,,,,,,,,Persons,unit,2200816.0,3578818.0,Persons,thousands,"Both sexes, All age groups, Seasonally adjusted",4223.75,3503.083251953125,4491.783203125,720.683349609375,6382.11669921875,268.0,Percentage,unit,"Both sexes, All age groups, Seasonally adjusted",62.349998474121094,66.8499984741211,6.766666889190674,Number,unit,Total of all violations-Actual incidents,58809.58
Ontario,2008-06,"Index, 201612=100",units,83.96666666666667,94.68888888888891,86.85555555555555,Dollars,units,"Median total income,Both sexes,All age groups",2475.0,,,,,,,,,,,,,Persons,unit,2019746.0,4088633.0,Persons,thousands,"Both sexes, All age groups, Seasonally adjusted",4211.16650390625,3472.333251953125,4486.0166015625,738.8499755859375,6397.5498046875,274.8500061035156,Percentage,unit,"Both sexes, All age groups, Seasonally adjusted",61.93333435058594,66.56666564941406,7.083333492279053,Number,unit,Total of all violations-Actual incidents,58809.58
Ontario,2008-10,"Index, 201612=100",units,83.97777777777777,94.76666666666668,86.9,Dollars,units,"Median total income,Both sexes,All age groups",2475.0,,,,,,,,,,,,,Persons,unit,2013161.0,3529433.0,Persons,thousands,"Both sexes, All age groups, Seasonally adjusted",4238.16650390625,3486.36669921875,4525.38330078125,751.7999877929688,6423.533203125,287.20001220703125,Percentage,unit,"Both sexes, All age groups, Seasonally adjusted",62.266666412353516,67.11666870117188,7.133333206176758,Number,unit,Total of all violations-Actual incidents,58809.58
Ontario,2008-11,"Index, 201612=100",units,83.78888888888889,94.7666666666667,86.73333333333333,Dollars,units,"Median total income,Both sexes,All age groups",2475.0,,,,,,,,,,,,,Persons,unit,1946500.0,3169620.0,Persons,thousands,"Both sexes, All age groups, Seasonally adjusted",4190.10009765625,3450.033447265625,4505.86669921875,740.066650390625,6428.7001953125,315.7833251953125,Percentage,unit,"Both sexes, All age groups, Seasonally adjusted",61.483333587646484,66.73332977294922,7.816666603088379,Number,unit,Total of all violations-Actual incidents,58809.58
Ontario,2008-02,"Index, 201612=100",units,82.94444444444444,93.93333333333334,85.87777777777778,Dollars,units,"Median total income,Both sexes,All age groups",2475.0,,,,,,,,,,,,,Persons,unit,1924767.0,3038404.0,Persons,thousands,"Both sexes, All age groups, Seasonally adjusted",4224.61669921875,3509.933349609375,4487.93310546875,714.7000122070312,6369.7001953125,263.29998779296875,Percentage,unit,"Both sexes, All age groups, Seasonally adjusted",62.5,67.0,6.666666507720947,Number,unit,Total of all violations-Actual incidents,58809.58
Ontario,2008-09,"Index, 201612=100",units,84.05555555555556,94.7666666666667,86.92222222222223,Dollars,units,"Median total income,Both sexes,All age groups",2475.0,,,,,,,,,,,,,Persons,unit,2004425.0,3626089.0,Persons,thousands,"Both sexes, All age groups, Seasonally adjusted",4225.9501953125,3483.2333984375,4504.2666015625,742.7000122070312,6418.2333984375,278.29998779296875,Percentage,unit,"Both sexes, All age groups, Seasonally adjusted",62.20000076293945,66.8499984741211,6.849999904632568,Number,unit,Total of all violations-Actual incidents,58809.58
Ontario,2008-05,"Index, 201612=100",units,83.66666666666669,94.73333333333335,86.6,Dollars,units,"Median total income,Both sexes,All age groups",2475.0,,,,,,,,,,,,,Persons,unit,2309939.0,4056861.0,Persons,thousands,"Both sexes, All age groups, Seasonally adjusted",4236.33349609375,3491.966552734375,4506.966796875,744.3333129882812,6388.61669921875,270.6166687011719,Percentage,unit,"Both sexes, All age groups, Seasonally adjusted",62.400001525878906,66.96666717529297,6.900000095367432,Number,unit,Total of all violations-Actual incidents,58809.58
Ontario,2008-03,"Index, 201612=100",units,83.22222222222223,94.28888888888889,86.14444444444445,Dollars,units,"Median total income,Both sexes,All age groups",2475.0,,,,,,,,,,,,,Persons,unit,2633129.0,3901730.0,Persons,thousands,"Both sexes, All age groups, Seasonally adjusted",4215.966796875,3494.10009765625,4495.2001953125,721.8333129882812,6375.08349609375,279.23333740234375,Percentage,unit,"Both sexes, All age groups, Seasonally adjusted",62.233333587646484,66.88333129882812,6.9666666984558105,Number,unit,Total of all violations-Actual incidents,58809.58
Prairie Region,1994-10,"Index, 201612=100",units,39.3,38.5,38.8,,,,,,,,,,,,,,,,,,,,,,,,,,,,,,,,,,,,,,,
Prairie Region,1994-07,"Index, 201612=100",units,39.2,38.5,38.8,,,,,,,,,,,,,,,,,,,,,,,,,,,,,,,,,,,,,,,
Prairie Region,1994-01,"Index, 201612=100",units,39.1,38.0,38.5,,,,,,,,,,,,,,,,,,,,,,,,,,,,,,,,,,,,,,,
Prairie Region,1994-02,"Index, 201612=100",units,39.2,38.0,38.6,,,,,,,,,,,,,,,,,,,,,,,,,,,,,,,,,,,,,,,
Prairie Region,1994-09,"Index, 201612=100",units,39.3,38.5,38.8,,,,,,,,,,,,,,,,,,,,,,,,,,,,,,,,,,,,,,,
Prairie Region,1994-05,"Index, 201612=100",units,39.1,38.4,38.6,,,,,,,,,,,,,,,,,,,,,,,,,,,,,,,,,,,,,,,
Prairie Region,1994-11,"Index, 201612=100",units,39.3,38.5,38.8,,,,,,,,,,,,,,,,,,,,,,,,,,,,,,,,,,,,,,,
Prairie Region,1994-06,"Index, 201612=100",units,39.3,38.4,38.8,,,,,,,,,,,,,,,,,,,,,,,,,,,,,,,,,,,,,,,
Prairie Region,1994-03,"Index, 201612=100",units,39.3,38.2,38.8,,,,,,,,,,,,,,,,,,,,,,,,,,,,,,,,,,,,,,,
Prairie Region,1994-12,"Index, 201612=100",units,39.2,38.5,38.8,,,,,,,,,,,,,,,,,,,,,,,,,,,,,,,,,,,,,,,
Prairie Region,1994-04,"Index, 201612=100",units,39.3,38.3,38.8,,,,,,,,,,,,,,,,,,,,,,,,,,,,,,,,,,,,,,,
Prairie Region,1994-08,"Index, 201612=100",units,39.3,38.5,38.8,,,,,,,,,,,,,,,,,,,,,,,,,,,,,,,,,,,,,,,
