province,REF_DATE,uom_houseindex,scalar_houseindex,avg_house_only,avg_land_only,avg_totalhouseland,uom_income,scalar_income,statistic_income,avg_income,uom_expenditure,scalar_expenditure,statistic_expenditure,avg_food_expenditures,avg_income_taxes,avg_mortageinsurance,avg_mortagePaid,avg_accomodation,avg_rent,avg_shelter,avg_total_expenditure,avg_taxes_landregfees,uom_tourist,scalar_tourist,avg_international_tourism,avg_domestic_tourism,uom_labourforce,scalar_labourforce,statistic_labourforce,avg_employment,avg_fulltime,avg_labourforce,avg_parttime,avg_population,avg_unemployment,uom_lfperc,scalar_lfperc,statistic_labourforceperc,avg_employment_rate,avg_participationrate,avg_unemploymentrate,uom_crime,scalar_crime,statistic_crime,avg_crime_incidents
Alberta,1999-10,"Index, 201612=100",units,47.79999999999999,42.79999999999999,45.9,,,,,,,,,,,,,,,,,Persons,unit,88105.0,167289.0,Persons,thousands,"Both sexes, All age groups, Seasonally adjusted",987.566650390625,807.9666748046875,1038.0999755859375,179.63333129882812,1396.5333251953125,50.5,Percentage,unit,"Both sexes, All age groups, Seasonally adjusted",65.48332977294922,69.38333129882812,5.416666507720947,Number,unit,Total of all violations-Actual incidents,24217.67
Alberta,1999-11,"Index, 201612=100",units,47.96666666666667,42.79999999999999,46.0,,,,,,,,,,,,,,,,,Persons,unit,84239.0,144342.0,Persons,thousands,"Both sexes, All age groups, Seasonally adjusted",987.6333618164062,810.2333374023438,1038.7667236328125,177.43333435058594,1398.566650390625,51.13333511352539,Percentage,unit,"Both sexes, All age groups, Seasonally adjusted",65.33333587646484,69.41666412353516,5.616666793823242,Number,unit,Total of all violations-Actual incidents,24217.67
Alberta,1999-05,"Index, 201612=100",units,46.96666666666666,42.5,45.199999999999996,,,,,,,,,,,,,,,,,Persons,unit,85318.0,181650.0,Persons,thousands,"Both sexes, All age groups, Seasonally adjusted",975.3499755859375,796.3833618164062,1035.800048828125,178.96665954589844,1383.5833740234375,60.45000076293945,Percentage,unit,"Both sexes, All age groups, Seasonally adjusted",65.21666717529297,69.76667022705078,6.333333492279053,Number,unit,Total of all violations-Actual incidents,24217.67
Alberta,1999-02,"Index, 201612=100",units,46.6,42.4,44.93333333333334,,,,,,,,,,,,,,,,,Persons,unit,98514.0,165565.0,Persons,thousands,"Both sexes, All age groups, Seasonally adjusted",971.7333374023438,793.2166748046875,1030.550048828125,178.53334045410156,1375.1666259765625,58.81666564941406,Percentage,unit,"Both sexes, All age groups, Seasonally adjusted",65.53333282470703,69.86666870117188,6.066666603088379,Number,unit,Total of all violations-Actual incidents,24217.67
Alberta,1999-07,"Index, 201612=100",units,47.166666666666664,42.70000000000001,45.43333333333334,,,,,,,,,,,,,,,,,Persons,unit,104138.0,319353.0,Persons,thousands,"Both sexes, All age groups, Seasonally adjusted",985.2999877929688,807.1166381835938,1040.933349609375,178.1666717529297,1389.066650390625,55.63333511352539,Percentage,unit,"Both sexes, All age groups, Seasonally adjusted",65.76667022705078,69.86666870117188,5.699999809265137,Number,unit,Total of all violations-Actual incidents,24217.67
Alberta,1999-08,"Index, 201612=100",units,47.56666666666666,42.63333333333333,45.633333333333326,,,,,,,,,,,,,,,,,Persons,unit,119030.0,297888.0,Persons,thousands,"Both sexes, All age groups, Seasonally adjusted",985.7999877929688,804.3666381835938,1043.066650390625,181.46665954589844,1392.0,57.21666717529297,Percentage,unit,"Both sexes, All age groups, Seasonally adjusted",65.51667022705078,69.86666870117188,6.0333333015441895,Number,unit,Total of all violations-Actual incidents,24217.67
Alberta,1999-06,"Index, 201612=100",units,47.0,42.666666666666664,45.26666666666667,,,,,,,,,,,,,,,,,Persons,unit,76871.0,229626.0,Persons,thousands,"Both sexes, All age groups, Seasonally adjusted",982.8333129882812,805.6166381835938,1037.050048828125,177.21665954589844,1386.7166748046875,54.21666717529297,Percentage,unit,"Both sexes, All age groups, Seasonally adjusted",65.68333435058594,69.69999694824219,5.566666603088379,Number,unit,Total of all violations-Actual incidents,24217.67
Alberta,1999-01,"Index, 201612=100",units,46.5,42.333333333333336,44.86666666666667,,,,,,,,,,,,,,,,,Persons,unit,100376.0,163284.0,Persons,thousands,"Both sexes, All age groups, Seasonally adjusted",970.4000244140625,794.7666625976562,1028.5333251953125,175.63333129882812,1372.63330078125,58.11666488647461,Percentage,unit,"Both sexes, All age groups, Seasonally adjusted",65.56666564941406,69.88333129882812,6.050000190734863,Number,unit,Total of all violations-Actual incidents,24217.67
Alberta,1999-09,"Index, 201612=100",units,47.73333333333333,42.79999999999999,45.866666666666674,,,,,,,,,,,,,,,,,Persons,unit,89973.0,222108.0,Persons,thousands,"Both sexes, All age groups, Seasonally adjusted",985.0833129882812,811.6166381835938,1042.550048828125,173.48333740234375,1394.2833251953125,57.46666717529297,Percentage,unit,"Both sexes, All age groups, Seasonally adjusted",65.19999694824219,69.5999984741211,6.133333206176758,Number,unit,Total of all violations-Actual incidents,24217.67
Alberta,1999-12,"Index, 201612=100",units,48.06666666666666,42.866666666666674,46.1,,,,,,,,,,,,,,,,,Persons,unit,80566.0,154410.0,Persons,thousands,"Both sexes, All age groups, Seasonally adjusted",991.75,814.4500122070312,1045.36669921875,177.3333282470703,1400.4000244140625,53.599998474121094,Percentage,unit,"Both sexes, All age groups, Seasonally adjusted",65.5999984741211,69.73332977294922,5.7833333015441895,Number,unit,Total of all violations-Actual incidents,24217.67
Alberta,1999-03,"Index, 201612=100",units,46.833333333333336,42.4,45.13333333333333,,,,,,,,,,,,,,,,,Persons,unit,112035.0,196661.0,Persons,thousands,"Both sexes, All age groups, Seasonally adjusted",973.6500244140625,797.7999877929688,1030.449951171875,175.85000610351562,1377.88330078125,56.849998474121094,Percentage,unit,"Both sexes, All age groups, Seasonally adjusted",65.41666412353516,69.5999984741211,5.933333396911621,Number,unit,Total of all violations-Actual incidents,24217.67
Alberta,1999-04,"Index, 201612=100",units,46.833333333333336,42.4,45.166666666666664,,,,,,,,,,,,,,,,,Persons,unit,117113.0,185435.0,Persons,thousands,"Both sexes, All age groups, Seasonally adjusted",973.5833129882812,798.5333251953125,1030.86669921875,175.01666259765625,1380.88330078125,57.28333282470703,Percentage,unit,"Both sexes, All age groups, Seasonally adjusted",65.21666717529297,69.38333129882812,5.833333492279053,Number,unit,Total of all violations-Actual incidents,24217.67
Newfoundland and Labrador,2005-05,"Index, 201612=100",units,63.0,55.5,60.7,Dollars,units,"Median total income,Both sexes,All age groups",1616.67,,,,,,,,,,,,,Persons,unit,7033.0,18121.0,Persons,thousands,"Both sexes, All age groups, Seasonally adjusted",134.81666564941406,117.05000305175781,159.46665954589844,17.78333282470703,262.3666687011719,24.633333206176758,Percentage,unit,"Both sexes, All age groups, Seasonally adjusted",47.83333206176758,57.04999923706055,15.983333587646484,Number,unit,Total of all violations-Actual incidents,2875.33
Newfoundland and Labrador,2005-06,"Index, 201612=100",units,63.0,55.5,60.7,Dollars,units,"Median total income,Both sexes,All age groups",1616.67,,,,,,,,,,,,,Persons,unit,4400.0,19513.0,Persons,thousands,"Both sexes, All age groups, Seasonally adjusted",137.63333129882812,119.78333282470703,159.93333435058594,17.866666793823242,262.3999938964844,22.25,Percentage,unit,"Both sexes, All age groups, Seasonally adjusted",48.79999923706055,57.25,14.616666793823242,Number,unit,Total of all violations-Actual incidents,2875.33
Newfoundland and Labrador,2005-09,"Index, 201612=100",units,63.6,55.5,61.1,Dollars,units,"Median total income,Both sexes,All age groups",1616.67,,,,,,,,,,,,,Persons,unit,4238.0,28444.0,Persons,thousands,"Both sexes, All age groups, Seasonally adjusted",136.73333740234375,117.83333587646484,161.5500030517578,18.883333206176758,262.45001220703125,24.78333282470703,Percentage,unit,"Both sexes, All age groups, Seasonally adjusted",48.46666717529297,57.766666412353516,16.0,Number,unit,Total of all violations-Actual incidents,2875.33
Newfoundland and Labrador,2005-10,"Index, 201612=100",units,64.0,55.5,61.4,Dollars,units,"Median total income,Both sexes,All age groups",1616.67,,,,,,,,,,,,,Persons,unit,4146.0,19107.0,Persons,thousands,"Both sexes, All age groups, Seasonally adjusted",136.3333282470703,117.25,160.85000610351562,19.08333396911621,262.3999938964844,24.516666412353516,Percentage,unit,"Both sexes, All age groups, Seasonally adjusted",48.150001525878906,57.63333511352539,16.83333396911621,Number,unit,Total of all violations-Actual incidents,2875.33
Newfoundland and Labrador,2005-04,"Index, 201612=100",units,62.0,55.4,59.9,Dollars,units,"Median total income,Both sexes,All age groups",1616.67,,,,,,,,,,,,,Persons,unit,6176.0,17392.0,Persons,thousands,"Both sexes, All age groups, Seasonally adjusted",134.96665954589844,115.69999694824219,159.68333435058594,19.28333282470703,262.48333740234375,24.683332443237305,Percentage,unit,"Both sexes, All age groups, Seasonally adjusted",47.93333435058594,57.11666488647461,15.866666793823242,Number,unit,Total of all violations-Actual incidents,2875.33
Newfoundland and Labrador,2005-08,"Index, 201612=100",units,63.1,55.5,60.8,Dollars,units,"Median total income,Both sexes,All age groups",1616.67,,,,,,,,,,,,,Persons,unit,6458.0,29090.0,Persons,thousands,"Both sexes, All age groups, Seasonally adjusted",136.1999969482422,117.05000305175781,161.6999969482422,19.116666793823242,262.4666748046875,25.516666412353516,Percentage,unit,"Both sexes, All age groups, Seasonally adjusted",48.099998474121094,57.766666412353516,16.950000762939453,Number,unit,Total of all violations-Actual incidents,2875.33
Newfoundland and Labrador,2005-07,"Index, 201612=100",units,63.0,55.5,60.7,Dollars,units,"Median total income,Both sexes,All age groups",1616.67,,,,,,,,,,,,,Persons,unit,6106.0,25193.0,Persons,thousands,"Both sexes, All age groups, Seasonally adjusted",138.3000030517578,118.71666717529297,161.26666259765625,19.566667556762695,262.45001220703125,23.0,Percentage,unit,"Both sexes, All age groups, Seasonally adjusted",48.91666793823242,57.599998474121094,15.333333015441895,Number,unit,Total of all violations-Actual incidents,2875.33
Newfoundland and Labrador,2005-01,"Index, 201612=100",units,61.7,55.2,59.7,Dollars,units,"Median total income,Both sexes,All age groups",1616.67,,,,,,,,,,,,,Persons,unit,2655.0,10693.0,Persons,thousands,"Both sexes, All age groups, Seasonally adjusted",137.1666717529297,118.06666564941406,160.03334045410156,19.100000381469727,263.1000061035156,22.83333396911621,Percentage,unit,"Both sexes, All age groups, Seasonally adjusted",48.56666564941406,57.16666793823242,15.199999809265137,Number,unit,Total of all violations-Actual incidents,2875.33
Newfoundland and Labrador,2005-02,"Index, 201612=100",units,62.0,55.2,59.9,Dollars,units,"Median total income,Both sexes,All age groups",1616.67,,,,,,,,,,,,,Persons,unit,2092.0,9443.0,Persons,thousands,"Both sexes, All age groups, Seasonally adjusted",135.25,117.11666870117188,159.8333282470703,18.116666793823242,262.9166564941406,24.566667556762695,Percentage,unit,"Both sexes, All age groups, Seasonally adjusted",48.04999923706055,57.16666793823242,15.833333015441895,Number,unit,Total of all violations-Actual incidents,2875.33
Newfoundland and Labrador,2005-12,"Index, 201612=100",units,64.1,55.5,61.5,Dollars,units,"Median total income,Both sexes,All age groups",1616.67,,,,,,,,,,,,,Persons,unit,2480.0,11614.0,Persons,thousands,"Both sexes, All age groups, Seasonally adjusted",134.1666717529297,113.71666717529297,158.60000610351562,20.41666603088379,262.3833312988281,24.450000762939453,Percentage,unit,"Both sexes, All age groups, Seasonally adjusted",47.66666793823242,56.83333206176758,16.266666412353516,Number,unit,Total of all violations-Actual incidents,2875.33
Newfoundland and Labrador,2005-03,"Index, 201612=100",units,62.1,55.4,60.0,Dollars,units,"Median total income,Both sexes,All age groups",1616.67,,,,,,,,,,,,,Persons,unit,5587.0,15830.0,Persons,thousands,"Both sexes, All age groups, Seasonally adjusted",136.71665954589844,117.80000305175781,160.48333740234375,18.933332443237305,262.7166748046875,23.766666412353516,Percentage,unit,"Both sexes, All age groups, Seasonally adjusted",48.766666412353516,57.28333282470703,14.833333015441895,Number,unit,Total of all violations-Actual incidents,2875.33
Newfoundland and Labrador,2005-11,"Index, 201612=100",units,64.0,55.5,61.4,Dollars,units,"Median total income,Both sexes,All age groups",1616.67,,,,,,,,,,,,,Persons,unit,2327.0,11617.0,Persons,thousands,"Both sexes, All age groups, Seasonally adjusted",138.0500030517578,118.61666870117188,161.8000030517578,19.450000762939453,262.3666687011719,23.733333587646484,Percentage,unit,"Both sexes, All age groups, Seasonally adjusted",49.233333587646484,58.28333282470703,15.683333396911621,Number,unit,Total of all violations-Actual incidents,2875.33
