province,REF_DATE,uom_houseindex,scalar_houseindex,avg_house_only,avg_land_only,avg_totalhouseland,uom_income,scalar_income,statistic_income,avg_income,uom_expenditure,scalar_expenditure,statistic_expenditure,avg_food_expenditures,avg_income_taxes,avg_mortageinsurance,avg_mortagePaid,avg_accomodation,avg_rent,avg_shelter,avg_total_expenditure,avg_taxes_landregfees,uom_tourist,scalar_tourist,avg_international_tourism,avg_domestic_tourism,uom_labourforce,scalar_labourforce,statistic_labourforce,avg_employment,avg_fulltime,avg_labourforce,avg_parttime,avg_population,avg_unemployment,uom_lfperc,scalar_lfperc,statistic_labourforceperc,avg_employment_rate,avg_participationrate,avg_unemploymentrate,uom_crime,scalar_crime,statistic_crime,avg_crime_incidents
Alberta,1985-05,"Index, 201612=100",units,27.200000000000003,21.7,25.65,,,,,,,,,,,,,,,,,Persons,unit,61105.0,107761.0,Persons,thousands,"Both sexes, All age groups, Seasonally adjusted",730.6500244140625,610.5833129882812,810.6166381835938,120.03333282470703,1093.1500244140625,80.0,Percentage,unit,"Both sexes, All age groups, Seasonally adjusted",62.41666793823242,69.44999694824219,9.883333206176758,,,,
Alberta,1985-09,"Index, 201612=100",units,27.85,22.45,26.299999999999997,,,,,,,,,,,,,,,,,Persons,unit,63646.0,117078.0,Persons,thousands,"Both sexes, All age groups, Seasonally adjusted",741.0833129882812,615.5833129882812,813.6500244140625,125.48332977294922,1096.199951171875,72.58333587646484,Percentage,unit,"Both sexes, All age groups, Seasonally adjusted",62.93333435058594,69.38333129882812,9.133333206176758,,,,
Alberta,1985-02,"Index, 201612=100",units,27.15,21.6,25.549999999999997,,,,,,,,,,,,,,,,,Persons,unit,71883.0,97480.0,Persons,thousands,"Both sexes, All age groups, Seasonally adjusted",723.433349609375,600.9000244140625,808.2333374023438,122.48332977294922,1090.13330078125,84.80000305175781,Percentage,unit,"Both sexes, All age groups, Seasonally adjusted",62.03333282470703,69.56666564941406,10.583333015441895,,,,
Alberta,1985-07,"Index, 201612=100",units,27.35,21.9,25.8,,,,,,,,,,,,,,,,,Persons,unit,93203.0,224806.0,Persons,thousands,"Both sexes, All age groups, Seasonally adjusted",733.6166381835938,610.8666381835938,807.7000122070312,122.75,1093.7833251953125,74.0999984741211,Percentage,unit,"Both sexes, All age groups, Seasonally adjusted",62.56666564941406,69.16666412353516,9.399999618530273,,,,
Alberta,1985-12,"Index, 201612=100",units,28.349999999999998,22.5,26.65,,,,,,,,,,,,,,,,,Persons,unit,49730.0,81473.0,Persons,thousands,"Both sexes, All age groups, Seasonally adjusted",744.9000244140625,624.7666625976562,816.683349609375,120.13333129882812,1101.7332763671875,71.78333282470703,Percentage,unit,"Both sexes, All age groups, Seasonally adjusted",63.016666412353516,69.41666412353516,9.050000190734863,,,,
Alberta,1985-04,"Index, 201612=100",units,27.049999999999997,21.7,25.5,,,,,,,,,,,,,,,,,Persons,unit,83595.0,117042.0,Persons,thousands,"Both sexes, All age groups, Seasonally adjusted",729.4666748046875,607.75,810.433349609375,121.69999694824219,1092.3499755859375,80.98332977294922,Percentage,unit,"Both sexes, All age groups, Seasonally adjusted",62.45000076293945,69.6500015258789,10.25,,,,
Alberta,1985-03,"Index, 201612=100",units,27.049999999999997,21.7,25.5,,,,,,,,,,,,,,,,,Persons,unit,84594.0,118062.0,Persons,thousands,"Both sexes, All age groups, Seasonally adjusted",723.683349609375,603.4500122070312,806.3666381835938,120.23332977294922,1091.2833251953125,82.69999694824219,Percentage,unit,"Both sexes, All age groups, Seasonally adjusted",61.983333587646484,69.38333129882812,10.466666221618652,,,,
Alberta,1985-10,"Index, 201612=100",units,28.200000000000003,22.5,26.5,,,,,,,,,,,,,,,,,Persons,unit,52953.0,86878.0,Persons,thousands,"Both sexes, All age groups, Seasonally adjusted",741.2000122070312,622.0,815.433349609375,119.23332977294922,1097.9832763671875,74.19999694824219,Percentage,unit,"Both sexes, All age groups, Seasonally adjusted",62.900001525878906,69.48332977294922,9.333333015441895,,,,
Alberta,1985-11,"Index, 201612=100",units,28.299999999999997,22.5,26.6,,,,,,,,,,,,,,,,,Persons,unit,44630.0,69144.0,Persons,thousands,"Both sexes, All age groups, Seasonally adjusted",739.5833129882812,621.9666748046875,815.5166625976562,117.63333129882812,1100.050048828125,75.94999694824219,Percentage,unit,"Both sexes, All age groups, Seasonally adjusted",62.58333206176758,69.33333587646484,9.483333587646484,,,,
Alberta,1985-01,"Index, 201612=100",units,27.450000000000003,21.5,25.799999999999997,,,,,,,,,,,,,,,,,Persons,unit,78894.0,104934.0,Persons,thousands,"Both sexes, All age groups, Seasonally adjusted",730.316650390625,602.8833618164062,811.25,127.4000015258789,1089.050048828125,80.94999694824219,Percentage,unit,"Both sexes, All age groups, Seasonally adjusted",62.78333282470703,69.8499984741211,9.816666603088379,,,,
Alberta,1985-08,"Index, 201612=100",units,27.65,22.200000000000003,26.1,,,,,,,,,,,,,,,,,Persons,unit,101139.0,213288.0,Persons,thousands,"Both sexes, All age groups, Seasonally adjusted",737.8666381835938,613.0,811.9000244140625,124.8499984741211,1094.316650390625,74.05000305175781,Percentage,unit,"Both sexes, All age groups, Seasonally adjusted",62.88333511352539,69.5,9.433333396911621,,,,
Alberta,1985-06,"Index, 201612=100",units,27.25,21.799999999999997,25.7,,,,,,,,,,,,,,,,,Persons,unit,67068.0,157327.0,Persons,thousands,"Both sexes, All age groups, Seasonally adjusted",732.6666870117188,611.7666625976562,808.0166625976562,120.91666412353516,1093.5167236328125,75.33333587646484,Percentage,unit,"Both sexes, All age groups, Seasonally adjusted",62.516666412353516,69.26667022705078,9.516666412353516,,,,
Nova Scotia,2000-12,"Index, 201612=100",units,65.3,67.3,65.8,Dollars,units,"Median total income,Both sexes,All age groups",1575.0,,,,,,,,,,,,,Persons,unit,6427.0,18570.0,Persons,thousands,"Both sexes, All age groups, Seasonally adjusted",265.0833435058594,219.93333435058594,290.70001220703125,45.13333511352539,453.8833312988281,25.649999618530273,Percentage,unit,"Both sexes, All age groups, Seasonally adjusted",54.63333511352539,60.349998474121094,8.983333587646484,Number,unit,Total of all violations-Actual incidents,6455.92
Nova Scotia,2000-03,"Index, 201612=100",units,63.4,66.4,64.1,Dollars,units,"Median total income,Both sexes,All age groups",1575.0,,,,,,,,,,,,,Persons,unit,21887.0,31987.0,Persons,thousands,"Both sexes, All age groups, Seasonally adjusted",263.79998779296875,214.89999389648438,287.9333190917969,48.88333511352539,452.0,24.149999618530273,Percentage,unit,"Both sexes, All age groups, Seasonally adjusted",54.46666717529297,59.93333435058594,8.600000381469727,Number,unit,Total of all violations-Actual incidents,6455.92
Nova Scotia,2000-04,"Index, 201612=100",units,64.3,67.3,65.0,Dollars,units,"Median total income,Both sexes,All age groups",1575.0,,,,,,,,,,,,,Persons,unit,27105.0,40501.0,Persons,thousands,"Both sexes, All age groups, Seasonally adjusted",264.23333740234375,218.03334045410156,287.7833251953125,46.16666793823242,452.1166687011719,23.566667556762695,Percentage,unit,"Both sexes, All age groups, Seasonally adjusted",54.45000076293945,59.81666564941406,8.766666412353516,Number,unit,Total of all violations-Actual incidents,6455.92
Nova Scotia,2000-10,"Index, 201612=100",units,64.5,67.3,65.1,Dollars,units,"Median total income,Both sexes,All age groups",1575.0,,,,,,,,,,,,,Persons,unit,11747.0,53672.0,Persons,thousands,"Both sexes, All age groups, Seasonally adjusted",261.1666564941406,216.56666564941406,286.98333740234375,44.56666564941406,453.51666259765625,25.83333396911621,Percentage,unit,"Both sexes, All age groups, Seasonally adjusted",53.43333435058594,59.46666717529297,9.866666793823242,Number,unit,Total of all violations-Actual incidents,6455.92
Nova Scotia,2000-09,"Index, 201612=100",units,64.1,67.3,64.8,Dollars,units,"Median total income,Both sexes,All age groups",1575.0,,,,,,,,,,,,,Persons,unit,12030.0,93183.0,Persons,thousands,"Both sexes, All age groups, Seasonally adjusted",261.8500061035156,213.6999969482422,288.26666259765625,48.16666793823242,453.29998779296875,26.41666603088379,Percentage,unit,"Both sexes, All age groups, Seasonally adjusted",53.733333587646484,59.70000076293945,10.183333396911621,Number,unit,Total of all violations-Actual incidents,6455.92
Nova Scotia,2000-08,"Index, 201612=100",units,64.4,67.3,65.1,Dollars,units,"Median total income,Both sexes,All age groups",1575.0,,,,,,,,,,,,,Persons,unit,14183.0,117941.0,Persons,thousands,"Both sexes, All age groups, Seasonally adjusted",261.29998779296875,216.10000610351562,287.54998779296875,45.18333435058594,453.01666259765625,26.266666412353516,Percentage,unit,"Both sexes, All age groups, Seasonally adjusted",53.81666564941406,59.75,9.800000190734863,Number,unit,Total of all violations-Actual incidents,6455.92
Nova Scotia,2000-11,"Index, 201612=100",units,65.3,67.3,65.8,Dollars,units,"Median total income,Both sexes,All age groups",1575.0,,,,,,,,,,,,,Persons,unit,8224.0,20661.0,Persons,thousands,"Both sexes, All age groups, Seasonally adjusted",261.20001220703125,218.0500030517578,287.8166809082031,43.150001525878906,453.70001220703125,26.616666793823242,Percentage,unit,"Both sexes, All age groups, Seasonally adjusted",53.599998474121094,59.68333435058594,10.016666412353516,Number,unit,Total of all violations-Actual incidents,6455.92
Nova Scotia,2000-06,"Index, 201612=100",units,64.3,67.3,65.0,Dollars,units,"Median total income,Both sexes,All age groups",1575.0,,,,,,,,,,,,,Persons,unit,12556.0,79445.0,Persons,thousands,"Both sexes, All age groups, Seasonally adjusted",263.5,218.36666870117188,287.4166564941406,45.150001525878906,452.4666748046875,23.91666603088379,Percentage,unit,"Both sexes, All age groups, Seasonally adjusted",54.11666488647461,59.5,9.216666221618652,Number,unit,Total of all violations-Actual incidents,6455.92
Nova Scotia,2000-05,"Index, 201612=100",units,64.3,67.3,65.0,Dollars,units,"Median total income,Both sexes,All age groups",1575.0,,,,,,,,,,,,,Persons,unit,21385.0,55361.0,Persons,thousands,"Both sexes, All age groups, Seasonally adjusted",262.8833312988281,216.3333282470703,286.98333740234375,46.56666564941406,452.3333435058594,24.08333396911621,Percentage,unit,"Both sexes, All age groups, Seasonally adjusted",54.016666412353516,59.516666412353516,9.199999809265137,Number,unit,Total of all violations-Actual incidents,6455.92
Nova Scotia,2000-02,"Index, 201612=100",units,63.4,66.4,64.1,Dollars,units,"Median total income,Both sexes,All age groups",1575.0,,,,,,,,,,,,,Persons,unit,11467.0,20229.0,Persons,thousands,"Both sexes, All age groups, Seasonally adjusted",262.54998779296875,215.31666564941406,289.26666259765625,47.233333587646484,451.76666259765625,26.71666717529297,Percentage,unit,"Both sexes, All age groups, Seasonally adjusted",54.150001525878906,60.04999923706055,9.533333778381348,Number,unit,Total of all violations-Actual incidents,6455.92
Nova Scotia,2000-01,"Index, 201612=100",units,63.1,66.4,63.9,Dollars,units,"Median total income,Both sexes,All age groups",1575.0,,,,,,,,,,,,,Persons,unit,7995.0,16420.0,Persons,thousands,"Both sexes, All age groups, Seasonally adjusted",263.8333435058594,218.53334045410156,290.1666564941406,45.33333206176758,451.6666564941406,26.33333396911621,Percentage,unit,"Both sexes, All age groups, Seasonally adjusted",54.349998474121094,60.233333587646484,9.5,Number,unit,Total of all violations-Actual incidents,6455.92
Nova Scotia,2000-07,"Index, 201612=100",units,64.4,67.3,65.1,Dollars,units,"Median total income,Both sexes,All age groups",1575.0,,,,,,,,,,,,,Persons,unit,14162.0,109737.0,Persons,thousands,"Both sexes, All age groups, Seasonally adjusted",263.9666748046875,219.78334045410156,288.6666564941406,44.18333435058594,452.76666259765625,24.683332443237305,Percentage,unit,"Both sexes, All age groups, Seasonally adjusted",54.150001525878906,59.78333282470703,9.416666984558105,Number,unit,Total of all violations-Actual incidents,6455.92
Saskatchewan,1981-12,"Index, 201612=100",units,31.299999999999997,23.700000000000003,29.25,,,,,,,,,,,,,,,,,Persons,unit,23096.0,35758.0,Persons,thousands,"Both sexes, All age groups, Seasonally adjusted",267.8999938964844,217.3000030517578,280.26666259765625,50.599998474121094,427.79998779296875,12.383333206176758,Percentage,unit,"Both sexes, All age groups, Seasonally adjusted",60.266666412353516,63.20000076293945,4.416666507720947,,,,
Saskatchewan,1981-09,"Index, 201612=100",units,31.25,23.200000000000003,29.049999999999997,,,,,,,,,,,,,,,,,Persons,unit,33141.0,55778.0,Persons,thousands,"Both sexes, All age groups, Seasonally adjusted",267.98333740234375,217.8000030517578,280.45001220703125,50.18333435058594,426.4166564941406,12.449999809265137,Percentage,unit,"Both sexes, All age groups, Seasonally adjusted",60.45000076293945,63.43333435058594,4.550000190734863,,,,
Saskatchewan,1981-08,"Index, 201612=100",units,31.25,23.200000000000003,29.049999999999997,,,,,,,,,,,,,,,,,Persons,unit,49341.0,81534.0,Persons,thousands,"Both sexes, All age groups, Seasonally adjusted",267.9166564941406,221.1666717529297,278.6499938964844,46.766666412353516,425.7166748046875,10.733333587646484,Percentage,unit,"Both sexes, All age groups, Seasonally adjusted",60.5,63.150001525878906,4.066666603088379,,,,
Saskatchewan,1981-06,"Index, 201612=100",units,30.55,22.700000000000003,28.45,,,,,,,,,,,,,,,,,Persons,unit,33921.0,67658.0,Persons,thousands,"Both sexes, All age groups, Seasonally adjusted",265.23333740234375,218.18333435058594,276.29998779296875,47.04999923706055,424.6666564941406,11.050000190734863,Percentage,unit,"Both sexes, All age groups, Seasonally adjusted",60.11666488647461,62.86666488647461,4.150000095367432,,,,
Saskatchewan,1981-04,"Index, 201612=100",units,29.849999999999998,22.700000000000003,27.950000000000003,,,,,,,,,,,,,,,,,Persons,unit,35111.0,51048.0,Persons,thousands,"Both sexes, All age groups, Seasonally adjusted",266.8500061035156,218.6999969482422,277.8666687011719,48.20000076293945,423.5333251953125,11.016666412353516,Percentage,unit,"Both sexes, All age groups, Seasonally adjusted",60.68333435058594,63.38333511352539,4.0333333015441895,,,,
Saskatchewan,1981-10,"Index, 201612=100",units,31.299999999999997,23.200000000000003,29.049999999999997,,,,,,,,,,,,,,,,,Persons,unit,31642.0,49911.0,Persons,thousands,"Both sexes, All age groups, Seasonally adjusted",264.1499938964844,213.25,275.8833312988281,50.93333435058594,426.8999938964844,11.716666221618652,Percentage,unit,"Both sexes, All age groups, Seasonally adjusted",59.43333435058594,62.266666412353516,4.333333492279053,,,,
Saskatchewan,1981-05,"Index, 201612=100",units,30.400000000000002,22.700000000000003,28.349999999999998,,,,,,,,,,,,,,,,,Persons,unit,35015.0,57997.0,Persons,thousands,"Both sexes, All age groups, Seasonally adjusted",267.01666259765625,219.73333740234375,278.04998779296875,47.266666412353516,424.0666809082031,11.033333778381348,Percentage,unit,"Both sexes, All age groups, Seasonally adjusted",60.63333511352539,63.28333282470703,4.016666889190674,,,,
Saskatchewan,1981-01,"Index, 201612=100",units,28.25,21.35,26.4,,,,,,,,,,,,,,,,,Persons,unit,24076.0,36479.0,Persons,thousands,"Both sexes, All age groups, Seasonally adjusted",263.6666564941406,217.75,275.76666259765625,45.91666793823242,422.25,12.100000381469727,Percentage,unit,"Both sexes, All age groups, Seasonally adjusted",60.266666412353516,63.233333587646484,4.416666507720947,,,,
Saskatchewan,1981-07,"Index, 201612=100",units,31.150000000000002,22.8,28.9,,,,,,,,,,,,,,,,,Persons,unit,55703.0,94846.0,Persons,thousands,"Both sexes, All age groups, Seasonally adjusted",266.6166687011719,217.75,276.1666564941406,48.849998474121094,425.1166687011719,9.566666603088379,Percentage,unit,"Both sexes, All age groups, Seasonally adjusted",60.400001525878906,62.75,3.616666555404663,,,,
Saskatchewan,1981-11,"Index, 201612=100",units,31.299999999999997,23.700000000000003,29.2,,,,,,,,,,,,,,,,,Persons,unit,25930.0,39107.0,Persons,thousands,"Both sexes, All age groups, Seasonally adjusted",267.3666687011719,216.75,280.3333435058594,50.61666488647461,427.3166809082031,12.966666221618652,Percentage,unit,"Both sexes, All age groups, Seasonally adjusted",60.150001525878906,63.31666564941406,4.7166666984558105,,,,
Saskatchewan,1981-03,"Index, 201612=100",units,28.95,21.75,27.0,,,,,,,,,,,,,,,,,Persons,unit,30929.0,46072.0,Persons,thousands,"Both sexes, All age groups, Seasonally adjusted",264.98333740234375,219.21665954589844,276.95001220703125,45.78333282470703,423.1333312988281,12.0,Percentage,unit,"Both sexes, All age groups, Seasonally adjusted",60.43333435058594,63.33333206176758,4.316666603088379,,,,
Saskatchewan,1981-02,"Index, 201612=100",units,28.5,21.55,26.6,,,,,,,,,,,,,,,,,Persons,unit,22392.0,34409.0,Persons,thousands,"Both sexes, All age groups, Seasonally adjusted",263.1166687011719,217.31666564941406,276.7166748046875,45.79999923706055,422.6166687011719,13.583333015441895,Percentage,unit,"Both sexes, All age groups, Seasonally adjusted",60.08333206176758,63.33333206176758,4.900000095367432,,,,
