province,REF_DATE,uom_houseindex,scalar_houseindex,avg_house_only,avg_land_only,avg_totalhouseland,uom_income,scalar_income,statistic_income,avg_income,uom_expenditure,scalar_expenditure,statistic_expenditure,avg_food_expenditures,avg_income_taxes,avg_mortageinsurance,avg_mortagePaid,avg_accomodation,avg_rent,avg_shelter,avg_total_expenditure,avg_taxes_landregfees,uom_tourist,scalar_tourist,avg_international_tourism,avg_domestic_tourism,uom_labourforce,scalar_labourforce,statistic_labourforce,avg_employment,avg_fulltime,avg_labourforce,avg_parttime,avg_population,avg_unemployment,uom_lfperc,scalar_lfperc,statistic_labourforceperc,avg_employment_rate,avg_participationrate,avg_unemploymentrate,uom_crime,scalar_crime,statistic_crime,avg_crime_incidents
Atlantic Region,2011-01,"Index, 201612=100",units,96.2,95.1,96.0,,,,,Dollars,unit,Average expenditure per household,623.67,870.42,8.0,287.5,890.58,160.08,970.08,5421.33,4.92,,,,,,,,,,,,,,,,,,,,,,,
Atlantic Region,2011-05,"Index, 201612=100",units,96.2,95.2,96.0,,,,,Dollars,unit,Average expenditure per household,623.67,870.42,8.0,287.5,890.58,160.08,970.08,5421.33,4.92,,,,,,,,,,,,,,,,,,,,,,,
Atlantic Region,2011-03,"Index, 201612=100",units,96.4,95.2,96.1,,,,,Dollars,unit,Average expenditure per household,623.67,870.42,8.0,287.5,890.58,160.08,970.08,5421.33,4.92,,,,,,,,,,,,,,,,,,,,,,,
Atlantic Region,2011-04,"Index, 201612=100",units,96.3,95.2,96.1,,,,,Dollars,unit,Average expenditure per household,623.67,870.42,8.0,287.5,890.58,160.08,970.08,5421.33,4.92,,,,,,,,,,,,,,,,,,,,,,,
Atlantic Region,2011-10,"Index, 201612=100",units,96.6,95.6,96.4,,,,,Dollars,unit,Average expenditure per household,623.67,870.42,8.0,287.5,890.58,160.08,970.08,5421.33,4.92,,,,,,,,,,,,,,,,,,,,,,,
Atlantic Region,2011-12,"Index, 201612=100",units,96.6,95.6,96.4,,,,,Dollars,unit,Average expenditure per household,623.67,870.42,8.0,287.5,890.58,160.08,970.08,5421.33,4.92,,,,,,,,,,,,,,,,,,,,,,,
Atlantic Region,2011-02,"Index, 201612=100",units,96.3,95.2,96.1,,,,,Dollars,unit,Average expenditure per household,623.67,870.42,8.0,287.5,890.58,160.08,970.08,5421.33,4.92,,,,,,,,,,,,,,,,,,,,,,,
Atlantic Region,2011-06,"Index, 201612=100",units,96.3,95.2,96.0,,,,,Dollars,unit,Average expenditure per household,623.67,870.42,8.0,287.5,890.58,160.08,970.08,5421.33,4.92,,,,,,,,,,,,,,,,,,,,,,,
Atlantic Region,2011-11,"Index, 201612=100",units,96.6,95.6,96.4,,,,,Dollars,unit,Average expenditure per household,623.67,870.42,8.0,287.5,890.58,160.08,970.08,5421.33,4.92,,,,,,,,,,,,,,,,,,,,,,,
Atlantic Region,2011-07,"Index, 201612=100",units,96.4,95.3,96.2,,,,,Dollars,unit,Average expenditure per household,623.67,870.42,8.0,287.5,890.58,160.08,970.08,5421.33,4.92,,,,,,,,,,,,,,,,,,,,,,,
Atlantic Region,2011-08,"Index, 201612=100",units,96.4,95.6,96.2,,,,,Dollars,unit,Average expenditure per household,623.67,870.42,8.0,287.5,890.58,160.08,970.08,5421.33,4.92,,,,,,,,,,,,,,,,,,,,,,,
Atlantic Region,2011-09,"Index, 201612=100",units,96.6,95.6,96.4,,,,,Dollars,unit,Average expenditure per household,623.67,870.42,8.0,287.5,890.58,160.08,970.08,5421.33,4.92,,,,,,,,,,,,,,,,,,,,,,,
New Brunswick,2014-03,"Index, 201612=100",units,98.1,100.0,98.3,Dollars,units,"Median total income,Both sexes,All age groups",2468.33,Dollars,unit,Average expenditure per household,640.25,891.92,10.67,279.17,916.75,173.58,1025.92,5720.83,2.08,Persons,unit,279930.0,334686.0,Persons,thousands,"Both sexes, All age groups, Seasonally adjusted",228.63333129882812,193.1999969482422,252.4166717529297,35.46666717529297,378.6833190917969,23.75,Percentage,unit,"Both sexes, All age groups, Seasonally adjusted",58.79999923706055,65.5,10.266666412353516,Number,unit,Total of all violations-Actual incidents,3190.0
New Brunswick,2014-09,"Index, 201612=100",units,97.7,100.0,98.1,Dollars,units,"Median total income,Both sexes,All age groups",2468.33,Dollars,unit,Average expenditure per household,640.25,891.92,10.67,279.17,916.75,173.58,1025.92,5720.83,2.08,Persons,unit,282646.0,424261.0,Persons,thousands,"Both sexes, All age groups, Seasonally adjusted",225.88333129882812,193.75,250.31666564941406,32.11666488647461,378.1000061035156,24.46666717529297,Percentage,unit,"Both sexes, All age groups, Seasonally adjusted",57.650001525878906,64.83333587646484,11.066666603088379,Number,unit,Total of all violations-Actual incidents,3190.0
New Brunswick,2014-10,"Index, 201612=100",units,97.7,100.0,98.1,Dollars,units,"Median total income,Both sexes,All age groups",2468.33,Dollars,unit,Average expenditure per household,640.25,891.92,10.67,279.17,916.75,173.58,1025.92,5720.83,2.08,Persons,unit,284952.0,407770.0,Persons,thousands,"Both sexes, All age groups, Seasonally adjusted",224.5833282470703,191.78334045410156,249.14999389648438,32.766666412353516,378.0833435058594,24.566667556762695,Percentage,unit,"Both sexes, All age groups, Seasonally adjusted",57.516666412353516,64.5,10.949999809265137,Number,unit,Total of all violations-Actual incidents,3190.0
New Brunswick,2014-04,"Index, 201612=100",units,98.3,100.0,98.5,Dollars,units,"Median total income,Both sexes,All age groups",2468.33,Dollars,unit,Average expenditure per household,640.25,891.92,10.67,279.17,916.75,173.58,1025.92,5720.83,2.08,Persons,unit,293861.0,354234.0,Persons,thousands,"Both sexes, All age groups, Seasonally adjusted",225.39999389648438,191.51666259765625,251.5,33.86666488647461,378.45001220703125,26.116666793823242,Percentage,unit,"Both sexes, All age groups, Seasonally adjusted",57.58333206176758,65.0999984741211,11.683333396911621,Number,unit,Total of all violations-Actual incidents,3190.0
New Brunswick,2014-11,"Index, 201612=100",units,97.7,100.0,98.0,Dollars,units,"Median total income,Both sexes,All age groups",2468.33,Dollars,unit,Average expenditure per household,640.25,891.92,10.67,279.17,916.75,173.58,1025.92,5720.83,2.08,Persons,unit,262943.0,320515.0,Persons,thousands,"Both sexes, All age groups, Seasonally adjusted",224.31666564941406,190.8333282470703,249.35000610351562,33.483333587646484,378.04998779296875,25.03333282470703,Percentage,unit,"Both sexes, All age groups, Seasonally adjusted",57.483333587646484,64.5999984741211,11.266666412353516,Number,unit,Total of all violations-Actual incidents,3190.0
New Brunswick,2014-01,"Index, 201612=100",units,98.2,100.0,98.4,Dollars,units,"Median total income,Both sexes,All age groups",2468.33,Dollars,unit,Average expenditure per household,640.25,891.92,10.67,279.17,916.75,173.58,1025.92,5720.83,2.08,Persons,unit,233559.0,287548.0,Persons,thousands,"Both sexes, All age groups, Seasonally adjusted",226.3333282470703,195.1666717529297,251.31666564941406,31.133333206176758,378.9666748046875,24.983333587646484,Percentage,unit,"Both sexes, All age groups, Seasonally adjusted",57.86666488647461,64.83333587646484,10.800000190734863,Number,unit,Total of all violations-Actual incidents,3190.0
New Brunswick,2014-02,"Index, 201612=100",units,98.1,100.0,98.3,Dollars,units,"Median total income,Both sexes,All age groups",2468.33,Dollars,unit,Average expenditure per household,640.25,891.92,10.67,279.17,916.75,173.58,1025.92,5720.83,2.08,Persons,unit,218679.0,270624.0,Persons,thousands,"Both sexes, All age groups, Seasonally adjusted",227.4166717529297,194.03334045410156,251.5,33.38333511352539,378.8500061035156,24.066667556762695,Percentage,unit,"Both sexes, All age groups, Seasonally adjusted",58.43333435058594,65.0999984741211,10.383333206176758,Number,unit,Total of all violations-Actual incidents,3190.0
New Brunswick,2014-12,"Index, 201612=100",units,97.7,100.0,98.0,Dollars,units,"Median total income,Both sexes,All age groups",2468.33,Dollars,unit,Average expenditure per household,640.25,891.92,10.67,279.17,916.75,173.58,1025.92,5720.83,2.08,Persons,unit,248511.0,310477.0,Persons,thousands,"Both sexes, All age groups, Seasonally adjusted",223.89999389648438,190.93333435058594,248.5833282470703,32.95000076293945,378.1000061035156,24.700000762939453,Percentage,unit,"Both sexes, All age groups, Seasonally adjusted",57.36666488647461,64.38333129882812,11.100000381469727,Number,unit,Total of all violations-Actual incidents,3190.0
New Brunswick,2014-05,"Index, 201612=100",units,98.3,100.0,98.5,Dollars,units,"Median total income,Both sexes,All age groups",2468.33,Dollars,unit,Average expenditure per household,640.25,891.92,10.67,279.17,916.75,173.58,1025.92,5720.83,2.08,Persons,unit,311434.0,385909.0,Persons,thousands,"Both sexes, All age groups, Seasonally adjusted",225.10000610351562,192.01666259765625,249.75,33.06666564941406,378.29998779296875,24.633333206176758,Percentage,unit,"Both sexes, All age groups, Seasonally adjusted",57.56666564941406,64.71666717529297,11.083333015441895,Number,unit,Total of all violations-Actual incidents,3190.0
New Brunswick,2014-08,"Index, 201612=100",units,97.7,100.0,98.1,Dollars,units,"Median total income,Both sexes,All age groups",2468.33,Dollars,unit,Average expenditure per household,640.25,891.92,10.67,279.17,916.75,173.58,1025.92,5720.83,2.08,Persons,unit,366570.0,519212.0,Persons,thousands,"Both sexes, All age groups, Seasonally adjusted",226.4499969482422,193.3000030517578,248.6666717529297,33.13333511352539,378.04998779296875,22.21666717529297,Percentage,unit,"Both sexes, All age groups, Seasonally adjusted",57.849998474121094,64.30000305175781,10.083333015441895,Number,unit,Total of all violations-Actual incidents,3190.0
New Brunswick,2014-06,"Index, 201612=100",units,98.2,100.0,98.5,Dollars,units,"Median total income,Both sexes,All age groups",2468.33,Dollars,unit,Average expenditure per household,640.25,891.92,10.67,279.17,916.75,173.58,1025.92,5720.83,2.08,Persons,unit,297919.0,397603.0,Persons,thousands,"Both sexes, All age groups, Seasonally adjusted",226.86666870117188,192.18333435058594,248.78334045410156,34.71666717529297,378.20001220703125,21.899999618530273,Percentage,unit,"Both sexes, All age groups, Seasonally adjusted",58.266666412353516,64.31666564941406,9.516666412353516,Number,unit,Total of all violations-Actual incidents,3190.0
New Brunswick,2014-07,"Index, 201612=100",units,98.1,100.0,98.3,Dollars,units,"Median total income,Both sexes,All age groups",2468.33,Dollars,unit,Average expenditure per household,640.25,891.92,10.67,279.17,916.75,173.58,1025.92,5720.83,2.08,Persons,unit,335318.0,465765.0,Persons,thousands,"Both sexes, All age groups, Seasonally adjusted",225.13333129882812,190.10000610351562,248.89999389648438,35.016666412353516,378.1000061035156,23.766666412353516,Percentage,unit,"Both sexes, All age groups, Seasonally adjusted",57.68333435058594,64.41666412353516,10.483333587646484,Number,unit,Total of all violations-Actual incidents,3190.0
