province,REF_DATE,uom_houseindex,scalar_houseindex,avg_house_only,avg_land_only,avg_totalhouseland,uom_income,scalar_income,statistic_income,avg_income,uom_expenditure,scalar_expenditure,statistic_expenditure,avg_food_expenditures,avg_income_taxes,avg_mortageinsurance,avg_mortagePaid,avg_accomodation,avg_rent,avg_shelter,avg_total_expenditure,avg_taxes_landregfees,uom_tourist,scalar_tourist,avg_international_tourism,avg_domestic_tourism,uom_labourforce,scalar_labourforce,statistic_labourforce,avg_employment,avg_fulltime,avg_labourforce,avg_parttime,avg_population,avg_unemployment,uom_lfperc,scalar_lfperc,statistic_labourforceperc,avg_employment_rate,avg_participationrate,avg_unemploymentrate,uom_crime,scalar_crime,statistic_crime,avg_crime_incidents
Atlantic Region,1998-12,"Index, 201612=100",units,62.3,57.3,61.1,,,,,,,,,,,,,,,,,,,,,,,,,,,,,,,,,,,,,,,
Atlantic Region,1998-09,"Index, 201612=100",units,62.2,57.2,61.1,,,,,,,,,,,,,,,,,,,,,,,,,,,,,,,,,,,,,,,
Atlantic Region,1998-01,"Index, 201612=100",units,61.9,56.8,60.8,,,,,,,,,,,,,,,,,,,,,,,,,,,,,,,,,,,,,,,
Atlantic Region,1998-07,"Index, 201612=100",units,62.0,56.9,60.8,,,,,,,,,,,,,,,,,,,,,,,,,,,,,,,,,,,,,,,
Atlantic Region,1998-05,"Index, 201612=100",units,62.6,56.8,61.3,,,,,,,,,,,,,,,,,,,,,,,,,,,,,,,,,,,,,,,
Atlantic Region,1998-02,"Index, 201612=100",units,61.9,56.8,60.8,,,,,,,,,,,,,,,,,,,,,,,,,,,,,,,,,,,,,,,
Atlantic Region,1998-03,"Index, 201612=100",units,61.9,56.8,60.8,,,,,,,,,,,,,,,,,,,,,,,,,,,,,,,,,,,,,,,
Atlantic Region,1998-10,"Index, 201612=100",units,62.3,57.2,61.1,,,,,,,,,,,,,,,,,,,,,,,,,,,,,,,,,,,,,,,
Atlantic Region,1998-11,"Index, 201612=100",units,62.3,57.3,61.1,,,,,,,,,,,,,,,,,,,,,,,,,,,,,,,,,,,,,,,
Atlantic Region,1998-04,"Index, 201612=100",units,62.4,56.8,61.2,,,,,,,,,,,,,,,,,,,,,,,,,,,,,,,,,,,,,,,
Atlantic Region,1998-06,"Index, 201612=100",units,62.5,56.9,61.3,,,,,,,,,,,,,,,,,,,,,,,,,,,,,,,,,,,,,,,
Atlantic Region,1998-08,"Index, 201612=100",units,62.1,57.2,61.0,,,,,,,,,,,,,,,,,,,,,,,,,,,,,,,,,,,,,,,
New Brunswick,1997-02,"Index, 201612=100",units,82.7,81.1,81.9,,,,,,,,,,,,,,,,,Persons,unit,343232.0,476488.0,Persons,thousands,"Both sexes, All age groups, Seasonally adjusted",195.39999389648438,162.4166717529297,222.76666259765625,33.0,362.04998779296875,27.383333206176758,Percentage,unit,"Both sexes, All age groups, Seasonally adjusted",49.46666717529297,56.91666793823242,13.133333206176758,,,,
New Brunswick,1997-06,"Index, 201612=100",units,80.0,77.7,79.1,,,,,,,,,,,,,,,,,Persons,unit,531407.0,754180.0,Persons,thousands,"Both sexes, All age groups, Seasonally adjusted",199.43333435058594,168.86666870117188,227.5500030517578,30.566667556762695,362.6499938964844,28.116666793823242,Percentage,unit,"Both sexes, All age groups, Seasonally adjusted",50.5,58.31666564941406,13.133333206176758,,,,
New Brunswick,1997-05,"Index, 201612=100",units,80.1,77.7,79.2,,,,,,,,,,,,,,,,,Persons,unit,519216.0,698735.0,Persons,thousands,"Both sexes, All age groups, Seasonally adjusted",196.43333435058594,164.0833282470703,224.6999969482422,32.36666488647461,362.48333740234375,28.25,Percentage,unit,"Both sexes, All age groups, Seasonally adjusted",49.733333587646484,57.349998474121094,13.166666984558105,,,,
New Brunswick,1997-11,"Index, 201612=100",units,79.5,77.3,78.7,,,,,,,,,,,,,,,,,Persons,unit,425515.0,575206.0,Persons,thousands,"Both sexes, All age groups, Seasonally adjusted",199.48333740234375,170.5833282470703,227.3000030517578,28.933332443237305,363.29998779296875,27.799999237060547,Percentage,unit,"Both sexes, All age groups, Seasonally adjusted",50.233333587646484,57.766666412353516,12.583333015441895,,,,
New Brunswick,1997-12,"Index, 201612=100",units,79.6,77.3,78.7,,,,,,,,,,,,,,,,,Persons,unit,417440.0,567720.0,Persons,thousands,"Both sexes, All age groups, Seasonally adjusted",200.38333129882812,171.61666870117188,227.48333740234375,28.78333282470703,363.3666687011719,27.133333206176758,Percentage,unit,"Both sexes, All age groups, Seasonally adjusted",50.400001525878906,57.63333511352539,12.25,,,,
New Brunswick,1997-01,"Index, 201612=100",units,83.3,81.1,82.3,,,,,,,,,,,,,,,,,Persons,unit,369328.0,502936.0,Persons,thousands,"Both sexes, All age groups, Seasonally adjusted",195.5500030517578,160.0833282470703,222.9166717529297,35.516666412353516,361.8999938964844,27.366666793823242,Percentage,unit,"Both sexes, All age groups, Seasonally adjusted",49.63333511352539,57.03333282470703,12.899999618530273,,,,
New Brunswick,1997-07,"Index, 201612=100",units,79.8,77.7,78.9,,,,,,,,,,,,,,,,,Persons,unit,601841.0,901134.0,Persons,thousands,"Both sexes, All age groups, Seasonally adjusted",200.6999969482422,168.23333740234375,228.5500030517578,32.46666717529297,362.7833251953125,27.850000381469727,Percentage,unit,"Both sexes, All age groups, Seasonally adjusted",50.599998474121094,58.21666717529297,12.683333396911621,,,,
New Brunswick,1997-10,"Index, 201612=100",units,79.5,77.3,78.7,,,,,,,,,,,,,,,,,Persons,unit,486240.0,677605.0,Persons,thousands,"Both sexes, All age groups, Seasonally adjusted",199.4499969482422,169.60000610351562,227.18333435058594,29.850000381469727,363.1499938964844,27.75,Percentage,unit,"Both sexes, All age groups, Seasonally adjusted",50.13333511352539,57.53333282470703,12.433333396911621,,,,
New Brunswick,1997-08,"Index, 201612=100",units,79.5,77.3,78.6,,,,,,,,,,,,,,,,,Persons,unit,620988.0,915014.0,Persons,thousands,"Both sexes, All age groups, Seasonally adjusted",199.8333282470703,167.78334045410156,227.4166717529297,32.03333282470703,362.79998779296875,27.600000381469727,Percentage,unit,"Both sexes, All age groups, Seasonally adjusted",50.349998474121094,57.91666793823242,13.0,,,,
New Brunswick,1997-04,"Index, 201612=100",units,80.5,78.8,79.7,,,,,,,,,,,,,,,,,Persons,unit,467919.0,621092.0,Persons,thousands,"Both sexes, All age groups, Seasonally adjusted",196.5500030517578,162.73333740234375,224.21665954589844,33.849998474121094,362.3666687011719,27.66666603088379,Percentage,unit,"Both sexes, All age groups, Seasonally adjusted",49.70000076293945,57.29999923706055,12.966666221618652,,,,
New Brunswick,1997-09,"Index, 201612=100",units,79.4,77.3,78.6,,,,,,,,,,,,,,,,,Persons,unit,475713.0,679852.0,Persons,thousands,"Both sexes, All age groups, Seasonally adjusted",200.3333282470703,170.46665954589844,226.9166717529297,29.850000381469727,362.8999938964844,26.600000381469727,Percentage,unit,"Both sexes, All age groups, Seasonally adjusted",50.41666793823242,57.70000076293945,12.516666412353516,,,,
New Brunswick,1997-03,"Index, 201612=100",units,82.9,81.1,82.1,,,,,,,,,,,,,,,,,Persons,unit,430876.0,574204.0,Persons,thousands,"Both sexes, All age groups, Seasonally adjusted",195.6666717529297,162.13333129882812,224.1999969482422,33.53333282470703,362.2166748046875,28.53333282470703,Percentage,unit,"Both sexes, All age groups, Seasonally adjusted",49.483333587646484,57.29999923706055,13.350000381469727,,,,
Saskatchewan,1997-02,"Index, 201612=100",units,39.1,35.93333333333333,38.166666666666664,,,,,,,,,,,,,,,,,Persons,unit,39010.0,57546.0,Persons,thousands,"Both sexes, All age groups, Seasonally adjusted",288.5833435058594,232.26666259765625,307.2166748046875,56.33333206176758,451.3833312988281,18.600000381469727,Percentage,unit,"Both sexes, All age groups, Seasonally adjusted",59.983333587646484,64.25,6.483333110809326,,,,
Saskatchewan,1997-11,"Index, 201612=100",units,40.46666666666667,36.06666666666666,39.233333333333334,,,,,,,,,,,,,,,,,Persons,unit,34528.0,56659.0,Persons,thousands,"Both sexes, All age groups, Seasonally adjusted",297.25,239.86666870117188,315.79998779296875,57.33333206176758,452.0,18.549999237060547,Percentage,unit,"Both sexes, All age groups, Seasonally adjusted",62.18333435058594,66.44999694824219,6.166666507720947,,,,
Saskatchewan,1997-10,"Index, 201612=100",units,40.26666666666667,36.06666666666666,39.06666666666667,,,,,,,,,,,,,,,,,Persons,unit,33272.0,59827.0,Persons,thousands,"Both sexes, All age groups, Seasonally adjusted",294.79998779296875,237.10000610351562,313.20001220703125,57.66666793823242,451.8166809082031,18.41666603088379,Percentage,unit,"Both sexes, All age groups, Seasonally adjusted",61.75,65.94999694824219,6.183333396911621,,,,
Saskatchewan,1997-04,"Index, 201612=100",units,39.36666666666667,35.93333333333333,38.4,,,,,,,,,,,,,,,,,Persons,unit,38948.0,59874.0,Persons,thousands,"Both sexes, All age groups, Seasonally adjusted",291.8500061035156,233.1666717529297,310.1499938964844,58.66666793823242,451.3500061035156,18.316667556762695,Percentage,unit,"Both sexes, All age groups, Seasonally adjusted",60.96666717529297,65.0999984741211,6.150000095367432,,,,
Saskatchewan,1997-01,"Index, 201612=100",units,39.06666666666667,35.93333333333333,38.166666666666664,,,,,,,,,,,,,,,,,Persons,unit,32332.0,48226.0,Persons,thousands,"Both sexes, All age groups, Seasonally adjusted",288.4666748046875,231.23333740234375,306.3500061035156,57.233333587646484,451.25,17.866666793823242,Percentage,unit,"Both sexes, All age groups, Seasonally adjusted",59.983333587646484,64.08333587646484,6.150000095367432,,,,
Saskatchewan,1997-03,"Index, 201612=100",units,39.3,35.93333333333333,38.333333333333336,,,,,,,,,,,,,,,,,Persons,unit,40773.0,60066.0,Persons,thousands,"Both sexes, All age groups, Seasonally adjusted",288.8166809082031,232.5,307.3333435058594,56.29999923706055,451.3166809082031,18.53333282470703,Percentage,unit,"Both sexes, All age groups, Seasonally adjusted",60.25,64.33333587646484,6.133333206176758,,,,
Saskatchewan,1997-08,"Index, 201612=100",units,40.199999999999996,36.06666666666666,39.06666666666667,,,,,,,,,,,,,,,,,Persons,unit,54052.0,91005.0,Persons,thousands,"Both sexes, All age groups, Seasonally adjusted",295.1000061035156,236.13333129882812,312.1000061035156,58.93333435058594,451.5833435058594,17.0,Percentage,unit,"Both sexes, All age groups, Seasonally adjusted",61.70000076293945,65.56666564941406,5.7166666984558105,,,,
Saskatchewan,1997-06,"Index, 201612=100",units,40.166666666666664,36.03333333333333,39.0,,,,,,,,,,,,,,,,,Persons,unit,36795.0,74659.0,Persons,thousands,"Both sexes, All age groups, Seasonally adjusted",294.20001220703125,235.0,312.7166748046875,59.16666793823242,451.5333251953125,18.53333282470703,Percentage,unit,"Both sexes, All age groups, Seasonally adjusted",61.66666793823242,65.80000305175781,6.183333396911621,,,,
Saskatchewan,1997-07,"Index, 201612=100",units,40.199999999999996,36.03333333333333,39.06666666666667,,,,,,,,,,,,,,,,,Persons,unit,54827.0,97544.0,Persons,thousands,"Both sexes, All age groups, Seasonally adjusted",295.1833190917969,236.06666564941406,312.70001220703125,59.11666488647461,451.51666259765625,17.516666412353516,Percentage,unit,"Both sexes, All age groups, Seasonally adjusted",61.91666793823242,65.86666870117188,5.833333492279053,,,,
Saskatchewan,1997-09,"Index, 201612=100",units,40.199999999999996,36.06666666666666,39.06666666666667,,,,,,,,,,,,,,,,,Persons,unit,33824.0,60791.0,Persons,thousands,"Both sexes, All age groups, Seasonally adjusted",293.3333435058594,236.0,311.2166748046875,57.349998474121094,451.5833435058594,17.866666793823242,Percentage,unit,"Both sexes, All age groups, Seasonally adjusted",61.38333511352539,65.46666717529297,6.166666507720947,,,,
Saskatchewan,1997-05,"Index, 201612=100",units,39.833333333333336,35.93333333333333,38.766666666666666,,,,,,,,,,,,,,,,,Persons,unit,35048.0,65027.0,Persons,thousands,"Both sexes, All age groups, Seasonally adjusted",293.2833251953125,231.63333129882812,311.2166748046875,61.68333435058594,451.45001220703125,17.950000762939453,Percentage,unit,"Both sexes, All age groups, Seasonally adjusted",61.400001525878906,65.33333587646484,5.833333492279053,,,,
Saskatchewan,1997-12,"Index, 201612=100",units,40.53333333333333,36.166666666666664,39.333333333333336,,,,,,,,,,,,,,,,,Persons,unit,31740.0,52918.0,Persons,thousands,"Both sexes, All age groups, Seasonally adjusted",297.9666748046875,240.9499969482422,313.48333740234375,57.03333282470703,452.1499938964844,15.483333587646484,Percentage,unit,"Both sexes, All age groups, Seasonally adjusted",62.33333206176758,66.01667022705078,5.383333206176758,,,,
