province,REF_DATE,uom_houseindex,scalar_houseindex,avg_house_only,avg_land_only,avg_totalhouseland,uom_income,scalar_income,statistic_income,avg_income,uom_expenditure,scalar_expenditure,statistic_expenditure,avg_food_expenditures,avg_income_taxes,avg_mortageinsurance,avg_mortagePaid,avg_accomodation,avg_rent,avg_shelter,avg_total_expenditure,avg_taxes_landregfees,uom_tourist,scalar_tourist,avg_international_tourism,avg_domestic_tourism,uom_labourforce,scalar_labourforce,statistic_labourforce,avg_employment,avg_fulltime,avg_labourforce,avg_parttime,avg_population,avg_unemployment,uom_lfperc,scalar_lfperc,statistic_labourforceperc,avg_employment_rate,avg_participationrate,avg_unemploymentrate,uom_crime,scalar_crime,statistic_crime,avg_crime_incidents
Manitoba,2007-06,"Index, 201612=100",units,71.9,63.5,69.5,Dollars,units,"Median total income,Both sexes,All age groups",2222.5,,,,,,,,,,,,,Persons,unit,95702.0,187942.0,Persons,thousands,"Both sexes, All age groups, Seasonally adjusted",374.75,307.6166687011719,392.3833312988281,67.13333129882812,547.9000244140625,17.616666793823242,Percentage,unit,"Both sexes, All age groups, Seasonally adjusted",65.61666870117188,69.08333587646484,4.983333110809326,Number,unit,Total of all violations-Actual incidents,11595.42
Manitoba,2007-09,"Index, 201612=100",units,74.1,72.0,73.5,Dollars,units,"Median total income,Both sexes,All age groups",2222.5,,,,,,,,,,,,,Persons,unit,125343.0,192275.0,Persons,thousands,"Both sexes, All age groups, Seasonally adjusted",376.4166564941406,311.6666564941406,391.8833312988281,64.75,549.2833251953125,15.466666221618652,Percentage,unit,"Both sexes, All age groups, Seasonally adjusted",65.68333435058594,68.78333282470703,4.449999809265137,Number,unit,Total of all violations-Actual incidents,11595.42
Manitoba,2007-04,"Index, 201612=100",units,70.8,52.3,65.5,Dollars,units,"Median total income,Both sexes,All age groups",2222.5,,,,,,,,,,,,,Persons,unit,111964.0,165336.0,Persons,thousands,"Both sexes, All age groups, Seasonally adjusted",373.6499938964844,302.8333435058594,391.3333435058594,70.83333587646484,547.0166625976562,17.700000762939453,Percentage,unit,"Both sexes, All age groups, Seasonally adjusted",65.5,69.03333282470703,5.016666889190674,Number,unit,Total of all violations-Actual incidents,11595.42
Manitoba,2007-02,"Index, 201612=100",units,70.0,52.3,65.0,Dollars,units,"Median total income,Both sexes,All age groups",2222.5,,,,,,,,,,,,,Persons,unit,89492.0,134995.0,Persons,thousands,"Both sexes, All age groups, Seasonally adjusted",372.5,304.79998779296875,388.8666687011719,67.69999694824219,546.066650390625,16.383333206176758,Percentage,unit,"Both sexes, All age groups, Seasonally adjusted",65.31666564941406,68.46666717529297,4.633333206176758,Number,unit,Total of all violations-Actual incidents,11595.42
Manitoba,2007-11,"Index, 201612=100",units,74.6,72.2,73.8,Dollars,units,"Median total income,Both sexes,All age groups",2222.5,,,,,,,,,,,,,Persons,unit,142742.0,198686.0,Persons,thousands,"Both sexes, All age groups, Seasonally adjusted",378.8500061035156,311.29998779296875,395.7166748046875,67.55000305175781,550.1333618164062,16.850000381469727,Percentage,unit,"Both sexes, All age groups, Seasonally adjusted",66.13333129882812,69.53333282470703,4.883333206176758,Number,unit,Total of all violations-Actual incidents,11595.42
Manitoba,2007-08,"Index, 201612=100",units,73.3,72.0,72.8,Dollars,units,"Median total income,Both sexes,All age groups",2222.5,,,,,,,,,,,,,Persons,unit,178493.0,261073.0,Persons,thousands,"Both sexes, All age groups, Seasonally adjusted",375.1666564941406,308.7166748046875,390.6000061035156,66.41666412353516,548.933349609375,15.433333396911621,Percentage,unit,"Both sexes, All age groups, Seasonally adjusted",65.46666717529297,68.55000305175781,4.5,Number,unit,Total of all violations-Actual incidents,11595.42
Manitoba,2007-12,"Index, 201612=100",units,74.7,72.2,73.9,Dollars,units,"Median total income,Both sexes,All age groups",2222.5,,,,,,,,,,,,,Persons,unit,107494.0,162562.0,Persons,thousands,"Both sexes, All age groups, Seasonally adjusted",376.51666259765625,312.8166809082031,392.75,63.66666793823242,550.5,16.266666412353516,Percentage,unit,"Both sexes, All age groups, Seasonally adjusted",65.44999694824219,68.73332977294922,4.599999904632568,Number,unit,Total of all violations-Actual incidents,11595.42
Manitoba,2007-01,"Index, 201612=100",units,69.4,52.3,64.6,Dollars,units,"Median total income,Both sexes,All age groups",2222.5,,,,,,,,,,,,,Persons,unit,100087.0,148928.0,Persons,thousands,"Both sexes, All age groups, Seasonally adjusted",371.51666259765625,304.8999938964844,389.23333740234375,66.5999984741211,545.75,17.733333587646484,Percentage,unit,"Both sexes, All age groups, Seasonally adjusted",65.06666564941406,68.76667022705078,5.349999904632568,Number,unit,Total of all violations-Actual incidents,11595.42
Manitoba,2007-03,"Index, 201612=100",units,70.6,52.3,65.4,Dollars,units,"Median total income,Both sexes,All age groups",2222.5,,,,,,,,,,,,,Persons,unit,122593.0,179144.0,Persons,thousands,"Both sexes, All age groups, Seasonally adjusted",374.8833312988281,301.73333740234375,391.2833251953125,73.11666870117188,546.433349609375,16.399999618530273,Percentage,unit,"Both sexes, All age groups, Seasonally adjusted",65.68333435058594,68.93333435058594,4.683333396911621,Number,unit,Total of all violations-Actual incidents,11595.42
Manitoba,2007-07,"Index, 201612=100",units,72.1,73.5,72.5,Dollars,units,"Median total income,Both sexes,All age groups",2222.5,,,,,,,,,,,,,Persons,unit,157332.0,250423.0,Persons,thousands,"Both sexes, All age groups, Seasonally adjusted",374.1333312988281,308.8833312988281,390.4333190917969,65.26667022705078,548.4666748046875,16.28333282470703,Percentage,unit,"Both sexes, All age groups, Seasonally adjusted",65.44999694824219,68.61666870117188,4.616666793823242,Number,unit,Total of all violations-Actual incidents,11595.42
Manitoba,2007-05,"Index, 201612=100",units,71.5,52.3,66.0,Dollars,units,"Median total income,Both sexes,All age groups",2222.5,,,,,,,,,,,,,Persons,unit,105438.0,176616.0,Persons,thousands,"Both sexes, All age groups, Seasonally adjusted",374.75,305.04998779296875,393.6333312988281,69.71666717529297,547.4166870117188,18.899999618530273,Percentage,unit,"Both sexes, All age groups, Seasonally adjusted",65.69999694824219,69.46666717529297,5.25,Number,unit,Total of all violations-Actual incidents,11595.42
Manitoba,2007-10,"Index, 201612=100",units,74.1,72.0,73.5,Dollars,units,"Median total income,Both sexes,All age groups",2222.5,,,,,,,,,,,,,Persons,unit,128113.0,195367.0,Persons,thousands,"Both sexes, All age groups, Seasonally adjusted",378.6000061035156,311.9166564941406,393.8833312988281,66.68333435058594,549.7166748046875,15.283333778381348,Percentage,unit,"Both sexes, All age groups, Seasonally adjusted",65.98332977294922,69.1500015258789,4.599999904632568,Number,unit,Total of all violations-Actual incidents,11595.42
Newfoundland and Labrador,1984-09,"Index, 201612=100",units,38.9,34.2,38.0,,,,,,,,,,,,,,,,,Persons,unit,1559.0,7626.0,Persons,thousands,"Both sexes, All age groups, Seasonally adjusted",113.98332977294922,101.36666870117188,145.63333129882812,12.616666793823242,252.71665954589844,31.633333206176758,Percentage,unit,"Both sexes, All age groups, Seasonally adjusted",41.150001525878906,53.18333435058594,22.299999237060547,,,,
Newfoundland and Labrador,1984-11,"Index, 201612=100",units,38.9,34.5,38.1,,,,,,,,,,,,,,,,,Persons,unit,460.0,5945.0,Persons,thousands,"Both sexes, All age groups, Seasonally adjusted",112.19999694824219,99.5999984741211,141.25,12.616666793823242,253.11666870117188,29.049999237060547,Percentage,unit,"Both sexes, All age groups, Seasonally adjusted",40.5,51.38333511352539,21.03333282470703,,,,
Newfoundland and Labrador,1984-10,"Index, 201612=100",units,38.9,34.2,38.0,,,,,,,,,,,,,,,,,Persons,unit,710.0,6996.0,Persons,thousands,"Both sexes, All age groups, Seasonally adjusted",113.13333129882812,100.91666412353516,141.8000030517578,12.216666221618652,252.89999389648438,28.66666603088379,Percentage,unit,"Both sexes, All age groups, Seasonally adjusted",40.766666412353516,51.599998474121094,20.950000762939453,,,,
Newfoundland and Labrador,1984-01,"Index, 201612=100",units,38.1,31.9,36.6,,,,,,,,,,,,,,,,,Persons,unit,308.0,6582.0,Persons,thousands,"Both sexes, All age groups, Seasonally adjusted",110.83333587646484,99.11666870117188,136.4166717529297,11.716666221618652,251.21665954589844,25.600000381469727,Percentage,unit,"Both sexes, All age groups, Seasonally adjusted",40.349998474121094,50.266666412353516,19.350000381469727,,,,
Newfoundland and Labrador,1984-03,"Index, 201612=100",units,38.1,32.8,37.0,,,,,,,,,,,,,,,,,Persons,unit,489.0,7188.0,Persons,thousands,"Both sexes, All age groups, Seasonally adjusted",113.11666870117188,99.86666870117188,139.38333129882812,13.266666412353516,251.73333740234375,26.299999237060547,Percentage,unit,"Both sexes, All age groups, Seasonally adjusted",41.0,51.04999923706055,19.549999237060547,,,,
Newfoundland and Labrador,1984-04,"Index, 201612=100",units,38.1,32.8,37.0,,,,,,,,,,,,,,,,,Persons,unit,1424.0,6402.0,Persons,thousands,"Both sexes, All age groups, Seasonally adjusted",112.31666564941406,100.0999984741211,137.6666717529297,12.216666221618652,252.10000610351562,25.33333396911621,Percentage,unit,"Both sexes, All age groups, Seasonally adjusted",40.70000076293945,50.36666488647461,18.850000381469727,,,,
Newfoundland and Labrador,1984-06,"Index, 201612=100",units,38.9,33.3,37.7,,,,,,,,,,,,,,,,,Persons,unit,1587.0,11722.0,Persons,thousands,"Both sexes, All age groups, Seasonally adjusted",115.41666412353516,104.68333435058594,139.14999389648438,10.75,252.46665954589844,23.75,Percentage,unit,"Both sexes, All age groups, Seasonally adjusted",41.75,50.71666717529297,17.366666793823242,,,,
Newfoundland and Labrador,1984-12,"Index, 201612=100",units,39.3,34.3,38.3,,,,,,,,,,,,,,,,,Persons,unit,307.0,5807.0,Persons,thousands,"Both sexes, All age groups, Seasonally adjusted",111.75,99.91666412353516,140.8333282470703,11.850000381469727,253.3000030517578,29.08333396911621,Percentage,unit,"Both sexes, All age groups, Seasonally adjusted",40.28333282470703,51.08333206176758,20.71666717529297,,,,
Newfoundland and Labrador,1984-02,"Index, 201612=100",units,38.0,32.3,36.8,,,,,,,,,,,,,,,,,Persons,unit,141.0,5706.0,Persons,thousands,"Both sexes, All age groups, Seasonally adjusted",111.11666870117188,98.56666564941406,137.53334045410156,12.583333015441895,251.5833282470703,26.433332443237305,Percentage,unit,"Both sexes, All age groups, Seasonally adjusted",40.33333206176758,50.5,19.733333587646484,,,,
Newfoundland and Labrador,1984-08,"Index, 201612=100",units,38.9,33.9,37.9,,,,,,,,,,,,,,,,,Persons,unit,3515.0,11259.0,Persons,thousands,"Both sexes, All age groups, Seasonally adjusted",114.0,101.30000305175781,140.86666870117188,12.699999809265137,252.56666564941406,26.866666793823242,Percentage,unit,"Both sexes, All age groups, Seasonally adjusted",41.233333587646484,51.38333511352539,19.200000762939453,,,,
Newfoundland and Labrador,1984-07,"Index, 201612=100",units,38.9,33.7,37.8,,,,,,,,,,,,,,,,,Persons,unit,2920.0,13322.0,Persons,thousands,"Both sexes, All age groups, Seasonally adjusted",115.05000305175781,103.05000305175781,140.85000610351562,11.983333587646484,252.5,25.799999237060547,Percentage,unit,"Both sexes, All age groups, Seasonally adjusted",41.70000076293945,51.63333511352539,19.049999237060547,,,,
Newfoundland and Labrador,1984-05,"Index, 201612=100",units,38.3,33.3,37.3,,,,,,,,,,,,,,,,,Persons,unit,2480.0,8960.0,Persons,thousands,"Both sexes, All age groups, Seasonally adjusted",111.4000015258789,100.06666564941406,138.11666870117188,11.333333015441895,252.31666564941406,26.683332443237305,Percentage,unit,"Both sexes, All age groups, Seasonally adjusted",40.25,50.31666564941406,19.633333206176758,,,,
