province,REF_DATE,uom_houseindex,scalar_houseindex,avg_house_only,avg_land_only,avg_totalhouseland,uom_income,scalar_income,statistic_income,avg_income,uom_expenditure,scalar_expenditure,statistic_expenditure,avg_food_expenditures,avg_income_taxes,avg_mortageinsurance,avg_mortagePaid,avg_accomodation,avg_rent,avg_shelter,avg_total_expenditure,avg_taxes_landregfees,uom_tourist,scalar_tourist,avg_international_tourism,avg_domestic_tourism,uom_labourforce,scalar_labourforce,statistic_labourforce,avg_employment,avg_fulltime,avg_labourforce,avg_parttime,avg_population,avg_unemployment,uom_lfperc,scalar_lfperc,statistic_labourforceperc,avg_employment_rate,avg_participationrate,avg_unemploymentrate,uom_crime,scalar_crime,statistic_crime,avg_crime_incidents
Ontario,2007-06,"Index, 201612=100",units,80.62222222222222,92.45555555555556,83.81111111111112,Dollars,units,"Median total income,Both sexes,All age groups",2423.33,,,,,,,,,,,,,Persons,unit,1902487.0,4279966.0,Persons,thousands,"Both sexes, All age groups, Seasonally adjusted",4166.283203125,3497.13330078125,4446.38330078125,669.183349609375,6321.63330078125,280.0833435058594,Percentage,unit,"Both sexes, All age groups, Seasonally adjusted",62.06666564941406,66.75,6.983333110809326,Number,unit,Total of all violations-Actual incidents,60582.92
Ontario,2007-05,"Index, 201612=100",units,80.52222222222223,92.31111111111112,83.63333333333334,Dollars,units,"Median total income,Both sexes,All age groups",2423.33,,,,,,,,,,,,,Persons,unit,2089402.0,3997348.0,Persons,thousands,"Both sexes, All age groups, Seasonally adjusted",4160.533203125,3450.5,4424.56689453125,710.0333251953125,6315.2333984375,264.0666809082031,Percentage,unit,"Both sexes, All age groups, Seasonally adjusted",62.06666564941406,66.48332977294922,6.583333492279053,Number,unit,Total of all violations-Actual incidents,60582.92
Ontario,2007-03,"Index, 201612=100",units,80.04444444444445,91.74444444444444,83.1222222222222,Dollars,units,"Median total income,Both sexes,All age groups",2423.33,,,,,,,,,,,,,Persons,unit,2358002.0,3840407.0,Persons,thousands,"Both sexes, All age groups, Seasonally adjusted",4159.10009765625,3458.300048828125,4436.5166015625,700.8333129882812,6302.7333984375,277.4166564941406,Percentage,unit,"Both sexes, All age groups, Seasonally adjusted",62.150001525878906,66.80000305175781,6.916666507720947,Number,unit,Total of all violations-Actual incidents,60582.92
Ontario,2007-09,"Index, 201612=100",units,81.23333333333333,92.54444444444444,84.28888888888889,Dollars,units,"Median total income,Both sexes,All age groups",2423.33,,,,,,,,,,,,,Persons,unit,2171175.0,4131954.0,Persons,thousands,"Both sexes, All age groups, Seasonally adjusted",4194.5498046875,3490.916748046875,4461.716796875,703.6333618164062,6342.25,267.1333312988281,Percentage,unit,"Both sexes, All age groups, Seasonally adjusted",62.31666564941406,66.80000305175781,6.616666793823242,Number,unit,Total of all violations-Actual incidents,60582.92
Ontario,2007-12,"Index, 201612=100",units,81.67777777777778,92.6888888888889,84.65555555555557,Dollars,units,"Median total income,Both sexes,All age groups",2423.33,,,,,,,,,,,,,Persons,unit,2077893.0,3436170.0,Persons,thousands,"Both sexes, All age groups, Seasonally adjusted",4190.0,3482.5,4477.0166015625,707.4833374023438,6359.033203125,287.0,Percentage,unit,"Both sexes, All age groups, Seasonally adjusted",62.099998474121094,66.88333129882812,7.066666603088379,Number,unit,Total of all violations-Actual incidents,60582.92
Ontario,2007-10,"Index, 201612=100",units,81.25555555555556,92.54444444444444,84.32222222222224,Dollars,units,"Median total income,Both sexes,All age groups",2423.33,,,,,,,,,,,,,Persons,unit,2280662.0,3962342.0,Persons,thousands,"Both sexes, All age groups, Seasonally adjusted",4213.39990234375,3491.550048828125,4473.966796875,721.8666381835938,6348.10009765625,260.5333251953125,Percentage,unit,"Both sexes, All age groups, Seasonally adjusted",62.56666564941406,66.91666412353516,6.483333110809326,Number,unit,Total of all violations-Actual incidents,60582.92
Ontario,2007-11,"Index, 201612=100",units,81.54444444444444,92.65555555555555,84.53333333333333,Dollars,units,"Median total income,Both sexes,All age groups",2423.33,,,,,,,,,,,,,Persons,unit,2292560.0,3684971.0,Persons,thousands,"Both sexes, All age groups, Seasonally adjusted",4200.5166015625,3484.7333984375,4469.33349609375,715.7999877929688,6353.85009765625,268.8333435058594,Percentage,unit,"Both sexes, All age groups, Seasonally adjusted",62.33333206176758,66.83333587646484,6.75,Number,unit,Total of all violations-Actual incidents,60582.92
Ontario,2007-08,"Index, 201612=100",units,80.97777777777776,92.53333333333333,84.07777777777777,Dollars,units,"Median total income,Both sexes,All age groups",2423.33,,,,,,,,,,,,,Persons,unit,2664873.0,5387829.0,Persons,thousands,"Both sexes, All age groups, Seasonally adjusted",4184.81689453125,3481.949951171875,4456.91650390625,702.9000244140625,6336.38330078125,272.0833435058594,Percentage,unit,"Both sexes, All age groups, Seasonally adjusted",62.21666717529297,66.80000305175781,6.800000190734863,Number,unit,Total of all violations-Actual incidents,60582.92
Ontario,2007-07,"Index, 201612=100",units,80.65555555555555,92.47777777777777,83.84444444444445,Dollars,units,"Median total income,Both sexes,All age groups",2423.33,,,,,,,,,,,,,Persons,unit,2371664.0,5108836.0,Persons,thousands,"Both sexes, All age groups, Seasonally adjusted",4185.43310546875,3493.966552734375,4460.2998046875,691.4666748046875,6330.0166015625,274.8666687011719,Percentage,unit,"Both sexes, All age groups, Seasonally adjusted",62.28333282470703,66.91666412353516,6.900000095367432,Number,unit,Total of all violations-Actual incidents,60582.92
Ontario,2007-02,"Index, 201612=100",units,79.82222222222222,91.46666666666665,82.86666666666667,Dollars,units,"Median total income,Both sexes,All age groups",2423.33,,,,,,,,,,,,,Persons,unit,1639338.0,2860289.0,Persons,thousands,"Both sexes, All age groups, Seasonally adjusted",4154.7998046875,3437.283447265625,4426.9501953125,717.5,6297.85009765625,272.1333312988281,Percentage,unit,"Both sexes, All age groups, Seasonally adjusted",62.04999923706055,66.58333587646484,6.800000190734863,Number,unit,Total of all violations-Actual incidents,60582.92
Ontario,2007-04,"Index, 201612=100",units,80.30000000000001,91.8111111111111,83.34444444444443,Dollars,units,"Median total income,Both sexes,All age groups",2423.33,,,,,,,,,,,,,Persons,unit,2109617.0,3657088.0,Persons,thousands,"Both sexes, All age groups, Seasonally adjusted",4153.4833984375,3436.316650390625,4436.4501953125,717.183349609375,6309.33349609375,283.0,Percentage,unit,"Both sexes, All age groups, Seasonally adjusted",61.96666717529297,66.66666412353516,6.983333110809326,Number,unit,Total of all violations-Actual incidents,60582.92
Ontario,2007-01,"Index, 201612=100",units,79.74444444444444,91.17777777777776,82.6888888888889,Dollars,units,"Median total income,Both sexes,All age groups",2423.33,,,,,,,,,,,,,Persons,unit,1977834.0,3270897.0,Persons,thousands,"Both sexes, All age groups, Seasonally adjusted",4149.5,3435.86669921875,4424.966796875,713.6500244140625,6293.7001953125,275.45001220703125,Percentage,unit,"Both sexes, All age groups, Seasonally adjusted",61.95000076293945,66.58333587646484,6.949999809265137,Number,unit,Total of all violations-Actual incidents,60582.92
