province,REF_DATE,uom_houseindex,scalar_houseindex,avg_house_only,avg_land_only,avg_totalhouseland,uom_income,scalar_income,statistic_income,avg_income,uom_expenditure,scalar_expenditure,statistic_expenditure,avg_food_expenditures,avg_income_taxes,avg_mortageinsurance,avg_mortagePaid,avg_accomodation,avg_rent,avg_shelter,avg_total_expenditure,avg_taxes_landregfees,uom_tourist,scalar_tourist,avg_international_tourism,avg_domestic_tourism,uom_labourforce,scalar_labourforce,statistic_labourforce,avg_employment,avg_fulltime,avg_labourforce,avg_parttime,avg_population,avg_unemployment,uom_lfperc,scalar_lfperc,statistic_labourforceperc,avg_employment_rate,avg_participationrate,avg_unemploymentrate,uom_crime,scalar_crime,statistic_crime,avg_crime_incidents
New Brunswick,2016-09,"Index, 201612=100",units,99.6,100.0,99.7,Dollars,units,"Median total income,Both sexes,All age groups",2608.33,Dollars,unit,Average expenditure per household,621.17,955.83,9.25,290.08,942.67,161.25,1057.17,5661.08,NaN,Persons,unit,199324.0,354145.0,Persons,thousands,"Both sexes, All age groups, Seasonally adjusted",226.8000030517578,192.96665954589844,249.81666564941406,33.81666564941406,378.4666748046875,23.016666412353516,Percentage,unit,"Both sexes, All age groups, Seasonally adjusted",59.13333511352539,65.38333129882812,9.899999618530273,Number,unit,Total of all violations-Actual incidents,3356.33
New Brunswick,2016-02,"Index, 201612=100",units,98.0,100.0,98.3,Dollars,units,"Median total income,Both sexes,All age groups",2608.33,Dollars,unit,Average expenditure per household,621.17,955.83,9.25,290.08,942.67,161.25,1057.17,5661.08,NaN,Persons,unit,134077.0,189639.0,Persons,thousands,"Both sexes, All age groups, Seasonally adjusted",221.96665954589844,190.0833282470703,245.28334045410156,31.866666793823242,378.0333251953125,23.33333396911621,Percentage,unit,"Both sexes, All age groups, Seasonally adjusted",56.86666488647461,63.45000076293945,10.666666984558105,Number,unit,Total of all violations-Actual incidents,3356.33
New Brunswick,2016-01,"Index, 201612=100",units,98.0,100.0,98.3,Dollars,units,"Median total income,Both sexes,All age groups",2608.33,Dollars,unit,Average expenditure per household,621.17,955.83,9.25,290.08,942.67,161.25,1057.17,5661.08,NaN,Persons,unit,152881.0,212360.0,Persons,thousands,"Both sexes, All age groups, Seasonally adjusted",224.4499969482422,191.23333740234375,246.9166717529297,33.20000076293945,377.8166809082031,22.450000762939453,Percentage,unit,"Both sexes, All age groups, Seasonally adjusted",57.766666412353516,64.19999694824219,10.216666221618652,Number,unit,Total of all violations-Actual incidents,3356.33
New Brunswick,2016-11,"Index, 201612=100",units,100.0,100.0,100.0,Dollars,units,"Median total income,Both sexes,All age groups",2608.33,Dollars,unit,Average expenditure per household,621.17,955.83,9.25,290.08,942.67,161.25,1057.17,5661.08,NaN,Persons,unit,185321.0,248494.0,Persons,thousands,"Both sexes, All age groups, Seasonally adjusted",226.06666564941406,192.78334045410156,246.73333740234375,33.28333282470703,378.4333190917969,20.649999618530273,Percentage,unit,"Both sexes, All age groups, Seasonally adjusted",58.78333282470703,64.69999694824219,9.399999618530273,Number,unit,Total of all violations-Actual incidents,3356.33
New Brunswick,2016-04,"Index, 201612=100",units,98.0,100.0,98.3,Dollars,units,"Median total income,Both sexes,All age groups",2608.33,Dollars,unit,Average expenditure per household,621.17,955.83,9.25,290.08,942.67,161.25,1057.17,5661.08,NaN,Persons,unit,192136.0,256723.0,Persons,thousands,"Both sexes, All age groups, Seasonally adjusted",224.01666259765625,190.6999969482422,246.88333129882812,33.31666564941406,378.4333190917969,22.850000381469727,Percentage,unit,"Both sexes, All age groups, Seasonally adjusted",57.56666564941406,63.96666717529297,10.100000381469727,Number,unit,Total of all violations-Actual incidents,3356.33
New Brunswick,2016-05,"Index, 201612=100",units,98.0,100.0,98.3,Dollars,units,"Median total income,Both sexes,All age groups",2608.33,Dollars,unit,Average expenditure per household,621.17,955.83,9.25,290.08,942.67,161.25,1057.17,5661.08,NaN,Persons,unit,204839.0,286923.0,Persons,thousands,"Both sexes, All age groups, Seasonally adjusted",223.43333435058594,191.5,247.1666717529297,31.950000762939453,378.48333740234375,23.75,Percentage,unit,"Both sexes, All age groups, Seasonally adjusted",57.266666412353516,64.13333129882812,10.833333015441895,Number,unit,Total of all violations-Actual incidents,3356.33
New Brunswick,2016-07,"Index, 201612=100",units,98.0,100.0,98.3,Dollars,units,"Median total income,Both sexes,All age groups",2608.33,Dollars,unit,Average expenditure per household,621.17,955.83,9.25,290.08,942.67,161.25,1057.17,5661.08,NaN,Persons,unit,237355.0,393743.0,Persons,thousands,"Both sexes, All age groups, Seasonally adjusted",226.38333129882812,193.53334045410156,250.26666259765625,32.81666564941406,378.48333740234375,23.933332443237305,Percentage,unit,"Both sexes, All age groups, Seasonally adjusted",58.56666564941406,65.23332977294922,10.683333396911621,Number,unit,Total of all violations-Actual incidents,3356.33
New Brunswick,2016-08,"Index, 201612=100",units,98.1,100.0,98.4,Dollars,units,"Median total income,Both sexes,All age groups",2608.33,Dollars,unit,Average expenditure per household,621.17,955.83,9.25,290.08,942.67,161.25,1057.17,5661.08,NaN,Persons,unit,239461.0,388572.0,Persons,thousands,"Both sexes, All age groups, Seasonally adjusted",225.1999969482422,191.78334045410156,248.06666564941406,33.41666793823242,378.45001220703125,22.850000381469727,Percentage,unit,"Both sexes, All age groups, Seasonally adjusted",58.43333435058594,64.61666870117188,9.949999809265137,Number,unit,Total of all violations-Actual incidents,3356.33
New Brunswick,2016-06,"Index, 201612=100",units,98.0,100.0,98.3,Dollars,units,"Median total income,Both sexes,All age groups",2608.33,Dollars,unit,Average expenditure per household,621.17,955.83,9.25,290.08,942.67,161.25,1057.17,5661.08,NaN,Persons,unit,203178.0,319332.0,Persons,thousands,"Both sexes, All age groups, Seasonally adjusted",224.39999389648438,191.81666564941406,248.5833282470703,32.599998474121094,378.3833312988281,24.200000762939453,Percentage,unit,"Both sexes, All age groups, Seasonally adjusted",58.03333282470703,64.81666564941406,10.716666221618652,Number,unit,Total of all violations-Actual incidents,3356.33
New Brunswick,2016-03,"Index, 201612=100",units,98.0,100.0,98.3,Dollars,units,"Median total income,Both sexes,All age groups",2608.33,Dollars,unit,Average expenditure per household,621.17,955.83,9.25,290.08,942.67,161.25,1057.17,5661.08,NaN,Persons,unit,174857.0,236295.0,Persons,thousands,"Both sexes, All age groups, Seasonally adjusted",221.10000610351562,190.35000610351562,245.4166717529297,30.71666717529297,378.3166809082031,24.350000381469727,Percentage,unit,"Both sexes, All age groups, Seasonally adjusted",56.516666412353516,63.483333587646484,11.116666793823242,Number,unit,Total of all violations-Actual incidents,3356.33
New Brunswick,2016-12,"Index, 201612=100",units,100.0,100.0,100.0,Dollars,units,"Median total income,Both sexes,All age groups",2608.33,Dollars,unit,Average expenditure per household,621.17,955.83,9.25,290.08,942.67,161.25,1057.17,5661.08,NaN,Persons,unit,179756.0,242110.0,Persons,thousands,"Both sexes, All age groups, Seasonally adjusted",225.39999389648438,192.53334045410156,248.18333435058594,32.849998474121094,378.4333190917969,22.766666412353516,Percentage,unit,"Both sexes, All age groups, Seasonally adjusted",58.53333282470703,64.94999694824219,10.083333015441895,Number,unit,Total of all violations-Actual incidents,3356.33
New Brunswick,2016-10,"Index, 201612=100",units,100.0,100.0,100.0,Dollars,units,"Median total income,Both sexes,All age groups",2608.33,Dollars,unit,Average expenditure per household,621.17,955.83,9.25,290.08,942.67,161.25,1057.17,5661.08,NaN,Persons,unit,204281.0,336614.0,Persons,thousands,"Both sexes, All age groups, Seasonally adjusted",224.71665954589844,191.93333435058594,248.3333282470703,32.79999923706055,378.48333740234375,23.633333206176758,Percentage,unit,"Both sexes, All age groups, Seasonally adjusted",58.53333282470703,65.08333587646484,10.399999618530273,Number,unit,Total of all violations-Actual incidents,3356.33
Newfoundland and Labrador,1999-08,"Index, 201612=100",units,49.5,45.1,48.3,,,,,,,,,,,,,,,,,Persons,unit,2523.0,17689.0,Persons,thousands,"Both sexes, All age groups, Seasonally adjusted",129.88333129882812,109.81666564941406,155.86666870117188,20.066667556762695,264.23333740234375,25.983333587646484,Percentage,unit,"Both sexes, All age groups, Seasonally adjusted",44.33333206176758,53.68333435058594,17.866666793823242,Number,unit,Total of all violations-Actual incidents,2770.92
Newfoundland and Labrador,1999-04,"Index, 201612=100",units,48.9,45.1,47.9,,,,,,,,,,,,,,,,,Persons,unit,2491.0,11921.0,Persons,thousands,"Both sexes, All age groups, Seasonally adjusted",126.68333435058594,109.6500015258789,154.0,17.066667556762695,264.6333312988281,27.299999237060547,Percentage,unit,"Both sexes, All age groups, Seasonally adjusted",42.95000076293945,52.81666564941406,18.633333206176758,Number,unit,Total of all violations-Actual incidents,2770.92
Newfoundland and Labrador,1999-02,"Index, 201612=100",units,48.9,45.1,47.9,,,,,,,,,,,,,,,,,Persons,unit,784.0,8098.0,Persons,thousands,"Both sexes, All age groups, Seasonally adjusted",129.81666564941406,111.31666564941406,151.8333282470703,18.53333282470703,265.1499938964844,22.0,Percentage,unit,"Both sexes, All age groups, Seasonally adjusted",43.733333587646484,51.849998474121094,15.683333396911621,Number,unit,Total of all violations-Actual incidents,2770.92
Newfoundland and Labrador,1999-11,"Index, 201612=100",units,48.7,45.1,47.8,,,,,,,,,,,,,,,,,Persons,unit,745.0,11916.0,Persons,thousands,"Both sexes, All age groups, Seasonally adjusted",132.39999389648438,113.18333435058594,156.48333740234375,19.266666412353516,264.3833312988281,24.08333396911621,Percentage,unit,"Both sexes, All age groups, Seasonally adjusted",44.900001525878906,53.78333282470703,16.549999237060547,Number,unit,Total of all violations-Actual incidents,2770.92
Newfoundland and Labrador,1999-09,"Index, 201612=100",units,49.5,45.1,48.3,,,,,,,,,,,,,,,,,Persons,unit,1411.0,20646.0,Persons,thousands,"Both sexes, All age groups, Seasonally adjusted",130.3000030517578,109.63333129882812,156.13333129882812,20.66666603088379,264.25,25.850000381469727,Percentage,unit,"Both sexes, All age groups, Seasonally adjusted",44.45000076293945,54.04999923706055,17.816667556762695,Number,unit,Total of all violations-Actual incidents,2770.92
Newfoundland and Labrador,1999-12,"Index, 201612=100",units,48.7,45.1,47.8,,,,,,,,,,,,,,,,,Persons,unit,867.0,8744.0,Persons,thousands,"Both sexes, All age groups, Seasonally adjusted",132.48333740234375,111.88333129882812,153.31666564941406,20.616666793823242,264.51666259765625,20.816667556762695,Percentage,unit,"Both sexes, All age groups, Seasonally adjusted",45.18333435058594,52.766666412353516,14.050000190734863,Number,unit,Total of all violations-Actual incidents,2770.92
Newfoundland and Labrador,1999-03,"Index, 201612=100",units,48.9,45.1,47.9,,,,,,,,,,,,,,,,,Persons,unit,1213.0,10445.0,Persons,thousands,"Both sexes, All age groups, Seasonally adjusted",127.55000305175781,109.81666564941406,153.11666870117188,17.733333587646484,264.8999938964844,25.549999237060547,Percentage,unit,"Both sexes, All age groups, Seasonally adjusted",43.06666564941406,52.31666564941406,17.799999237060547,Number,unit,Total of all violations-Actual incidents,2770.92
Newfoundland and Labrador,1999-07,"Index, 201612=100",units,48.9,45.1,47.9,,,,,,,,,,,,,,,,,Persons,unit,2893.0,15114.0,Persons,thousands,"Both sexes, All age groups, Seasonally adjusted",131.51666259765625,110.78333282470703,158.35000610351562,20.700000762939453,264.2833251953125,26.850000381469727,Percentage,unit,"Both sexes, All age groups, Seasonally adjusted",44.75,54.38333511352539,17.883333206176758,Number,unit,Total of all violations-Actual incidents,2770.92
Newfoundland and Labrador,1999-05,"Index, 201612=100",units,48.9,45.1,47.9,,,,,,,,,,,,,,,,,Persons,unit,2172.0,13005.0,Persons,thousands,"Both sexes, All age groups, Seasonally adjusted",130.4499969482422,111.83333587646484,157.75,18.600000381469727,264.5,27.299999237060547,Percentage,unit,"Both sexes, All age groups, Seasonally adjusted",44.31666564941406,54.150001525878906,18.316667556762695,Number,unit,Total of all violations-Actual incidents,2770.92
Newfoundland and Labrador,1999-01,"Index, 201612=100",units,48.9,45.1,47.9,,,,,,,,,,,,,,,,,Persons,unit,490.0,7411.0,Persons,thousands,"Both sexes, All age groups, Seasonally adjusted",127.69999694824219,110.61666870117188,153.1666717529297,17.08333396911621,265.3333435058594,25.5,Percentage,unit,"Both sexes, All age groups, Seasonally adjusted",42.900001525878906,52.150001525878906,17.66666603088379,Number,unit,Total of all violations-Actual incidents,2770.92
Newfoundland and Labrador,1999-10,"Index, 201612=100",units,49.6,45.1,48.3,,,,,,,,,,,,,,,,,Persons,unit,963.0,12775.0,Persons,thousands,"Both sexes, All age groups, Seasonally adjusted",131.14999389648438,111.75,156.3000030517578,19.399999618530273,264.29998779296875,25.149999618530273,Percentage,unit,"Both sexes, All age groups, Seasonally adjusted",44.53333282470703,53.849998474121094,17.350000381469727,Number,unit,Total of all violations-Actual incidents,2770.92
Newfoundland and Labrador,1999-06,"Index, 201612=100",units,48.9,45.1,47.9,,,,,,,,,,,,,,,,,Persons,unit,1755.0,13795.0,Persons,thousands,"Both sexes, All age groups, Seasonally adjusted",128.88333129882812,109.75,155.86666870117188,19.149999618530273,264.45001220703125,27.0,Percentage,unit,"Both sexes, All age groups, Seasonally adjusted",43.83333206176758,53.516666412353516,18.133333206176758,Number,unit,Total of all violations-Actual incidents,2770.92
Ontario,1994-08,"Index, 201612=100",units,57.37777777777777,79.73333333333335,62.599999999999994,,,,,,,,,,,,,,,,,Persons,unit,2750156.0,6689433.0,Persons,thousands,"Both sexes, All age groups, Seasonally adjusted",3216.966552734375,2649.5,3534.583251953125,567.4833374023438,5178.06689453125,317.6166687011719,Percentage,unit,"Both sexes, All age groups, Seasonally adjusted",57.599998474121094,63.71666717529297,9.433333396911621,,,,
Ontario,1994-04,"Index, 201612=100",units,57.25555555555555,79.64444444444445,62.5,,,,,,,,,,,,,,,,,Persons,unit,2263333.0,4121439.0,Persons,thousands,"Both sexes, All age groups, Seasonally adjusted",3171.666748046875,2601.066650390625,3522.966552734375,570.5999755859375,5150.85009765625,351.26666259765625,Percentage,unit,"Both sexes, All age groups, Seasonally adjusted",56.900001525878906,63.79999923706055,10.783333778381348,,,,
Ontario,1994-07,"Index, 201612=100",units,57.34444444444445,79.88888888888889,62.62222222222223,,,,,,,,,,,,,,,,,Persons,unit,2796110.0,6924335.0,Persons,thousands,"Both sexes, All age groups, Seasonally adjusted",3207.416748046875,2648.050048828125,3527.683349609375,559.3833618164062,5170.60009765625,320.3166809082031,Percentage,unit,"Both sexes, All age groups, Seasonally adjusted",57.516666412353516,63.66666793823242,9.550000190734863,,,,
Ontario,1994-11,"Index, 201612=100",units,57.35555555555555,80.04444444444445,62.65555555555555,,,,,,,,,,,,,,,,,Persons,unit,1985404.0,4021036.0,Persons,thousands,"Both sexes, All age groups, Seasonally adjusted",3244.433349609375,2681.35009765625,3553.13330078125,563.1166381835938,5194.466796875,308.70001220703125,Percentage,unit,"Both sexes, All age groups, Seasonally adjusted",57.849998474121094,63.70000076293945,8.75,,,,
Ontario,1994-10,"Index, 201612=100",units,57.411111111111104,79.73333333333335,62.611111111111114,,,,,,,,,,,,,,,,,Persons,unit,2317966.0,4715225.0,Persons,thousands,"Both sexes, All age groups, Seasonally adjusted",3226.88330078125,2665.89990234375,3539.416748046875,561.0,5189.25,312.5333251953125,Percentage,unit,"Both sexes, All age groups, Seasonally adjusted",57.46666717529297,63.46666717529297,9.300000190734863,,,,
Ontario,1994-03,"Index, 201612=100",units,57.099999999999994,79.45555555555555,62.333333333333336,,,,,,,,,,,,,,,,,Persons,unit,2529296.0,4215469.0,Persons,thousands,"Both sexes, All age groups, Seasonally adjusted",3158.9833984375,2586.88330078125,3504.14990234375,572.0999755859375,5144.66650390625,345.1666564941406,Percentage,unit,"Both sexes, All age groups, Seasonally adjusted",56.79999923706055,63.58333206176758,10.600000381469727,,,,
Ontario,1994-09,"Index, 201612=100",units,57.388888888888886,79.73333333333333,62.611111111111114,,,,,,,,,,,,,,,,,Persons,unit,2246991.0,5148247.0,Persons,thousands,"Both sexes, All age groups, Seasonally adjusted",3228.050048828125,2657.466552734375,3550.7666015625,570.566650390625,5183.716796875,322.70001220703125,Percentage,unit,"Both sexes, All age groups, Seasonally adjusted",57.733333587646484,63.86666488647461,9.383333206176758,,,,
Ontario,1994-01,"Index, 201612=100",units,57.21111111111111,80.03333333333333,62.544444444444444,,,,,,,,,,,,,,,,,Persons,unit,1961154.0,3297435.0,Persons,thousands,"Both sexes, All age groups, Seasonally adjusted",3142.699951171875,2591.716552734375,3519.449951171875,550.9833374023438,5132.91650390625,376.75,Percentage,unit,"Both sexes, All age groups, Seasonally adjusted",56.56666564941406,63.95000076293945,11.316666603088379,,,,
Ontario,1994-02,"Index, 201612=100",units,57.099999999999994,79.48888888888888,62.28888888888889,,,,,,,,,,,,,,,,,Persons,unit,1846980.0,3251311.0,Persons,thousands,"Both sexes, All age groups, Seasonally adjusted",3149.833251953125,2577.800048828125,3510.7666015625,572.0833129882812,5138.5166015625,360.9166564941406,Percentage,unit,"Both sexes, All age groups, Seasonally adjusted",56.71666717529297,63.75,10.949999809265137,,,,
Ontario,1994-06,"Index, 201612=100",units,57.36666666666666,79.8777777777778,62.62222222222221,,,,,,,,,,,,,,,,,Persons,unit,2147862.0,5202825.0,Persons,thousands,"Both sexes, All age groups, Seasonally adjusted",3192.666748046875,2632.85009765625,3518.050048828125,559.8333129882812,5164.61669921875,325.3999938964844,Percentage,unit,"Both sexes, All age groups, Seasonally adjusted",57.233333587646484,63.58333206176758,9.933333396911621,,,,
Ontario,1994-05,"Index, 201612=100",units,57.22222222222222,79.9,62.52222222222221,,,,,,,,,,,,,,,,,Persons,unit,2268717.0,4735913.0,Persons,thousands,"Both sexes, All age groups, Seasonally adjusted",3184.11669921875,2618.4833984375,3524.083251953125,565.6666870117188,5158.63330078125,339.9666748046875,Percentage,unit,"Both sexes, All age groups, Seasonally adjusted",57.13333511352539,63.83333206176758,10.5,,,,
Ontario,1994-12,"Index, 201612=100",units,57.51111111111111,79.86666666666667,62.72222222222222,,,,,,,,,,,,,,,,,Persons,unit,2060612.0,4084826.0,Persons,thousands,"Both sexes, All age groups, Seasonally adjusted",3248.36669921875,2683.699951171875,3547.7333984375,564.683349609375,5199.216796875,299.3999938964844,Percentage,unit,"Both sexes, All age groups, Seasonally adjusted",57.75,63.5,8.816666603088379,,,,
Prince Edward Island,2015-12,"Index, 201612=100",units,99.1,99.4,99.1,Dollars,units,"Median total income,Both sexes,All age groups",2630.0,Dollars,unit,Average expenditure per household,628.83,911.0,9.25,255.17,975.83,215.75,1089.25,5703.42,NaN,Persons,unit,56.0,103.0,Persons,thousands,"Both sexes, All age groups, Seasonally adjusted",45.88333511352539,38.96666717529297,50.71666717529297,6.900000095367432,73.43333435058594,4.849999904632568,Percentage,unit,"Both sexes, All age groups, Seasonally adjusted",61.46666717529297,68.30000305175781,9.983333587646484,Number,unit,Total of all violations-Actual incidents,572.17
Prince Edward Island,2015-01,"Index, 201612=100",units,99.6,98.0,99.3,Dollars,units,"Median total income,Both sexes,All age groups",2630.0,Dollars,unit,Average expenditure per household,628.83,911.0,9.25,255.17,975.83,215.75,1089.25,5703.42,NaN,Persons,unit,23.0,53.0,Persons,thousands,"Both sexes, All age groups, Seasonally adjusted",46.86666488647461,39.79999923706055,52.31666564941406,7.083333492279053,73.21666717529297,5.5,Percentage,unit,"Both sexes, All age groups, Seasonally adjusted",62.06666564941406,69.88333129882812,11.399999618530273,Number,unit,Total of all violations-Actual incidents,572.17
Prince Edward Island,2015-06,"Index, 201612=100",units,100.3,99.4,100.1,Dollars,units,"Median total income,Both sexes,All age groups",2630.0,Dollars,unit,Average expenditure per household,628.83,911.0,9.25,255.17,975.83,215.75,1089.25,5703.42,NaN,Persons,unit,26.0,93.0,Persons,thousands,"Both sexes, All age groups, Seasonally adjusted",46.28333282470703,38.58333206176758,51.650001525878906,7.699999809265137,73.25,5.349999904632568,Percentage,unit,"Both sexes, All age groups, Seasonally adjusted",61.46666717529297,69.31666564941406,11.533333778381348,Number,unit,Total of all violations-Actual incidents,572.17
Prince Edward Island,2015-11,"Index, 201612=100",units,99.1,99.4,99.1,Dollars,units,"Median total income,Both sexes,All age groups",2630.0,Dollars,unit,Average expenditure per household,628.83,911.0,9.25,255.17,975.83,215.75,1089.25,5703.42,NaN,Persons,unit,0.0,77.0,Persons,thousands,"Both sexes, All age groups, Seasonally adjusted",46.233333587646484,39.233333587646484,51.400001525878906,7.016666889190674,73.36666870117188,5.183333396911621,Percentage,unit,"Both sexes, All age groups, Seasonally adjusted",62.04999923706055,69.5,10.800000190734863,Number,unit,Total of all violations-Actual incidents,572.17
Prince Edward Island,2015-02,"Index, 201612=100",units,99.6,98.0,99.3,Dollars,units,"Median total income,Both sexes,All age groups",2630.0,Dollars,unit,Average expenditure per household,628.83,911.0,9.25,255.17,975.83,215.75,1089.25,5703.42,NaN,Persons,unit,3.0,41.0,Persons,thousands,"Both sexes, All age groups, Seasonally adjusted",46.88333511352539,39.25,52.0,7.666666507720947,73.16666412353516,5.099999904632568,Percentage,unit,"Both sexes, All age groups, Seasonally adjusted",62.33333206176758,69.66666412353516,10.75,Number,unit,Total of all violations-Actual incidents,572.17
Prince Edward Island,2015-10,"Index, 201612=100",units,99.0,99.4,99.0,Dollars,units,"Median total income,Both sexes,All age groups",2630.0,Dollars,unit,Average expenditure per household,628.83,911.0,9.25,255.17,975.83,215.75,1089.25,5703.42,NaN,Persons,unit,3.0,49.0,Persons,thousands,"Both sexes, All age groups, Seasonally adjusted",46.91666793823242,39.849998474121094,51.900001525878906,7.050000190734863,73.33333587646484,5.0,Percentage,unit,"Both sexes, All age groups, Seasonally adjusted",62.983333587646484,70.18333435058594,10.350000381469727,Number,unit,Total of all violations-Actual incidents,572.17
Prince Edward Island,2015-03,"Index, 201612=100",units,99.8,98.5,99.5,Dollars,units,"Median total income,Both sexes,All age groups",2630.0,Dollars,unit,Average expenditure per household,628.83,911.0,9.25,255.17,975.83,215.75,1089.25,5703.42,NaN,Persons,unit,962.0,992.0,Persons,thousands,"Both sexes, All age groups, Seasonally adjusted",46.75,39.54999923706055,52.349998474121094,7.199999809265137,73.21666717529297,5.599999904632568,Percentage,unit,"Both sexes, All age groups, Seasonally adjusted",62.016666412353516,70.01667022705078,11.550000190734863,Number,unit,Total of all violations-Actual incidents,572.17
Prince Edward Island,2015-09,"Index, 201612=100",units,99.0,99.4,99.0,Dollars,units,"Median total income,Both sexes,All age groups",2630.0,Dollars,unit,Average expenditure per household,628.83,911.0,9.25,255.17,975.83,215.75,1089.25,5703.42,NaN,Persons,unit,19.0,81.0,Persons,thousands,"Both sexes, All age groups, Seasonally adjusted",46.400001525878906,39.733333587646484,51.150001525878906,6.650000095367432,73.31666564941406,4.766666889190674,Percentage,unit,"Both sexes, All age groups, Seasonally adjusted",62.25,68.98332977294922,9.866666793823242,Number,unit,Total of all violations-Actual incidents,572.17
Prince Edward Island,2015-07,"Index, 201612=100",units,100.3,99.4,100.1,Dollars,units,"Median total income,Both sexes,All age groups",2630.0,Dollars,unit,Average expenditure per household,628.83,911.0,9.25,255.17,975.83,215.75,1089.25,5703.42,NaN,Persons,unit,16.0,143.0,Persons,thousands,"Both sexes, All age groups, Seasonally adjusted",45.88333511352539,38.68333435058594,51.33333206176758,7.2166666984558105,73.26667022705078,5.483333110809326,Percentage,unit,"Both sexes, All age groups, Seasonally adjusted",61.25,69.01667022705078,11.600000381469727,Number,unit,Total of all violations-Actual incidents,572.17
Prince Edward Island,2015-04,"Index, 201612=100",units,100.8,99.4,100.5,Dollars,units,"Median total income,Both sexes,All age groups",2630.0,Dollars,unit,Average expenditure per household,628.83,911.0,9.25,255.17,975.83,215.75,1089.25,5703.42,NaN,Persons,unit,757.0,785.0,Persons,thousands,"Both sexes, All age groups, Seasonally adjusted",46.46666717529297,38.91666793823242,51.79999923706055,7.566666603088379,73.19999694824219,5.349999904632568,Percentage,unit,"Both sexes, All age groups, Seasonally adjusted",61.68333435058594,69.31666564941406,11.183333396911621,Number,unit,Total of all violations-Actual incidents,572.17
Prince Edward Island,2015-08,"Index, 201612=100",units,100.2,99.4,100.0,Dollars,units,"Median total income,Both sexes,All age groups",2630.0,Dollars,unit,Average expenditure per household,628.83,911.0,9.25,255.17,975.83,215.75,1089.25,5703.42,NaN,Persons,unit,5.0,171.0,Persons,thousands,"Both sexes, All age groups, Seasonally adjusted",45.68333435058594,38.54999923706055,50.96666717529297,7.116666793823242,73.33333587646484,5.300000190734863,Percentage,unit,"Both sexes, All age groups, Seasonally adjusted",60.766666412353516,68.19999694824219,11.149999618530273,Number,unit,Total of all violations-Actual incidents,572.17
Prince Edward Island,2015-05,"Index, 201612=100",units,100.6,99.4,100.4,Dollars,units,"Median total income,Both sexes,All age groups",2630.0,Dollars,unit,Average expenditure per household,628.83,911.0,9.25,255.17,975.83,215.75,1089.25,5703.42,NaN,Persons,unit,374.0,416.0,Persons,thousands,"Both sexes, All age groups, Seasonally adjusted",45.86666488647461,38.25,51.21666717529297,7.650000095367432,73.18333435058594,5.383333206176758,Percentage,unit,"Both sexes, All age groups, Seasonally adjusted",60.68333435058594,68.36666870117188,11.633333206176758,Number,unit,Total of all violations-Actual incidents,572.17
