province,REF_DATE,uom_houseindex,scalar_houseindex,avg_house_only,avg_land_only,avg_totalhouseland,uom_income,scalar_income,statistic_income,avg_income,uom_expenditure,scalar_expenditure,statistic_expenditure,avg_food_expenditures,avg_income_taxes,avg_mortageinsurance,avg_mortagePaid,avg_accomodation,avg_rent,avg_shelter,avg_total_expenditure,avg_taxes_landregfees,uom_tourist,scalar_tourist,avg_international_tourism,avg_domestic_tourism,uom_labourforce,scalar_labourforce,statistic_labourforce,avg_employment,avg_fulltime,avg_labourforce,avg_parttime,avg_population,avg_unemployment,uom_lfperc,scalar_lfperc,statistic_labourforceperc,avg_employment_rate,avg_participationrate,avg_unemploymentrate,uom_crime,scalar_crime,statistic_crime,avg_crime_incidents
British Columbia,2013-07,"Index, 201612=100",units,94.03333333333335,99.36666666666667,95.83333333333333,Dollars,units,"Median total income,Both sexes,All age groups",2545.0,Dollars,unit,Average expenditure per household,676.5,941.17,9.58,557.08,1398.08,315.17,1574.08,6570.92,20.83,Persons,unit,1698075.0,2790292.0,Persons,thousands,"Both sexes, All age groups, Seasonally adjusted",1443.9666748046875,1160.2166748046875,1542.88330078125,283.7166748046875,2311.13330078125,98.91666412353516,Percentage,unit,"Both sexes, All age groups, Seasonally adjusted",59.766666412353516,64.38333129882812,7.133333206176758,Number,unit,Total of all violations-Actual incidents,32647.25
British Columbia,2013-11,"Index, 201612=100",units,93.13333333333333,99.3,95.16666666666667,Dollars,units,"Median total income,Both sexes,All age groups",2545.0,Dollars,unit,Average expenditure per household,676.5,941.17,9.58,557.08,1398.08,315.17,1574.08,6570.92,20.83,Persons,unit,1295532.0,1675591.0,Persons,thousands,"Both sexes, All age groups, Seasonally adjusted",1437.0333251953125,1148.13330078125,1536.199951171875,288.9166564941406,2318.36669921875,99.16666412353516,Percentage,unit,"Both sexes, All age groups, Seasonally adjusted",59.21666717529297,63.75,7.266666889190674,Number,unit,Total of all violations-Actual incidents,32647.25
British Columbia,2013-05,"Index, 201612=100",units,94.13333333333333,99.36666666666667,95.83333333333333,Dollars,units,"Median total income,Both sexes,All age groups",2545.0,Dollars,unit,Average expenditure per household,676.5,941.17,9.58,557.08,1398.08,315.17,1574.08,6570.92,20.83,Persons,unit,1506194.0,2198279.0,Persons,thousands,"Both sexes, All age groups, Seasonally adjusted",1446.0333251953125,1148.2833251953125,1543.5833740234375,297.7833251953125,2306.38330078125,97.55000305175781,Percentage,unit,"Both sexes, All age groups, Seasonally adjusted",59.83333206176758,64.41666412353516,7.150000095367432,Number,unit,Total of all violations-Actual incidents,32647.25
British Columbia,2013-02,"Index, 201612=100",units,94.39999999999999,99.36666666666667,96.0,Dollars,units,"Median total income,Both sexes,All age groups",2545.0,Dollars,unit,Average expenditure per household,676.5,941.17,9.58,557.08,1398.08,315.17,1574.08,6570.92,20.83,Persons,unit,1227123.0,1611962.0,Persons,thousands,"Both sexes, All age groups, Seasonally adjusted",1449.3499755859375,1151.800048828125,1544.183349609375,297.5333251953125,2300.083251953125,94.83333587646484,Percentage,unit,"Both sexes, All age groups, Seasonally adjusted",60.099998474121094,64.55000305175781,6.883333206176758,Number,unit,Total of all violations-Actual incidents,32647.25
British Columbia,2013-01,"Index, 201612=100",units,94.36666666666667,99.36666666666667,95.96666666666668,Dollars,units,"Median total income,Both sexes,All age groups",2545.0,Dollars,unit,Average expenditure per household,676.5,941.17,9.58,557.08,1398.08,315.17,1574.08,6570.92,20.83,Persons,unit,1261787.0,1624973.0,Persons,thousands,"Both sexes, All age groups, Seasonally adjusted",1437.38330078125,1141.4666748046875,1536.7332763671875,295.8999938964844,2298.64990234375,99.3499984741211,Percentage,unit,"Both sexes, All age groups, Seasonally adjusted",59.599998474121094,64.25,7.266666889190674,Number,unit,Total of all violations-Actual incidents,32647.25
British Columbia,2013-08,"Index, 201612=100",units,93.73333333333333,99.36666666666667,95.56666666666666,Dollars,units,"Median total income,Both sexes,All age groups",2545.0,Dollars,unit,Average expenditure per household,676.5,941.17,9.58,557.08,1398.08,315.17,1574.08,6570.92,20.83,Persons,unit,1842922.0,2954460.0,Persons,thousands,"Both sexes, All age groups, Seasonally adjusted",1452.2833251953125,1160.1500244140625,1551.13330078125,292.1333312988281,2312.966552734375,98.88333129882812,Percentage,unit,"Both sexes, All age groups, Seasonally adjusted",60.06666564941406,64.6500015258789,7.166666507720947,Number,unit,Total of all violations-Actual incidents,32647.25
British Columbia,2013-10,"Index, 201612=100",units,93.46666666666668,99.3,95.36666666666667,Dollars,units,"Median total income,Both sexes,All age groups",2545.0,Dollars,unit,Average expenditure per household,676.5,941.17,9.58,557.08,1398.08,315.17,1574.08,6570.92,20.83,Persons,unit,1310204.0,1736867.0,Persons,thousands,"Both sexes, All age groups, Seasonally adjusted",1442.63330078125,1149.0999755859375,1540.2332763671875,293.5333251953125,2316.75,97.63333129882812,Percentage,unit,"Both sexes, All age groups, Seasonally adjusted",59.650001525878906,64.28333282470703,7.300000190734863,Number,unit,Total of all violations-Actual incidents,32647.25
British Columbia,2013-12,"Index, 201612=100",units,93.0,99.3,95.03333333333332,Dollars,units,"Median total income,Both sexes,All age groups",2545.0,Dollars,unit,Average expenditure per household,676.5,941.17,9.58,557.08,1398.08,315.17,1574.08,6570.92,20.83,Persons,unit,1334647.0,1798255.0,Persons,thousands,"Both sexes, All age groups, Seasonally adjusted",1446.1500244140625,1130.75,1546.8499755859375,315.4166564941406,2320.050048828125,100.69999694824219,Percentage,unit,"Both sexes, All age groups, Seasonally adjusted",59.61666488647461,64.36666870117188,7.5,Number,unit,Total of all violations-Actual incidents,32647.25
British Columbia,2013-06,"Index, 201612=100",units,93.86666666666667,99.36666666666667,95.66666666666667,Dollars,units,"Median total income,Both sexes,All age groups",2545.0,Dollars,unit,Average expenditure per household,676.5,941.17,9.58,557.08,1398.08,315.17,1574.08,6570.92,20.83,Persons,unit,1425319.0,2347898.0,Persons,thousands,"Both sexes, All age groups, Seasonally adjusted",1444.3333740234375,1156.86669921875,1541.449951171875,287.48333740234375,2308.533447265625,97.06666564941406,Percentage,unit,"Both sexes, All age groups, Seasonally adjusted",59.900001525878906,64.4000015258789,7.016666889190674,Number,unit,Total of all violations-Actual incidents,32647.25
British Columbia,2013-04,"Index, 201612=100",units,94.33333333333333,99.36666666666667,95.96666666666665,Dollars,units,"Median total income,Both sexes,All age groups",2545.0,Dollars,unit,Average expenditure per household,676.5,941.17,9.58,557.08,1398.08,315.17,1574.08,6570.92,20.83,Persons,unit,1402084.0,1833399.0,Persons,thousands,"Both sexes, All age groups, Seasonally adjusted",1447.3499755859375,1147.2667236328125,1544.816650390625,300.1000061035156,2304.0,97.46666717529297,Percentage,unit,"Both sexes, All age groups, Seasonally adjusted",59.93333435058594,64.44999694824219,7.099999904632568,Number,unit,Total of all violations-Actual incidents,32647.25
British Columbia,2013-03,"Index, 201612=100",units,94.23333333333333,99.36666666666667,95.89999999999999,Dollars,units,"Median total income,Both sexes,All age groups",2545.0,Dollars,unit,Average expenditure per household,676.5,941.17,9.58,557.08,1398.08,315.17,1574.08,6570.92,20.83,Persons,unit,1526169.0,1958161.0,Persons,thousands,"Both sexes, All age groups, Seasonally adjusted",1437.9832763671875,1138.9666748046875,1544.433349609375,299.0333251953125,2301.783447265625,106.43333435058594,Percentage,unit,"Both sexes, All age groups, Seasonally adjusted",59.63333511352539,64.69999694824219,7.766666889190674,Number,unit,Total of all violations-Actual incidents,32647.25
British Columbia,2013-09,"Index, 201612=100",units,93.7,99.3,95.53333333333332,Dollars,units,"Median total income,Both sexes,All age groups",2545.0,Dollars,unit,Average expenditure per household,676.5,941.17,9.58,557.08,1398.08,315.17,1574.08,6570.92,20.83,Persons,unit,1445344.0,2185906.0,Persons,thousands,"Both sexes, All age groups, Seasonally adjusted",1445.199951171875,1154.7332763671875,1542.11669921875,290.4666748046875,2315.0,96.9000015258789,Percentage,unit,"Both sexes, All age groups, Seasonally adjusted",59.91666793823242,64.31666564941406,6.883333206176758,Number,unit,Total of all violations-Actual incidents,32647.25
