province,REF_DATE,uom_houseindex,scalar_houseindex,avg_house_only,avg_land_only,avg_totalhouseland,uom_income,scalar_income,statistic_income,avg_income,uom_expenditure,scalar_expenditure,statistic_expenditure,avg_food_expenditures,avg_income_taxes,avg_mortageinsurance,avg_mortagePaid,avg_accomodation,avg_rent,avg_shelter,avg_total_expenditure,avg_taxes_landregfees,uom_tourist,scalar_tourist,avg_international_tourism,avg_domestic_tourism,uom_labourforce,scalar_labourforce,statistic_labourforce,avg_employment,avg_fulltime,avg_labourforce,avg_parttime,avg_population,avg_unemployment,uom_lfperc,scalar_lfperc,statistic_labourforceperc,avg_employment_rate,avg_participationrate,avg_unemploymentrate,uom_crime,scalar_crime,statistic_crime,avg_crime_incidents
Manitoba,2008-02,"Index, 201612=100",units,75.4,72.4,74.4,Dollars,units,"Median total income,Both sexes,All age groups",2327.5,,,,,,,,,,,,,Persons,unit,116361.0,162167.0,Persons,thousands,"Both sexes, All age groups, Seasonally adjusted",378.9166564941406,312.54998779296875,394.51666259765625,66.38333129882812,551.2333374023438,15.600000381469727,Percentage,unit,"Both sexes, All age groups, Seasonally adjusted",65.71666717529297,68.9000015258789,4.5,Number,unit,Total of all violations-Actual incidents,10682.75
Manitoba,2008-11,"Index, 201612=100",units,78.3,77.8,78.2,Dollars,units,"Median total income,Both sexes,All age groups",2327.5,,,,,,,,,,,,,Persons,unit,100796.0,147951.0,Persons,thousands,"Both sexes, All age groups, Seasonally adjusted",381.6499938964844,311.3166809082031,398.04998779296875,70.3499984741211,555.0,16.383333206176758,Percentage,unit,"Both sexes, All age groups, Seasonally adjusted",66.03333282470703,69.23332977294922,4.416666507720947,Number,unit,Total of all violations-Actual incidents,10682.75
Manitoba,2008-01,"Index, 201612=100",units,75.3,72.4,74.4,Dollars,units,"Median total income,Both sexes,All age groups",2327.5,,,,,,,,,,,,,Persons,unit,116680.0,167320.0,Persons,thousands,"Both sexes, All age groups, Seasonally adjusted",378.5,313.25,392.70001220703125,65.23332977294922,550.9000244140625,14.199999809265137,Percentage,unit,"Both sexes, All age groups, Seasonally adjusted",65.86666870117188,68.80000305175781,4.166666507720947,Number,unit,Total of all violations-Actual incidents,10682.75
Manitoba,2008-05,"Index, 201612=100",units,76.9,75.6,76.6,Dollars,units,"Median total income,Both sexes,All age groups",2327.5,,,,,,,,,,,,,Persons,unit,131335.0,200594.0,Persons,thousands,"Both sexes, All age groups, Seasonally adjusted",379.6499938964844,312.1000061035156,395.1333312988281,67.58333587646484,552.3833618164062,15.516666412353516,Percentage,unit,"Both sexes, All age groups, Seasonally adjusted",65.76667022705078,68.91666412353516,4.449999809265137,Number,unit,Total of all violations-Actual incidents,10682.75
Manitoba,2008-09,"Index, 201612=100",units,78.1,77.4,78.0,Dollars,units,"Median total income,Both sexes,All age groups",2327.5,,,,,,,,,,,,,Persons,unit,122696.0,186051.0,Persons,thousands,"Both sexes, All age groups, Seasonally adjusted",382.2166748046875,313.1499938964844,397.6666564941406,69.03333282470703,553.9833374023438,15.483333587646484,Percentage,unit,"Both sexes, All age groups, Seasonally adjusted",66.16666412353516,69.21666717529297,4.400000095367432,Number,unit,Total of all violations-Actual incidents,10682.75
Manitoba,2008-06,"Index, 201612=100",units,77.4,77.4,77.4,Dollars,units,"Median total income,Both sexes,All age groups",2327.5,,,,,,,,,,,,,Persons,unit,120918.0,204832.0,Persons,thousands,"Both sexes, All age groups, Seasonally adjusted",382.9333190917969,311.1833190917969,397.4333190917969,71.76667022705078,552.8833618164062,14.483333587646484,Percentage,unit,"Both sexes, All age groups, Seasonally adjusted",66.48332977294922,69.33333587646484,3.9666666984558105,Number,unit,Total of all violations-Actual incidents,10682.75
Manitoba,2008-10,"Index, 201612=100",units,78.3,77.8,78.2,Dollars,units,"Median total income,Both sexes,All age groups",2327.5,,,,,,,,,,,,,Persons,unit,115284.0,177354.0,Persons,thousands,"Both sexes, All age groups, Seasonally adjusted",380.8999938964844,313.7166748046875,396.20001220703125,67.16666412353516,554.5166625976562,15.316666603088379,Percentage,unit,"Both sexes, All age groups, Seasonally adjusted",65.94999694824219,68.98332977294922,4.300000190734863,Number,unit,Total of all violations-Actual incidents,10682.75
Manitoba,2008-08,"Index, 201612=100",units,77.8,77.4,77.7,Dollars,units,"Median total income,Both sexes,All age groups",2327.5,,,,,,,,,,,,,Persons,unit,215100.0,295896.0,Persons,thousands,"Both sexes, All age groups, Seasonally adjusted",380.0333251953125,313.8999938964844,394.9166564941406,66.13333129882812,553.5833129882812,14.850000381469727,Percentage,unit,"Both sexes, All age groups, Seasonally adjusted",65.80000305175781,68.69999694824219,4.133333206176758,Number,unit,Total of all violations-Actual incidents,10682.75
Manitoba,2008-03,"Index, 201612=100",units,76.1,73.2,75.2,Dollars,units,"Median total income,Both sexes,All age groups",2327.5,,,,,,,,,,,,,Persons,unit,132953.0,188364.0,Persons,thousands,"Both sexes, All age groups, Seasonally adjusted",379.6499938964844,312.8166809082031,396.3500061035156,66.86666870117188,551.433349609375,16.683332443237305,Percentage,unit,"Both sexes, All age groups, Seasonally adjusted",65.91666412353516,69.26667022705078,4.7166666984558105,Number,unit,Total of all violations-Actual incidents,10682.75
Manitoba,2008-07,"Index, 201612=100",units,77.6,77.4,77.6,Dollars,units,"Median total income,Both sexes,All age groups",2327.5,,,,,,,,,,,,,Persons,unit,172127.0,262617.0,Persons,thousands,"Both sexes, All age groups, Seasonally adjusted",382.23333740234375,313.4166564941406,397.26666259765625,68.78333282470703,553.2833251953125,15.033333778381348,Percentage,unit,"Both sexes, All age groups, Seasonally adjusted",66.19999694824219,69.19999694824219,4.366666793823242,Number,unit,Total of all violations-Actual incidents,10682.75
Manitoba,2008-12,"Index, 201612=100",units,78.3,77.8,78.2,Dollars,units,"Median total income,Both sexes,All age groups",2327.5,,,,,,,,,,,,,Persons,unit,83814.0,131156.0,Persons,thousands,"Both sexes, All age groups, Seasonally adjusted",381.9666748046875,313.2833251953125,399.0833435058594,68.66666412353516,555.4666748046875,17.116666793823242,Percentage,unit,"Both sexes, All age groups, Seasonally adjusted",66.03333282470703,69.38333129882812,4.816666603088379,Number,unit,Total of all violations-Actual incidents,10682.75
Manitoba,2008-04,"Index, 201612=100",units,76.6,71.9,75.2,Dollars,units,"Median total income,Both sexes,All age groups",2327.5,,,,,,,,,,,,,Persons,unit,162428.0,215007.0,Persons,thousands,"Both sexes, All age groups, Seasonally adjusted",383.8333435058594,311.7166748046875,399.3500061035156,72.0999984741211,551.9166870117188,15.533333778381348,Percentage,unit,"Both sexes, All age groups, Seasonally adjusted",66.69999694824219,69.86666870117188,4.416666507720947,Number,unit,Total of all violations-Actual incidents,10682.75
New Brunswick,1993-05,"Index, 201612=100",units,85.1,78.4,83.3,,,,,,,,,,,,,,,,,Persons,unit,820892.0,1019498.0,Persons,thousands,"Both sexes, All age groups, Seasonally adjusted",194.18333435058594,162.46665954589844,220.11666870117188,31.733333587646484,354.8833312988281,25.899999618530273,Percentage,unit,"Both sexes, All age groups, Seasonally adjusted",50.349998474121094,57.53333282470703,12.433333396911621,,,,
New Brunswick,1993-07,"Index, 201612=100",units,85.0,78.4,83.2,,,,,,,,,,,,,,,,,Persons,unit,831107.0,1155444.0,Persons,thousands,"Both sexes, All age groups, Seasonally adjusted",190.93333435058594,160.86666870117188,220.06666564941406,30.08333396911621,355.20001220703125,29.100000381469727,Percentage,unit,"Both sexes, All age groups, Seasonally adjusted",49.45000076293945,57.58333206176758,13.766666412353516,,,,
New Brunswick,1993-09,"Index, 201612=100",units,84.7,78.4,83.0,,,,,,,,,,,,,,,,,Persons,unit,638296.0,859460.0,Persons,thousands,"Both sexes, All age groups, Seasonally adjusted",187.21665954589844,157.1999969482422,215.98333740234375,30.0,355.6666564941406,28.733333587646484,Percentage,unit,"Both sexes, All age groups, Seasonally adjusted",48.20000076293945,56.16666793823242,14.050000190734863,,,,
New Brunswick,1993-04,"Index, 201612=100",units,85.3,78.7,83.6,,,,,,,,,,,,,,,,,Persons,unit,736841.0,901893.0,Persons,thousands,"Both sexes, All age groups, Seasonally adjusted",193.5,161.68333435058594,218.73333740234375,31.799999237060547,354.75,25.25,Percentage,unit,"Both sexes, All age groups, Seasonally adjusted",50.31666564941406,57.349998474121094,12.183333396911621,,,,
New Brunswick,1993-08,"Index, 201612=100",units,85.2,78.4,83.4,,,,,,,,,,,,,,,,,Persons,unit,804047.0,1101045.0,Persons,thousands,"Both sexes, All age groups, Seasonally adjusted",188.73333740234375,157.75,216.81666564941406,30.96666717529297,355.4333190917969,28.100000381469727,Percentage,unit,"Both sexes, All age groups, Seasonally adjusted",48.79999923706055,56.75,14.083333015441895,,,,
New Brunswick,1993-03,"Index, 201612=100",units,85.3,78.7,83.6,,,,,,,,,,,,,,,,,Persons,unit,670016.0,823204.0,Persons,thousands,"Both sexes, All age groups, Seasonally adjusted",192.85000610351562,161.3333282470703,219.81666564941406,31.483333587646484,354.6333312988281,27.0,Percentage,unit,"Both sexes, All age groups, Seasonally adjusted",50.20000076293945,57.66666793823242,12.883333206176758,,,,
New Brunswick,1993-11,"Index, 201612=100",units,85.0,78.4,83.1,,,,,,,,,,,,,,,,,Persons,unit,583399.0,742053.0,Persons,thousands,"Both sexes, All age groups, Seasonally adjusted",188.39999389648438,157.89999389648438,215.0833282470703,30.53333282470703,355.9166564941406,26.683332443237305,Percentage,unit,"Both sexes, All age groups, Seasonally adjusted",48.83333206176758,56.16666793823242,13.133333206176758,,,,
New Brunswick,1993-01,"Index, 201612=100",units,84.8,78.4,83.1,,,,,,,,,,,,,,,,,Persons,unit,600618.0,733639.0,Persons,thousands,"Both sexes, All age groups, Seasonally adjusted",191.13333129882812,159.96665954589844,216.0,31.200000762939453,354.3166809082031,24.850000381469727,Percentage,unit,"Both sexes, All age groups, Seasonally adjusted",49.599998474121094,56.66666793823242,12.066666603088379,,,,
New Brunswick,1993-02,"Index, 201612=100",units,85.0,78.7,83.3,,,,,,,,,,,,,,,,,Persons,unit,550279.0,687374.0,Persons,thousands,"Both sexes, All age groups, Seasonally adjusted",191.3333282470703,159.71665954589844,215.11666870117188,31.616666793823242,354.48333740234375,23.816667556762695,Percentage,unit,"Both sexes, All age groups, Seasonally adjusted",49.81666564941406,56.41666793823242,11.300000190734863,,,,
New Brunswick,1993-06,"Index, 201612=100",units,85.1,78.4,83.3,,,,,,,,,,,,,,,,,Persons,unit,831145.0,1058259.0,Persons,thousands,"Both sexes, All age groups, Seasonally adjusted",193.60000610351562,162.86666870117188,219.8333282470703,30.733333587646484,355.04998779296875,26.266666412353516,Percentage,unit,"Both sexes, All age groups, Seasonally adjusted",50.18333435058594,57.58333206176758,12.533333778381348,,,,
New Brunswick,1993-10,"Index, 201612=100",units,84.7,78.4,83.0,,,,,,,,,,,,,,,,,Persons,unit,639533.0,829875.0,Persons,thousands,"Both sexes, All age groups, Seasonally adjusted",188.46665954589844,158.06666564941406,216.35000610351562,30.383333206176758,355.8333435058594,27.866666793823242,Percentage,unit,"Both sexes, All age groups, Seasonally adjusted",48.66666793823242,56.33333206176758,13.816666603088379,,,,
New Brunswick,1993-12,"Index, 201612=100",units,85.0,78.4,83.1,,,,,,,,,,,,,,,,,Persons,unit,572660.0,730596.0,Persons,thousands,"Both sexes, All age groups, Seasonally adjusted",186.5833282470703,157.21665954589844,215.01666259765625,29.433332443237305,356.0,28.433332443237305,Percentage,unit,"Both sexes, All age groups, Seasonally adjusted",48.266666412353516,56.03333282470703,13.583333015441895,,,,
Prairie Region,2013-05,"Index, 201612=100",units,97.5,95.3,96.7,,,,,Dollars,unit,Average expenditure per household,714.67,1541.58,12.67,462.0,1289.33,271.75,1462.92,7660.25,4.0,,,,,,,,,,,,,,,,,,,,,,,
Prairie Region,2013-02,"Index, 201612=100",units,96.4,94.8,95.8,,,,,Dollars,unit,Average expenditure per household,714.67,1541.58,12.67,462.0,1289.33,271.75,1462.92,7660.25,4.0,,,,,,,,,,,,,,,,,,,,,,,
Prairie Region,2013-09,"Index, 201612=100",units,98.5,95.9,97.6,,,,,Dollars,unit,Average expenditure per household,714.67,1541.58,12.67,462.0,1289.33,271.75,1462.92,7660.25,4.0,,,,,,,,,,,,,,,,,,,,,,,
Prairie Region,2013-11,"Index, 201612=100",units,98.7,96.1,97.8,,,,,Dollars,unit,Average expenditure per household,714.67,1541.58,12.67,462.0,1289.33,271.75,1462.92,7660.25,4.0,,,,,,,,,,,,,,,,,,,,,,,
Prairie Region,2013-03,"Index, 201612=100",units,96.7,94.9,96.1,,,,,Dollars,unit,Average expenditure per household,714.67,1541.58,12.67,462.0,1289.33,271.75,1462.92,7660.25,4.0,,,,,,,,,,,,,,,,,,,,,,,
Prairie Region,2013-06,"Index, 201612=100",units,97.8,95.6,97.0,,,,,Dollars,unit,Average expenditure per household,714.67,1541.58,12.67,462.0,1289.33,271.75,1462.92,7660.25,4.0,,,,,,,,,,,,,,,,,,,,,,,
Prairie Region,2013-12,"Index, 201612=100",units,98.8,96.1,97.8,,,,,Dollars,unit,Average expenditure per household,714.67,1541.58,12.67,462.0,1289.33,271.75,1462.92,7660.25,4.0,,,,,,,,,,,,,,,,,,,,,,,
Prairie Region,2013-07,"Index, 201612=100",units,98.0,95.7,97.2,,,,,Dollars,unit,Average expenditure per household,714.67,1541.58,12.67,462.0,1289.33,271.75,1462.92,7660.25,4.0,,,,,,,,,,,,,,,,,,,,,,,
Prairie Region,2013-04,"Index, 201612=100",units,97.1,95.1,96.4,,,,,Dollars,unit,Average expenditure per household,714.67,1541.58,12.67,462.0,1289.33,271.75,1462.92,7660.25,4.0,,,,,,,,,,,,,,,,,,,,,,,
Prairie Region,2013-08,"Index, 201612=100",units,98.4,95.9,97.6,,,,,Dollars,unit,Average expenditure per household,714.67,1541.58,12.67,462.0,1289.33,271.75,1462.92,7660.25,4.0,,,,,,,,,,,,,,,,,,,,,,,
Prairie Region,2013-01,"Index, 201612=100",units,95.9,94.5,95.4,,,,,Dollars,unit,Average expenditure per household,714.67,1541.58,12.67,462.0,1289.33,271.75,1462.92,7660.25,4.0,,,,,,,,,,,,,,,,,,,,,,,
Prairie Region,2013-10,"Index, 201612=100",units,98.6,95.9,97.7,,,,,Dollars,unit,Average expenditure per household,714.67,1541.58,12.67,462.0,1289.33,271.75,1462.92,7660.25,4.0,,,,,,,,,,,,,,,,,,,,,,,
