province,REF_DATE,uom_houseindex,scalar_houseindex,avg_house_only,avg_land_only,avg_totalhouseland,uom_income,scalar_income,statistic_income,avg_income,uom_expenditure,scalar_expenditure,statistic_expenditure,avg_food_expenditures,avg_income_taxes,avg_mortageinsurance,avg_mortagePaid,avg_accomodation,avg_rent,avg_shelter,avg_total_expenditure,avg_taxes_landregfees,uom_tourist,scalar_tourist,avg_international_tourism,avg_domestic_tourism,uom_labourforce,scalar_labourforce,statistic_labourforce,avg_employment,avg_fulltime,avg_labourforce,avg_parttime,avg_population,avg_unemployment,uom_lfperc,scalar_lfperc,statistic_labourforceperc,avg_employment_rate,avg_participationrate,avg_unemploymentrate,uom_crime,scalar_crime,statistic_crime,avg_crime_incidents
Alberta,1981-04,"Index, 201612=100",units,33.5,26.35,31.4,,,,,,,,,,,,,,,,,Persons,unit,92210.0,130096.0,Persons,thousands,"Both sexes, All age groups, Seasonally adjusted",724.7333374023438,630.6666870117188,750.4666748046875,94.06666564941406,1017.9166870117188,25.71666717529297,Percentage,unit,"Both sexes, All age groups, Seasonally adjusted",66.91666412353516,69.4000015258789,3.433333396911621,,,,
Alberta,1981-09,"Index, 201612=100",units,34.75,26.85,32.45,,,,,,,,,,,,,,,,,Persons,unit,65632.0,132939.0,Persons,thousands,"Both sexes, All age groups, Seasonally adjusted",737.433349609375,637.816650390625,764.5999755859375,99.61666870117188,1039.9832763671875,27.183332443237305,Percentage,unit,"Both sexes, All age groups, Seasonally adjusted",66.66666412353516,69.25,3.566666603088379,,,,
Alberta,1981-07,"Index, 201612=100",units,34.5,26.8,32.25,,,,,,,,,,,,,,,,,Persons,unit,91905.0,228551.0,Persons,thousands,"Both sexes, All age groups, Seasonally adjusted",732.2333374023438,633.4166870117188,756.5833129882812,98.83333587646484,1030.800048828125,24.299999237060547,Percentage,unit,"Both sexes, All age groups, Seasonally adjusted",66.75,69.06666564941406,3.2666666507720947,,,,
Alberta,1981-03,"Index, 201612=100",units,32.7,26.25,30.950000000000003,,,,,,,,,,,,,,,,,Persons,unit,91759.0,130608.0,Persons,thousands,"Both sexes, All age groups, Seasonally adjusted",716.5166625976562,625.566650390625,744.8833618164062,90.94999694824219,1014.6500244140625,28.399999618530273,Percentage,unit,"Both sexes, All age groups, Seasonally adjusted",66.44999694824219,69.18333435058594,3.75,,,,
Alberta,1981-01,"Index, 201612=100",units,32.15,26.05,30.549999999999997,,,,,,,,,,,,,,,,,Persons,unit,86671.0,117232.0,Persons,thousands,"Both sexes, All age groups, Seasonally adjusted",707.6166381835938,616.7666625976562,734.7166748046875,90.88333129882812,1006.5166625976562,27.100000381469727,Percentage,unit,"Both sexes, All age groups, Seasonally adjusted",66.06666564941406,68.75,3.75,,,,
Alberta,1981-11,"Index, 201612=100",units,35.05,26.7,32.55,,,,,,,,,,,,,,,,,Persons,unit,50399.0,79348.0,Persons,thousands,"Both sexes, All age groups, Seasonally adjusted",733.0333251953125,632.8833618164062,768.8666381835938,100.13333129882812,1046.7332763671875,35.81666564941406,Percentage,unit,"Both sexes, All age groups, Seasonally adjusted",65.81666564941406,69.1500015258789,4.583333492279053,,,,
Alberta,1981-05,"Index, 201612=100",units,34.150000000000006,26.700000000000003,32.0,,,,,,,,,,,,,,,,,Persons,unit,72203.0,125179.0,Persons,thousands,"Both sexes, All age groups, Seasonally adjusted",728.9500122070312,633.0166625976562,753.2000122070312,95.94999694824219,1021.566650390625,24.25,Percentage,unit,"Both sexes, All age groups, Seasonally adjusted",67.18333435058594,69.5,3.2166666984558105,,,,
Alberta,1981-12,"Index, 201612=100",units,35.1,26.799999999999997,32.650000000000006,,,,,,,,,,,,,,,,,Persons,unit,51358.0,84566.0,Persons,thousands,"Both sexes, All age groups, Seasonally adjusted",733.2166748046875,633.7833251953125,767.566650390625,99.43333435058594,1049.75,34.36666488647461,Percentage,unit,"Both sexes, All age groups, Seasonally adjusted",65.6500015258789,68.76667022705078,4.25,,,,
Alberta,1981-06,"Index, 201612=100",units,34.5,26.8,32.25,,,,,,,,,,,,,,,,,Persons,unit,60049.0,150326.0,Persons,thousands,"Both sexes, All age groups, Seasonally adjusted",730.933349609375,634.0333251953125,755.1666870117188,96.9000015258789,1026.75,24.25,Percentage,unit,"Both sexes, All age groups, Seasonally adjusted",67.03333282470703,69.3499984741211,3.200000047683716,,,,
Alberta,1981-08,"Index, 201612=100",units,34.75,26.8,32.400000000000006,,,,,,,,,,,,,,,,,Persons,unit,99602.0,211255.0,Persons,thousands,"Both sexes, All age groups, Seasonally adjusted",734.183349609375,630.933349609375,758.0166625976562,103.28333282470703,1034.949951171875,23.83333396911621,Percentage,unit,"Both sexes, All age groups, Seasonally adjusted",66.71666717529297,68.94999694824219,3.116666555404663,,,,
Alberta,1981-02,"Index, 201612=100",units,32.45,26.25,30.8,,,,,,,,,,,,,,,,,Persons,unit,74442.0,107022.0,Persons,thousands,"Both sexes, All age groups, Seasonally adjusted",714.6333618164062,621.2000122070312,742.433349609375,93.43333435058594,1011.1333618164062,27.78333282470703,Percentage,unit,"Both sexes, All age groups, Seasonally adjusted",66.44999694824219,69.16666412353516,3.75,,,,
Alberta,1981-10,"Index, 201612=100",units,34.8,26.85,32.5,,,,,,,,,,,,,,,,,Persons,unit,61013.0,98730.0,Persons,thousands,"Both sexes, All age groups, Seasonally adjusted",734.933349609375,634.683349609375,765.4833374023438,100.28333282470703,1043.550048828125,30.549999237060547,Percentage,unit,"Both sexes, All age groups, Seasonally adjusted",66.16666412353516,69.01667022705078,3.9166667461395264,,,,
New Brunswick,1989-02,"Index, 201612=100",units,84.0,70.5,80.6,,,,,,,,,,,,,,,,,Persons,unit,488001.0,639060.0,Persons,thousands,"Both sexes, All age groups, Seasonally adjusted",187.28334045410156,159.01666259765625,212.31666564941406,28.28333282470703,340.6666564941406,25.0,Percentage,unit,"Both sexes, All age groups, Seasonally adjusted",51.099998474121094,58.233333587646484,11.949999809265137,,,,
New Brunswick,1989-11,"Index, 201612=100",units,83.8,72.5,80.9,,,,,,,,,,,,,,,,,Persons,unit,635008.0,823833.0,Persons,thousands,"Both sexes, All age groups, Seasonally adjusted",188.78334045410156,160.01666259765625,214.10000610351562,28.78333282470703,343.6666564941406,25.316667556762695,Percentage,unit,"Both sexes, All age groups, Seasonally adjusted",50.93333435058594,58.25,12.233333587646484,,,,
New Brunswick,1989-04,"Index, 201612=100",units,84.1,70.5,80.7,,,,,,,,,,,,,,,,,Persons,unit,595713.0,775166.0,Persons,thousands,"Both sexes, All age groups, Seasonally adjusted",187.89999389648438,158.23333740234375,212.10000610351562,29.683332443237305,341.29998779296875,24.200000762939453,Percentage,unit,"Both sexes, All age groups, Seasonally adjusted",51.099998474121094,58.16666793823242,12.149999618530273,,,,
New Brunswick,1989-09,"Index, 201612=100",units,83.8,72.5,80.9,,,,,,,,,,,,,,,,,Persons,unit,730124.0,1000288.0,Persons,thousands,"Both sexes, All age groups, Seasonally adjusted",187.48333740234375,160.26666259765625,210.8000030517578,27.21666717529297,343.0333251953125,23.316667556762695,Percentage,unit,"Both sexes, All age groups, Seasonally adjusted",50.58333206176758,57.38333511352539,11.433333396911621,,,,
New Brunswick,1989-06,"Index, 201612=100",units,84.1,71.7,80.9,,,,,,,,,,,,,,,,,Persons,unit,732616.0,991371.0,Persons,thousands,"Both sexes, All age groups, Seasonally adjusted",188.56666564941406,160.23333740234375,214.38333129882812,28.33333396911621,342.1000061035156,25.83333396911621,Percentage,unit,"Both sexes, All age groups, Seasonally adjusted",51.33333206176758,58.849998474121094,12.433333396911621,,,,
New Brunswick,1989-10,"Index, 201612=100",units,83.8,72.5,80.9,,,,,,,,,,,,,,,,,Persons,unit,725565.0,958553.0,Persons,thousands,"Both sexes, All age groups, Seasonally adjusted",188.06666564941406,160.78334045410156,211.5500030517578,27.28333282470703,343.3333435058594,23.5,Percentage,unit,"Both sexes, All age groups, Seasonally adjusted",50.81666564941406,57.66666793823242,11.616666793823242,,,,
New Brunswick,1989-07,"Index, 201612=100",units,84.1,71.7,80.9,,,,,,,,,,,,,,,,,Persons,unit,904021.0,1292202.0,Persons,thousands,"Both sexes, All age groups, Seasonally adjusted",186.68333435058594,159.06666564941406,212.61666870117188,27.616666793823242,342.3999938964844,25.933332443237305,Percentage,unit,"Both sexes, All age groups, Seasonally adjusted",50.75,58.20000076293945,12.316666603088379,,,,
New Brunswick,1989-01,"Index, 201612=100",units,82.1,68.1,78.6,,,,,,,,,,,,,,,,,Persons,unit,513276.0,677804.0,Persons,thousands,"Both sexes, All age groups, Seasonally adjusted",186.4499969482422,158.5500030517578,210.60000610351562,27.91666603088379,340.3333435058594,24.149999618530273,Percentage,unit,"Both sexes, All age groups, Seasonally adjusted",50.900001525878906,57.79999923706055,11.616666793823242,,,,
New Brunswick,1989-12,"Index, 201612=100",units,83.8,72.5,80.9,,,,,,,,,,,,,,,,,Persons,unit,651551.0,844722.0,Persons,thousands,"Both sexes, All age groups, Seasonally adjusted",189.06666564941406,160.71665954589844,216.1999969482422,28.350000381469727,344.0833435058594,27.133333206176758,Percentage,unit,"Both sexes, All age groups, Seasonally adjusted",50.900001525878906,58.70000076293945,12.949999809265137,,,,
New Brunswick,1989-03,"Index, 201612=100",units,84.0,70.5,80.6,,,,,,,,,,,,,,,,,Persons,unit,633559.0,807800.0,Persons,thousands,"Both sexes, All age groups, Seasonally adjusted",187.31666564941406,158.36666870117188,210.6666717529297,28.91666603088379,340.9333190917969,23.399999618530273,Percentage,unit,"Both sexes, All age groups, Seasonally adjusted",51.04999923706055,57.766666412353516,11.350000381469727,,,,
New Brunswick,1989-08,"Index, 201612=100",units,83.8,72.5,80.9,,,,,,,,,,,,,,,,,Persons,unit,863594.0,1208079.0,Persons,thousands,"Both sexes, All age groups, Seasonally adjusted",186.78334045410156,159.35000610351562,211.9499969482422,27.41666603088379,342.75,25.16666603088379,Percentage,unit,"Both sexes, All age groups, Seasonally adjusted",50.66666793823242,57.849998474121094,11.583333015441895,,,,
New Brunswick,1989-05,"Index, 201612=100",units,84.1,70.5,80.7,,,,,,,,,,,,,,,,,Persons,unit,691031.0,903095.0,Persons,thousands,"Both sexes, All age groups, Seasonally adjusted",187.85000610351562,158.96665954589844,212.26666259765625,28.899999618530273,341.6666564941406,24.399999618530273,Percentage,unit,"Both sexes, All age groups, Seasonally adjusted",51.08333206176758,58.11666488647461,11.766666412353516,,,,
Newfoundland and Labrador,2012-05,"Index, 201612=100",units,97.6,95.0,97.0,Dollars,units,"Median total income,Both sexes,All age groups",2381.67,Dollars,unit,Average expenditure per household,652.5,983.25,7.17,301.08,882.0,157.42,1020.58,5849.42,1.58,Persons,unit,5487.0,18246.0,Persons,thousands,"Both sexes, All age groups, Seasonally adjusted",153.61666870117188,134.6999969482422,174.43333435058594,18.91666603088379,271.0333251953125,20.799999237060547,Percentage,unit,"Both sexes, All age groups, Seasonally adjusted",54.33333206176758,62.36666488647461,13.183333396911621,Number,unit,Total of all violations-Actual incidents,3002.0
Newfoundland and Labrador,2012-03,"Index, 201612=100",units,97.5,94.8,96.8,Dollars,units,"Median total income,Both sexes,All age groups",2381.67,Dollars,unit,Average expenditure per household,652.5,983.25,7.17,301.08,882.0,157.42,1020.58,5849.42,1.58,Persons,unit,6283.0,14664.0,Persons,thousands,"Both sexes, All age groups, Seasonally adjusted",152.6999969482422,132.89999389648438,173.81666564941406,19.78333282470703,270.9666748046875,21.116666793823242,Percentage,unit,"Both sexes, All age groups, Seasonally adjusted",54.16666793823242,62.266666412353516,13.166666984558105,Number,unit,Total of all violations-Actual incidents,3002.0
Newfoundland and Labrador,2012-10,"Index, 201612=100",units,98.1,95.6,97.5,Dollars,units,"Median total income,Both sexes,All age groups",2381.67,Dollars,unit,Average expenditure per household,652.5,983.25,7.17,301.08,882.0,157.42,1020.58,5849.42,1.58,Persons,unit,2570.0,10643.0,Persons,thousands,"Both sexes, All age groups, Seasonally adjusted",155.3000030517578,135.21665954589844,176.5500030517578,20.08333396911621,271.75,21.28333282470703,Percentage,unit,"Both sexes, All age groups, Seasonally adjusted",55.29999923706055,63.54999923706055,13.283333778381348,Number,unit,Total of all violations-Actual incidents,3002.0
Newfoundland and Labrador,2012-01,"Index, 201612=100",units,97.0,94.7,96.5,Dollars,units,"Median total income,Both sexes,All age groups",2381.67,Dollars,unit,Average expenditure per household,652.5,983.25,7.17,301.08,882.0,157.42,1020.58,5849.42,1.58,Persons,unit,896.0,7275.0,Persons,thousands,"Both sexes, All age groups, Seasonally adjusted",151.23333740234375,132.48333740234375,173.46665954589844,18.75,271.1000061035156,22.233333587646484,Percentage,unit,"Both sexes, All age groups, Seasonally adjusted",53.233333587646484,61.66666793823242,14.033333778381348,Number,unit,Total of all violations-Actual incidents,3002.0
Newfoundland and Labrador,2012-12,"Index, 201612=100",units,98.1,95.6,97.5,Dollars,units,"Median total income,Both sexes,All age groups",2381.67,Dollars,unit,Average expenditure per household,652.5,983.25,7.17,301.08,882.0,157.42,1020.58,5849.42,1.58,Persons,unit,1646.0,7188.0,Persons,thousands,"Both sexes, All age groups, Seasonally adjusted",157.36666870117188,136.3333282470703,177.39999389648438,21.03333282470703,271.9666748046875,20.03333282470703,Percentage,unit,"Both sexes, All age groups, Seasonally adjusted",55.93333435058594,63.43333435058594,12.116666793823242,Number,unit,Total of all violations-Actual incidents,3002.0
Newfoundland and Labrador,2012-04,"Index, 201612=100",units,97.4,94.8,96.8,Dollars,units,"Median total income,Both sexes,All age groups",2381.67,Dollars,unit,Average expenditure per household,652.5,983.25,7.17,301.08,882.0,157.42,1020.58,5849.42,1.58,Persons,unit,8402.0,16367.0,Persons,thousands,"Both sexes, All age groups, Seasonally adjusted",154.78334045410156,135.63333129882812,175.28334045410156,19.183332443237305,270.8999938964844,20.5,Percentage,unit,"Both sexes, All age groups, Seasonally adjusted",55.06666564941406,63.03333282470703,12.766666412353516,Number,unit,Total of all violations-Actual incidents,3002.0
Newfoundland and Labrador,2012-09,"Index, 201612=100",units,98.1,95.6,97.5,Dollars,units,"Median total income,Both sexes,All age groups",2381.67,Dollars,unit,Average expenditure per household,652.5,983.25,7.17,301.08,882.0,157.42,1020.58,5849.42,1.58,Persons,unit,4898.0,27993.0,Persons,thousands,"Both sexes, All age groups, Seasonally adjusted",154.06666564941406,134.93333435058594,175.8333282470703,19.149999618530273,271.5666809082031,21.766666412353516,Percentage,unit,"Both sexes, All age groups, Seasonally adjusted",54.53333282470703,62.983333587646484,13.616666793823242,Number,unit,Total of all violations-Actual incidents,3002.0
Newfoundland and Labrador,2012-11,"Index, 201612=100",units,98.1,95.6,97.5,Dollars,units,"Median total income,Both sexes,All age groups",2381.67,Dollars,unit,Average expenditure per household,652.5,983.25,7.17,301.08,882.0,157.42,1020.58,5849.42,1.58,Persons,unit,1922.0,7979.0,Persons,thousands,"Both sexes, All age groups, Seasonally adjusted",155.93333435058594,136.3333282470703,177.1666717529297,19.616666793823242,271.8666687011719,21.25,Percentage,unit,"Both sexes, All age groups, Seasonally adjusted",55.45000076293945,63.41666793823242,12.966666221618652,Number,unit,Total of all violations-Actual incidents,3002.0
Newfoundland and Labrador,2012-06,"Index, 201612=100",units,97.6,95.3,97.1,Dollars,units,"Median total income,Both sexes,All age groups",2381.67,Dollars,unit,Average expenditure per household,652.5,983.25,7.17,301.08,882.0,157.42,1020.58,5849.42,1.58,Persons,unit,4420.0,16472.0,Persons,thousands,"Both sexes, All age groups, Seasonally adjusted",154.31666564941406,134.28334045410156,176.13333129882812,20.066667556762695,271.1666564941406,21.816667556762695,Percentage,unit,"Both sexes, All age groups, Seasonally adjusted",54.733333587646484,63.08333206176758,13.550000190734863,Number,unit,Total of all violations-Actual incidents,3002.0
Newfoundland and Labrador,2012-02,"Index, 201612=100",units,97.0,94.7,96.5,Dollars,units,"Median total income,Both sexes,All age groups",2381.67,Dollars,unit,Average expenditure per household,652.5,983.25,7.17,301.08,882.0,157.42,1020.58,5849.42,1.58,Persons,unit,1093.0,6277.0,Persons,thousands,"Both sexes, All age groups, Seasonally adjusted",152.01666259765625,132.48333740234375,173.73333740234375,19.53333282470703,271.04998779296875,21.700000762939453,Percentage,unit,"Both sexes, All age groups, Seasonally adjusted",53.66666793823242,61.849998474121094,13.583333015441895,Number,unit,Total of all violations-Actual incidents,3002.0
Newfoundland and Labrador,2012-08,"Index, 201612=100",units,98.4,95.6,97.7,Dollars,units,"Median total income,Both sexes,All age groups",2381.67,Dollars,unit,Average expenditure per household,652.5,983.25,7.17,301.08,882.0,157.42,1020.58,5849.42,1.58,Persons,unit,6629.0,20016.0,Persons,thousands,"Both sexes, All age groups, Seasonally adjusted",154.28334045410156,134.21665954589844,176.06666564941406,20.08333396911621,271.4666748046875,21.75,Percentage,unit,"Both sexes, All age groups, Seasonally adjusted",54.41666793823242,63.0,13.699999809265137,Number,unit,Total of all violations-Actual incidents,3002.0
Newfoundland and Labrador,2012-07,"Index, 201612=100",units,98.3,95.6,97.7,Dollars,units,"Median total income,Both sexes,All age groups",2381.67,Dollars,unit,Average expenditure per household,652.5,983.25,7.17,301.08,882.0,157.42,1020.58,5849.42,1.58,Persons,unit,6946.0,20486.0,Persons,thousands,"Both sexes, All age groups, Seasonally adjusted",153.78334045410156,133.9166717529297,175.3000030517578,19.866666793823242,271.3500061035156,21.5,Percentage,unit,"Both sexes, All age groups, Seasonally adjusted",54.38333511352539,62.56666564941406,13.316666603088379,Number,unit,Total of all violations-Actual incidents,3002.0
Quebec,1992-05,"Index, 201612=100",units,57.1,50.699999999999996,54.93333333333334,,,,,,,,,,,,,,,,,Persons,unit,887885.0,1231909.0,Persons,thousands,"Both sexes, All age groups, Seasonally adjusted",1937.3333740234375,1625.0999755859375,2208.85009765625,312.23333740234375,3425.7333984375,271.5,Percentage,unit,"Both sexes, All age groups, Seasonally adjusted",52.16666793823242,59.849998474121094,12.75,,,,
Quebec,1992-01,"Index, 201612=100",units,56.73333333333333,49.9,54.43333333333333,,,,,,,,,,,,,,,,,Persons,unit,786434.0,1008223.0,Persons,thousands,"Both sexes, All age groups, Seasonally adjusted",1953.4666748046875,1635.7667236328125,2210.39990234375,317.7166748046875,3417.5166015625,256.9166564941406,Percentage,unit,"Both sexes, All age groups, Seasonally adjusted",52.71666717529297,60.11666488647461,12.183333396911621,,,,
Quebec,1992-11,"Index, 201612=100",units,56.43333333333334,51.26666666666667,54.53333333333334,,,,,,,,,,,,,,,,,Persons,unit,645266.0,893172.0,Persons,thousands,"Both sexes, All age groups, Seasonally adjusted",1925.8333740234375,1624.9166259765625,2240.0,300.8999938964844,3441.466552734375,314.1499938964844,Percentage,unit,"Both sexes, All age groups, Seasonally adjusted",51.349998474121094,60.16666793823242,14.466666221618652,,,,
Quebec,1992-03,"Index, 201612=100",units,56.70000000000001,50.36666666666667,54.56666666666666,,,,,,,,,,,,,,,,,Persons,unit,825142.0,1063250.0,Persons,thousands,"Both sexes, All age groups, Seasonally adjusted",1943.566650390625,1638.066650390625,2215.38330078125,305.51666259765625,3422.333251953125,271.79998779296875,Percentage,unit,"Both sexes, All age groups, Seasonally adjusted",52.41666793823242,60.150001525878906,12.766666412353516,,,,
Quebec,1992-06,"Index, 201612=100",units,57.06666666666666,50.73333333333333,54.93333333333334,,,,,,,,,,,,,,,,,Persons,unit,895153.0,1298639.0,Persons,thousands,"Both sexes, All age groups, Seasonally adjusted",1933.8499755859375,1624.7332763671875,2212.35009765625,309.1166687011719,3428.800048828125,278.51666259765625,Percentage,unit,"Both sexes, All age groups, Seasonally adjusted",51.95000076293945,59.79999923706055,13.050000190734863,,,,
Quebec,1992-07,"Index, 201612=100",units,56.96666666666667,50.666666666666664,54.833333333333336,,,,,,,,,,,,,,,,,Persons,unit,1458800.0,1994240.0,Persons,thousands,"Both sexes, All age groups, Seasonally adjusted",1942.86669921875,1629.11669921875,2228.466552734375,313.7166748046875,3431.416748046875,285.6000061035156,Percentage,unit,"Both sexes, All age groups, Seasonally adjusted",52.06666564941406,60.25,13.466666221618652,,,,
Quebec,1992-04,"Index, 201612=100",units,56.800000000000004,50.4,54.63333333333333,,,,,,,,,,,,,,,,,Persons,unit,808470.0,1083095.0,Persons,thousands,"Both sexes, All age groups, Seasonally adjusted",1945.8499755859375,1631.4666748046875,2207.566650390625,314.3500061035156,3424.050048828125,261.7166748046875,Percentage,unit,"Both sexes, All age groups, Seasonally adjusted",52.46666717529297,59.86666488647461,12.350000381469727,,,,
Quebec,1992-08,"Index, 201612=100",units,56.6,51.36666666666667,54.73333333333333,,,,,,,,,,,,,,,,,Persons,unit,1461904.0,2020782.0,Persons,thousands,"Both sexes, All age groups, Seasonally adjusted",1930.8499755859375,1610.550048828125,2221.033447265625,320.2833251953125,3434.13330078125,290.1833190917969,Percentage,unit,"Both sexes, All age groups, Seasonally adjusted",51.71666717529297,59.96666717529297,13.816666603088379,,,,
Quebec,1992-10,"Index, 201612=100",units,56.46666666666666,51.23333333333333,54.6,,,,,,,,,,,,,,,,,Persons,unit,780232.0,1125226.0,Persons,thousands,"Both sexes, All age groups, Seasonally adjusted",1945.61669921875,1636.75,2220.85009765625,308.8333435058594,3439.416748046875,275.23333740234375,Percentage,unit,"Both sexes, All age groups, Seasonally adjusted",52.04999923706055,59.61666488647461,12.616666793823242,,,,
Quebec,1992-09,"Index, 201612=100",units,56.46666666666667,51.199999999999996,54.63333333333333,,,,,,,,,,,,,,,,,Persons,unit,912907.0,1329454.0,Persons,thousands,"Both sexes, All age groups, Seasonally adjusted",1941.699951171875,1623.63330078125,2223.5166015625,318.04998779296875,3437.14990234375,281.8666687011719,Percentage,unit,"Both sexes, All age groups, Seasonally adjusted",52.06666564941406,59.900001525878906,12.966666221618652,,,,
Quebec,1992-12,"Index, 201612=100",units,56.333333333333336,51.26666666666667,54.5,,,,,,,,,,,,,,,,,Persons,unit,579137.0,851583.0,Persons,thousands,"Both sexes, All age groups, Seasonally adjusted",1934.61669921875,1623.9832763671875,2228.916748046875,310.6499938964844,3443.61669921875,294.29998779296875,Percentage,unit,"Both sexes, All age groups, Seasonally adjusted",51.56666564941406,59.93333435058594,13.75,,,,
Quebec,1992-02,"Index, 201612=100",units,56.666666666666664,50.366666666666674,54.53333333333333,,,,,,,,,,,,,,,,,Persons,unit,679847.0,922806.0,Persons,thousands,"Both sexes, All age groups, Seasonally adjusted",1948.9832763671875,1641.816650390625,2209.85009765625,307.1666564941406,3419.283447265625,260.8999938964844,Percentage,unit,"Both sexes, All age groups, Seasonally adjusted",52.516666412353516,60.0,12.416666984558105,,,,
Saskatchewan,1992-10,"Index, 201612=100",units,34.43333333333333,34.36666666666667,34.300000000000004,,,,,,,,,,,,,,,,,Persons,unit,59038.0,77767.0,Persons,thousands,"Both sexes, All age groups, Seasonally adjusted",283.23333740234375,220.10000610351562,309.20001220703125,63.150001525878906,443.8666687011719,25.96666717529297,Percentage,unit,"Both sexes, All age groups, Seasonally adjusted",60.233333587646484,66.06666564941406,8.433333396911621,,,,
Saskatchewan,1992-06,"Index, 201612=100",units,34.233333333333334,34.300000000000004,34.13333333333333,,,,,,,,,,,,,,,,,Persons,unit,72224.0,103121.0,Persons,thousands,"Both sexes, All age groups, Seasonally adjusted",280.7833251953125,221.01666259765625,305.01666259765625,59.79999923706055,444.3166809082031,24.21666717529297,Percentage,unit,"Both sexes, All age groups, Seasonally adjusted",59.53333282470703,65.23332977294922,8.333333015441895,,,,
Saskatchewan,1992-02,"Index, 201612=100",units,33.76666666666667,32.9,33.46666666666667,,,,,,,,,,,,,,,,,Persons,unit,74300.0,90186.0,Persons,thousands,"Both sexes, All age groups, Seasonally adjusted",287.5333251953125,221.18333435058594,308.4666748046875,66.33333587646484,443.73333740234375,20.950000762939453,Percentage,unit,"Both sexes, All age groups, Seasonally adjusted",61.29999923706055,66.05000305175781,6.900000095367432,,,,
Saskatchewan,1992-03,"Index, 201612=100",units,33.800000000000004,33.03333333333333,33.53333333333333,,,,,,,,,,,,,,,,,Persons,unit,74827.0,91534.0,Persons,thousands,"Both sexes, All age groups, Seasonally adjusted",285.1833190917969,220.85000610351562,307.3333435058594,64.36666870117188,444.0833435058594,22.116666793823242,Percentage,unit,"Both sexes, All age groups, Seasonally adjusted",60.68333435058594,65.83333587646484,7.550000190734863,,,,
Saskatchewan,1992-08,"Index, 201612=100",units,34.26666666666667,34.36666666666667,34.2,,,,,,,,,,,,,,,,,Persons,unit,117662.0,149843.0,Persons,thousands,"Both sexes, All age groups, Seasonally adjusted",282.8999938964844,218.86666870117188,307.26666259765625,64.0,443.95001220703125,24.366666793823242,Percentage,unit,"Both sexes, All age groups, Seasonally adjusted",60.13333511352539,65.76667022705078,8.216666221618652,,,,
Saskatchewan,1992-04,"Index, 201612=100",units,33.93333333333333,34.1,33.86666666666667,,,,,,,,,,,,,,,,,Persons,unit,82965.0,99772.0,Persons,thousands,"Both sexes, All age groups, Seasonally adjusted",283.75,218.28334045410156,305.6666564941406,65.51667022705078,444.3166809082031,21.899999618530273,Percentage,unit,"Both sexes, All age groups, Seasonally adjusted",60.21666717529297,65.31666564941406,7.5,,,,
Saskatchewan,1992-05,"Index, 201612=100",units,34.233333333333334,34.300000000000004,34.13333333333333,,,,,,,,,,,,,,,,,Persons,unit,74947.0,97457.0,Persons,thousands,"Both sexes, All age groups, Seasonally adjusted",282.9666748046875,219.9499969482422,305.26666259765625,62.983333587646484,444.3999938964844,22.299999237060547,Percentage,unit,"Both sexes, All age groups, Seasonally adjusted",59.983333587646484,65.19999694824219,7.766666889190674,,,,
Saskatchewan,1992-07,"Index, 201612=100",units,34.26666666666667,34.300000000000004,34.166666666666664,,,,,,,,,,,,,,,,,Persons,unit,108113.0,143050.0,Persons,thousands,"Both sexes, All age groups, Seasonally adjusted",281.51666259765625,218.5,305.75,62.983333587646484,444.1000061035156,24.21666717529297,Percentage,unit,"Both sexes, All age groups, Seasonally adjusted",59.79999923706055,65.4000015258789,8.149999618530273,,,,
Saskatchewan,1992-01,"Index, 201612=100",units,33.699999999999996,32.9,33.43333333333333,,,,,,,,,,,,,,,,,Persons,unit,61477.0,75101.0,Persons,thousands,"Both sexes, All age groups, Seasonally adjusted",286.2166748046875,221.14999389648438,307.51666259765625,65.05000305175781,443.5666809082031,21.266666412353516,Percentage,unit,"Both sexes, All age groups, Seasonally adjusted",61.03333282470703,65.8499984741211,7.0,,,,
Saskatchewan,1992-09,"Index, 201612=100",units,34.43333333333333,34.36666666666667,34.300000000000004,,,,,,,,,,,,,,,,,Persons,unit,60045.0,80012.0,Persons,thousands,"Both sexes, All age groups, Seasonally adjusted",282.7166748046875,222.01666259765625,308.1499938964844,60.66666793823242,443.75,25.41666603088379,Percentage,unit,"Both sexes, All age groups, Seasonally adjusted",60.11666488647461,65.91666412353516,8.533333778381348,,,,
Saskatchewan,1992-11,"Index, 201612=100",units,34.6,34.4,34.46666666666667,,,,,,,,,,,,,,,,,Persons,unit,57771.0,71977.0,Persons,thousands,"Both sexes, All age groups, Seasonally adjusted",282.45001220703125,219.5500030517578,309.2833251953125,62.900001525878906,444.0,26.850000381469727,Percentage,unit,"Both sexes, All age groups, Seasonally adjusted",59.983333587646484,66.11666870117188,8.899999618530273,,,,
Saskatchewan,1992-12,"Index, 201612=100",units,34.800000000000004,34.43333333333333,34.6,,,,,,,,,,,,,,,,,Persons,unit,47744.0,63152.0,Persons,thousands,"Both sexes, All age groups, Seasonally adjusted",281.8333435058594,218.46665954589844,308.6000061035156,63.38333511352539,444.25,26.766666412353516,Percentage,unit,"Both sexes, All age groups, Seasonally adjusted",59.849998474121094,65.94999694824219,8.883333206176758,,,,
Saskatchewan,2017-01,"Index, 201612=100",units,99.86666666666667,99.89999999999999,99.86666666666667,,,,,,,,,,,,,,,,,Persons,unit,46980.0,66831.0,Persons,thousands,"Both sexes, All age groups, Seasonally adjusted",361.0833435058594,299.3666687011719,384.76666259765625,61.70000076293945,533.066650390625,23.700000762939453,Percentage,unit,"Both sexes, All age groups, Seasonally adjusted",65.16666412353516,69.8499984741211,6.683333396911621,Number,unit,Total of all violations-Actual incidents,12400.58
Saskatchewan,2017-12,"Index, 201612=100",units,98.90000000000002,100.10000000000001,99.23333333333335,,,,,,,,,,,,,,,,,Persons,unit,37717.0,58528.0,Persons,thousands,"Both sexes, All age groups, Seasonally adjusted",361.25,298.04998779296875,385.26666259765625,63.18333435058594,537.316650390625,24.016666412353516,Percentage,unit,"Both sexes, All age groups, Seasonally adjusted",64.41666412353516,69.4000015258789,7.2166666984558105,Number,unit,Total of all violations-Actual incidents,12400.58
Saskatchewan,2017-03,"Index, 201612=100",units,100.06666666666668,100.10000000000001,100.03333333333335,,,,,,,,,,,,,,,,,Persons,unit,44109.0,66477.0,Persons,thousands,"Both sexes, All age groups, Seasonally adjusted",361.9166564941406,302.29998779296875,384.51666259765625,59.61666488647461,534.0166625976562,22.600000381469727,Percentage,unit,"Both sexes, All age groups, Seasonally adjusted",65.0999984741211,69.55000305175781,6.483333110809326,Number,unit,Total of all violations-Actual incidents,12400.58
Saskatchewan,2017-05,"Index, 201612=100",units,99.86666666666666,99.93333333333334,99.86666666666666,,,,,,,,,,,,,,,,,Persons,unit,23520.0,50460.0,Persons,thousands,"Both sexes, All age groups, Seasonally adjusted",361.48333740234375,301.0333251953125,385.6000061035156,60.45000076293945,535.2666625976562,24.100000381469727,Percentage,unit,"Both sexes, All age groups, Seasonally adjusted",64.94999694824219,69.6500015258789,6.699999809265137,Number,unit,Total of all violations-Actual incidents,12400.58
Saskatchewan,2017-06,"Index, 201612=100",units,99.63333333333333,99.93333333333334,99.73333333333333,,,,,,,,,,,,,,,,,Persons,unit,22359.0,52606.0,Persons,thousands,"Both sexes, All age groups, Seasonally adjusted",360.2833251953125,301.1666564941406,384.6666564941406,59.099998474121094,535.5499877929688,24.41666603088379,Percentage,unit,"Both sexes, All age groups, Seasonally adjusted",64.68333435058594,69.51667022705078,6.933333396911621,Number,unit,Total of all violations-Actual incidents,12400.58
Saskatchewan,2017-07,"Index, 201612=100",units,99.66666666666667,99.96666666666665,99.73333333333333,,,,,,,,,,,,,,,,,Persons,unit,34884.0,67561.0,Persons,thousands,"Both sexes, All age groups, Seasonally adjusted",360.8333435058594,300.23333740234375,385.5666809082031,60.58333206176758,535.8666381835938,24.733333587646484,Percentage,unit,"Both sexes, All age groups, Seasonally adjusted",64.69999694824219,69.58333587646484,7.016666889190674,Number,unit,Total of all violations-Actual incidents,12400.58
Saskatchewan,2017-11,"Index, 201612=100",units,98.90000000000002,100.10000000000001,99.23333333333335,,,,,,,,,,,,,,,,,Persons,unit,32417.0,54222.0,Persons,thousands,"Both sexes, All age groups, Seasonally adjusted",358.23333740234375,298.1000061035156,381.4166564941406,60.16666793823242,537.1166381835938,23.183332443237305,Percentage,unit,"Both sexes, All age groups, Seasonally adjusted",64.01667022705078,68.5999984741211,6.666666507720947,Number,unit,Total of all violations-Actual incidents,12400.58
Saskatchewan,2017-09,"Index, 201612=100",units,99.43333333333332,100.10000000000001,99.60000000000001,,,,,,,,,,,,,,,,,Persons,unit,26050.0,52200.0,Persons,thousands,"Both sexes, All age groups, Seasonally adjusted",361.0,300.8166809082031,384.1333312988281,60.150001525878906,536.6333618164062,23.149999618530273,Percentage,unit,"Both sexes, All age groups, Seasonally adjusted",64.4000015258789,69.03333282470703,6.683333396911621,Number,unit,Total of all violations-Actual incidents,12400.58
Saskatchewan,2017-10,"Index, 201612=100",units,99.56666666666668,100.10000000000001,99.66666666666667,,,,,,,,,,,,,,,,,Persons,unit,25692.0,52820.0,Persons,thousands,"Both sexes, All age groups, Seasonally adjusted",358.3500061035156,298.1333312988281,379.95001220703125,60.20000076293945,536.8666381835938,21.633333206176758,Percentage,unit,"Both sexes, All age groups, Seasonally adjusted",63.91666793823242,68.28333282470703,6.416666507720947,Number,unit,Total of all violations-Actual incidents,12400.58
Saskatchewan,2017-02,"Index, 201612=100",units,100.0,100.0,100.0,,,,,,,,,,,,,,,,,Persons,unit,49559.0,68420.0,Persons,thousands,"Both sexes, All age groups, Seasonally adjusted",364.8166809082031,302.8333435058594,387.1666564941406,61.983333587646484,533.5,22.316667556762695,Percentage,unit,"Both sexes, All age groups, Seasonally adjusted",65.71666717529297,70.08333587646484,6.199999809265137,Number,unit,Total of all violations-Actual incidents,12400.58
Saskatchewan,2017-08,"Index, 201612=100",units,99.8,99.96666666666665,99.83333333333333,,,,,,,,,,,,,,,,,Persons,unit,39346.0,69005.0,Persons,thousands,"Both sexes, All age groups, Seasonally adjusted",360.76666259765625,299.5,384.1333312988281,61.266666412353516,536.183349609375,23.316667556762695,Percentage,unit,"Both sexes, All age groups, Seasonally adjusted",64.55000305175781,69.21666717529297,6.800000190734863,Number,unit,Total of all violations-Actual incidents,12400.58
Saskatchewan,2017-04,"Index, 201612=100",units,100.13333333333333,100.10000000000001,100.06666666666668,,,,,,,,,,,,,,,,,Persons,unit,40131.0,61999.0,Persons,thousands,"Both sexes, All age groups, Seasonally adjusted",360.6166687011719,299.01666259765625,384.54998779296875,61.599998474121094,534.566650390625,23.983333587646484,Percentage,unit,"Both sexes, All age groups, Seasonally adjusted",64.93333435058594,69.61666870117188,6.699999809265137,Number,unit,Total of all violations-Actual incidents,12400.58
