province,REF_DATE,uom_houseindex,scalar_houseindex,avg_house_only,avg_land_only,avg_totalhouseland,uom_income,scalar_income,statistic_income,avg_income,uom_expenditure,scalar_expenditure,statistic_expenditure,avg_food_expenditures,avg_income_taxes,avg_mortageinsurance,avg_mortagePaid,avg_accomodation,avg_rent,avg_shelter,avg_total_expenditure,avg_taxes_landregfees,uom_tourist,scalar_tourist,avg_international_tourism,avg_domestic_tourism,uom_labourforce,scalar_labourforce,statistic_labourforce,avg_employment,avg_fulltime,avg_labourforce,avg_parttime,avg_population,avg_unemployment,uom_lfperc,scalar_lfperc,statistic_labourforceperc,avg_employment_rate,avg_participationrate,avg_unemploymentrate,uom_crime,scalar_crime,statistic_crime,avg_crime_incidents
British Columbia,1999-11,"Index, 201612=100",units,81.33333333333333,76.16666666666667,77.53333333333333,,,,,,,,,,,,,,,,,Persons,unit,645555.0,1195251.0,Persons,thousands,"Both sexes, All age groups, Seasonally adjusted",1219.433349609375,974.4166870117188,1321.13330078125,245.06666564941406,1957.0333251953125,101.68333435058594,Percentage,unit,"Both sexes, All age groups, Seasonally adjusted",57.599998474121094,62.849998474121094,8.183333396911621,Number,unit,Total of all violations-Actual incidents,42008.0
British Columbia,1999-08,"Index, 201612=100",units,83.03333333333332,76.26666666666667,78.46666666666665,,,,,,,,,,,,,,,,,Persons,unit,1108251.0,2407761.0,Persons,thousands,"Both sexes, All age groups, Seasonally adjusted",1214.566650390625,962.2833251953125,1319.0999755859375,252.3000030517578,1951.199951171875,104.53333282470703,Percentage,unit,"Both sexes, All age groups, Seasonally adjusted",57.54999923706055,62.95000076293945,8.550000190734863,Number,unit,Total of all violations-Actual incidents,42008.0
British Columbia,1999-10,"Index, 201612=100",units,81.66666666666667,76.26666666666667,77.7,,,,,,,,,,,,,,,,,Persons,unit,754833.0,1373484.0,Persons,thousands,"Both sexes, All age groups, Seasonally adjusted",1211.3333740234375,967.0333251953125,1308.3499755859375,244.28334045410156,1955.11669921875,97.03333282470703,Percentage,unit,"Both sexes, All age groups, Seasonally adjusted",57.25,62.20000076293945,7.833333492279053,Number,unit,Total of all violations-Actual incidents,42008.0
British Columbia,1999-09,"Index, 201612=100",units,82.13333333333333,76.26666666666667,77.93333333333334,,,,,,,,,,,,,,,,,Persons,unit,823055.0,1807647.0,Persons,thousands,"Both sexes, All age groups, Seasonally adjusted",1217.816650390625,968.433349609375,1317.316650390625,249.38333129882812,1953.13330078125,99.51667022705078,Percentage,unit,"Both sexes, All age groups, Seasonally adjusted",57.88333511352539,63.016666412353516,7.866666793823242,Number,unit,Total of all violations-Actual incidents,42008.0
British Columbia,1999-01,"Index, 201612=100",units,84.96666666666667,77.10000000000001,79.86666666666666,,,,,,,,,,,,,,,,,Persons,unit,684693.0,1210026.0,Persons,thousands,"Both sexes, All age groups, Seasonally adjusted",1210.4166259765625,969.2833251953125,1316.5,241.18333435058594,1937.800048828125,106.0999984741211,Percentage,unit,"Both sexes, All age groups, Seasonally adjusted",57.766666412353516,63.266666412353516,8.333333015441895,Number,unit,Total of all violations-Actual incidents,42008.0
British Columbia,1999-04,"Index, 201612=100",units,84.10000000000001,76.63333333333334,79.16666666666667,,,,,,,,,,,,,,,,,Persons,unit,859297.0,1525061.0,Persons,thousands,"Both sexes, All age groups, Seasonally adjusted",1209.5999755859375,965.2000122070312,1323.449951171875,244.36666870117188,1942.8333740234375,113.8499984741211,Percentage,unit,"Both sexes, All age groups, Seasonally adjusted",57.599998474121094,63.5,9.233333587646484,Number,unit,Total of all violations-Actual incidents,42008.0
British Columbia,1999-07,"Index, 201612=100",units,83.73333333333333,76.26666666666667,78.8,,,,,,,,,,,,,,,,,Persons,unit,1027480.0,2371974.0,Persons,thousands,"Both sexes, All age groups, Seasonally adjusted",1209.9666748046875,951.933349609375,1317.300048828125,257.98333740234375,1949.0333251953125,107.33333587646484,Percentage,unit,"Both sexes, All age groups, Seasonally adjusted",57.266666412353516,62.83333206176758,8.699999809265137,Number,unit,Total of all violations-Actual incidents,42008.0
British Columbia,1999-03,"Index, 201612=100",units,84.03333333333333,76.73333333333333,79.13333333333333,,,,,,,,,,,,,,,,,Persons,unit,800716.0,1430927.0,Persons,thousands,"Both sexes, All age groups, Seasonally adjusted",1209.11669921875,962.4166870117188,1318.9000244140625,246.71665954589844,1941.3499755859375,109.76667022705078,Percentage,unit,"Both sexes, All age groups, Seasonally adjusted",57.70000076293945,63.36666488647461,8.699999809265137,Number,unit,Total of all violations-Actual incidents,42008.0
British Columbia,1999-12,"Index, 201612=100",units,81.36666666666666,76.16666666666667,77.46666666666667,,,,,,,,,,,,,,,,,Persons,unit,616944.0,1197373.0,Persons,thousands,"Both sexes, All age groups, Seasonally adjusted",1227.4166259765625,988.0333251953125,1325.6666259765625,239.35000610351562,1958.9832763671875,98.25,Percentage,unit,"Both sexes, All age groups, Seasonally adjusted",57.88333511352539,62.93333435058594,7.816666603088379,Number,unit,Total of all violations-Actual incidents,42008.0
British Columbia,1999-05,"Index, 201612=100",units,83.83333333333333,76.2,78.93333333333332,,,,,,,,,,,,,,,,,Persons,unit,869511.0,1769492.0,Persons,thousands,"Both sexes, All age groups, Seasonally adjusted",1205.9000244140625,963.9000244140625,1312.36669921875,242.01666259765625,1944.61669921875,106.44999694824219,Percentage,unit,"Both sexes, All age groups, Seasonally adjusted",57.16666793823242,62.70000076293945,8.850000381469727,Number,unit,Total of all violations-Actual incidents,42008.0
British Columbia,1999-02,"Index, 201612=100",units,84.43333333333334,76.60000000000001,79.39999999999999,,,,,,,,,,,,,,,,,Persons,unit,612590.0,1174728.0,Persons,thousands,"Both sexes, All age groups, Seasonally adjusted",1207.6500244140625,966.7333374023438,1313.0167236328125,240.9499969482422,1939.6666259765625,105.31666564941406,Percentage,unit,"Both sexes, All age groups, Seasonally adjusted",57.483333587646484,62.96666717529297,8.516666412353516,Number,unit,Total of all violations-Actual incidents,42008.0
British Columbia,1999-06,"Index, 201612=100",units,83.76666666666667,76.26666666666667,78.86666666666666,,,,,,,,,,,,,,,,,Persons,unit,785195.0,1815636.0,Persons,thousands,"Both sexes, All age groups, Seasonally adjusted",1209.6666259765625,955.1666870117188,1323.38330078125,254.48333740234375,1946.9832763671875,113.73332977294922,Percentage,unit,"Both sexes, All age groups, Seasonally adjusted",57.28333282470703,63.28333282470703,9.350000381469727,Number,unit,Total of all violations-Actual incidents,42008.0
Prairie Region,1995-12,"Index, 201612=100",units,39.5,38.1,38.7,,,,,,,,,,,,,,,,,,,,,,,,,,,,,,,,,,,,,,,
Prairie Region,1995-01,"Index, 201612=100",units,39.3,38.5,38.8,,,,,,,,,,,,,,,,,,,,,,,,,,,,,,,,,,,,,,,
Prairie Region,1995-05,"Index, 201612=100",units,39.6,38.4,38.9,,,,,,,,,,,,,,,,,,,,,,,,,,,,,,,,,,,,,,,
Prairie Region,1995-09,"Index, 201612=100",units,39.5,38.4,38.9,,,,,,,,,,,,,,,,,,,,,,,,,,,,,,,,,,,,,,,
Prairie Region,1995-04,"Index, 201612=100",units,39.5,38.6,38.9,,,,,,,,,,,,,,,,,,,,,,,,,,,,,,,,,,,,,,,
Prairie Region,1995-08,"Index, 201612=100",units,39.4,38.4,38.8,,,,,,,,,,,,,,,,,,,,,,,,,,,,,,,,,,,,,,,
Prairie Region,1995-06,"Index, 201612=100",units,39.5,38.4,38.9,,,,,,,,,,,,,,,,,,,,,,,,,,,,,,,,,,,,,,,
Prairie Region,1995-03,"Index, 201612=100",units,39.5,38.5,38.9,,,,,,,,,,,,,,,,,,,,,,,,,,,,,,,,,,,,,,,
Prairie Region,1995-02,"Index, 201612=100",units,39.0,38.4,38.6,,,,,,,,,,,,,,,,,,,,,,,,,,,,,,,,,,,,,,,
Prairie Region,1995-07,"Index, 201612=100",units,39.5,38.4,38.8,,,,,,,,,,,,,,,,,,,,,,,,,,,,,,,,,,,,,,,
Prairie Region,1995-11,"Index, 201612=100",units,39.5,38.1,38.8,,,,,,,,,,,,,,,,,,,,,,,,,,,,,,,,,,,,,,,
Prairie Region,1995-10,"Index, 201612=100",units,39.5,38.4,38.9,,,,,,,,,,,,,,,,,,,,,,,,,,,,,,,,,,,,,,,
