province,REF_DATE,uom_houseindex,scalar_houseindex,avg_house_only,avg_land_only,avg_totalhouseland,uom_income,scalar_income,statistic_income,avg_income,uom_expenditure,scalar_expenditure,statistic_expenditure,avg_food_expenditures,avg_income_taxes,avg_mortageinsurance,avg_mortagePaid,avg_accomodation,avg_rent,avg_shelter,avg_total_expenditure,avg_taxes_landregfees,uom_tourist,scalar_tourist,avg_international_tourism,avg_domestic_tourism,uom_labourforce,scalar_labourforce,statistic_labourforce,avg_employment,avg_fulltime,avg_labourforce,avg_parttime,avg_population,avg_unemployment,uom_lfperc,scalar_lfperc,statistic_labourforceperc,avg_employment_rate,avg_participationrate,avg_unemploymentrate,uom_crime,scalar_crime,statistic_crime,avg_crime_incidents
British Columbia,1981-03,"Index, 201612=100",units,154.05,68.1,111.5,,,,,,,,,,,,,,,,,Persons,unit,551905.0,852263.0,Persons,thousands,"Both sexes, All age groups, Seasonally adjusted",821.183349609375,687.2000122070312,869.683349609375,133.98333740234375,1302.566650390625,48.46666717529297,Percentage,unit,"Both sexes, All age groups, Seasonally adjusted",59.93333435058594,63.766666412353516,5.7166666984558105,,,,
British Columbia,1981-07,"Index, 201612=100",units,151.95,68.35,111.30000000000001,,,,,,,,,,,,,,,,,Persons,unit,743894.0,1403535.0,Persons,thousands,"Both sexes, All age groups, Seasonally adjusted",822.816650390625,694.3833618164062,875.8833618164062,128.46665954589844,1315.38330078125,53.03333282470703,Percentage,unit,"Both sexes, All age groups, Seasonally adjusted",59.41666793823242,63.46666717529297,5.9666666984558105,,,,
British Columbia,1981-08,"Index, 201612=100",units,148.0,67.9,109.05000000000001,,,,,,,,,,,,,,,,,Persons,unit,792823.0,1481450.0,Persons,thousands,"Both sexes, All age groups, Seasonally adjusted",819.433349609375,692.5333251953125,876.2999877929688,126.9000015258789,1318.183349609375,56.86666488647461,Percentage,unit,"Both sexes, All age groups, Seasonally adjusted",59.06666564941406,63.33333206176758,6.449999809265137,,,,
British Columbia,1981-11,"Index, 201612=100",units,139.8,61.5,101.2,,,,,,,,,,,,,,,,,Persons,unit,447213.0,685078.0,Persons,thousands,"Both sexes, All age groups, Seasonally adjusted",822.183349609375,691.5,891.2833251953125,130.6666717529297,1326.25,69.0999984741211,Percentage,unit,"Both sexes, All age groups, Seasonally adjusted",58.733333587646484,64.0,7.849999904632568,,,,
British Columbia,1981-10,"Index, 201612=100",units,142.9,63.5,103.65,,,,,,,,,,,,,,,,,Persons,unit,520213.0,809397.0,Persons,thousands,"Both sexes, All age groups, Seasonally adjusted",822.75,693.7999877929688,889.4833374023438,128.9499969482422,1323.9666748046875,66.71666717529297,Percentage,unit,"Both sexes, All age groups, Seasonally adjusted",58.83333206176758,63.95000076293945,7.616666793823242,,,,
British Columbia,1981-05,"Index, 201612=100",units,155.05,68.15,112.15,,,,,,,,,,,,,,,,,Persons,unit,609072.0,1000369.0,Persons,thousands,"Both sexes, All age groups, Seasonally adjusted",823.816650390625,693.75,877.566650390625,130.10000610351562,1308.86669921875,53.75,Percentage,unit,"Both sexes, All age groups, Seasonally adjusted",59.79999923706055,63.93333435058594,6.016666889190674,,,,
British Columbia,1981-01,"Index, 201612=100",units,151.45,67.0,109.6,,,,,,,,,,,,,,,,,Persons,unit,450105.0,688441.0,Persons,thousands,"Both sexes, All age groups, Seasonally adjusted",822.3666381835938,697.7333374023438,867.0333251953125,124.6500015258789,1296.13330078125,44.68333435058594,Percentage,unit,"Both sexes, All age groups, Seasonally adjusted",60.266666412353516,63.86666488647461,5.4666666984558105,,,,
British Columbia,1981-06,"Index, 201612=100",units,154.4,68.55,112.35000000000001,,,,,,,,,,,,,,,,,Persons,unit,526299.0,1030092.0,Persons,thousands,"Both sexes, All age groups, Seasonally adjusted",827.6500244140625,697.6666870117188,878.9500122070312,129.98333740234375,1312.6500244140625,51.28333282470703,Percentage,unit,"Both sexes, All age groups, Seasonally adjusted",59.900001525878906,63.86666488647461,5.900000095367432,,,,
British Columbia,1981-02,"Index, 201612=100",units,153.3,68.1,111.15,,,,,,,,,,,,,,,,,Persons,unit,427464.0,663335.0,Persons,thousands,"Both sexes, All age groups, Seasonally adjusted",818.6500244140625,689.6500244140625,867.0,128.98333740234375,1299.5833740234375,48.38333511352539,Percentage,unit,"Both sexes, All age groups, Seasonally adjusted",59.849998474121094,63.599998474121094,5.633333206176758,,,,
British Columbia,1981-09,"Index, 201612=100",units,145.05,63.5,104.80000000000001,,,,,,,,,,,,,,,,,Persons,unit,512133.0,951248.0,Persons,thousands,"Both sexes, All age groups, Seasonally adjusted",821.0333251953125,690.7666625976562,887.3833618164062,130.23333740234375,1321.4832763671875,66.3499984741211,Percentage,unit,"Both sexes, All age groups, Seasonally adjusted",58.88333511352539,64.0,7.4666666984558105,,,,
British Columbia,1981-12,"Index, 201612=100",units,142.2,61.5,101.9,,,,,,,,,,,,,,,,,Persons,unit,401087.0,616420.0,Persons,thousands,"Both sexes, All age groups, Seasonally adjusted",817.8666381835938,681.9000244140625,895.316650390625,135.9499969482422,1328.449951171875,77.46666717529297,Percentage,unit,"Both sexes, All age groups, Seasonally adjusted",58.31666564941406,64.16666412353516,8.666666984558105,,,,
British Columbia,1981-04,"Index, 201612=100",units,154.15,67.55,111.30000000000001,,,,,,,,,,,,,,,,,Persons,unit,572661.0,868592.0,Persons,thousands,"Both sexes, All age groups, Seasonally adjusted",820.75,690.7166748046875,873.433349609375,130.0500030517578,1305.7833251953125,52.68333435058594,Percentage,unit,"Both sexes, All age groups, Seasonally adjusted",59.849998474121094,63.88333511352539,6.0333333015441895,,,,
Manitoba,1999-04,"Index, 201612=100",units,47.4,34.8,43.6,,,,,,,,,,,,,,,,,Persons,unit,92192.0,160149.0,Persons,thousands,"Both sexes, All age groups, Seasonally adjusted",342.3500061035156,279.29998779296875,362.23333740234375,63.03333282470703,517.6666870117188,19.866666793823242,Percentage,unit,"Both sexes, All age groups, Seasonally adjusted",62.233333587646484,66.21666717529297,5.933333396911621,Number,unit,Total of all violations-Actual incidents,11070.75
Manitoba,1999-02,"Index, 201612=100",units,47.3,34.8,43.6,,,,,,,,,,,,,,,,,Persons,unit,84920.0,140565.0,Persons,thousands,"Both sexes, All age groups, Seasonally adjusted",342.3666687011719,275.8166809082031,361.70001220703125,66.58333587646484,517.0,19.33333396911621,Percentage,unit,"Both sexes, All age groups, Seasonally adjusted",62.33333206176758,66.11666870117188,5.583333492279053,Number,unit,Total of all violations-Actual incidents,11070.75
Manitoba,1999-05,"Index, 201612=100",units,47.4,34.8,43.6,,,,,,,,,,,,,,,,,Persons,unit,95172.0,183228.0,Persons,thousands,"Both sexes, All age groups, Seasonally adjusted",344.0,279.8333435058594,363.25,64.16666412353516,518.0,19.233333587646484,Percentage,unit,"Both sexes, All age groups, Seasonally adjusted",62.5,66.38333129882812,5.550000190734863,Number,unit,Total of all violations-Actual incidents,11070.75
Manitoba,1999-07,"Index, 201612=100",units,47.9,34.8,44.0,,,,,,,,,,,,,,,,,Persons,unit,136962.0,282868.0,Persons,thousands,"Both sexes, All age groups, Seasonally adjusted",342.8666687011719,278.73333740234375,362.75,64.1500015258789,518.5,19.883333206176758,Percentage,unit,"Both sexes, All age groups, Seasonally adjusted",62.33333206176758,66.26667022705078,5.816666603088379,Number,unit,Total of all violations-Actual incidents,11070.75
Manitoba,1999-11,"Index, 201612=100",units,49.1,34.8,44.9,,,,,,,,,,,,,,,,,Persons,unit,84244.0,150174.0,Persons,thousands,"Both sexes, All age groups, Seasonally adjusted",346.01666259765625,284.1000061035156,364.8333435058594,61.91666793823242,519.6500244140625,18.83333396911621,Percentage,unit,"Both sexes, All age groups, Seasonally adjusted",62.68333435058594,66.51667022705078,5.666666507720947,Number,unit,Total of all violations-Actual incidents,11070.75
Manitoba,1999-09,"Index, 201612=100",units,49.1,34.8,44.9,,,,,,,,,,,,,,,,,Persons,unit,93091.0,179164.0,Persons,thousands,"Both sexes, All age groups, Seasonally adjusted",344.9166564941406,281.0333251953125,365.8333435058594,63.88333511352539,519.066650390625,20.91666603088379,Percentage,unit,"Both sexes, All age groups, Seasonally adjusted",62.38333511352539,66.56666564941406,5.9666666984558105,Number,unit,Total of all violations-Actual incidents,11070.75
Manitoba,1999-06,"Index, 201612=100",units,47.8,34.8,43.9,,,,,,,,,,,,,,,,,Persons,unit,89439.0,206343.0,Persons,thousands,"Both sexes, All age groups, Seasonally adjusted",344.8999938964844,280.7833251953125,364.8500061035156,64.11666870117188,518.2999877929688,19.933332443237305,Percentage,unit,"Both sexes, All age groups, Seasonally adjusted",62.650001525878906,66.68333435058594,5.949999809265137,Number,unit,Total of all violations-Actual incidents,11070.75
Manitoba,1999-03,"Index, 201612=100",units,47.3,34.8,43.6,,,,,,,,,,,,,,,,,Persons,unit,100294.0,168185.0,Persons,thousands,"Both sexes, All age groups, Seasonally adjusted",342.9333190917969,278.5666809082031,361.79998779296875,64.3499984741211,517.3499755859375,18.850000381469727,Percentage,unit,"Both sexes, All age groups, Seasonally adjusted",62.43333435058594,66.16666412353516,5.5333333015441895,Number,unit,Total of all violations-Actual incidents,11070.75
Manitoba,1999-01,"Index, 201612=100",units,47.3,34.8,43.6,,,,,,,,,,,,,,,,,Persons,unit,78610.0,133994.0,Persons,thousands,"Both sexes, All age groups, Seasonally adjusted",341.0833435058594,277.29998779296875,361.2166748046875,63.79999923706055,516.6500244140625,20.116666793823242,Percentage,unit,"Both sexes, All age groups, Seasonally adjusted",62.06666564941406,66.1500015258789,6.066666603088379,Number,unit,Total of all violations-Actual incidents,11070.75
Manitoba,1999-08,"Index, 201612=100",units,48.6,34.8,44.4,,,,,,,,,,,,,,,,,Persons,unit,141327.0,255183.0,Persons,thousands,"Both sexes, All age groups, Seasonally adjusted",345.45001220703125,278.1666564941406,366.73333740234375,67.28333282470703,518.75,21.299999237060547,Percentage,unit,"Both sexes, All age groups, Seasonally adjusted",62.61666488647461,66.86666870117188,6.099999904632568,Number,unit,Total of all violations-Actual incidents,11070.75
Manitoba,1999-10,"Index, 201612=100",units,49.1,34.8,44.9,,,,,,,,,,,,,,,,,Persons,unit,90836.0,168259.0,Persons,thousands,"Both sexes, All age groups, Seasonally adjusted",344.4333190917969,282.2166748046875,363.3166809082031,62.21666717529297,519.3666381835938,18.883333206176758,Percentage,unit,"Both sexes, All age groups, Seasonally adjusted",62.349998474121094,66.18333435058594,5.433333396911621,Number,unit,Total of all violations-Actual incidents,11070.75
Manitoba,1999-12,"Index, 201612=100",units,49.3,34.8,45.0,,,,,,,,,,,,,,,,,Persons,unit,68724.0,137814.0,Persons,thousands,"Both sexes, All age groups, Seasonally adjusted",345.25,284.95001220703125,364.1833190917969,60.31666564941406,519.9666748046875,18.933332443237305,Percentage,unit,"Both sexes, All age groups, Seasonally adjusted",62.41666793823242,66.21666717529297,5.416666507720947,Number,unit,Total of all violations-Actual incidents,11070.75
Quebec,2001-08,"Index, 201612=100",units,63.699999999999996,54.5,60.63333333333333,Dollars,units,"Median total income,Both sexes,All age groups",1750.0,,,,,,,,,,,,,Persons,unit,761670.0,1476107.0,Persons,thousands,"Both sexes, All age groups, Seasonally adjusted",2206.11669921875,1846.2667236328125,2405.083251953125,359.8500061035156,3653.466552734375,198.9499969482422,Percentage,unit,"Both sexes, All age groups, Seasonally adjusted",56.16666793823242,61.599998474121094,8.699999809265137,Number,unit,Total of all violations-Actual incidents,39148.67
Quebec,2001-05,"Index, 201612=100",units,63.06666666666666,54.36666666666667,60.06666666666666,Dollars,units,"Median total income,Both sexes,All age groups",1750.0,,,,,,,,,,,,,Persons,unit,469765.0,941829.0,Persons,thousands,"Both sexes, All age groups, Seasonally adjusted",2190.316650390625,1832.683349609375,2401.5166015625,357.6499938964844,3645.300048828125,211.21665954589844,Percentage,unit,"Both sexes, All age groups, Seasonally adjusted",55.733333587646484,61.56666564941406,9.399999618530273,Number,unit,Total of all violations-Actual incidents,39148.67
Quebec,2001-03,"Index, 201612=100",units,62.76666666666667,53.73333333333333,59.699999999999996,Dollars,units,"Median total income,Both sexes,All age groups",1750.0,,,,,,,,,,,,,Persons,unit,511689.0,884092.0,Persons,thousands,"Both sexes, All age groups, Seasonally adjusted",2199.583251953125,1843.9166259765625,2403.949951171875,355.6666564941406,3639.4833984375,204.31666564941406,Percentage,unit,"Both sexes, All age groups, Seasonally adjusted",56.150001525878906,61.71666717529297,9.0,Number,unit,Total of all violations-Actual incidents,39148.67
Quebec,2001-07,"Index, 201612=100",units,63.666666666666664,54.43333333333334,60.53333333333333,Dollars,units,"Median total income,Both sexes,All age groups",1750.0,,,,,,,,,,,,,Persons,unit,763317.0,1455660.0,Persons,thousands,"Both sexes, All age groups, Seasonally adjusted",2199.11669921875,1831.1666259765625,2394.0,367.95001220703125,3651.11669921875,194.88333129882812,Percentage,unit,"Both sexes, All age groups, Seasonally adjusted",56.04999923706055,61.483333587646484,8.816666603088379,Number,unit,Total of all violations-Actual incidents,39148.67
Quebec,2001-11,"Index, 201612=100",units,64.0,54.86666666666667,60.9,Dollars,units,"Median total income,Both sexes,All age groups",1750.0,,,,,,,,,,,,,Persons,unit,284930.0,628956.0,Persons,thousands,"Both sexes, All age groups, Seasonally adjusted",2222.5166015625,1860.13330078125,2425.916748046875,362.3666687011719,3661.60009765625,203.4166717529297,Percentage,unit,"Both sexes, All age groups, Seasonally adjusted",56.41666793823242,62.13333511352539,9.333333015441895,Number,unit,Total of all violations-Actual incidents,39148.67
Quebec,2001-09,"Index, 201612=100",units,64.0,54.6,60.833333333333336,Dollars,units,"Median total income,Both sexes,All age groups",1750.0,,,,,,,,,,,,,Persons,unit,451927.0,901999.0,Persons,thousands,"Both sexes, All age groups, Seasonally adjusted",2213.5166015625,1862.300048828125,2414.316650390625,351.23333740234375,3656.199951171875,200.81666564941406,Percentage,unit,"Both sexes, All age groups, Seasonally adjusted",56.400001525878906,61.91666793823242,8.949999809265137,Number,unit,Total of all violations-Actual incidents,39148.67
Quebec,2001-01,"Index, 201612=100",units,62.13333333333333,53.23333333333333,59.099999999999994,Dollars,units,"Median total income,Both sexes,All age groups",1750.0,,,,,,,,,,,,,Persons,unit,462417.0,788817.0,Persons,thousands,"Both sexes, All age groups, Seasonally adjusted",2192.64990234375,1830.2332763671875,2392.89990234375,362.4166564941406,3635.316650390625,200.23333740234375,Percentage,unit,"Both sexes, All age groups, Seasonally adjusted",56.0,61.5,8.933333396911621,Number,unit,Total of all violations-Actual incidents,39148.67
Quebec,2001-10,"Index, 201612=100",units,63.9,54.833333333333336,60.833333333333336,Dollars,units,"Median total income,Both sexes,All age groups",1750.0,,,,,,,,,,,,,Persons,unit,342186.0,753826.0,Persons,thousands,"Both sexes, All age groups, Seasonally adjusted",2222.716552734375,1864.9832763671875,2423.833251953125,357.7166748046875,3659.10009765625,201.11666870117188,Percentage,unit,"Both sexes, All age groups, Seasonally adjusted",56.516666412353516,62.016666412353516,8.933333396911621,Number,unit,Total of all violations-Actual incidents,39148.67
Quebec,2001-04,"Index, 201612=100",units,62.86666666666667,53.93333333333334,59.86666666666667,Dollars,units,"Median total income,Both sexes,All age groups",1750.0,,,,,,,,,,,,,Persons,unit,498311.0,885379.0,Persons,thousands,"Both sexes, All age groups, Seasonally adjusted",2192.966552734375,1844.4000244140625,2397.666748046875,348.54998779296875,3642.716552734375,204.6999969482422,Percentage,unit,"Both sexes, All age groups, Seasonally adjusted",55.83333206176758,61.45000076293945,8.949999809265137,Number,unit,Total of all violations-Actual incidents,39148.67
Quebec,2001-02,"Index, 201612=100",units,62.6,53.70000000000001,59.6,Dollars,units,"Median total income,Both sexes,All age groups",1750.0,,,,,,,,,,,,,Persons,unit,371344.0,735565.0,Persons,thousands,"Both sexes, All age groups, Seasonally adjusted",2198.2666015625,1834.2833251953125,2394.75,363.95001220703125,3637.300048828125,196.51666259765625,Percentage,unit,"Both sexes, All age groups, Seasonally adjusted",56.13333511352539,61.483333587646484,8.733333587646484,Number,unit,Total of all violations-Actual incidents,39148.67
Quebec,2001-06,"Index, 201612=100",units,63.666666666666664,54.43333333333334,60.53333333333333,Dollars,units,"Median total income,Both sexes,All age groups",1750.0,,,,,,,,,,,,,Persons,unit,505413.0,1059315.0,Persons,thousands,"Both sexes, All age groups, Seasonally adjusted",2192.283447265625,1825.3333740234375,2402.75,366.95001220703125,3648.050048828125,210.46665954589844,Percentage,unit,"Both sexes, All age groups, Seasonally adjusted",55.86666488647461,61.66666793823242,9.416666984558105,Number,unit,Total of all violations-Actual incidents,39148.67
Quebec,2001-12,"Index, 201612=100",units,64.0,54.86666666666667,60.9,Dollars,units,"Median total income,Both sexes,All age groups",1750.0,,,,,,,,,,,,,Persons,unit,302952.0,675260.0,Persons,thousands,"Both sexes, All age groups, Seasonally adjusted",2217.7666015625,1853.38330078125,2445.449951171875,364.3666687011719,3664.14990234375,227.71665954589844,Percentage,unit,"Both sexes, All age groups, Seasonally adjusted",56.349998474121094,62.58333206176758,10.066666603088379,Number,unit,Total of all violations-Actual incidents,39148.67
Saskatchewan,2011-06,"Index, 201612=100",units,97.36666666666667,90.36666666666667,95.5,Dollars,units,"Median total income,Both sexes,All age groups",2752.5,Dollars,unit,Average expenditure per household,641.0,976.75,9.17,299.75,1002.75,225.42,1091.92,5942.5,3.33,Persons,unit,30949.0,60098.0,Persons,thousands,"Both sexes, All age groups, Seasonally adjusted",338.1333312988281,281.01666259765625,354.4666748046875,57.150001525878906,494.01666259765625,16.299999237060547,Percentage,unit,"Both sexes, All age groups, Seasonally adjusted",65.73332977294922,69.31666564941406,5.133333206176758,Number,unit,Total of all violations-Actual incidents,12547.83
Saskatchewan,2011-11,"Index, 201612=100",units,99.06666666666668,90.66666666666667,96.76666666666667,Dollars,units,"Median total income,Both sexes,All age groups",2752.5,Dollars,unit,Average expenditure per household,641.0,976.75,9.17,299.75,1002.75,225.42,1091.92,5942.5,3.33,Persons,unit,43747.0,68917.0,Persons,thousands,"Both sexes, All age groups, Seasonally adjusted",340.4166564941406,286.76666259765625,357.23333740234375,53.66666793823242,497.76666259765625,16.83333396911621,Percentage,unit,"Both sexes, All age groups, Seasonally adjusted",65.69999694824219,69.30000305175781,5.133333206176758,Number,unit,Total of all violations-Actual incidents,12547.83
Saskatchewan,2011-01,"Index, 201612=100",units,96.30000000000001,86.96666666666665,93.83333333333333,Dollars,units,"Median total income,Both sexes,All age groups",2752.5,Dollars,unit,Average expenditure per household,641.0,976.75,9.17,299.75,1002.75,225.42,1091.92,5942.5,3.33,Persons,unit,54855.0,70873.0,Persons,thousands,"Both sexes, All age groups, Seasonally adjusted",338.5,282.8166809082031,357.1499938964844,55.70000076293945,491.04998779296875,18.649999618530273,Percentage,unit,"Both sexes, All age groups, Seasonally adjusted",66.01667022705078,70.0999984741211,5.7833333015441895,Number,unit,Total of all violations-Actual incidents,12547.83
Saskatchewan,2011-04,"Index, 201612=100",units,96.96666666666665,88.96666666666668,94.8,Dollars,units,"Median total income,Both sexes,All age groups",2752.5,Dollars,unit,Average expenditure per household,641.0,976.75,9.17,299.75,1002.75,225.42,1091.92,5942.5,3.33,Persons,unit,53049.0,76331.0,Persons,thousands,"Both sexes, All age groups, Seasonally adjusted",338.7833251953125,279.5333251953125,355.7833251953125,59.266666412353516,492.6666564941406,16.983333587646484,Percentage,unit,"Both sexes, All age groups, Seasonally adjusted",65.94999694824219,69.71666717529297,5.383333206176758,Number,unit,Total of all violations-Actual incidents,12547.83
Saskatchewan,2011-03,"Index, 201612=100",units,96.86666666666667,88.96666666666668,94.73333333333333,Dollars,units,"Median total income,Both sexes,All age groups",2752.5,Dollars,unit,Average expenditure per household,641.0,976.75,9.17,299.75,1002.75,225.42,1091.92,5942.5,3.33,Persons,unit,48967.0,70969.0,Persons,thousands,"Both sexes, All age groups, Seasonally adjusted",339.2166748046875,281.9333190917969,356.20001220703125,57.28333282470703,492.1000061035156,17.0,Percentage,unit,"Both sexes, All age groups, Seasonally adjusted",66.11666870117188,69.81666564941406,5.199999809265137,Number,unit,Total of all violations-Actual incidents,12547.83
Saskatchewan,2011-08,"Index, 201612=100",units,98.0,90.56666666666666,96.0,Dollars,units,"Median total income,Both sexes,All age groups",2752.5,Dollars,unit,Average expenditure per household,641.0,976.75,9.17,299.75,1002.75,225.42,1091.92,5942.5,3.33,Persons,unit,51283.0,80052.0,Persons,thousands,"Both sexes, All age groups, Seasonally adjusted",337.73333740234375,283.54998779296875,353.95001220703125,54.18333435058594,495.7166748046875,16.233333587646484,Percentage,unit,"Both sexes, All age groups, Seasonally adjusted",65.44999694824219,68.96666717529297,5.016666889190674,Number,unit,Total of all violations-Actual incidents,12547.83
Saskatchewan,2011-10,"Index, 201612=100",units,98.06666666666668,90.66666666666667,96.03333333333335,Dollars,units,"Median total income,Both sexes,All age groups",2752.5,Dollars,unit,Average expenditure per household,641.0,976.75,9.17,299.75,1002.75,225.42,1091.92,5942.5,3.33,Persons,unit,40518.0,69697.0,Persons,thousands,"Both sexes, All age groups, Seasonally adjusted",341.8333435058594,284.7833251953125,356.8166809082031,57.04999923706055,497.1333312988281,14.983333587646484,Percentage,unit,"Both sexes, All age groups, Seasonally adjusted",66.19999694824219,69.43333435058594,4.616666793823242,Number,unit,Total of all violations-Actual incidents,12547.83
Saskatchewan,2011-05,"Index, 201612=100",units,97.36666666666667,90.36666666666667,95.5,Dollars,units,"Median total income,Both sexes,All age groups",2752.5,Dollars,unit,Average expenditure per household,641.0,976.75,9.17,299.75,1002.75,225.42,1091.92,5942.5,3.33,Persons,unit,48626.0,77297.0,Persons,thousands,"Both sexes, All age groups, Seasonally adjusted",338.7833251953125,279.9333190917969,356.1333312988281,58.849998474121094,493.48333740234375,17.350000381469727,Percentage,unit,"Both sexes, All age groups, Seasonally adjusted",65.8499984741211,69.5999984741211,5.300000190734863,Number,unit,Total of all violations-Actual incidents,12547.83
Saskatchewan,2011-02,"Index, 201612=100",units,96.86666666666667,88.46666666666665,94.59999999999998,Dollars,units,"Median total income,Both sexes,All age groups",2752.5,Dollars,unit,Average expenditure per household,641.0,976.75,9.17,299.75,1002.75,225.42,1091.92,5942.5,3.33,Persons,unit,55093.0,69762.0,Persons,thousands,"Both sexes, All age groups, Seasonally adjusted",338.4333190917969,283.0833435058594,356.8833312988281,55.36666488647461,491.5833435058594,18.433332443237305,Percentage,unit,"Both sexes, All age groups, Seasonally adjusted",65.94999694824219,70.06666564941406,5.766666889190674,Number,unit,Total of all violations-Actual incidents,12547.83
Saskatchewan,2011-07,"Index, 201612=100",units,97.36666666666667,90.36666666666667,95.5,Dollars,units,"Median total income,Both sexes,All age groups",2752.5,Dollars,unit,Average expenditure per household,641.0,976.75,9.17,299.75,1002.75,225.42,1091.92,5942.5,3.33,Persons,unit,43299.0,72552.0,Persons,thousands,"Both sexes, All age groups, Seasonally adjusted",338.95001220703125,282.51666259765625,356.4166564941406,56.45000076293945,494.8500061035156,17.450000762939453,Percentage,unit,"Both sexes, All age groups, Seasonally adjusted",65.73332977294922,69.69999694824219,5.616666793823242,Number,unit,Total of all violations-Actual incidents,12547.83
Saskatchewan,2011-12,"Index, 201612=100",units,99.0,90.76666666666667,96.76666666666667,Dollars,units,"Median total income,Both sexes,All age groups",2752.5,Dollars,unit,Average expenditure per household,641.0,976.75,9.17,299.75,1002.75,225.42,1091.92,5942.5,3.33,Persons,unit,46888.0,71893.0,Persons,thousands,"Both sexes, All age groups, Seasonally adjusted",342.3166809082031,286.0,358.3500061035156,56.29999923706055,498.3333435058594,16.066667556762695,Percentage,unit,"Both sexes, All age groups, Seasonally adjusted",66.30000305175781,69.80000305175781,4.916666507720947,Number,unit,Total of all violations-Actual incidents,12547.83
Saskatchewan,2011-09,"Index, 201612=100",units,98.16666666666667,90.56666666666666,96.13333333333333,Dollars,units,"Median total income,Both sexes,All age groups",2752.5,Dollars,unit,Average expenditure per household,641.0,976.75,9.17,299.75,1002.75,225.42,1091.92,5942.5,3.33,Persons,unit,35691.0,63075.0,Persons,thousands,"Both sexes, All age groups, Seasonally adjusted",340.7833251953125,284.45001220703125,356.1499938964844,56.33333206176758,496.48333740234375,15.383333206176758,Percentage,unit,"Both sexes, All age groups, Seasonally adjusted",65.9000015258789,69.26667022705078,4.833333492279053,Number,unit,Total of all violations-Actual incidents,12547.83
