province,REF_DATE,uom_houseindex,scalar_houseindex,avg_house_only,avg_land_only,avg_totalhouseland,uom_income,scalar_income,statistic_income,avg_income,uom_expenditure,scalar_expenditure,statistic_expenditure,avg_food_expenditures,avg_income_taxes,avg_mortageinsurance,avg_mortagePaid,avg_accomodation,avg_rent,avg_shelter,avg_total_expenditure,avg_taxes_landregfees,uom_tourist,scalar_tourist,avg_international_tourism,avg_domestic_tourism,uom_labourforce,scalar_labourforce,statistic_labourforce,avg_employment,avg_fulltime,avg_labourforce,avg_parttime,avg_population,avg_unemployment,uom_lfperc,scalar_lfperc,statistic_labourforceperc,avg_employment_rate,avg_participationrate,avg_unemploymentrate,uom_crime,scalar_crime,statistic_crime,avg_crime_incidents
Ontario,2002-04,"Index, 201612=100",units,65.73333333333333,81.4,69.53333333333335,Dollars,units,"Median total income,Both sexes,All age groups",2100.0,,,,,,,,,,,,,Persons,unit,1716514.0,4084142.0,Persons,thousands,"Both sexes, All age groups, Seasonally adjusted",3816.0,3170.9833984375,4093.2666015625,645.0333251953125,5865.06689453125,277.25,Percentage,unit,"Both sexes, All age groups, Seasonally adjusted",60.599998474121094,65.5,7.316666603088379,Number,unit,Total of all violations-Actual incidents,66610.17
Ontario,2002-01,"Index, 201612=100",units,64.9888888888889,81.25555555555555,68.92222222222223,Dollars,units,"Median total income,Both sexes,All age groups",2100.0,,,,,,,,,,,,,Persons,unit,1616337.0,3516131.0,Persons,thousands,"Both sexes, All age groups, Seasonally adjusted",3785.35009765625,3141.7666015625,4082.316650390625,643.5833129882812,5833.61669921875,296.9666748046875,Percentage,unit,"Both sexes, All age groups, Seasonally adjusted",60.41666793823242,65.71666717529297,7.816666603088379,Number,unit,Total of all violations-Actual incidents,66610.17
Ontario,2002-09,"Index, 201612=100",units,66.83333333333333,81.87777777777778,70.53333333333333,Dollars,units,"Median total income,Both sexes,All age groups",2100.0,,,,,,,,,,,,,Persons,unit,1710605.0,4521847.0,Persons,thousands,"Both sexes, All age groups, Seasonally adjusted",3890.050048828125,3229.10009765625,4177.7333984375,660.9666748046875,5913.2666015625,287.6666564941406,Percentage,unit,"Both sexes, All age groups, Seasonally adjusted",61.233333587646484,66.36666870117188,7.599999904632568,Number,unit,Total of all violations-Actual incidents,66610.17
Ontario,2002-06,"Index, 201612=100",units,66.37777777777778,81.74444444444445,70.14444444444445,Dollars,units,"Median total income,Both sexes,All age groups",2100.0,,,,,,,,,,,,,Persons,unit,1623928.0,4965526.0,Persons,thousands,"Both sexes, All age groups, Seasonally adjusted",3832.75,3186.2333984375,4118.68310546875,646.5,5886.14990234375,285.9333190917969,Percentage,unit,"Both sexes, All age groups, Seasonally adjusted",60.56666564941406,65.61666870117188,7.449999809265137,Number,unit,Total of all violations-Actual incidents,66610.17
Ontario,2002-02,"Index, 201612=100",units,65.19999999999999,81.42222222222222,69.14444444444445,Dollars,units,"Median total income,Both sexes,All age groups",2100.0,,,,,,,,,,,,,Persons,unit,1420444.0,3372777.0,Persons,thousands,"Both sexes, All age groups, Seasonally adjusted",3795.10009765625,3153.9833984375,4075.39990234375,641.0833129882812,5842.533203125,280.3166809082031,Percentage,unit,"Both sexes, All age groups, Seasonally adjusted",60.483333587646484,65.5,7.5,Number,unit,Total of all violations-Actual incidents,66610.17
Ontario,2002-10,"Index, 201612=100",units,67.45555555555556,81.85555555555555,71.01111111111112,Dollars,units,"Median total income,Both sexes,All age groups",2100.0,,,,,,,,,,,,,Persons,unit,1699826.0,4282445.0,Persons,thousands,"Both sexes, All age groups, Seasonally adjusted",3894.916748046875,3228.166748046875,4181.783203125,666.75,5919.7666015625,286.8500061035156,Percentage,unit,"Both sexes, All age groups, Seasonally adjusted",61.33333206176758,66.43333435058594,7.583333492279053,Number,unit,Total of all violations-Actual incidents,66610.17
Ontario,2002-07,"Index, 201612=100",units,66.44444444444444,81.72222222222223,70.16666666666667,Dollars,units,"Median total income,Both sexes,All age groups",2100.0,,,,,,,,,,,,,Persons,unit,1938916.0,6043704.0,Persons,thousands,"Both sexes, All age groups, Seasonally adjusted",3850.949951171875,3211.61669921875,4126.38330078125,639.3333129882812,5897.64990234375,275.45001220703125,Percentage,unit,"Both sexes, All age groups, Seasonally adjusted",60.81666564941406,65.68333435058594,7.166666507720947,Number,unit,Total of all violations-Actual incidents,66610.17
Ontario,2002-11,"Index, 201612=100",units,67.64444444444443,81.48888888888888,71.06666666666666,Dollars,units,"Median total income,Both sexes,All age groups",2100.0,,,,,,,,,,,,,Persons,unit,1515824.0,3755105.0,Persons,thousands,"Both sexes, All age groups, Seasonally adjusted",3916.933349609375,3243.933349609375,4185.61669921875,673.0,5926.033203125,268.7166748046875,Percentage,unit,"Both sexes, All age groups, Seasonally adjusted",61.68333435058594,66.53333282470703,7.199999809265137,Number,unit,Total of all violations-Actual incidents,66610.17
Ontario,2002-05,"Index, 201612=100",units,66.16666666666667,81.74444444444445,69.9888888888889,Dollars,units,"Median total income,Both sexes,All age groups",2100.0,,,,,,,,,,,,,Persons,unit,1763255.0,4643834.0,Persons,thousands,"Both sexes, All age groups, Seasonally adjusted",3830.5166015625,3186.333251953125,4104.43310546875,644.1666870117188,5875.35009765625,273.9333190917969,Percentage,unit,"Both sexes, All age groups, Seasonally adjusted",60.650001525878906,65.53333282470703,7.233333110809326,Number,unit,Total of all violations-Actual incidents,66610.17
Ontario,2002-12,"Index, 201612=100",units,67.85555555555555,81.64444444444445,71.25555555555555,Dollars,units,"Median total income,Both sexes,All age groups",2100.0,,,,,,,,,,,,,Persons,unit,1596975.0,3801381.0,Persons,thousands,"Both sexes, All age groups, Seasonally adjusted",3923.300048828125,3249.89990234375,4204.716796875,673.433349609375,5931.966796875,281.3999938964844,Percentage,unit,"Both sexes, All age groups, Seasonally adjusted",61.71666717529297,66.71666717529297,7.400000095367432,Number,unit,Total of all violations-Actual incidents,66610.17
Ontario,2002-03,"Index, 201612=100",units,65.13333333333334,81.42222222222222,69.0888888888889,Dollars,units,"Median total income,Both sexes,All age groups",2100.0,,,,,,,,,,,,,Persons,unit,1942445.0,4290968.0,Persons,thousands,"Both sexes, All age groups, Seasonally adjusted",3807.300048828125,3170.7666015625,4092.066650390625,636.5166625976562,5852.41650390625,284.76666259765625,Percentage,unit,"Both sexes, All age groups, Seasonally adjusted",60.53333282470703,65.6500015258789,7.633333206176758,Number,unit,Total of all violations-Actual incidents,66610.17
Ontario,2002-08,"Index, 201612=100",units,66.78888888888889,81.85555555555555,70.51111111111112,Dollars,units,"Median total income,Both sexes,All age groups",2100.0,,,,,,,,,,,,,Persons,unit,2182139.0,6416200.0,Persons,thousands,"Both sexes, All age groups, Seasonally adjusted",3877.533447265625,3232.0166015625,4161.966796875,645.5,5904.91650390625,284.45001220703125,Percentage,unit,"Both sexes, All age groups, Seasonally adjusted",61.21666717529297,66.23332977294922,7.400000095367432,Number,unit,Total of all violations-Actual incidents,66610.17
Prairie Region,2012-05,"Index, 201612=100",units,94.3,93.6,94.0,,,,,Dollars,unit,Average expenditure per household,676.5,1420.83,10.5,471.08,1282.5,270.17,1436.42,7364.5,2.17,,,,,,,,,,,,,,,,,,,,,,,
Prairie Region,2012-06,"Index, 201612=100",units,94.6,93.9,94.3,,,,,Dollars,unit,Average expenditure per household,676.5,1420.83,10.5,471.08,1282.5,270.17,1436.42,7364.5,2.17,,,,,,,,,,,,,,,,,,,,,,,
Prairie Region,2012-01,"Index, 201612=100",units,93.6,92.7,93.2,,,,,Dollars,unit,Average expenditure per household,676.5,1420.83,10.5,471.08,1282.5,270.17,1436.42,7364.5,2.17,,,,,,,,,,,,,,,,,,,,,,,
Prairie Region,2012-07,"Index, 201612=100",units,94.7,93.8,94.4,,,,,Dollars,unit,Average expenditure per household,676.5,1420.83,10.5,471.08,1282.5,270.17,1436.42,7364.5,2.17,,,,,,,,,,,,,,,,,,,,,,,
Prairie Region,2012-02,"Index, 201612=100",units,93.6,93.0,93.4,,,,,Dollars,unit,Average expenditure per household,676.5,1420.83,10.5,471.08,1282.5,270.17,1436.42,7364.5,2.17,,,,,,,,,,,,,,,,,,,,,,,
Prairie Region,2012-10,"Index, 201612=100",units,95.2,94.0,94.8,,,,,Dollars,unit,Average expenditure per household,676.5,1420.83,10.5,471.08,1282.5,270.17,1436.42,7364.5,2.17,,,,,,,,,,,,,,,,,,,,,,,
Prairie Region,2012-03,"Index, 201612=100",units,94.0,93.2,93.7,,,,,Dollars,unit,Average expenditure per household,676.5,1420.83,10.5,471.08,1282.5,270.17,1436.42,7364.5,2.17,,,,,,,,,,,,,,,,,,,,,,,
Prairie Region,2012-04,"Index, 201612=100",units,94.2,93.5,93.9,,,,,Dollars,unit,Average expenditure per household,676.5,1420.83,10.5,471.08,1282.5,270.17,1436.42,7364.5,2.17,,,,,,,,,,,,,,,,,,,,,,,
Prairie Region,2012-11,"Index, 201612=100",units,95.3,94.0,94.8,,,,,Dollars,unit,Average expenditure per household,676.5,1420.83,10.5,471.08,1282.5,270.17,1436.42,7364.5,2.17,,,,,,,,,,,,,,,,,,,,,,,
Prairie Region,2012-08,"Index, 201612=100",units,94.8,93.7,94.4,,,,,Dollars,unit,Average expenditure per household,676.5,1420.83,10.5,471.08,1282.5,270.17,1436.42,7364.5,2.17,,,,,,,,,,,,,,,,,,,,,,,
Prairie Region,2012-12,"Index, 201612=100",units,95.7,94.2,95.2,,,,,Dollars,unit,Average expenditure per household,676.5,1420.83,10.5,471.08,1282.5,270.17,1436.42,7364.5,2.17,,,,,,,,,,,,,,,,,,,,,,,
Prairie Region,2012-09,"Index, 201612=100",units,95.0,93.9,94.6,,,,,Dollars,unit,Average expenditure per household,676.5,1420.83,10.5,471.08,1282.5,270.17,1436.42,7364.5,2.17,,,,,,,,,,,,,,,,,,,,,,,
