province,REF_DATE,uom_houseindex,scalar_houseindex,avg_house_only,avg_land_only,avg_totalhouseland,uom_income,scalar_income,statistic_income,avg_income,uom_expenditure,scalar_expenditure,statistic_expenditure,avg_food_expenditures,avg_income_taxes,avg_mortageinsurance,avg_mortagePaid,avg_accomodation,avg_rent,avg_shelter,avg_total_expenditure,avg_taxes_landregfees,uom_tourist,scalar_tourist,avg_international_tourism,avg_domestic_tourism,uom_labourforce,scalar_labourforce,statistic_labourforce,avg_employment,avg_fulltime,avg_labourforce,avg_parttime,avg_population,avg_unemployment,uom_lfperc,scalar_lfperc,statistic_labourforceperc,avg_employment_rate,avg_participationrate,avg_unemploymentrate,uom_crime,scalar_crime,statistic_crime,avg_crime_incidents
Saskatchewan,1995-04,"Index, 201612=100",units,38.0,35.300000000000004,37.233333333333334,,,,,,,,,,,,,,,,,Persons,unit,40394.0,58239.0,Persons,thousands,"Both sexes, All age groups, Seasonally adjusted",288.8333435058594,226.43333435058594,307.8166809082031,62.41666793823242,449.45001220703125,18.96666717529297,Percentage,unit,"Both sexes, All age groups, Seasonally adjusted",60.70000076293945,64.96666717529297,6.2166666984558105,,,,
Saskatchewan,1995-03,"Index, 201612=100",units,37.800000000000004,35.300000000000004,37.03333333333334,,,,,,,,,,,,,,,,,Persons,unit,37693.0,55650.0,Persons,thousands,"Both sexes, All age groups, Seasonally adjusted",290.3666687011719,229.81666564941406,309.5666809082031,60.58333206176758,449.29998779296875,19.183332443237305,Percentage,unit,"Both sexes, All age groups, Seasonally adjusted",61.08333206176758,65.38333129882812,6.199999809265137,,,,
Saskatchewan,1995-08,"Index, 201612=100",units,38.06666666666667,35.56666666666667,37.26666666666667,,,,,,,,,,,,,,,,,Persons,unit,61678.0,96059.0,Persons,thousands,"Both sexes, All age groups, Seasonally adjusted",288.95001220703125,228.98333740234375,310.3833312988281,59.983333587646484,450.4666748046875,21.450000762939453,Percentage,unit,"Both sexes, All age groups, Seasonally adjusted",60.46666717529297,65.21666717529297,7.016666889190674,,,,
Saskatchewan,1995-11,"Index, 201612=100",units,38.13333333333333,35.56666666666667,37.333333333333336,,,,,,,,,,,,,,,,,Persons,unit,34408.0,54119.0,Persons,thousands,"Both sexes, All age groups, Seasonally adjusted",286.3666687011719,224.71665954589844,308.6833190917969,61.63333511352539,451.0833435058594,22.316667556762695,Percentage,unit,"Both sexes, All age groups, Seasonally adjusted",59.900001525878906,64.88333129882812,7.25,,,,
Saskatchewan,1995-12,"Index, 201612=100",units,38.13333333333333,35.56666666666667,37.333333333333336,,,,,,,,,,,,,,,,,Persons,unit,31338.0,49514.0,Persons,thousands,"Both sexes, All age groups, Seasonally adjusted",286.54998779296875,225.21665954589844,308.0,61.349998474121094,451.3166809082031,21.433332443237305,Percentage,unit,"Both sexes, All age groups, Seasonally adjusted",59.83333206176758,64.6500015258789,7.133333206176758,,,,
Saskatchewan,1995-07,"Index, 201612=100",units,38.06666666666667,35.56666666666667,37.26666666666667,,,,,,,,,,,,,,,,,Persons,unit,64637.0,105252.0,Persons,thousands,"Both sexes, All age groups, Seasonally adjusted",289.0666809082031,226.13333129882812,310.1833190917969,62.93333435058594,450.2166748046875,21.08333396911621,Percentage,unit,"Both sexes, All age groups, Seasonally adjusted",60.58333206176758,65.30000305175781,6.900000095367432,,,,
Saskatchewan,1995-09,"Index, 201612=100",units,38.06666666666667,35.56666666666667,37.26666666666667,,,,,,,,,,,,,,,,,Persons,unit,37373.0,62491.0,Persons,thousands,"Both sexes, All age groups, Seasonally adjusted",288.9333190917969,226.61666870117188,309.95001220703125,62.33333206176758,450.5833435058594,21.0,Percentage,unit,"Both sexes, All age groups, Seasonally adjusted",60.41666793823242,65.1500015258789,6.983333110809326,,,,
Saskatchewan,1995-05,"Index, 201612=100",units,38.0,35.300000000000004,37.233333333333334,,,,,,,,,,,,,,,,,Persons,unit,37197.0,61528.0,Persons,thousands,"Both sexes, All age groups, Seasonally adjusted",289.23333740234375,224.76666259765625,311.1833190917969,64.43333435058594,449.73333740234375,21.96666717529297,Percentage,unit,"Both sexes, All age groups, Seasonally adjusted",60.70000076293945,65.5999984741211,7.199999809265137,,,,
Saskatchewan,1995-06,"Index, 201612=100",units,38.0,35.56666666666667,37.26666666666667,,,,,,,,,,,,,,,,,Persons,unit,38666.0,74223.0,Persons,thousands,"Both sexes, All age groups, Seasonally adjusted",291.25,226.3000030517578,310.0333251953125,64.93333435058594,450.01666259765625,18.78333282470703,Percentage,unit,"Both sexes, All age groups, Seasonally adjusted",61.06666564941406,65.26667022705078,6.150000095367432,,,,
Saskatchewan,1995-02,"Index, 201612=100",units,37.46666666666666,35.300000000000004,36.73333333333333,,,,,,,,,,,,,,,,,Persons,unit,34896.0,50032.0,Persons,thousands,"Both sexes, All age groups, Seasonally adjusted",290.6000061035156,230.76666259765625,309.79998779296875,59.83333206176758,449.0666809082031,19.21666717529297,Percentage,unit,"Both sexes, All age groups, Seasonally adjusted",61.11666488647461,65.5999984741211,6.550000190734863,,,,
Saskatchewan,1995-01,"Index, 201612=100",units,37.13333333333333,35.233333333333334,36.46666666666667,,,,,,,,,,,,,,,,,Persons,unit,36832.0,52530.0,Persons,thousands,"Both sexes, All age groups, Seasonally adjusted",289.8333435058594,230.1666717529297,308.1666564941406,59.68333435058594,448.8333435058594,18.366666793823242,Percentage,unit,"Both sexes, All age groups, Seasonally adjusted",60.91666793823242,65.11666870117188,6.266666889190674,,,,
Saskatchewan,1995-10,"Index, 201612=100",units,38.13333333333333,35.56666666666667,37.333333333333336,,,,,,,,,,,,,,,,,Persons,unit,40407.0,64415.0,Persons,thousands,"Both sexes, All age groups, Seasonally adjusted",288.8333435058594,228.3000030517578,309.1166687011719,60.54999923706055,450.8166809082031,20.266666412353516,Percentage,unit,"Both sexes, All age groups, Seasonally adjusted",60.45000076293945,65.0,6.75,,,,
