province,REF_DATE,uom_houseindex,scalar_houseindex,avg_house_only,avg_land_only,avg_totalhouseland,uom_income,scalar_income,statistic_income,avg_income,uom_expenditure,scalar_expenditure,statistic_expenditure,avg_food_expenditures,avg_income_taxes,avg_mortageinsurance,avg_mortagePaid,avg_accomodation,avg_rent,avg_shelter,avg_total_expenditure,avg_taxes_landregfees,uom_tourist,scalar_tourist,avg_international_tourism,avg_domestic_tourism,uom_labourforce,scalar_labourforce,statistic_labourforce,avg_employment,avg_fulltime,avg_labourforce,avg_parttime,avg_population,avg_unemployment,uom_lfperc,scalar_lfperc,statistic_labourforceperc,avg_employment_rate,avg_participationrate,avg_unemploymentrate,uom_crime,scalar_crime,statistic_crime,avg_crime_incidents
Prince Edward Island,2011-12,"Index, 201612=100",units,102.2,95.1,100.9,Dollars,units,"Median total income,Both sexes,All age groups",2346.67,Dollars,unit,Average expenditure per household,606.33,835.42,7.08,243.67,875.92,192.75,968.42,5110.67,NaN,Persons,unit,0.0,58.0,Persons,thousands,"Both sexes, All age groups, Seasonally adjusted",46.28333282470703,39.28333282470703,51.71666717529297,7.016666889190674,72.66666412353516,5.416666507720947,Percentage,unit,"Both sexes, All age groups, Seasonally adjusted",62.13333511352539,69.86666870117188,11.25,Number,unit,Total of all violations-Actual incidents,875.0
Prince Edward Island,2011-11,"Index, 201612=100",units,102.2,95.1,100.9,Dollars,units,"Median total income,Both sexes,All age groups",2346.67,Dollars,unit,Average expenditure per household,606.33,835.42,7.08,243.67,875.92,192.75,968.42,5110.67,NaN,Persons,unit,0.0,51.0,Persons,thousands,"Both sexes, All age groups, Seasonally adjusted",46.03333282470703,39.13333511352539,51.54999923706055,6.933333396911621,72.6500015258789,5.5,Percentage,unit,"Both sexes, All age groups, Seasonally adjusted",61.53333282470703,69.4000015258789,11.366666793823242,Number,unit,Total of all violations-Actual incidents,875.0
Prince Edward Island,2011-08,"Index, 201612=100",units,102.0,95.1,100.8,Dollars,units,"Median total income,Both sexes,All age groups",2346.67,Dollars,unit,Average expenditure per household,606.33,835.42,7.08,243.67,875.92,192.75,968.42,5110.67,NaN,Persons,unit,138.0,1091.0,Persons,thousands,"Both sexes, All age groups, Seasonally adjusted",45.733333587646484,38.58333206176758,51.38333511352539,7.166666507720947,72.55000305175781,5.633333206176758,Percentage,unit,"Both sexes, All age groups, Seasonally adjusted",61.099998474121094,68.93333435058594,11.383333206176758,Number,unit,Total of all violations-Actual incidents,875.0
Prince Edward Island,2011-07,"Index, 201612=100",units,102.0,95.1,100.8,Dollars,units,"Median total income,Both sexes,All age groups",2346.67,Dollars,unit,Average expenditure per household,606.33,835.42,7.08,243.67,875.92,192.75,968.42,5110.67,NaN,Persons,unit,165.0,1300.0,Persons,thousands,"Both sexes, All age groups, Seasonally adjusted",45.41666793823242,38.18333435058594,51.233333587646484,7.2166666984558105,72.4000015258789,5.833333492279053,Percentage,unit,"Both sexes, All age groups, Seasonally adjusted",60.983333587646484,68.88333129882812,11.666666984558105,Number,unit,Total of all violations-Actual incidents,875.0
Prince Edward Island,2011-04,"Index, 201612=100",units,100.4,93.5,99.1,Dollars,units,"Median total income,Both sexes,All age groups",2346.67,Dollars,unit,Average expenditure per household,606.33,835.42,7.08,243.67,875.92,192.75,968.42,5110.67,NaN,Persons,unit,20.0,32.0,Persons,thousands,"Both sexes, All age groups, Seasonally adjusted",45.03333282470703,37.88333511352539,50.81666564941406,7.166666507720947,72.08333587646484,5.7833333015441895,Percentage,unit,"Both sexes, All age groups, Seasonally adjusted",60.63333511352539,68.8499984741211,11.883333206176758,Number,unit,Total of all violations-Actual incidents,875.0
Prince Edward Island,2011-01,"Index, 201612=100",units,98.7,92.0,97.5,Dollars,units,"Median total income,Both sexes,All age groups",2346.67,Dollars,unit,Average expenditure per household,606.33,835.42,7.08,243.67,875.92,192.75,968.42,5110.67,NaN,Persons,unit,17.0,84.0,Persons,thousands,"Both sexes, All age groups, Seasonally adjusted",44.599998474121094,37.43333435058594,50.08333206176758,7.166666507720947,71.83333587646484,5.483333110809326,Percentage,unit,"Both sexes, All age groups, Seasonally adjusted",60.266666412353516,67.86666870117188,10.966666221618652,Number,unit,Total of all violations-Actual incidents,875.0
Prince Edward Island,2011-09,"Index, 201612=100",units,101.9,95.1,100.7,Dollars,units,"Median total income,Both sexes,All age groups",2346.67,Dollars,unit,Average expenditure per household,606.33,835.42,7.08,243.67,875.92,192.75,968.42,5110.67,NaN,Persons,unit,68.0,341.0,Persons,thousands,"Both sexes, All age groups, Seasonally adjusted",46.483333587646484,39.33333206176758,51.96666717529297,7.133333206176758,72.63333129882812,5.516666889190674,Percentage,unit,"Both sexes, All age groups, Seasonally adjusted",62.63333511352539,70.3499984741211,11.316666603088379,Number,unit,Total of all violations-Actual incidents,875.0
Prince Edward Island,2011-06,"Index, 201612=100",units,100.7,94.2,99.6,Dollars,units,"Median total income,Both sexes,All age groups",2346.67,Dollars,unit,Average expenditure per household,606.33,835.42,7.08,243.67,875.92,192.75,968.42,5110.67,NaN,Persons,unit,22.0,57.0,Persons,thousands,"Both sexes, All age groups, Seasonally adjusted",45.650001525878906,38.5,51.5,7.183333396911621,72.23332977294922,5.800000190734863,Percentage,unit,"Both sexes, All age groups, Seasonally adjusted",61.233333587646484,69.66666412353516,12.116666793823242,Number,unit,Total of all violations-Actual incidents,875.0
Prince Edward Island,2011-05,"Index, 201612=100",units,100.7,94.2,99.6,Dollars,units,"Median total income,Both sexes,All age groups",2346.67,Dollars,unit,Average expenditure per household,606.33,835.42,7.08,243.67,875.92,192.75,968.42,5110.67,NaN,Persons,unit,13.0,34.0,Persons,thousands,"Both sexes, All age groups, Seasonally adjusted",45.483333587646484,38.46666717529297,51.349998474121094,7.050000190734863,72.19999694824219,5.833333492279053,Percentage,unit,"Both sexes, All age groups, Seasonally adjusted",61.099998474121094,69.3499984741211,11.850000381469727,Number,unit,Total of all violations-Actual incidents,875.0
Prince Edward Island,2011-10,"Index, 201612=100",units,102.2,95.1,100.9,Dollars,units,"Median total income,Both sexes,All age groups",2346.67,Dollars,unit,Average expenditure per household,606.33,835.42,7.08,243.67,875.92,192.75,968.42,5110.67,NaN,Persons,unit,8.0,68.0,Persons,thousands,"Both sexes, All age groups, Seasonally adjusted",45.79999923706055,39.31666564941406,51.13333511352539,6.449999809265137,72.68333435058594,5.333333492279053,Percentage,unit,"Both sexes, All age groups, Seasonally adjusted",61.41666793823242,68.69999694824219,10.666666984558105,Number,unit,Total of all violations-Actual incidents,875.0
Prince Edward Island,2011-03,"Index, 201612=100",units,100.3,92.6,98.9,Dollars,units,"Median total income,Both sexes,All age groups",2346.67,Dollars,unit,Average expenditure per household,606.33,835.42,7.08,243.67,875.92,192.75,968.42,5110.67,NaN,Persons,unit,3.0,48.0,Persons,thousands,"Both sexes, All age groups, Seasonally adjusted",45.13333511352539,37.83333206176758,50.71666717529297,7.316666603088379,72.0,5.599999904632568,Percentage,unit,"Both sexes, All age groups, Seasonally adjusted",60.83333206176758,68.75,11.416666984558105,Number,unit,Total of all violations-Actual incidents,875.0
Prince Edward Island,2011-02,"Index, 201612=100",units,100.3,92.6,98.9,Dollars,units,"Median total income,Both sexes,All age groups",2346.67,Dollars,unit,Average expenditure per household,606.33,835.42,7.08,243.67,875.92,192.75,968.42,5110.67,NaN,Persons,unit,3.0,3.0,Persons,thousands,"Both sexes, All age groups, Seasonally adjusted",44.516666412353516,37.75,49.95000076293945,6.7833333015441895,71.91666412353516,5.433333396911621,Percentage,unit,"Both sexes, All age groups, Seasonally adjusted",60.33333206176758,67.78333282470703,11.016666412353516,Number,unit,Total of all violations-Actual incidents,875.0
