province,REF_DATE,uom_houseindex,scalar_houseindex,avg_house_only,avg_land_only,avg_totalhouseland,uom_income,scalar_income,statistic_income,avg_income,uom_expenditure,scalar_expenditure,statistic_expenditure,avg_food_expenditures,avg_income_taxes,avg_mortageinsurance,avg_mortagePaid,avg_accomodation,avg_rent,avg_shelter,avg_total_expenditure,avg_taxes_landregfees,uom_tourist,scalar_tourist,avg_international_tourism,avg_domestic_tourism,uom_labourforce,scalar_labourforce,statistic_labourforce,avg_employment,avg_fulltime,avg_labourforce,avg_parttime,avg_population,avg_unemployment,uom_lfperc,scalar_lfperc,statistic_labourforceperc,avg_employment_rate,avg_participationrate,avg_unemploymentrate,uom_crime,scalar_crime,statistic_crime,avg_crime_incidents
British Columbia,2011-03,"Index, 201612=100",units,97.96666666666665,99.33333333333333,98.39999999999999,Dollars,units,"Median total income,Both sexes,All age groups",2410.83,Dollars,unit,Average expenditure per household,676.75,977.17,6.33,477.25,1270.58,288.5,1385.33,6266.33,27.08,Persons,unit,1282498.0,1689133.0,Persons,thousands,"Both sexes, All age groups, Seasonally adjusted",1420.6500244140625,1112.699951171875,1541.5999755859375,307.95001220703125,2259.14990234375,120.94999694824219,Percentage,unit,"Both sexes, All age groups, Seasonally adjusted",59.86666488647461,65.56666564941406,8.566666603088379,Number,unit,Total of all violations-Actual incidents,34896.92
British Columbia,2011-06,"Index, 201612=100",units,97.96666666666668,99.5,98.36666666666667,Dollars,units,"Median total income,Both sexes,All age groups",2410.83,Dollars,unit,Average expenditure per household,676.75,977.17,6.33,477.25,1270.58,288.5,1385.33,6266.33,27.08,Persons,unit,1194870.0,2066137.0,Persons,thousands,"Both sexes, All age groups, Seasonally adjusted",1418.1500244140625,1111.7667236328125,1524.5999755859375,306.3833312988281,2263.783447265625,106.43333435058594,Percentage,unit,"Both sexes, All age groups, Seasonally adjusted",59.66666793823242,64.63333129882812,7.800000190734863,Number,unit,Total of all violations-Actual incidents,34896.92
British Columbia,2011-09,"Index, 201612=100",units,97.43333333333334,99.63333333333333,98.10000000000001,Dollars,units,"Median total income,Both sexes,All age groups",2410.83,Dollars,unit,Average expenditure per household,676.75,977.17,6.33,477.25,1270.58,288.5,1385.33,6266.33,27.08,Persons,unit,1341668.0,2090393.0,Persons,thousands,"Both sexes, All age groups, Seasonally adjusted",1429.5,1128.566650390625,1533.25,300.95001220703125,2270.85009765625,103.73332977294922,Percentage,unit,"Both sexes, All age groups, Seasonally adjusted",60.06666564941406,65.0,7.550000190734863,Number,unit,Total of all violations-Actual incidents,34896.92
British Columbia,2011-01,"Index, 201612=100",units,97.63333333333333,99.33333333333333,98.23333333333333,Dollars,units,"Median total income,Both sexes,All age groups",2410.83,Dollars,unit,Average expenditure per household,676.75,977.17,6.33,477.25,1270.58,288.5,1385.33,6266.33,27.08,Persons,unit,1034154.0,1392320.0,Persons,thousands,"Both sexes, All age groups, Seasonally adjusted",1415.199951171875,1113.63330078125,1536.5167236328125,301.5833435058594,2256.449951171875,121.31666564941406,Percentage,unit,"Both sexes, All age groups, Seasonally adjusted",59.79999923706055,65.3499984741211,8.333333015441895,Number,unit,Total of all violations-Actual incidents,34896.92
British Columbia,2011-12,"Index, 201612=100",units,96.56666666666668,99.5,97.43333333333332,Dollars,units,"Median total income,Both sexes,All age groups",2410.83,Dollars,unit,Average expenditure per household,676.75,977.17,6.33,477.25,1270.58,288.5,1385.33,6266.33,27.08,Persons,unit,1278552.0,1750380.0,Persons,thousands,"Both sexes, All age groups, Seasonally adjusted",1433.550048828125,1136.9666748046875,1538.9000244140625,296.5666809082031,2275.85009765625,105.36666870117188,Percentage,unit,"Both sexes, All age groups, Seasonally adjusted",60.08333206176758,65.05000305175781,7.616666793823242,Number,unit,Total of all violations-Actual incidents,34896.92
British Columbia,2011-11,"Index, 201612=100",units,96.73333333333335,99.5,97.56666666666666,Dollars,units,"Median total income,Both sexes,All age groups",2410.83,Dollars,unit,Average expenditure per household,676.75,977.17,6.33,477.25,1270.58,288.5,1385.33,6266.33,27.08,Persons,unit,1186487.0,1539738.0,Persons,thousands,"Both sexes, All age groups, Seasonally adjusted",1430.066650390625,1129.38330078125,1535.7332763671875,300.70001220703125,2274.316650390625,105.66666412353516,Percentage,unit,"Both sexes, All age groups, Seasonally adjusted",59.900001525878906,64.91666412353516,7.683333396911621,Number,unit,Total of all violations-Actual incidents,34896.92
British Columbia,2011-02,"Index, 201612=100",units,97.76666666666667,99.33333333333333,98.26666666666665,Dollars,units,"Median total income,Both sexes,All age groups",2410.83,Dollars,unit,Average expenditure per household,676.75,977.17,6.33,477.25,1270.58,288.5,1385.33,6266.33,27.08,Persons,unit,947672.0,1315785.0,Persons,thousands,"Both sexes, All age groups, Seasonally adjusted",1413.4000244140625,1099.5167236328125,1544.2833251953125,313.8833312988281,2257.816650390625,130.88333129882812,Percentage,unit,"Both sexes, All age groups, Seasonally adjusted",59.733333587646484,65.76667022705078,9.083333015441895,Number,unit,Total of all violations-Actual incidents,34896.92
British Columbia,2011-04,"Index, 201612=100",units,97.63333333333333,99.53333333333335,98.23333333333335,Dollars,units,"Median total income,Both sexes,All age groups",2410.83,Dollars,unit,Average expenditure per household,676.75,977.17,6.33,477.25,1270.58,288.5,1385.33,6266.33,27.08,Persons,unit,1304890.0,1748135.0,Persons,thousands,"Both sexes, All age groups, Seasonally adjusted",1422.199951171875,1106.433349609375,1539.86669921875,315.75,2260.5,117.66666412353516,Percentage,unit,"Both sexes, All age groups, Seasonally adjusted",60.0,65.53333282470703,8.350000381469727,Number,unit,Total of all violations-Actual incidents,34896.92
British Columbia,2011-07,"Index, 201612=100",units,97.96666666666665,99.63333333333333,98.39999999999999,Dollars,units,"Median total income,Both sexes,All age groups",2410.83,Dollars,unit,Average expenditure per household,676.75,977.17,6.33,477.25,1270.58,288.5,1385.33,6266.33,27.08,Persons,unit,1500956.0,2573124.0,Persons,thousands,"Both sexes, All age groups, Seasonally adjusted",1416.4666748046875,1116.2667236328125,1525.433349609375,300.1833190917969,2266.199951171875,108.96666717529297,Percentage,unit,"Both sexes, All age groups, Seasonally adjusted",59.54999923706055,64.71666717529297,7.949999809265137,Number,unit,Total of all violations-Actual incidents,34896.92
British Columbia,2011-05,"Index, 201612=100",units,97.90000000000002,99.60000000000001,98.40000000000002,Dollars,units,"Median total income,Both sexes,All age groups",2410.83,Dollars,unit,Average expenditure per household,676.75,977.17,6.33,477.25,1270.58,288.5,1385.33,6266.33,27.08,Persons,unit,1347947.0,2025061.0,Persons,thousands,"Both sexes, All age groups, Seasonally adjusted",1416.0,1112.88330078125,1524.199951171875,303.1333312988281,2262.13330078125,108.18333435058594,Percentage,unit,"Both sexes, All age groups, Seasonally adjusted",59.71666717529297,64.80000305175781,7.900000095367432,Number,unit,Total of all violations-Actual incidents,34896.92
British Columbia,2011-10,"Index, 201612=100",units,97.03333333333335,99.63333333333333,97.8,Dollars,units,"Median total income,Both sexes,All age groups",2410.83,Dollars,unit,Average expenditure per household,676.75,977.17,6.33,477.25,1270.58,288.5,1385.33,6266.33,27.08,Persons,unit,1249865.0,1664477.0,Persons,thousands,"Both sexes, All age groups, Seasonally adjusted",1432.199951171875,1129.4666748046875,1532.0999755859375,302.73333740234375,2272.666748046875,99.91666412353516,Percentage,unit,"Both sexes, All age groups, Seasonally adjusted",60.099998474121094,64.80000305175781,7.199999809265137,Number,unit,Total of all violations-Actual incidents,34896.92
British Columbia,2011-08,"Index, 201612=100",units,97.39999999999999,99.63333333333333,98.06666666666666,Dollars,units,"Median total income,Both sexes,All age groups",2410.83,Dollars,unit,Average expenditure per household,676.75,977.17,6.33,477.25,1270.58,288.5,1385.33,6266.33,27.08,Persons,unit,1685167.0,2686019.0,Persons,thousands,"Both sexes, All age groups, Seasonally adjusted",1415.050048828125,1108.6666259765625,1521.933349609375,306.3833312988281,2268.88330078125,106.8499984741211,Percentage,unit,"Both sexes, All age groups, Seasonally adjusted",59.31666564941406,64.5,7.949999809265137,Number,unit,Total of all violations-Actual incidents,34896.92
Canada,1983-05,"Index, 201612=100",units,36.9,37.2,37.7,,,,,,,,,,,,,,,,,Persons,unit,3501327.0,6721086.0,Persons,thousands,"Both sexes, All age groups, Seasonally adjusted",4965.3779296875,5772.88330078125,5668.7998046875,1088.433349609375,8583.921875,703.4111328125,Percentage,unit,"Both sexes, All age groups, Seasonally adjusted",53.53333282470703,62.32222366333008,13.777777671813965,,,,
Canada,1983-02,"Index, 201612=100",units,37.2,36.8,37.9,,,,,,,,,,,,,,,,,Persons,unit,2390777.0,4211246.0,Persons,thousands,"Both sexes, All age groups, Seasonally adjusted",4905.98876953125,5698.7998046875,5619.0888671875,1072.0999755859375,8556.544921875,713.0888671875,Percentage,unit,"Both sexes, All age groups, Seasonally adjusted",53.25555419921875,62.099998474121094,13.822221755981445,,,,
Canada,1983-06,"Index, 201612=100",units,37.0,37.4,37.8,,,,,,,,,,,,,,,,,Persons,unit,3390693.0,7622285.0,Persons,thousands,"Both sexes, All age groups, Seasonally adjusted",4995.85546875,5808.9833984375,5696.36669921875,1091.4666748046875,8592.078125,700.477783203125,Percentage,unit,"Both sexes, All age groups, Seasonally adjusted",53.92222213745117,62.599998474121094,13.566666603088379,,,,
Canada,1983-10,"Index, 201612=100",units,37.2,37.2,37.9,,,,,,,,,,,,,,,,,Persons,unit,3336633.0,6142601.0,Persons,thousands,"Both sexes, All age groups, Seasonally adjusted",5061.95556640625,5877.7001953125,5700.7109375,1115.0333251953125,8626.1337890625,638.7666625976562,Percentage,unit,"Both sexes, All age groups, Seasonally adjusted",54.477779388427734,62.35555648803711,12.311111450195312,,,,
Canada,1983-11,"Index, 201612=100",units,37.3,37.4,38.0,,,,,,,,,,,,,,,,,Persons,unit,2773976.0,4909865.0,Persons,thousands,"Both sexes, All age groups, Seasonally adjusted",5061.822265625,5881.13330078125,5699.60009765625,1114.2332763671875,8634.6552734375,637.7444458007812,Percentage,unit,"Both sexes, All age groups, Seasonally adjusted",54.344444274902344,62.25555419921875,12.355555534362793,,,,
Canada,1983-09,"Index, 201612=100",units,37.2,37.3,38.0,,,,,,,,,,,,,,,,,Persons,unit,3469440.0,7261742.0,Persons,thousands,"Both sexes, All age groups, Seasonally adjusted",5066.42236328125,5893.33349609375,5710.98876953125,1102.9166259765625,8617.822265625,644.566650390625,Percentage,unit,"Both sexes, All age groups, Seasonally adjusted",54.622222900390625,62.622222900390625,12.366666793823242,,,,
Canada,1983-08,"Index, 201612=100",units,37.2,37.2,38.0,,,,,,,,,,,,,,,,,Persons,unit,4891800.0,1.0726601E7,Persons,thousands,"Both sexes, All age groups, Seasonally adjusted",5043.34423828125,5847.38330078125,5706.3779296875,1117.61669921875,8609.578125,663.0,Percentage,unit,"Both sexes, All age groups, Seasonally adjusted",54.400001525878906,62.70000076293945,12.88888931274414,,,,
Canada,1983-03,"Index, 201612=100",units,37.2,37.0,37.8,,,,,,,,,,,,,,,,,Persons,unit,3136376.0,5317304.0,Persons,thousands,"Both sexes, All age groups, Seasonally adjusted",4931.2001953125,5732.10009765625,5637.68896484375,1076.63330078125,8564.8330078125,706.477783203125,Percentage,unit,"Both sexes, All age groups, Seasonally adjusted",53.411109924316406,62.18888854980469,13.744444847106934,,,,
Canada,1983-12,"Index, 201612=100",units,37.2,37.2,37.9,,,,,,,,,,,,,,,,,Persons,unit,2655869.0,4650057.0,Persons,thousands,"Both sexes, All age groups, Seasonally adjusted",5072.13330078125,5887.83349609375,5717.81103515625,1123.0999755859375,8642.8115234375,645.6666870117188,Percentage,unit,"Both sexes, All age groups, Seasonally adjusted",54.400001525878906,62.411109924316406,12.51111125946045,,,,
Canada,1983-04,"Index, 201612=100",units,37.0,37.2,37.8,,,,,,,,,,,,,,,,,Persons,unit,3538296.0,6022756.0,Persons,thousands,"Both sexes, All age groups, Seasonally adjusted",4956.81103515625,5755.2666015625,5660.42236328125,1090.816650390625,8573.3447265625,703.611083984375,Percentage,unit,"Both sexes, All age groups, Seasonally adjusted",53.57777786254883,62.42222213745117,13.766666412353516,,,,
Canada,1983-01,"Index, 201612=100",units,37.3,36.8,37.9,,,,,,,,,,,,,,,,,Persons,unit,2540904.0,4328498.0,Persons,thousands,"Both sexes, All age groups, Seasonally adjusted",4898.86669921875,5688.41650390625,5611.6220703125,1070.050048828125,8546.5888671875,712.7555541992188,Percentage,unit,"Both sexes, All age groups, Seasonally adjusted",53.29999923706055,62.13333511352539,13.811111450195312,,,,
Canada,1983-07,"Index, 201612=100",units,37.0,37.4,37.8,,,,,,,,,,,,,,,,,Persons,unit,5104806.0,1.1225093E7,Persons,thousands,"Both sexes, All age groups, Seasonally adjusted",5018.34423828125,5819.5,5691.42236328125,1112.5333251953125,8599.4775390625,673.0777587890625,Percentage,unit,"Both sexes, All age groups, Seasonally adjusted",54.099998474121094,62.43333435058594,13.01111125946045,,,,
