province,REF_DATE,uom_houseindex,scalar_houseindex,avg_house_only,avg_land_only,avg_totalhouseland,uom_income,scalar_income,statistic_income,avg_income,uom_expenditure,scalar_expenditure,statistic_expenditure,avg_food_expenditures,avg_income_taxes,avg_mortageinsurance,avg_mortagePaid,avg_accomodation,avg_rent,avg_shelter,avg_total_expenditure,avg_taxes_landregfees,uom_tourist,scalar_tourist,avg_international_tourism,avg_domestic_tourism,uom_labourforce,scalar_labourforce,statistic_labourforce,avg_employment,avg_fulltime,avg_labourforce,avg_parttime,avg_population,avg_unemployment,uom_lfperc,scalar_lfperc,statistic_labourforceperc,avg_employment_rate,avg_participationrate,avg_unemploymentrate,uom_crime,scalar_crime,statistic_crime,avg_crime_incidents
British Columbia,1995-07,"Index, 201612=100",units,108.36666666666667,82.63333333333333,95.59999999999998,,,,,,,,,,,,,,,,,Persons,unit,1408045.0,2510133.0,Persons,thousands,"Both sexes, All age groups, Seasonally adjusted",1141.816650390625,927.0999755859375,1246.25,214.73333740234375,1810.5999755859375,104.43333435058594,Percentage,unit,"Both sexes, All age groups, Seasonally adjusted",58.56666564941406,64.43333435058594,8.916666984558105,,,,
British Columbia,1995-03,"Index, 201612=100",units,110.93333333333334,84.23333333333333,97.8,,,,,,,,,,,,,,,,,Persons,unit,1091780.0,1560179.0,Persons,thousands,"Both sexes, All age groups, Seasonally adjusted",1141.550048828125,932.6333618164062,1243.550048828125,208.89999389648438,1792.199951171875,102.03333282470703,Percentage,unit,"Both sexes, All age groups, Seasonally adjusted",59.21666717529297,64.98332977294922,8.633333206176758,,,,
British Columbia,1995-11,"Index, 201612=100",units,104.03333333333335,81.39999999999999,92.76666666666667,,,,,,,,,,,,,,,,,Persons,unit,966904.0,1400063.0,Persons,thousands,"Both sexes, All age groups, Seasonally adjusted",1140.11669921875,919.183349609375,1244.25,220.9166717529297,1828.2332763671875,104.16666412353516,Percentage,unit,"Both sexes, All age groups, Seasonally adjusted",57.849998474121094,63.516666412353516,8.816666603088379,,,,
British Columbia,1995-10,"Index, 201612=100",units,105.16666666666667,81.23333333333333,93.16666666666667,,,,,,,,,,,,,,,,,Persons,unit,1106283.0,1630893.0,Persons,thousands,"Both sexes, All age groups, Seasonally adjusted",1146.8333740234375,930.1666870117188,1247.183349609375,216.64999389648438,1824.4166259765625,100.36666870117188,Percentage,unit,"Both sexes, All age groups, Seasonally adjusted",58.349998474121094,63.86666488647461,8.583333015441895,,,,
British Columbia,1995-08,"Index, 201612=100",units,107.66666666666667,82.7,95.33333333333333,,,,,,,,,,,,,,,,,Persons,unit,1452560.0,2571524.0,Persons,thousands,"Both sexes, All age groups, Seasonally adjusted",1142.1666259765625,921.7000122070312,1243.2166748046875,220.48333740234375,1816.0333251953125,101.05000305175781,Percentage,unit,"Both sexes, All age groups, Seasonally adjusted",58.400001525878906,64.0,8.75,,,,
British Columbia,1995-04,"Index, 201612=100",units,110.53333333333332,84.06666666666666,97.36666666666667,,,,,,,,,,,,,,,,,Persons,unit,1199990.0,1714308.0,Persons,thousands,"Both sexes, All age groups, Seasonally adjusted",1140.0167236328125,929.8666381835938,1241.11669921875,210.10000610351562,1796.5333251953125,101.0999984741211,Percentage,unit,"Both sexes, All age groups, Seasonally adjusted",58.83333206176758,64.66666412353516,8.766666412353516,,,,
British Columbia,1995-02,"Index, 201612=100",units,111.93333333333334,84.66666666666667,98.53333333333335,,,,,,,,,,,,,,,,,Persons,unit,826743.0,1218974.0,Persons,thousands,"Both sexes, All age groups, Seasonally adjusted",1130.25,925.8833618164062,1233.199951171875,204.36666870117188,1788.3499755859375,102.94999694824219,Percentage,unit,"Both sexes, All age groups, Seasonally adjusted",58.516666412353516,64.31666564941406,8.75,,,,
British Columbia,1995-09,"Index, 201612=100",units,107.0,82.3,94.73333333333333,,,,,,,,,,,,,,,,,Persons,unit,1195859.0,2032358.0,Persons,thousands,"Both sexes, All age groups, Seasonally adjusted",1148.2166748046875,922.3499755859375,1249.2166748046875,225.89999389648438,1820.316650390625,100.98332977294922,Percentage,unit,"Both sexes, All age groups, Seasonally adjusted",58.56666564941406,64.18333435058594,8.566666603088379,,,,
British Columbia,1995-12,"Index, 201612=100",units,103.03333333333335,81.36666666666666,92.3,,,,,,,,,,,,,,,,,Persons,unit,966754.0,1453492.0,Persons,thousands,"Both sexes, All age groups, Seasonally adjusted",1140.550048828125,912.2999877929688,1246.36669921875,228.25,1831.9166259765625,105.81666564941406,Percentage,unit,"Both sexes, All age groups, Seasonally adjusted",57.68333435058594,63.516666412353516,9.083333015441895,,,,
British Columbia,1995-01,"Index, 201612=100",units,112.80000000000001,85.36666666666667,99.3,,,,,,,,,,,,,,,,,Persons,unit,938337.0,1325038.0,Persons,thousands,"Both sexes, All age groups, Seasonally adjusted",1134.933349609375,929.9000244140625,1237.25,205.03334045410156,1784.9166259765625,102.30000305175781,Percentage,unit,"Both sexes, All age groups, Seasonally adjusted",59.08333206176758,64.88333129882812,9.0,,,,
British Columbia,1995-05,"Index, 201612=100",units,109.76666666666667,83.33333333333333,96.76666666666667,,,,,,,,,,,,,,,,,Persons,unit,1195643.0,1881836.0,Persons,thousands,"Both sexes, All age groups, Seasonally adjusted",1137.7166748046875,926.1500244140625,1238.4666748046875,211.5833282470703,1801.88330078125,100.73332977294922,Percentage,unit,"Both sexes, All age groups, Seasonally adjusted",58.66666793823242,64.38333129882812,8.666666984558105,,,,
British Columbia,1995-06,"Index, 201612=100",units,108.73333333333333,82.93333333333332,96.06666666666668,,,,,,,,,,,,,,,,,Persons,unit,1152658.0,2009943.0,Persons,thousands,"Both sexes, All age groups, Seasonally adjusted",1140.199951171875,927.1166381835938,1242.75,213.06666564941406,1806.2667236328125,102.53333282470703,Percentage,unit,"Both sexes, All age groups, Seasonally adjusted",58.70000076293945,64.46666717529297,8.75,,,,
Manitoba,1998-09,"Index, 201612=100",units,47.2,34.8,43.5,,,,,,,,,,,,,,,,,Persons,unit,88058.0,171704.0,Persons,thousands,"Both sexes, All age groups, Seasonally adjusted",340.3999938964844,279.79998779296875,360.5333251953125,60.599998474121094,515.6500244140625,20.116666793823242,Percentage,unit,"Both sexes, All age groups, Seasonally adjusted",62.06666564941406,66.11666870117188,5.9666666984558105,Number,unit,Total of all violations-Actual incidents,10963.17
Manitoba,1998-05,"Index, 201612=100",units,47.1,34.6,43.4,,,,,,,,,,,,,,,,,Persons,unit,102192.0,196280.0,Persons,thousands,"Both sexes, All age groups, Seasonally adjusted",337.95001220703125,276.48333740234375,356.7166748046875,61.516666412353516,514.933349609375,18.733333587646484,Percentage,unit,"Both sexes, All age groups, Seasonally adjusted",61.483333587646484,65.30000305175781,5.633333206176758,Number,unit,Total of all violations-Actual incidents,10963.17
Manitoba,1998-06,"Index, 201612=100",units,47.2,34.8,43.5,,,,,,,,,,,,,,,,,Persons,unit,95605.0,206612.0,Persons,thousands,"Both sexes, All age groups, Seasonally adjusted",336.4333190917969,274.6000061035156,355.7833251953125,61.83333206176758,515.183349609375,19.316667556762695,Percentage,unit,"Both sexes, All age groups, Seasonally adjusted",61.21666717529297,65.08333587646484,5.800000190734863,Number,unit,Total of all violations-Actual incidents,10963.17
Manitoba,1998-11,"Index, 201612=100",units,47.3,34.8,43.6,,,,,,,,,,,,,,,,,Persons,unit,69359.0,127634.0,Persons,thousands,"Both sexes, All age groups, Seasonally adjusted",342.1833190917969,279.3999938964844,361.79998779296875,62.766666412353516,516.0999755859375,19.58333396911621,Percentage,unit,"Both sexes, All age groups, Seasonally adjusted",62.36666488647461,66.26667022705078,5.633333206176758,Number,unit,Total of all violations-Actual incidents,10963.17
Manitoba,1998-12,"Index, 201612=100",units,47.3,34.8,43.6,,,,,,,,,,,,,,,,,Persons,unit,66926.0,129286.0,Persons,thousands,"Both sexes, All age groups, Seasonally adjusted",342.48333740234375,276.9333190917969,362.9333190917969,65.51667022705078,516.3499755859375,20.46666717529297,Percentage,unit,"Both sexes, All age groups, Seasonally adjusted",62.45000076293945,66.5999984741211,6.116666793823242,Number,unit,Total of all violations-Actual incidents,10963.17
Manitoba,1998-10,"Index, 201612=100",units,47.2,34.8,43.5,,,,,,,,,,,,,,,,,Persons,unit,86271.0,165467.0,Persons,thousands,"Both sexes, All age groups, Seasonally adjusted",341.70001220703125,280.54998779296875,361.79998779296875,61.150001525878906,515.9000244140625,20.100000381469727,Percentage,unit,"Both sexes, All age groups, Seasonally adjusted",62.28333282470703,66.26667022705078,5.800000190734863,Number,unit,Total of all violations-Actual incidents,10963.17
Manitoba,1998-03,"Index, 201612=100",units,47.1,34.6,43.4,,,,,,,,,,,,,,,,,Persons,unit,99195.0,160161.0,Persons,thousands,"Both sexes, All age groups, Seasonally adjusted",338.73333740234375,275.2166748046875,356.6000061035156,63.5,514.566650390625,17.883333206176758,Percentage,unit,"Both sexes, All age groups, Seasonally adjusted",61.599998474121094,65.30000305175781,5.550000190734863,Number,unit,Total of all violations-Actual incidents,10963.17
Manitoba,1998-07,"Index, 201612=100",units,47.2,34.8,43.5,,,,,,,,,,,,,,,,,Persons,unit,141448.0,276150.0,Persons,thousands,"Both sexes, All age groups, Seasonally adjusted",341.0833435058594,279.3500061035156,358.5333251953125,61.733333587646484,515.2333374023438,17.46666717529297,Percentage,unit,"Both sexes, All age groups, Seasonally adjusted",62.20000076293945,65.78333282470703,5.266666889190674,Number,unit,Total of all violations-Actual incidents,10963.17
Manitoba,1998-02,"Index, 201612=100",units,47.1,34.6,43.4,,,,,,,,,,,,,,,,,Persons,unit,82800.0,135459.0,Persons,thousands,"Both sexes, All age groups, Seasonally adjusted",336.6666564941406,273.95001220703125,356.5833435058594,62.75,514.4000244140625,19.91666603088379,Percentage,unit,"Both sexes, All age groups, Seasonally adjusted",61.28333282470703,65.38333129882812,6.183333396911621,Number,unit,Total of all violations-Actual incidents,10963.17
Manitoba,1998-08,"Index, 201612=100",units,47.2,34.8,43.5,,,,,,,,,,,,,,,,,Persons,unit,136435.0,252665.0,Persons,thousands,"Both sexes, All age groups, Seasonally adjusted",342.1499938964844,281.6333312988281,360.4666748046875,60.53333282470703,515.4000244140625,18.316667556762695,Percentage,unit,"Both sexes, All age groups, Seasonally adjusted",62.43333435058594,66.11666870117188,5.449999809265137,Number,unit,Total of all violations-Actual incidents,10963.17
Manitoba,1998-01,"Index, 201612=100",units,47.0,34.6,43.3,,,,,,,,,,,,,,,,,Persons,unit,83309.0,136111.0,Persons,thousands,"Both sexes, All age groups, Seasonally adjusted",337.73333740234375,273.8833312988281,356.51666259765625,63.83333206176758,514.25,18.78333282470703,Percentage,unit,"Both sexes, All age groups, Seasonally adjusted",61.54999923706055,65.5,5.933333396911621,Number,unit,Total of all violations-Actual incidents,10963.17
Manitoba,1998-04,"Index, 201612=100",units,47.1,34.6,43.4,,,,,,,,,,,,,,,,,Persons,unit,103756.0,168656.0,Persons,thousands,"Both sexes, All age groups, Seasonally adjusted",338.5,275.75,357.6499938964844,62.75,514.7333374023438,19.149999618530273,Percentage,unit,"Both sexes, All age groups, Seasonally adjusted",61.61666488647461,65.66666412353516,5.916666507720947,Number,unit,Total of all violations-Actual incidents,10963.17
Nova Scotia,1992-03,"Index, 201612=100",units,54.4,60.6,56.0,,,,,,,,,,,,,,,,,Persons,unit,13940.0,23153.0,Persons,thousands,"Both sexes, All age groups, Seasonally adjusted",235.0500030517578,192.85000610351562,268.8500061035156,42.18333435058594,430.7166748046875,33.78333282470703,Percentage,unit,"Both sexes, All age groups, Seasonally adjusted",50.33333206176758,58.11666488647461,12.916666984558105,,,,
Nova Scotia,1992-04,"Index, 201612=100",units,54.5,60.6,56.0,,,,,,,,,,,,,,,,,Persons,unit,11735.0,21816.0,Persons,thousands,"Both sexes, All age groups, Seasonally adjusted",234.75,192.61666870117188,267.20001220703125,42.150001525878906,430.75,32.46666717529297,Percentage,unit,"Both sexes, All age groups, Seasonally adjusted",50.29999923706055,57.733333587646484,12.466666221618652,,,,
Nova Scotia,1992-08,"Index, 201612=100",units,54.9,60.6,56.4,,,,,,,,,,,,,,,,,Persons,unit,11151.0,68436.0,Persons,thousands,"Both sexes, All age groups, Seasonally adjusted",233.64999389648438,190.31666564941406,267.70001220703125,43.31666564941406,432.3999938964844,34.03333282470703,Percentage,unit,"Both sexes, All age groups, Seasonally adjusted",49.88333511352539,57.75,13.0,,,,
Nova Scotia,1992-12,"Index, 201612=100",units,54.9,61.7,56.6,,,,,,,,,,,,,,,,,Persons,unit,2884.0,12328.0,Persons,thousands,"Both sexes, All age groups, Seasonally adjusted",230.89999389648438,194.3333282470703,268.0833435058594,36.56666564941406,433.45001220703125,37.18333435058594,Percentage,unit,"Both sexes, All age groups, Seasonally adjusted",49.11666488647461,57.46666717529297,13.733333587646484,,,,
Nova Scotia,1992-11,"Index, 201612=100",units,54.9,61.7,56.6,,,,,,,,,,,,,,,,,Persons,unit,4561.0,11994.0,Persons,thousands,"Both sexes, All age groups, Seasonally adjusted",236.3000030517578,194.5,272.8333435058594,41.78333282470703,433.2833251953125,36.54999923706055,Percentage,unit,"Both sexes, All age groups, Seasonally adjusted",50.599998474121094,58.68333435058594,13.5,,,,
Nova Scotia,1992-02,"Index, 201612=100",units,54.4,60.8,55.9,,,,,,,,,,,,,,,,,Persons,unit,6410.0,13681.0,Persons,thousands,"Both sexes, All age groups, Seasonally adjusted",237.6999969482422,196.35000610351562,270.1666564941406,41.38333511352539,430.4333190917969,32.46666717529297,Percentage,unit,"Both sexes, All age groups, Seasonally adjusted",50.96666717529297,58.43333435058594,12.216666221618652,,,,
Nova Scotia,1992-06,"Index, 201612=100",units,55.1,60.6,56.5,,,,,,,,,,,,,,,,,Persons,unit,7217.0,43756.0,Persons,thousands,"Both sexes, All age groups, Seasonally adjusted",233.64999389648438,191.60000610351562,267.6333312988281,42.03333282470703,431.6000061035156,34.016666412353516,Percentage,unit,"Both sexes, All age groups, Seasonally adjusted",50.03333282470703,57.95000076293945,13.133333206176758,,,,
Nova Scotia,1992-05,"Index, 201612=100",units,55.1,60.6,56.5,,,,,,,,,,,,,,,,,Persons,unit,11529.0,33819.0,Persons,thousands,"Both sexes, All age groups, Seasonally adjusted",233.21665954589844,191.26666259765625,266.9333190917969,41.93333435058594,431.1166687011719,33.75,Percentage,unit,"Both sexes, All age groups, Seasonally adjusted",50.016666412353516,57.88333511352539,12.899999618530273,,,,
Nova Scotia,1992-07,"Index, 201612=100",units,55.0,60.6,56.5,,,,,,,,,,,,,,,,,Persons,unit,10181.0,65310.0,Persons,thousands,"Both sexes, All age groups, Seasonally adjusted",233.25,191.71665954589844,269.8666687011719,41.53333282470703,432.0666809082031,36.61666488647461,Percentage,unit,"Both sexes, All age groups, Seasonally adjusted",49.766666412353516,58.29999923706055,13.983333587646484,,,,
Nova Scotia,1992-09,"Index, 201612=100",units,54.9,61.9,56.7,,,,,,,,,,,,,,,,,Persons,unit,7823.0,64138.0,Persons,thousands,"Both sexes, All age groups, Seasonally adjusted",234.03334045410156,194.0500030517578,268.3166809082031,39.96666717529297,432.76666259765625,34.25,Percentage,unit,"Both sexes, All age groups, Seasonally adjusted",49.88333511352539,57.650001525878906,13.016666412353516,,,,
Nova Scotia,1992-01,"Index, 201612=100",units,54.4,60.8,55.9,,,,,,,,,,,,,,,,,Persons,unit,5033.0,11553.0,Persons,thousands,"Both sexes, All age groups, Seasonally adjusted",238.35000610351562,197.73333740234375,270.79998779296875,40.599998474121094,430.3333435058594,32.46666717529297,Percentage,unit,"Both sexes, All age groups, Seasonally adjusted",51.266666412353516,58.733333587646484,12.283333778381348,,,,
Nova Scotia,1992-10,"Index, 201612=100",units,54.9,61.7,56.6,,,,,,,,,,,,,,,,,Persons,unit,7325.0,40879.0,Persons,thousands,"Both sexes, All age groups, Seasonally adjusted",234.60000610351562,194.46665954589844,268.4333190917969,40.13333511352539,433.0333251953125,33.83333206176758,Percentage,unit,"Both sexes, All age groups, Seasonally adjusted",50.18333435058594,57.68333435058594,12.550000190734863,,,,
Saskatchewan,1982-10,"Index, 201612=100",units,30.6,23.7,28.7,,,,,,,,,,,,,,,,,Persons,unit,33361.0,50990.0,Persons,thousands,"Both sexes, All age groups, Seasonally adjusted",265.4666748046875,214.8000030517578,285.8333435058594,50.68333435058594,433.3999938964844,20.366666793823242,Percentage,unit,"Both sexes, All age groups, Seasonally adjusted",58.78333282470703,63.599998474121094,7.099999904632568,,,,
Saskatchewan,1982-07,"Index, 201612=100",units,30.75,23.75,28.8,,,,,,,,,,,,,,,,,Persons,unit,45932.0,85064.0,Persons,thousands,"Both sexes, All age groups, Seasonally adjusted",264.1499938964844,213.6666717529297,283.5333251953125,50.516666412353516,431.1833190917969,19.350000381469727,Percentage,unit,"Both sexes, All age groups, Seasonally adjusted",58.75,63.36666488647461,6.866666793823242,,,,
Saskatchewan,1982-12,"Index, 201612=100",units,30.5,24.049999999999997,28.7,,,,,,,,,,,,,,,,,Persons,unit,24805.0,36466.0,Persons,thousands,"Both sexes, All age groups, Seasonally adjusted",266.3999938964844,214.0,286.5666809082031,52.36666488647461,434.3166809082031,20.16666603088379,Percentage,unit,"Both sexes, All age groups, Seasonally adjusted",58.95000076293945,63.650001525878906,7.0333333015441895,,,,
Saskatchewan,1982-08,"Index, 201612=100",units,30.75,23.75,28.8,,,,,,,,,,,,,,,,,Persons,unit,45036.0,79142.0,Persons,thousands,"Both sexes, All age groups, Seasonally adjusted",263.9166564941406,213.0500030517578,283.54998779296875,50.849998474121094,432.1499938964844,19.649999618530273,Percentage,unit,"Both sexes, All age groups, Seasonally adjusted",58.599998474121094,63.21666717529297,7.0,,,,
Saskatchewan,1982-06,"Index, 201612=100",units,30.75,23.95,28.900000000000002,,,,,,,,,,,,,,,,,Persons,unit,29172.0,59463.0,Persons,thousands,"Both sexes, All age groups, Seasonally adjusted",265.51666259765625,215.1999969482422,283.3833312988281,50.29999923706055,430.6666564941406,17.899999618530273,Percentage,unit,"Both sexes, All age groups, Seasonally adjusted",59.20000076293945,63.46666717529297,6.416666507720947,,,,
Saskatchewan,1982-11,"Index, 201612=100",units,30.5,24.049999999999997,28.75,,,,,,,,,,,,,,,,,Persons,unit,29821.0,42452.0,Persons,thousands,"Both sexes, All age groups, Seasonally adjusted",266.25,214.64999389648438,286.6499938964844,51.61666488647461,433.9333190917969,20.41666603088379,Percentage,unit,"Both sexes, All age groups, Seasonally adjusted",58.983333587646484,63.75,7.066666603088379,,,,
Saskatchewan,1982-02,"Index, 201612=100",units,30.75,23.9,28.900000000000002,,,,,,,,,,,,,,,,,Persons,unit,23587.0,34773.0,Persons,thousands,"Both sexes, All age groups, Seasonally adjusted",268.1666564941406,217.86666870117188,280.8833312988281,50.33333206176758,428.7166748046875,12.683333396911621,Percentage,unit,"Both sexes, All age groups, Seasonally adjusted",60.16666793823242,63.20000076293945,4.416666507720947,,,,
Saskatchewan,1982-01,"Index, 201612=100",units,30.65,23.9,28.9,,,,,,,,,,,,,,,,,Persons,unit,20291.0,30323.0,Persons,thousands,"Both sexes, All age groups, Seasonally adjusted",268.75,218.3000030517578,280.6166687011719,50.43333435058594,428.23333740234375,11.883333206176758,Percentage,unit,"Both sexes, All age groups, Seasonally adjusted",60.349998474121094,63.099998474121094,4.300000190734863,,,,
Saskatchewan,1982-04,"Index, 201612=100",units,30.75,23.9,28.900000000000002,,,,,,,,,,,,,,,,,Persons,unit,36940.0,50749.0,Persons,thousands,"Both sexes, All age groups, Seasonally adjusted",268.01666259765625,218.14999389648438,283.0833435058594,49.88333511352539,429.5666809082031,15.066666603088379,Percentage,unit,"Both sexes, All age groups, Seasonally adjusted",59.983333587646484,63.58333206176758,5.349999904632568,,,,
Saskatchewan,1982-09,"Index, 201612=100",units,30.55,23.75,28.7,,,,,,,,,,,,,,,,,Persons,unit,32799.0,53501.0,Persons,thousands,"Both sexes, All age groups, Seasonally adjusted",265.5333251953125,215.31666564941406,285.3999938964844,50.233333587646484,432.76666259765625,19.850000381469727,Percentage,unit,"Both sexes, All age groups, Seasonally adjusted",58.93333435058594,63.58333206176758,6.933333396911621,,,,
Saskatchewan,1982-05,"Index, 201612=100",units,30.75,23.9,28.900000000000002,,,,,,,,,,,,,,,,,Persons,unit,36917.0,56805.0,Persons,thousands,"Both sexes, All age groups, Seasonally adjusted",266.1499938964844,216.10000610351562,281.9166564941406,50.03333282470703,429.9333190917969,15.800000190734863,Percentage,unit,"Both sexes, All age groups, Seasonally adjusted",59.45000076293945,63.20000076293945,5.666666507720947,,,,
Saskatchewan,1982-03,"Index, 201612=100",units,30.65,23.9,28.85,,,,,,,,,,,,,,,,,Persons,unit,28129.0,41040.0,Persons,thousands,"Both sexes, All age groups, Seasonally adjusted",268.3999938964844,219.0500030517578,281.4166564941406,49.400001525878906,429.1666564941406,13.0,Percentage,unit,"Both sexes, All age groups, Seasonally adjusted",60.20000076293945,63.266666412353516,4.650000095367432,,,,
