province,REF_DATE,uom_houseindex,scalar_houseindex,avg_house_only,avg_land_only,avg_totalhouseland,uom_income,scalar_income,statistic_income,avg_income,uom_expenditure,scalar_expenditure,statistic_expenditure,avg_food_expenditures,avg_income_taxes,avg_mortageinsurance,avg_mortagePaid,avg_accomodation,avg_rent,avg_shelter,avg_total_expenditure,avg_taxes_landregfees,uom_tourist,scalar_tourist,avg_international_tourism,avg_domestic_tourism,uom_labourforce,scalar_labourforce,statistic_labourforce,avg_employment,avg_fulltime,avg_labourforce,avg_parttime,avg_population,avg_unemployment,uom_lfperc,scalar_lfperc,statistic_labourforceperc,avg_employment_rate,avg_participationrate,avg_unemploymentrate,uom_crime,scalar_crime,statistic_crime,avg_crime_incidents
Nova Scotia,2012-02,"Index, 201612=100",units,94.6,96.6,95.0,Dollars,units,"Median total income,Both sexes,All age groups",2440.83,Dollars,unit,Average expenditure per household,599.25,921.58,11.5,340.25,1028.25,190.67,1139.58,5675.92,6.5,Persons,unit,25348.0,33810.0,Persons,thousands,"Both sexes, All age groups, Seasonally adjusted",292.76666259765625,238.61666870117188,318.04998779296875,54.150001525878906,475.95001220703125,25.28333282470703,Percentage,unit,"Both sexes, All age groups, Seasonally adjusted",59.08333206176758,64.86666870117188,9.016666412353516,Number,unit,Total of all violations-Actual incidents,5623.75
Nova Scotia,2012-01,"Index, 201612=100",units,93.1,96.6,93.9,Dollars,units,"Median total income,Both sexes,All age groups",2440.83,Dollars,unit,Average expenditure per household,599.25,921.58,11.5,340.25,1028.25,190.67,1139.58,5675.92,6.5,Persons,unit,13557.0,20685.0,Persons,thousands,"Both sexes, All age groups, Seasonally adjusted",291.6499938964844,240.5500030517578,317.5833435058594,51.08333206176758,475.95001220703125,25.950000762939453,Percentage,unit,"Both sexes, All age groups, Seasonally adjusted",58.900001525878906,64.91666412353516,9.233333587646484,Number,unit,Total of all violations-Actual incidents,5623.75
Nova Scotia,2012-03,"Index, 201612=100",units,94.6,96.6,95.0,Dollars,units,"Median total income,Both sexes,All age groups",2440.83,Dollars,unit,Average expenditure per household,599.25,921.58,11.5,340.25,1028.25,190.67,1139.58,5675.92,6.5,Persons,unit,55337.0,65603.0,Persons,thousands,"Both sexes, All age groups, Seasonally adjusted",290.9166564941406,238.31666564941406,317.5666809082031,52.61666488647461,475.8999938964844,26.633333206176758,Percentage,unit,"Both sexes, All age groups, Seasonally adjusted",58.78333282470703,64.9000015258789,9.350000381469727,Number,unit,Total of all violations-Actual incidents,5623.75
Nova Scotia,2012-10,"Index, 201612=100",units,95.5,96.9,95.8,Dollars,units,"Median total income,Both sexes,All age groups",2440.83,Dollars,unit,Average expenditure per household,599.25,921.58,11.5,340.25,1028.25,190.67,1139.58,5675.92,6.5,Persons,unit,13715.0,75953.0,Persons,thousands,"Both sexes, All age groups, Seasonally adjusted",292.0833435058594,238.28334045410156,321.3500061035156,53.79999923706055,476.01666259765625,29.25,Percentage,unit,"Both sexes, All age groups, Seasonally adjusted",59.16666793823242,66.01667022705078,10.350000381469727,Number,unit,Total of all violations-Actual incidents,5623.75
Nova Scotia,2012-04,"Index, 201612=100",units,94.7,96.6,95.0,Dollars,units,"Median total income,Both sexes,All age groups",2440.83,Dollars,unit,Average expenditure per household,599.25,921.58,11.5,340.25,1028.25,190.67,1139.58,5675.92,6.5,Persons,unit,58381.0,71401.0,Persons,thousands,"Both sexes, All age groups, Seasonally adjusted",290.8166809082031,238.4166717529297,318.5,52.38333511352539,475.9333190917969,27.700000762939453,Percentage,unit,"Both sexes, All age groups, Seasonally adjusted",58.79999923706055,65.23332977294922,9.833333015441895,Number,unit,Total of all violations-Actual incidents,5623.75
Nova Scotia,2012-12,"Index, 201612=100",units,96.3,97.3,96.5,Dollars,units,"Median total income,Both sexes,All age groups",2440.83,Dollars,unit,Average expenditure per household,599.25,921.58,11.5,340.25,1028.25,190.67,1139.58,5675.92,6.5,Persons,unit,11484.0,22099.0,Persons,thousands,"Both sexes, All age groups, Seasonally adjusted",287.8500061035156,236.03334045410156,317.5333251953125,51.79999923706055,475.9333190917969,29.733333587646484,Percentage,unit,"Both sexes, All age groups, Seasonally adjusted",58.29999923706055,65.13333129882812,10.466666221618652,Number,unit,Total of all violations-Actual incidents,5623.75
Nova Scotia,2012-09,"Index, 201612=100",units,95.5,96.9,95.8,Dollars,units,"Median total income,Both sexes,All age groups",2440.83,Dollars,unit,Average expenditure per household,599.25,921.58,11.5,340.25,1028.25,190.67,1139.58,5675.92,6.5,Persons,unit,13809.0,92007.0,Persons,thousands,"Both sexes, All age groups, Seasonally adjusted",293.1333312988281,238.4166717529297,321.3166809082031,54.71666717529297,476.0,28.200000762939453,Percentage,unit,"Both sexes, All age groups, Seasonally adjusted",59.53333282470703,66.23332977294922,10.066666603088379,Number,unit,Total of all violations-Actual incidents,5623.75
Nova Scotia,2012-07,"Index, 201612=100",units,95.3,96.6,95.5,Dollars,units,"Median total income,Both sexes,All age groups",2440.83,Dollars,unit,Average expenditure per household,599.25,921.58,11.5,340.25,1028.25,190.67,1139.58,5675.92,6.5,Persons,unit,12468.0,53492.0,Persons,thousands,"Both sexes, All age groups, Seasonally adjusted",291.1833190917969,235.64999389648438,320.25,55.5,476.0666809082031,29.08333396911621,Percentage,unit,"Both sexes, All age groups, Seasonally adjusted",58.900001525878906,65.61666870117188,10.266666412353516,Number,unit,Total of all violations-Actual incidents,5623.75
Nova Scotia,2012-05,"Index, 201612=100",units,94.8,96.6,95.2,Dollars,units,"Median total income,Both sexes,All age groups",2440.83,Dollars,unit,Average expenditure per household,599.25,921.58,11.5,340.25,1028.25,190.67,1139.58,5675.92,6.5,Persons,unit,29707.0,48191.0,Persons,thousands,"Both sexes, All age groups, Seasonally adjusted",291.70001220703125,240.3000030517578,320.3333435058594,51.43333435058594,475.98333740234375,28.616666793823242,Percentage,unit,"Both sexes, All age groups, Seasonally adjusted",59.06666564941406,65.66666412353516,9.933333396911621,Number,unit,Total of all violations-Actual incidents,5623.75
Nova Scotia,2012-11,"Index, 201612=100",units,96.1,97.3,96.3,Dollars,units,"Median total income,Both sexes,All age groups",2440.83,Dollars,unit,Average expenditure per household,599.25,921.58,11.5,340.25,1028.25,190.67,1139.58,5675.92,6.5,Persons,unit,10176.0,17644.0,Persons,thousands,"Both sexes, All age groups, Seasonally adjusted",291.1000061035156,236.9499969482422,319.8333435058594,54.13333511352539,476.01666259765625,28.71666717529297,Percentage,unit,"Both sexes, All age groups, Seasonally adjusted",59.016666412353516,65.66666412353516,9.966666221618652,Number,unit,Total of all violations-Actual incidents,5623.75
Nova Scotia,2012-08,"Index, 201612=100",units,95.6,96.9,95.9,Dollars,units,"Median total income,Both sexes,All age groups",2440.83,Dollars,unit,Average expenditure per household,599.25,921.58,11.5,340.25,1028.25,190.67,1139.58,5675.92,6.5,Persons,unit,13180.0,48286.0,Persons,thousands,"Both sexes, All age groups, Seasonally adjusted",292.6499938964844,236.78334045410156,322.6000061035156,55.83333206176758,476.01666259765625,29.950000762939453,Percentage,unit,"Both sexes, All age groups, Seasonally adjusted",59.266666412353516,66.21666717529297,10.5,Number,unit,Total of all violations-Actual incidents,5623.75
Nova Scotia,2012-06,"Index, 201612=100",units,94.6,96.6,95.0,Dollars,units,"Median total income,Both sexes,All age groups",2440.83,Dollars,unit,Average expenditure per household,599.25,921.58,11.5,340.25,1028.25,190.67,1139.58,5675.92,6.5,Persons,unit,11600.0,39859.0,Persons,thousands,"Both sexes, All age groups, Seasonally adjusted",290.9166564941406,237.8333282470703,319.45001220703125,53.099998474121094,476.0333251953125,28.5,Percentage,unit,"Both sexes, All age groups, Seasonally adjusted",58.849998474121094,65.53333282470703,10.183333396911621,Number,unit,Total of all violations-Actual incidents,5623.75
