province,REF_DATE,uom_houseindex,scalar_houseindex,avg_house_only,avg_land_only,avg_totalhouseland,uom_income,scalar_income,statistic_income,avg_income,uom_expenditure,scalar_expenditure,statistic_expenditure,avg_food_expenditures,avg_income_taxes,avg_mortageinsurance,avg_mortagePaid,avg_accomodation,avg_rent,avg_shelter,avg_total_expenditure,avg_taxes_landregfees,uom_tourist,scalar_tourist,avg_international_tourism,avg_domestic_tourism,uom_labourforce,scalar_labourforce,statistic_labourforce,avg_employment,avg_fulltime,avg_labourforce,avg_parttime,avg_population,avg_unemployment,uom_lfperc,scalar_lfperc,statistic_labourforceperc,avg_employment_rate,avg_participationrate,avg_unemploymentrate,uom_crime,scalar_crime,statistic_crime,avg_crime_incidents
Newfoundland and Labrador,1986-06,"Index, 201612=100",units,40.0,35.3,39.1,,,,,,,,,,,,,,,,,Persons,unit,1519.0,9184.0,Persons,thousands,"Both sexes, All age groups, Seasonally adjusted",119.16666412353516,105.81666564941406,145.8000030517578,13.350000381469727,256.23333740234375,26.616666793823242,Percentage,unit,"Both sexes, All age groups, Seasonally adjusted",42.31666564941406,52.25,18.633333206176758,,,,
Newfoundland and Labrador,1986-08,"Index, 201612=100",units,40.6,35.3,39.5,,,,,,,,,,,,,,,,,Persons,unit,3046.0,10551.0,Persons,thousands,"Both sexes, All age groups, Seasonally adjusted",116.36666870117188,102.4000015258789,143.63333129882812,13.949999809265137,256.26666259765625,27.25,Percentage,unit,"Both sexes, All age groups, Seasonally adjusted",41.28333282470703,51.5,19.950000762939453,,,,
Newfoundland and Labrador,1986-04,"Index, 201612=100",units,39.8,35.3,38.9,,,,,,,,,,,,,,,,,Persons,unit,1398.0,7071.0,Persons,thousands,"Both sexes, All age groups, Seasonally adjusted",120.38333129882812,106.93333435058594,145.9166717529297,13.466666221618652,256.1000061035156,25.516666412353516,Percentage,unit,"Both sexes, All age groups, Seasonally adjusted",42.83333206176758,52.349998474121094,17.683332443237305,,,,
Newfoundland and Labrador,1986-11,"Index, 201612=100",units,40.6,36.1,39.7,,,,,,,,,,,,,,,,,Persons,unit,512.0,6210.0,Persons,thousands,"Both sexes, All age groups, Seasonally adjusted",116.53333282470703,104.28333282470703,142.6999969482422,12.266666412353516,256.8666687011719,26.16666603088379,Percentage,unit,"Both sexes, All age groups, Seasonally adjusted",41.11666488647461,50.766666412353516,18.616666793823242,,,,
Newfoundland and Labrador,1986-07,"Index, 201612=100",units,40.2,35.3,39.3,,,,,,,,,,,,,,,,,Persons,unit,3079.0,11293.0,Persons,thousands,"Both sexes, All age groups, Seasonally adjusted",116.6500015258789,102.63333129882812,145.48333740234375,14.033333778381348,256.23333740234375,28.83333396911621,Percentage,unit,"Both sexes, All age groups, Seasonally adjusted",41.36666488647461,52.21666717529297,20.733333587646484,,,,
Newfoundland and Labrador,1986-09,"Index, 201612=100",units,40.6,35.3,39.5,,,,,,,,,,,,,,,,,Persons,unit,1200.0,8118.0,Persons,thousands,"Both sexes, All age groups, Seasonally adjusted",117.28333282470703,103.86666870117188,143.8333282470703,13.399999618530273,256.45001220703125,26.549999237060547,Percentage,unit,"Both sexes, All age groups, Seasonally adjusted",41.650001525878906,51.43333435058594,18.66666603088379,,,,
Newfoundland and Labrador,1986-10,"Index, 201612=100",units,40.5,35.3,39.4,,,,,,,,,,,,,,,,,Persons,unit,572.0,6534.0,Persons,thousands,"Both sexes, All age groups, Seasonally adjusted",117.08333587646484,103.98332977294922,143.85000610351562,13.083333015441895,256.6333312988281,26.766666412353516,Percentage,unit,"Both sexes, All age groups, Seasonally adjusted",41.599998474121094,51.43333435058594,18.799999237060547,,,,
Newfoundland and Labrador,1986-12,"Index, 201612=100",units,40.6,36.1,39.7,,,,,,,,,,,,,,,,,Persons,unit,366.0,5685.0,Persons,thousands,"Both sexes, All age groups, Seasonally adjusted",115.61666870117188,103.75,140.3000030517578,11.850000381469727,257.1833190917969,24.71666717529297,Percentage,unit,"Both sexes, All age groups, Seasonally adjusted",40.71666717529297,49.81666564941406,18.21666717529297,,,,
Newfoundland and Labrador,1986-02,"Index, 201612=100",units,39.6,35.3,38.8,,,,,,,,,,,,,,,,,Persons,unit,87.0,3975.0,Persons,thousands,"Both sexes, All age groups, Seasonally adjusted",118.19999694824219,104.80000305175781,144.38333129882812,13.416666984558105,255.64999389648438,26.183332443237305,Percentage,unit,"Both sexes, All age groups, Seasonally adjusted",42.06666564941406,51.766666412353516,18.366666793823242,,,,
Newfoundland and Labrador,1986-03,"Index, 201612=100",units,39.6,35.3,38.8,,,,,,,,,,,,,,,,,Persons,unit,660.0,4926.0,Persons,thousands,"Both sexes, All age groups, Seasonally adjusted",118.86666870117188,106.01667022705078,146.0833282470703,12.866666793823242,255.85000610351562,27.200000762939453,Percentage,unit,"Both sexes, All age groups, Seasonally adjusted",42.36666488647461,52.400001525878906,18.71666717529297,,,,
Newfoundland and Labrador,1986-05,"Index, 201612=100",units,40.0,35.3,39.1,,,,,,,,,,,,,,,,,Persons,unit,2756.0,10790.0,Persons,thousands,"Both sexes, All age groups, Seasonally adjusted",120.71666717529297,106.98332977294922,144.85000610351562,13.733333587646484,256.23333740234375,24.133333206176758,Percentage,unit,"Both sexes, All age groups, Seasonally adjusted",42.95000076293945,51.79999923706055,16.649999618530273,,,,
Newfoundland and Labrador,1986-01,"Index, 201612=100",units,39.4,35.3,38.7,,,,,,,,,,,,,,,,,Persons,unit,262.0,4215.0,Persons,thousands,"Both sexes, All age groups, Seasonally adjusted",118.73332977294922,105.83333587646484,145.1666717529297,12.916666984558105,255.4166717529297,26.450000762939453,Percentage,unit,"Both sexes, All age groups, Seasonally adjusted",42.349998474121094,52.31666564941406,18.83333396911621,,,,
Nova Scotia,2004-07,"Index, 201612=100",units,73.2,74.6,73.6,Dollars,units,"Median total income,Both sexes,All age groups",1808.33,,,,,,,,,,,,,Persons,unit,7070.0,83416.0,Persons,thousands,"Both sexes, All age groups, Seasonally adjusted",285.8999938964844,234.1999969482422,310.95001220703125,51.66666793823242,464.5,25.03333282470703,Percentage,unit,"Both sexes, All age groups, Seasonally adjusted",58.46666717529297,64.11666870117188,8.649999618530273,Number,unit,Total of all violations-Actual incidents,7354.33
Nova Scotia,2004-02,"Index, 201612=100",units,72.6,74.4,73.2,Dollars,units,"Median total income,Both sexes,All age groups",1808.33,,,,,,,,,,,,,Persons,unit,13536.0,22243.0,Persons,thousands,"Both sexes, All age groups, Seasonally adjusted",278.5333251953125,228.46665954589844,305.1833190917969,50.04999923706055,463.20001220703125,26.649999618530273,Percentage,unit,"Both sexes, All age groups, Seasonally adjusted",56.900001525878906,62.75,9.183333396911621,Number,unit,Total of all violations-Actual incidents,7354.33
Nova Scotia,2004-11,"Index, 201612=100",units,73.2,74.6,73.6,Dollars,units,"Median total income,Both sexes,All age groups",1808.33,,,,,,,,,,,,,Persons,unit,5121.0,16111.0,Persons,thousands,"Both sexes, All age groups, Seasonally adjusted",282.9666748046875,233.0833282470703,309.3333435058594,49.91666793823242,464.9333190917969,26.350000381469727,Percentage,unit,"Both sexes, All age groups, Seasonally adjusted",57.733333587646484,63.766666412353516,9.416666984558105,Number,unit,Total of all violations-Actual incidents,7354.33
Nova Scotia,2004-05,"Index, 201612=100",units,73.2,74.6,73.6,Dollars,units,"Median total income,Both sexes,All age groups",1808.33,,,,,,,,,,,,,Persons,unit,17872.0,46635.0,Persons,thousands,"Both sexes, All age groups, Seasonally adjusted",282.5833435058594,232.3333282470703,308.8999938964844,50.233333587646484,463.76666259765625,26.316667556762695,Percentage,unit,"Both sexes, All age groups, Seasonally adjusted",57.78333282470703,63.75,9.183333396911621,Number,unit,Total of all violations-Actual incidents,7354.33
Nova Scotia,2004-09,"Index, 201612=100",units,73.2,74.6,73.6,Dollars,units,"Median total income,Both sexes,All age groups",1808.33,,,,,,,,,,,,,Persons,unit,7084.0,97921.0,Persons,thousands,"Both sexes, All age groups, Seasonally adjusted",284.0,233.96665954589844,309.5666809082031,50.06666564941406,464.6666564941406,25.549999237060547,Percentage,unit,"Both sexes, All age groups, Seasonally adjusted",58.06666564941406,63.83333206176758,8.933333396911621,Number,unit,Total of all violations-Actual incidents,7354.33
Nova Scotia,2004-12,"Index, 201612=100",units,73.2,74.6,73.6,Dollars,units,"Median total income,Both sexes,All age groups",1808.33,,,,,,,,,,,,,Persons,unit,5295.0,15597.0,Persons,thousands,"Both sexes, All age groups, Seasonally adjusted",281.79998779296875,230.76666259765625,308.79998779296875,51.04999923706055,465.1000061035156,27.0,Percentage,unit,"Both sexes, All age groups, Seasonally adjusted",57.54999923706055,63.71666717529297,9.666666984558105,Number,unit,Total of all violations-Actual incidents,7354.33
Nova Scotia,2004-06,"Index, 201612=100",units,73.2,74.6,73.6,Dollars,units,"Median total income,Both sexes,All age groups",1808.33,,,,,,,,,,,,,Persons,unit,6172.0,58758.0,Persons,thousands,"Both sexes, All age groups, Seasonally adjusted",284.3999938964844,234.31666564941406,309.98333740234375,50.06666564941406,464.1166687011719,25.58333396911621,Percentage,unit,"Both sexes, All age groups, Seasonally adjusted",58.13333511352539,63.88333511352539,8.833333015441895,Number,unit,Total of all violations-Actual incidents,7354.33
Nova Scotia,2004-04,"Index, 201612=100",units,72.6,74.4,73.2,Dollars,units,"Median total income,Both sexes,All age groups",1808.33,,,,,,,,,,,,,Persons,unit,26033.0,40528.0,Persons,thousands,"Both sexes, All age groups, Seasonally adjusted",280.1333312988281,231.51666259765625,307.4166564941406,48.58333206176758,463.51666259765625,27.299999237060547,Percentage,unit,"Both sexes, All age groups, Seasonally adjusted",57.150001525878906,63.25,9.483333587646484,Number,unit,Total of all violations-Actual incidents,7354.33
Nova Scotia,2004-03,"Index, 201612=100",units,72.6,74.4,73.2,Dollars,units,"Median total income,Both sexes,All age groups",1808.33,,,,,,,,,,,,,Persons,unit,25561.0,34146.0,Persons,thousands,"Both sexes, All age groups, Seasonally adjusted",279.29998779296875,230.73333740234375,307.3166809082031,48.58333206176758,463.3833312988281,28.016666412353516,Percentage,unit,"Both sexes, All age groups, Seasonally adjusted",57.13333511352539,63.36666488647461,9.616666793823242,Number,unit,Total of all violations-Actual incidents,7354.33
Nova Scotia,2004-10,"Index, 201612=100",units,73.2,74.6,73.6,Dollars,units,"Median total income,Both sexes,All age groups",1808.33,,,,,,,,,,,,,Persons,unit,7644.0,75151.0,Persons,thousands,"Both sexes, All age groups, Seasonally adjusted",282.6166687011719,233.03334045410156,307.8166809082031,49.56666564941406,464.8833312988281,25.200000762939453,Percentage,unit,"Both sexes, All age groups, Seasonally adjusted",57.86666488647461,63.63333511352539,8.866666793823242,Number,unit,Total of all violations-Actual incidents,7354.33
Nova Scotia,2004-01,"Index, 201612=100",units,72.6,74.4,73.2,Dollars,units,"Median total income,Both sexes,All age groups",1808.33,,,,,,,,,,,,,Persons,unit,7063.0,14294.0,Persons,thousands,"Both sexes, All age groups, Seasonally adjusted",276.7166748046875,226.14999389648438,304.51666259765625,50.58333206176758,463.0666809082031,27.816667556762695,Percentage,unit,"Both sexes, All age groups, Seasonally adjusted",56.75,62.88333511352539,9.566666603088379,Number,unit,Total of all violations-Actual incidents,7354.33
Nova Scotia,2004-08,"Index, 201612=100",units,73.2,74.6,73.6,Dollars,units,"Median total income,Both sexes,All age groups",1808.33,,,,,,,,,,,,,Persons,unit,7941.0,92230.0,Persons,thousands,"Both sexes, All age groups, Seasonally adjusted",282.98333740234375,234.6999969482422,309.3166809082031,48.29999923706055,464.6833190917969,26.33333396911621,Percentage,unit,"Both sexes, All age groups, Seasonally adjusted",57.79999923706055,63.70000076293945,9.083333015441895,Number,unit,Total of all violations-Actual incidents,7354.33
