province,REF_DATE,uom_houseindex,scalar_houseindex,avg_house_only,avg_land_only,avg_totalhouseland,uom_income,scalar_income,statistic_income,avg_income,uom_expenditure,scalar_expenditure,statistic_expenditure,avg_food_expenditures,avg_income_taxes,avg_mortageinsurance,avg_mortagePaid,avg_accomodation,avg_rent,avg_shelter,avg_total_expenditure,avg_taxes_landregfees,uom_tourist,scalar_tourist,avg_international_tourism,avg_domestic_tourism,uom_labourforce,scalar_labourforce,statistic_labourforce,avg_employment,avg_fulltime,avg_labourforce,avg_parttime,avg_population,avg_unemployment,uom_lfperc,scalar_lfperc,statistic_labourforceperc,avg_employment_rate,avg_participationrate,avg_unemploymentrate,uom_crime,scalar_crime,statistic_crime,avg_crime_incidents
Canada,1994-03,"Index, 201612=100",units,52.3,67.7,56.9,,,,,,,,,,,,,,,,,Persons,unit,5137691.0,7806199.0,Persons,thousands,"Both sexes, All age groups, Seasonally adjusted",5839.48876953125,6738.66650390625,6532.56689453125,1498.11669921875,9820.244140625,693.0777587890625,Percentage,unit,"Both sexes, All age groups, Seasonally adjusted",53.844444274902344,61.266666412353516,12.066666603088379,,,,
Canada,1994-08,"Index, 201612=100",units,52.4,67.8,57.0,,,,,,,,,,,,,,,,,Persons,unit,6022431.0,1.2228456E7,Persons,thousands,"Both sexes, All age groups, Seasonally adjusted",5926.65576171875,6874.533203125,6597.7666015625,1487.11669921875,9876.85546875,671.1221923828125,Percentage,unit,"Both sexes, All age groups, Seasonally adjusted",54.31111145019531,61.38888931274414,11.54444408416748,,,,
Canada,1994-02,"Index, 201612=100",units,52.4,67.6,56.9,,,,,,,,,,,,,,,,,Persons,unit,3941124.0,6194631.0,Persons,thousands,"Both sexes, All age groups, Seasonally adjusted",5821.5224609375,6726.86669921875,6546.56689453125,1488.5999755859375,9810.43359375,725.0555419921875,Percentage,unit,"Both sexes, All age groups, Seasonally adjusted",53.57777786254883,61.42222213745117,12.711111068725586,,,,
Canada,1994-07,"Index, 201612=100",units,52.3,67.8,56.9,,,,,,,,,,,,,,,,,Persons,unit,6199404.0,1.2708819E7,Persons,thousands,"Both sexes, All age groups, Seasonally adjusted",5917.7666015625,6866.7333984375,6579.86669921875,1482.5167236328125,9863.9443359375,662.1221923828125,Percentage,unit,"Both sexes, All age groups, Seasonally adjusted",54.27777862548828,61.29999923706055,11.38888931274414,,,,
Canada,1994-01,"Index, 201612=100",units,52.4,67.8,57.0,,,,,,,,,,,,,,,,,Persons,unit,4305791.0,6427770.0,Persons,thousands,"Both sexes, All age groups, Seasonally adjusted",5805.51123046875,6711.10009765625,6553.39990234375,1481.816650390625,9800.533203125,747.9000244140625,Percentage,unit,"Both sexes, All age groups, Seasonally adjusted",53.4555549621582,61.488887786865234,12.877778053283691,,,,
Canada,1994-09,"Index, 201612=100",units,52.4,67.8,57.0,,,,,,,,,,,,,,,,,Persons,unit,4723841.0,9320580.0,Persons,thousands,"Both sexes, All age groups, Seasonally adjusted",5953.24462890625,6912.4501953125,6623.01123046875,1483.683349609375,9886.3662109375,669.7444458007812,Percentage,unit,"Both sexes, All age groups, Seasonally adjusted",54.64444351196289,61.588890075683594,11.144444465637207,,,,
Canada,1994-05,"Index, 201612=100",units,52.3,67.8,56.9,,,,,,,,,,,,,,,,,Persons,unit,4872928.0,8731324.0,Persons,thousands,"Both sexes, All age groups, Seasonally adjusted",5879.56689453125,6818.7333984375,6582.4111328125,1474.9166259765625,9843.3115234375,702.8444213867188,Percentage,unit,"Both sexes, All age groups, Seasonally adjusted",54.07777786254883,61.63333511352539,12.255555152893066,,,,
Canada,1994-10,"Index, 201612=100",units,52.4,67.8,56.9,,,,,,,,,,,,,,,,,Persons,unit,4754575.0,8375024.0,Persons,thousands,"Both sexes, All age groups, Seasonally adjusted",5952.84423828125,6918.7333984375,6610.2890625,1483.566650390625,9895.5224609375,657.4222412109375,Percentage,unit,"Both sexes, All age groups, Seasonally adjusted",54.28888702392578,61.32222366333008,11.344444274902344,,,,
Canada,1994-11,"Index, 201612=100",units,52.3,67.7,56.8,,,,,,,,,,,,,,,,,Persons,unit,4110927.0,7066550.0,Persons,thousands,"Both sexes, All age groups, Seasonally adjusted",5991.822265625,6984.716796875,6631.51123046875,1467.449951171875,9904.4111328125,639.7333374023438,Percentage,unit,"Both sexes, All age groups, Seasonally adjusted",54.86666488647461,61.522220611572266,10.722222328186035,,,,
Canada,1994-04,"Index, 201612=100",units,52.4,67.7,56.9,,,,,,,,,,,,,,,,,Persons,unit,4808226.0,7699508.0,Persons,thousands,"Both sexes, All age groups, Seasonally adjusted",5848.31103515625,6763.7333984375,6566.9111328125,1488.4166259765625,9830.4111328125,718.5999755859375,Percentage,unit,"Both sexes, All age groups, Seasonally adjusted",53.71111297607422,61.400001525878906,12.477777481079102,,,,
Canada,1994-12,"Index, 201612=100",units,52.3,67.6,56.8,,,,,,,,,,,,,,,,,Persons,unit,4092140.0,7131488.0,Persons,thousands,"Both sexes, All age groups, Seasonally adjusted",5986.15576171875,6994.63330078125,6621.4111328125,1454.6666259765625,9912.7109375,635.2555541992188,Percentage,unit,"Both sexes, All age groups, Seasonally adjusted",54.55555725097656,61.22222137451172,10.777777671813965,,,,
Canada,1994-06,"Index, 201612=100",units,52.4,67.8,57.0,,,,,,,,,,,,,,,,,Persons,unit,4718211.0,9566730.0,Persons,thousands,"Both sexes, All age groups, Seasonally adjusted",5893.7109375,6835.41650390625,6571.89990234375,1477.7332763671875,9853.4443359375,678.2000122070312,Percentage,unit,"Both sexes, All age groups, Seasonally adjusted",54.16666793823242,61.36666488647461,11.688888549804688,,,,
Canada,2005-01,"Index, 201612=100",units,69.1,73.0,70.1,Dollars,units,"Median total income,Both sexes,All age groups",2116.67,,,,,,,,,,,,,Persons,unit,3292089.0,5857864.0,Persons,thousands,"Both sexes, All age groups, Seasonally adjusted",7294.2666015625,8443.7666015625,7837.36669921875,1775.8333740234375,11320.6669921875,543.066650390625,Percentage,unit,"Both sexes, All age groups, Seasonally adjusted",59.63333511352539,65.13333129882812,8.466666221618652,,,,
Canada,2005-07,"Index, 201612=100",units,70.6,75.6,72.0,Dollars,units,"Median total income,Both sexes,All age groups",2116.67,,,,,,,,,,,,,Persons,unit,4424341.0,1.0564946E7,Persons,thousands,"Both sexes, All age groups, Seasonally adjusted",7349.74462890625,8521.1162109375,7871.3779296875,1770.5833740234375,11407.111328125,521.6777954101562,Percentage,unit,"Both sexes, All age groups, Seasonally adjusted",59.72222137451172,65.02222442626953,8.188888549804688,,,,
Canada,2005-08,"Index, 201612=100",units,70.9,75.9,72.3,Dollars,units,"Median total income,Both sexes,All age groups",2116.67,,,,,,,,,,,,,Persons,unit,4738943.0,1.0329565E7,Persons,thousands,"Both sexes, All age groups, Seasonally adjusted",7367.75537109375,8537.900390625,7891.39990234375,1774.949951171875,11424.6669921875,523.6221923828125,Percentage,unit,"Both sexes, All age groups, Seasonally adjusted",59.88888931274414,65.07777404785156,8.01111125946045,,,,
Canada,2005-06,"Index, 201612=100",units,70.4,75.5,71.9,Dollars,units,"Median total income,Both sexes,All age groups",2116.67,,,,,,,,,,,,,Persons,unit,3356449.0,8233710.0,Persons,thousands,"Both sexes, All age groups, Seasonally adjusted",7335.966796875,8514.849609375,7868.74462890625,1759.300048828125,11392.1220703125,532.7777709960938,Percentage,unit,"Both sexes, All age groups, Seasonally adjusted",59.61111068725586,65.02222442626953,8.411110877990723,,,,
Canada,2005-02,"Index, 201612=100",units,69.3,73.1,70.3,Dollars,units,"Median total income,Both sexes,All age groups",2116.67,,,,,,,,,,,,,Persons,unit,3102610.0,5840138.0,Persons,thousands,"Both sexes, All age groups, Seasonally adjusted",7310.2890625,8467.1162109375,7861.8779296875,1772.449951171875,11334.044921875,551.5888671875,Percentage,unit,"Both sexes, All age groups, Seasonally adjusted",59.766666412353516,65.27777862548828,8.51111125946045,,,,
Canada,2005-05,"Index, 201612=100",units,70.3,74.2,71.3,Dollars,units,"Median total income,Both sexes,All age groups",2116.67,,,,,,,,,,,,,Persons,unit,3730537.0,7610478.0,Persons,thousands,"Both sexes, All age groups, Seasonally adjusted",7321.677734375,8473.650390625,7866.533203125,1780.183349609375,11377.3779296875,544.8778076171875,Percentage,unit,"Both sexes, All age groups, Seasonally adjusted",59.588890075683594,65.0999984741211,8.5,,,,
Canada,2005-09,"Index, 201612=100",units,71.3,76.2,72.7,Dollars,units,"Median total income,Both sexes,All age groups",2116.67,,,,,,,,,,,,,Persons,unit,3590870.0,7872870.0,Persons,thousands,"Both sexes, All age groups, Seasonally adjusted",7361.36669921875,8539.8330078125,7892.83349609375,1766.6500244140625,11437.93359375,531.477783203125,Percentage,unit,"Both sexes, All age groups, Seasonally adjusted",59.655555725097656,64.97777557373047,8.233333587646484,,,,
Canada,2005-03,"Index, 201612=100",units,69.6,73.5,70.6,Dollars,units,"Median total income,Both sexes,All age groups",2116.67,,,,,,,,,,,,,Persons,unit,4099890.0,7164727.0,Persons,thousands,"Both sexes, All age groups, Seasonally adjusted",7310.54443359375,8459.1162109375,7849.2998046875,1783.13330078125,11346.921875,538.7444458007812,Percentage,unit,"Both sexes, All age groups, Seasonally adjusted",59.55555725097656,64.95555877685547,8.300000190734863,,,,
Canada,2005-12,"Index, 201612=100",units,72.8,77.1,74.1,Dollars,units,"Median total income,Both sexes,All age groups",2116.67,,,,,,,,,,,,,Persons,unit,3255961.0,6205944.0,Persons,thousands,"Both sexes, All age groups, Seasonally adjusted",7396.4443359375,8584.7998046875,7913.39990234375,1765.88330078125,11474.078125,516.9444580078125,Percentage,unit,"Both sexes, All age groups, Seasonally adjusted",59.94444274902344,65.11111450195312,7.988888740539551,,,,
Canada,2005-10,"Index, 201612=100",units,71.9,76.4,73.2,Dollars,units,"Median total income,Both sexes,All age groups",2116.67,,,,,,,,,,,,,Persons,unit,3512958.0,6867943.0,Persons,thousands,"Both sexes, All age groups, Seasonally adjusted",7382.677734375,8534.81640625,7912.35546875,1798.7332763671875,11450.5224609375,529.6666870117188,Percentage,unit,"Both sexes, All age groups, Seasonally adjusted",59.877777099609375,65.17778015136719,8.177778244018555,,,,
Canada,2005-11,"Index, 201612=100",units,72.3,76.8,73.6,Dollars,units,"Median total income,Both sexes,All age groups",2116.67,,,,,,,,,,,,,Persons,unit,3241841.0,5966435.0,Persons,thousands,"Both sexes, All age groups, Seasonally adjusted",7397.25537109375,8571.1669921875,7894.5888671875,1781.9166259765625,11462.888671875,497.3222351074219,Percentage,unit,"Both sexes, All age groups, Seasonally adjusted",59.977779388427734,64.87777709960938,7.655555725097656,,,,
Canada,2005-04,"Index, 201612=100",units,69.9,73.8,71.0,Dollars,units,"Median total income,Both sexes,All age groups",2116.67,,,,,,,,,,,,,Persons,unit,3684456.0,6795787.0,Persons,thousands,"Both sexes, All age groups, Seasonally adjusted",7322.18896484375,8482.18359375,7849.86669921875,1773.8333740234375,11359.9892578125,527.7000122070312,Percentage,unit,"Both sexes, All age groups, Seasonally adjusted",59.66666793823242,64.92222595214844,8.177778244018555,,,,
Manitoba,2005-07,"Index, 201612=100",units,63.2,42.6,57.1,Dollars,units,"Median total income,Both sexes,All age groups",1991.67,,,,,,,,,,,,,Persons,unit,133260.0,241105.0,Persons,thousands,"Both sexes, All age groups, Seasonally adjusted",365.9666748046875,297.9666748046875,382.23333740234375,68.01667022705078,540.0333251953125,16.266666412353516,Percentage,unit,"Both sexes, All age groups, Seasonally adjusted",64.61666870117188,67.91666412353516,4.7166666984558105,Number,unit,Total of all violations-Actual incidents,12348.83
Manitoba,2005-03,"Index, 201612=100",units,61.6,40.7,55.4,Dollars,units,"Median total income,Both sexes,All age groups",1991.67,,,,,,,,,,,,,Persons,unit,111161.0,176957.0,Persons,thousands,"Both sexes, All age groups, Seasonally adjusted",365.4666748046875,296.5333251953125,384.5,68.93333435058594,539.1666870117188,19.0,Percentage,unit,"Both sexes, All age groups, Seasonally adjusted",64.28333282470703,68.19999694824219,5.5333333015441895,Number,unit,Total of all violations-Actual incidents,12348.83
Manitoba,2005-08,"Index, 201612=100",units,63.5,43.0,57.4,Dollars,units,"Median total income,Both sexes,All age groups",1991.67,,,,,,,,,,,,,Persons,unit,137051.0,225081.0,Persons,thousands,"Both sexes, All age groups, Seasonally adjusted",365.2833251953125,299.3500061035156,381.45001220703125,65.93333435058594,540.3499755859375,16.133333206176758,Percentage,unit,"Both sexes, All age groups, Seasonally adjusted",64.5,67.71666717529297,4.516666889190674,Number,unit,Total of all violations-Actual incidents,12348.83
Manitoba,2005-12,"Index, 201612=100",units,64.5,47.6,59.6,Dollars,units,"Median total income,Both sexes,All age groups",1991.67,,,,,,,,,,,,,Persons,unit,72279.0,130739.0,Persons,thousands,"Both sexes, All age groups, Seasonally adjusted",368.1499938964844,297.51666259765625,384.29998779296875,70.6500015258789,541.4166870117188,16.133333206176758,Percentage,unit,"Both sexes, All age groups, Seasonally adjusted",64.94999694824219,68.21666717529297,4.733333110809326,Number,unit,Total of all violations-Actual incidents,12348.83
Manitoba,2005-06,"Index, 201612=100",units,63.2,42.6,57.1,Dollars,units,"Median total income,Both sexes,All age groups",1991.67,,,,,,,,,,,,,Persons,unit,82480.0,183614.0,Persons,thousands,"Both sexes, All age groups, Seasonally adjusted",364.2166748046875,297.7166748046875,382.48333740234375,66.5,539.7999877929688,18.266666412353516,Percentage,unit,"Both sexes, All age groups, Seasonally adjusted",64.21666717529297,67.81666564941406,5.25,Number,unit,Total of all violations-Actual incidents,12348.83
Manitoba,2005-01,"Index, 201612=100",units,61.1,40.5,55.0,Dollars,units,"Median total income,Both sexes,All age groups",1991.67,,,,,,,,,,,,,Persons,unit,94838.0,145575.0,Persons,thousands,"Both sexes, All age groups, Seasonally adjusted",366.1499938964844,301.26666259765625,384.2166748046875,64.88333129882812,538.4666748046875,18.116666793823242,Percentage,unit,"Both sexes, All age groups, Seasonally adjusted",64.5,68.25,5.316666603088379,Number,unit,Total of all violations-Actual incidents,12348.83
Manitoba,2005-11,"Index, 201612=100",units,63.9,45.5,58.6,Dollars,units,"Median total income,Both sexes,All age groups",1991.67,,,,,,,,,,,,,Persons,unit,84604.0,139539.0,Persons,thousands,"Both sexes, All age groups, Seasonally adjusted",367.48333740234375,300.01666259765625,382.8999938964844,67.48332977294922,541.0833129882812,15.433333396911621,Percentage,unit,"Both sexes, All age groups, Seasonally adjusted",64.91666412353516,67.9000015258789,4.2833333015441895,Number,unit,Total of all violations-Actual incidents,12348.83
Manitoba,2005-10,"Index, 201612=100",units,63.8,45.5,58.5,Dollars,units,"Median total income,Both sexes,All age groups",1991.67,,,,,,,,,,,,,Persons,unit,89912.0,157326.0,Persons,thousands,"Both sexes, All age groups, Seasonally adjusted",365.3166809082031,298.4666748046875,382.29998779296875,66.88333129882812,540.8333129882812,16.950000762939453,Percentage,unit,"Both sexes, All age groups, Seasonally adjusted",64.46666717529297,67.71666717529297,4.75,Number,unit,Total of all violations-Actual incidents,12348.83
Manitoba,2005-02,"Index, 201612=100",units,61.1,40.5,55.0,Dollars,units,"Median total income,Both sexes,All age groups",1991.67,,,,,,,,,,,,,Persons,unit,93399.0,146546.0,Persons,thousands,"Both sexes, All age groups, Seasonally adjusted",367.8666687011719,298.4333190917969,385.9333190917969,69.41666412353516,538.8333129882812,18.08333396911621,Percentage,unit,"Both sexes, All age groups, Seasonally adjusted",64.80000305175781,68.56666564941406,5.2166666984558105,Number,unit,Total of all violations-Actual incidents,12348.83
Manitoba,2005-05,"Index, 201612=100",units,61.7,40.7,55.5,Dollars,units,"Median total income,Both sexes,All age groups",1991.67,,,,,,,,,,,,,Persons,unit,92122.0,166442.0,Persons,thousands,"Both sexes, All age groups, Seasonally adjusted",364.26666259765625,296.70001220703125,382.8666687011719,67.56666564941406,539.5999755859375,18.600000381469727,Percentage,unit,"Both sexes, All age groups, Seasonally adjusted",64.30000305175781,67.94999694824219,5.2166666984558105,Number,unit,Total of all violations-Actual incidents,12348.83
Manitoba,2005-04,"Index, 201612=100",units,61.6,40.7,55.4,Dollars,units,"Median total income,Both sexes,All age groups",1991.67,,,,,,,,,,,,,Persons,unit,103957.0,163826.0,Persons,thousands,"Both sexes, All age groups, Seasonally adjusted",363.1666564941406,296.4666748046875,380.4166564941406,66.68333435058594,539.433349609375,17.25,Percentage,unit,"Both sexes, All age groups, Seasonally adjusted",64.0,67.33333587646484,4.816666603088379,Number,unit,Total of all violations-Actual incidents,12348.83
Manitoba,2005-09,"Index, 201612=100",units,63.7,45.1,58.3,Dollars,units,"Median total income,Both sexes,All age groups",1991.67,,,,,,,,,,,,,Persons,unit,99335.0,170434.0,Persons,thousands,"Both sexes, All age groups, Seasonally adjusted",365.1833190917969,302.1666564941406,382.5833435058594,63.016666412353516,540.5833129882812,17.383333206176758,Percentage,unit,"Both sexes, All age groups, Seasonally adjusted",64.28333282470703,67.69999694824219,5.016666889190674,Number,unit,Total of all violations-Actual incidents,12348.83
Newfoundland and Labrador,1983-02,"Index, 201612=100",units,37.3,31.9,36.1,,,,,,,,,,,,,,,,,Persons,unit,210.0,6104.0,Persons,thousands,"Both sexes, All age groups, Seasonally adjusted",113.43333435058594,101.33333587646484,136.93333435058594,12.100000381469727,247.88333129882812,23.516666412353516,Percentage,unit,"Both sexes, All age groups, Seasonally adjusted",42.11666488647461,51.233333587646484,17.266666412353516,,,,
Newfoundland and Labrador,1983-09,"Index, 201612=100",units,38.2,31.9,36.7,,,,,,,,,,,,,,,,,Persons,unit,1584.0,9312.0,Persons,thousands,"Both sexes, All age groups, Seasonally adjusted",113.33333587646484,101.26667022705078,136.6666717529297,12.016666412353516,250.0500030517578,23.366666793823242,Percentage,unit,"Both sexes, All age groups, Seasonally adjusted",41.68333435058594,50.56666564941406,16.91666603088379,,,,
Newfoundland and Labrador,1983-03,"Index, 201612=100",units,37.3,31.9,36.1,,,,,,,,,,,,,,,,,Persons,unit,274.0,5818.0,Persons,thousands,"Both sexes, All age groups, Seasonally adjusted",112.69999694824219,102.46666717529297,136.3000030517578,10.233333587646484,248.18333435058594,23.600000381469727,Percentage,unit,"Both sexes, All age groups, Seasonally adjusted",41.78333282470703,50.88333511352539,17.316667556762695,,,,
Newfoundland and Labrador,1983-04,"Index, 201612=100",units,37.3,31.9,36.1,,,,,,,,,,,,,,,,,Persons,unit,1039.0,7215.0,Persons,thousands,"Both sexes, All age groups, Seasonally adjusted",113.69999694824219,102.58333587646484,137.28334045410156,11.100000381469727,248.5833282470703,23.566667556762695,Percentage,unit,"Both sexes, All age groups, Seasonally adjusted",42.03333282470703,51.266666412353516,17.41666603088379,,,,
Newfoundland and Labrador,1983-12,"Index, 201612=100",units,38.1,31.9,36.6,,,,,,,,,,,,,,,,,Persons,unit,334.0,5075.0,Persons,thousands,"Both sexes, All age groups, Seasonally adjusted",111.41666412353516,98.56666564941406,136.81666564941406,12.866666793823242,250.89999389648438,25.399999618530273,Percentage,unit,"Both sexes, All age groups, Seasonally adjusted",40.68333435058594,50.38333511352539,18.78333282470703,,,,
Newfoundland and Labrador,1983-01,"Index, 201612=100",units,37.3,31.9,36.1,,,,,,,,,,,,,,,,,Persons,unit,276.0,5181.0,Persons,thousands,"Both sexes, All age groups, Seasonally adjusted",113.16666412353516,101.61666870117188,135.03334045410156,11.550000190734863,247.48333740234375,21.866666793823242,Percentage,unit,"Both sexes, All age groups, Seasonally adjusted",41.95000076293945,50.516666412353516,16.58333396911621,,,,
Newfoundland and Labrador,1983-07,"Index, 201612=100",units,36.8,31.9,35.8,,,,,,,,,,,,,,,,,Persons,unit,3300.0,12348.0,Persons,thousands,"Both sexes, All age groups, Seasonally adjusted",113.71666717529297,102.0,137.61666870117188,11.716666221618652,249.5500030517578,23.899999618530273,Percentage,unit,"Both sexes, All age groups, Seasonally adjusted",41.900001525878906,51.08333206176758,17.28333282470703,,,,
Newfoundland and Labrador,1983-08,"Index, 201612=100",units,38.2,31.9,36.7,,,,,,,,,,,,,,,,,Persons,unit,3637.0,15111.0,Persons,thousands,"Both sexes, All age groups, Seasonally adjusted",113.53333282470703,101.78333282470703,136.85000610351562,11.75,249.76666259765625,23.316667556762695,Percentage,unit,"Both sexes, All age groups, Seasonally adjusted",41.86666488647461,50.78333282470703,16.91666603088379,,,,
Newfoundland and Labrador,1983-06,"Index, 201612=100",units,36.8,31.9,35.9,,,,,,,,,,,,,,,,,Persons,unit,1278.0,10341.0,Persons,thousands,"Both sexes, All age groups, Seasonally adjusted",113.75,101.56666564941406,137.63333129882812,12.166666984558105,249.3000030517578,23.883333206176758,Percentage,unit,"Both sexes, All age groups, Seasonally adjusted",42.04999923706055,51.29999923706055,17.28333282470703,,,,
Newfoundland and Labrador,1983-11,"Index, 201612=100",units,38.2,31.9,36.8,,,,,,,,,,,,,,,,,Persons,unit,424.0,5246.0,Persons,thousands,"Both sexes, All age groups, Seasonally adjusted",112.21666717529297,99.94999694824219,137.11666870117188,12.283333778381348,250.5833282470703,24.883333206176758,Percentage,unit,"Both sexes, All age groups, Seasonally adjusted",41.04999923706055,50.54999923706055,18.183332443237305,,,,
Newfoundland and Labrador,1983-10,"Index, 201612=100",units,38.2,31.9,36.8,,,,,,,,,,,,,,,,,Persons,unit,617.0,11399.0,Persons,thousands,"Both sexes, All age groups, Seasonally adjusted",113.78333282470703,100.36666870117188,137.60000610351562,13.416666984558105,250.31666564941406,23.83333396911621,Percentage,unit,"Both sexes, All age groups, Seasonally adjusted",41.78333282470703,50.86666488647461,17.233333587646484,,,,
Newfoundland and Labrador,1983-05,"Index, 201612=100",units,37.3,31.9,36.1,,,,,,,,,,,,,,,,,Persons,unit,1888.0,8831.0,Persons,thousands,"Both sexes, All age groups, Seasonally adjusted",116.06666564941406,103.86666870117188,138.89999389648438,12.149999618530273,249.0500030517578,22.816667556762695,Percentage,unit,"Both sexes, All age groups, Seasonally adjusted",42.95000076293945,51.766666412353516,16.433332443237305,,,,
Ontario,1998-10,"Index, 201612=100",units,59.24444444444445,80.0111111111111,64.07777777777778,,,,,,,,,,,,,,,,,Persons,unit,1820718.0,4859301.0,Persons,thousands,"Both sexes, All age groups, Seasonally adjusted",3520.13330078125,2916.38330078125,3770.5166015625,603.75,5497.35009765625,250.39999389648438,Percentage,unit,"Both sexes, All age groups, Seasonally adjusted",59.06666564941406,63.78333282470703,7.366666793823242,Number,unit,Total of all violations-Actual incidents,73527.58
Ontario,1998-06,"Index, 201612=100",units,59.022222222222226,79.8111111111111,63.86666666666666,,,,,,,,,,,,,,,,,Persons,unit,1832042.0,5456743.0,Persons,thousands,"Both sexes, All age groups, Seasonally adjusted",3487.316650390625,2880.083251953125,3745.550048828125,607.2333374023438,5474.0498046875,258.25,Percentage,unit,"Both sexes, All age groups, Seasonally adjusted",58.58333206176758,63.53333282470703,7.633333206176758,Number,unit,Total of all violations-Actual incidents,73527.58
Ontario,1998-11,"Index, 201612=100",units,59.35555555555556,80.04444444444444,64.17777777777778,,,,,,,,,,,,,,,,,Persons,unit,1722810.0,4324018.0,Persons,thousands,"Both sexes, All age groups, Seasonally adjusted",3527.183349609375,2914.583251953125,3778.449951171875,612.5999755859375,5502.5166015625,251.28334045410156,Percentage,unit,"Both sexes, All age groups, Seasonally adjusted",59.150001525878906,63.93333435058594,7.483333110809326,Number,unit,Total of all violations-Actual incidents,73527.58
Ontario,1998-05,"Index, 201612=100",units,58.92222222222223,79.8,63.8111111111111,,,,,,,,,,,,,,,,,Persons,unit,2090550.0,5239880.0,Persons,thousands,"Both sexes, All age groups, Seasonally adjusted",3479.566650390625,2877.88330078125,3732.333251953125,601.6666870117188,5466.0166015625,252.8000030517578,Percentage,unit,"Both sexes, All age groups, Seasonally adjusted",58.53333282470703,63.349998474121094,7.516666889190674,Number,unit,Total of all violations-Actual incidents,73527.58
Ontario,1998-02,"Index, 201612=100",units,58.82222222222223,79.53333333333333,63.666666666666664,,,,,,,,,,,,,,,,,Persons,unit,1636799.0,3829792.0,Persons,thousands,"Both sexes, All age groups, Seasonally adjusted",3466.5,2863.699951171875,3735.2666015625,602.816650390625,5446.7998046875,268.76666259765625,Percentage,unit,"Both sexes, All age groups, Seasonally adjusted",58.54999923706055,63.61666488647461,7.7833333015441895,Number,unit,Total of all violations-Actual incidents,73527.58
Ontario,1998-03,"Index, 201612=100",units,58.92222222222222,79.64444444444445,63.766666666666666,,,,,,,,,,,,,,,,,Persons,unit,2127731.0,4434461.0,Persons,thousands,"Both sexes, All age groups, Seasonally adjusted",3466.933349609375,2868.89990234375,3734.050048828125,598.0166625976562,5452.9833984375,267.1166687011719,Percentage,unit,"Both sexes, All age groups, Seasonally adjusted",58.46666717529297,63.516666412353516,7.75,Number,unit,Total of all violations-Actual incidents,73527.58
Ontario,1998-07,"Index, 201612=100",units,59.07777777777778,79.8111111111111,63.92222222222222,,,,,,,,,,,,,,,,,Persons,unit,2218176.0,6736537.0,Persons,thousands,"Both sexes, All age groups, Seasonally adjusted",3489.050048828125,2875.216552734375,3749.63330078125,613.816650390625,5479.58349609375,260.5833435058594,Percentage,unit,"Both sexes, All age groups, Seasonally adjusted",58.70000076293945,63.599998474121094,7.566666603088379,Number,unit,Total of all violations-Actual incidents,73527.58
Ontario,1998-04,"Index, 201612=100",units,58.888888888888886,79.78888888888889,63.75555555555555,,,,,,,,,,,,,,,,,Persons,unit,2077531.0,4622209.0,Persons,thousands,"Both sexes, All age groups, Seasonally adjusted",3469.5,2867.38330078125,3729.35009765625,602.1333618164062,5459.5,259.8333435058594,Percentage,unit,"Both sexes, All age groups, Seasonally adjusted",58.349998474121094,63.349998474121094,7.75,Number,unit,Total of all violations-Actual incidents,73527.58
Ontario,1998-08,"Index, 201612=100",units,59.166666666666664,79.95555555555556,64.01111111111112,,,,,,,,,,,,,,,,,Persons,unit,2200609.0,6864418.0,Persons,thousands,"Both sexes, All age groups, Seasonally adjusted",3488.2333984375,2875.13330078125,3737.35009765625,613.0999755859375,5485.06689453125,249.11666870117188,Percentage,unit,"Both sexes, All age groups, Seasonally adjusted",58.66666793823242,63.38333511352539,7.199999809265137,Number,unit,Total of all violations-Actual incidents,73527.58
Ontario,1998-12,"Index, 201612=100",units,59.32222222222222,80.04444444444444,64.13333333333333,,,,,,,,,,,,,,,,,Persons,unit,1715249.0,4301344.0,Persons,thousands,"Both sexes, All age groups, Seasonally adjusted",3534.7666015625,2918.166748046875,3786.833251953125,616.5999755859375,5507.36669921875,252.0833282470703,Percentage,unit,"Both sexes, All age groups, Seasonally adjusted",59.21666717529297,64.11666870117188,7.616666793823242,Number,unit,Total of all violations-Actual incidents,73527.58
Ontario,1998-09,"Index, 201612=100",units,59.13333333333334,79.95555555555555,63.96666666666667,,,,,,,,,,,,,,,,,Persons,unit,1764384.0,5108881.0,Persons,thousands,"Both sexes, All age groups, Seasonally adjusted",3507.7333984375,2889.916748046875,3761.35009765625,617.816650390625,5491.966796875,253.5833282470703,Percentage,unit,"Both sexes, All age groups, Seasonally adjusted",58.96666717529297,63.78333282470703,7.449999809265137,Number,unit,Total of all violations-Actual incidents,73527.58
Ontario,1998-01,"Index, 201612=100",units,58.85555555555555,79.5,63.64444444444444,,,,,,,,,,,,,,,,,Persons,unit,1805731.0,3956789.0,Persons,thousands,"Both sexes, All age groups, Seasonally adjusted",3446.566650390625,2853.0166015625,3728.433349609375,593.5499877929688,5440.36669921875,281.8666687011719,Percentage,unit,"Both sexes, All age groups, Seasonally adjusted",58.233333587646484,63.650001525878906,8.300000190734863,Number,unit,Total of all violations-Actual incidents,73527.58
