province,REF_DATE,uom_houseindex,scalar_houseindex,avg_house_only,avg_land_only,avg_totalhouseland,uom_income,scalar_income,statistic_income,avg_income,uom_expenditure,scalar_expenditure,statistic_expenditure,avg_food_expenditures,avg_income_taxes,avg_mortageinsurance,avg_mortagePaid,avg_accomodation,avg_rent,avg_shelter,avg_total_expenditure,avg_taxes_landregfees,uom_tourist,scalar_tourist,avg_international_tourism,avg_domestic_tourism,uom_labourforce,scalar_labourforce,statistic_labourforce,avg_employment,avg_fulltime,avg_labourforce,avg_parttime,avg_population,avg_unemployment,uom_lfperc,scalar_lfperc,statistic_labourforceperc,avg_employment_rate,avg_participationrate,avg_unemploymentrate,uom_crime,scalar_crime,statistic_crime,avg_crime_incidents
Canada,2010-12,"Index, 201612=100",units,86.7,92.0,88.4,Dollars,units,"Median total income,Both sexes,All age groups",2437.5,Dollars,unit,Average expenditure per household,654.17,1032.75,7.75,391.58,1132.17,250.08,1251.67,6006.25,12.75,Persons,unit,4436865.0,6586077.0,Persons,thousands,"Both sexes, All age groups, Seasonally adjusted",7820.68896484375,8913.4833984375,8461.888671875,1989.0333251953125,12291.611328125,641.2000122070312,Percentage,unit,"Both sexes, All age groups, Seasonally adjusted",59.400001525878906,65.45555877685547,9.38888931274414,,,,
Canada,2010-01,"Index, 201612=100",units,85.2,91.4,87.1,Dollars,units,"Median total income,Both sexes,All age groups",2437.5,Dollars,unit,Average expenditure per household,654.17,1032.75,7.75,391.58,1132.17,250.08,1251.67,6006.25,12.75,Persons,unit,4087531.0,5862727.0,Persons,thousands,"Both sexes, All age groups, Seasonally adjusted",7688.966796875,8794.599609375,8381.72265625,1940.5167236328125,12141.22265625,692.7444458007812,Percentage,unit,"Both sexes, All age groups, Seasonally adjusted",58.93333435058594,65.53333282470703,10.211111068725586,,,,
Canada,2010-09,"Index, 201612=100",units,86.6,91.5,88.1,Dollars,units,"Median total income,Both sexes,All age groups",2437.5,Dollars,unit,Average expenditure per household,654.17,1032.75,7.75,391.58,1132.17,250.08,1251.67,6006.25,12.75,Persons,unit,4516627.0,7757369.0,Persons,thousands,"Both sexes, All age groups, Seasonally adjusted",7769.8779296875,8841.3662109375,8455.1669921875,2000.2166748046875,12258.7666015625,685.2888793945312,Percentage,unit,"Both sexes, All age groups, Seasonally adjusted",58.877777099609375,65.31111145019531,10.133333206176758,,,,
Canada,2010-11,"Index, 201612=100",units,86.8,91.8,88.4,Dollars,units,"Median total income,Both sexes,All age groups",2437.5,Dollars,unit,Average expenditure per household,654.17,1032.75,7.75,391.58,1132.17,250.08,1251.67,6006.25,12.75,Persons,unit,4385118.0,6332871.0,Persons,thousands,"Both sexes, All age groups, Seasonally adjusted",7807.466796875,8880.349609375,8447.6337890625,2004.800048828125,12281.64453125,640.1666870117188,Percentage,unit,"Both sexes, All age groups, Seasonally adjusted",59.233333587646484,65.18888854980469,9.311111450195312,,,,
Canada,2010-04,"Index, 201612=100",units,86.0,91.0,87.6,Dollars,units,"Median total income,Both sexes,All age groups",2437.5,Dollars,unit,Average expenditure per household,654.17,1032.75,7.75,391.58,1132.17,250.08,1251.67,6006.25,12.75,Persons,unit,4798142.0,7034873.0,Persons,thousands,"Both sexes, All age groups, Seasonally adjusted",7739.22216796875,8827.4833984375,8421.4443359375,1972.63330078125,12181.1220703125,682.2222290039062,Percentage,unit,"Both sexes, All age groups, Seasonally adjusted",59.25555419921875,65.75555419921875,10.0,,,,
Canada,2010-06,"Index, 201612=100",units,86.6,91.2,88.0,Dollars,units,"Median total income,Both sexes,All age groups",2437.5,Dollars,unit,Average expenditure per household,654.17,1032.75,7.75,391.58,1132.17,250.08,1251.67,6006.25,12.75,Persons,unit,4056946.0,7652152.0,Persons,thousands,"Both sexes, All age groups, Seasonally adjusted",7780.966796875,8880.099609375,8446.955078125,1974.5,12213.7001953125,665.9888916015625,Percentage,unit,"Both sexes, All age groups, Seasonally adjusted",59.44444274902344,65.73332977294922,9.688888549804688,,,,
Canada,2010-03,"Index, 201612=100",units,85.8,90.9,87.4,Dollars,units,"Median total income,Both sexes,All age groups",2437.5,Dollars,unit,Average expenditure per household,654.17,1032.75,7.75,391.58,1132.17,250.08,1251.67,6006.25,12.75,Persons,unit,4997382.0,7086612.0,Persons,thousands,"Both sexes, All age groups, Seasonally adjusted",7704.77783203125,8800.849609375,8395.56640625,1954.300048828125,12167.599609375,690.7999877929688,Percentage,unit,"Both sexes, All age groups, Seasonally adjusted",58.94444274902344,65.54444122314453,10.166666984558105,,,,
Canada,2010-10,"Index, 201612=100",units,86.6,91.5,88.2,Dollars,units,"Median total income,Both sexes,All age groups",2437.5,Dollars,unit,Average expenditure per household,654.17,1032.75,7.75,391.58,1132.17,250.08,1251.67,6006.25,12.75,Persons,unit,4533948.0,7073561.0,Persons,thousands,"Both sexes, All age groups, Seasonally adjusted",7787.01123046875,8875.25,8448.7001953125,1985.7667236328125,12270.77734375,661.7000122070312,Percentage,unit,"Both sexes, All age groups, Seasonally adjusted",59.07777786254883,65.32221984863281,9.822221755981445,,,,
Canada,2010-08,"Index, 201612=100",units,86.6,91.0,88.0,Dollars,units,"Median total income,Both sexes,All age groups",2437.5,Dollars,unit,Average expenditure per household,654.17,1032.75,7.75,391.58,1132.17,250.08,1251.67,6006.25,12.75,Persons,unit,6064316.0,1.0249456E7,Persons,thousands,"Both sexes, All age groups, Seasonally adjusted",7781.9111328125,8827.099609375,8471.2890625,2028.816650390625,12246.2001953125,689.3666381835938,Percentage,unit,"Both sexes, All age groups, Seasonally adjusted",59.24444580078125,65.75555419921875,10.04444408416748,,,,
Canada,2010-05,"Index, 201612=100",units,86.4,91.2,87.9,Dollars,units,"Median total income,Both sexes,All age groups",2437.5,Dollars,unit,Average expenditure per household,654.17,1032.75,7.75,391.58,1132.17,250.08,1251.67,6006.25,12.75,Persons,unit,4733013.0,7569818.0,Persons,thousands,"Both sexes, All age groups, Seasonally adjusted",7749.2333984375,8858.099609375,8423.544921875,1955.8333740234375,12195.111328125,674.3110961914062,Percentage,unit,"Both sexes, All age groups, Seasonally adjusted",59.18888854980469,65.57777404785156,9.844444274902344,,,,
Canada,2010-02,"Index, 201612=100",units,85.3,91.2,87.1,Dollars,units,"Median total income,Both sexes,All age groups",2437.5,Dollars,unit,Average expenditure per household,654.17,1032.75,7.75,391.58,1132.17,250.08,1251.67,6006.25,12.75,Persons,unit,3640639.0,5547238.0,Persons,thousands,"Both sexes, All age groups, Seasonally adjusted",7700.7333984375,8840.56640625,8391.43359375,1908.6500244140625,12154.56640625,690.7222290039062,Percentage,unit,"Both sexes, All age groups, Seasonally adjusted",58.977779388427734,65.54444122314453,10.155555725097656,,,,
Canada,2010-07,"Index, 201612=100",units,86.5,91.0,87.9,Dollars,units,"Median total income,Both sexes,All age groups",2437.5,Dollars,unit,Average expenditure per household,654.17,1032.75,7.75,391.58,1132.17,250.08,1251.67,6006.25,12.75,Persons,unit,5388379.0,9898301.0,Persons,thousands,"Both sexes, All age groups, Seasonally adjusted",7777.9111328125,8783.8330078125,8457.6552734375,2065.199951171875,12229.0888671875,679.7555541992188,Percentage,unit,"Both sexes, All age groups, Seasonally adjusted",59.35555648803711,65.62222290039062,9.744444847106934,,,,
Quebec,2000-05,"Index, 201612=100",units,60.5,52.666666666666664,57.76666666666667,Dollars,units,"Median total income,Both sexes,All age groups",1675.0,,,,,,,,,,,,,Persons,unit,485978.0,936216.0,Persons,thousands,"Both sexes, All age groups, Seasonally adjusted",2182.7666015625,1837.5333251953125,2375.2666015625,345.2166748046875,3616.283447265625,192.5,Percentage,unit,"Both sexes, All age groups, Seasonally adjusted",55.849998474121094,61.233333587646484,8.633333206176758,Number,unit,Total of all violations-Actual incidents,39967.5
Quebec,2000-06,"Index, 201612=100",units,60.46666666666666,52.73333333333333,57.73333333333334,Dollars,units,"Median total income,Both sexes,All age groups",1675.0,,,,,,,,,,,,,Persons,unit,519522.0,1077600.0,Persons,thousands,"Both sexes, All age groups, Seasonally adjusted",2185.7333984375,1850.5833740234375,2382.25,335.1499938964844,3618.466552734375,196.53334045410156,Percentage,unit,"Both sexes, All age groups, Seasonally adjusted",55.766666412353516,61.266666412353516,9.133333206176758,Number,unit,Total of all violations-Actual incidents,39967.5
Quebec,2000-09,"Index, 201612=100",units,61.300000000000004,53.199999999999996,58.46666666666667,Dollars,units,"Median total income,Both sexes,All age groups",1675.0,,,,,,,,,,,,,Persons,unit,527058.0,1074995.0,Persons,thousands,"Both sexes, All age groups, Seasonally adjusted",2180.949951171875,1822.0333251953125,2378.666748046875,358.95001220703125,3625.63330078125,197.68333435058594,Percentage,unit,"Both sexes, All age groups, Seasonally adjusted",55.81666564941406,61.233333587646484,8.933333396911621,Number,unit,Total of all violations-Actual incidents,39967.5
Quebec,2000-10,"Index, 201612=100",units,61.4,53.199999999999996,58.56666666666666,Dollars,units,"Median total income,Both sexes,All age groups",1675.0,,,,,,,,,,,,,Persons,unit,475889.0,943843.0,Persons,thousands,"Both sexes, All age groups, Seasonally adjusted",2172.13330078125,1822.6666259765625,2376.416748046875,349.5,3628.36669921875,204.3000030517578,Percentage,unit,"Both sexes, All age groups, Seasonally adjusted",55.56666564941406,61.16666793823242,9.266666412353516,Number,unit,Total of all violations-Actual incidents,39967.5
Quebec,2000-03,"Index, 201612=100",units,60.06666666666666,52.5,57.366666666666674,Dollars,units,"Median total income,Both sexes,All age groups",1675.0,,,,,,,,,,,,,Persons,unit,525793.0,892754.0,Persons,thousands,"Both sexes, All age groups, Seasonally adjusted",2171.033447265625,1834.11669921875,2366.14990234375,336.9166564941406,3611.800048828125,195.10000610351562,Percentage,unit,"Both sexes, All age groups, Seasonally adjusted",55.36666488647461,60.849998474121094,8.816666603088379,Number,unit,Total of all violations-Actual incidents,39967.5
Quebec,2000-04,"Index, 201612=100",units,60.26666666666667,52.5,57.53333333333333,Dollars,units,"Median total income,Both sexes,All age groups",1675.0,,,,,,,,,,,,,Persons,unit,504493.0,886716.0,Persons,thousands,"Both sexes, All age groups, Seasonally adjusted",2174.75,1825.4666748046875,2372.933349609375,349.2833251953125,3613.7666015625,198.14999389648438,Percentage,unit,"Both sexes, All age groups, Seasonally adjusted",55.43333435058594,61.04999923706055,9.116666793823242,Number,unit,Total of all violations-Actual incidents,39967.5
Quebec,2000-11,"Index, 201612=100",units,61.63333333333333,53.300000000000004,58.76666666666667,Dollars,units,"Median total income,Both sexes,All age groups",1675.0,,,,,,,,,,,,,Persons,unit,368390.0,732935.0,Persons,thousands,"Both sexes, All age groups, Seasonally adjusted",2179.4833984375,1848.8499755859375,2375.75,330.6333312988281,3630.86669921875,196.25,Percentage,unit,"Both sexes, All age groups, Seasonally adjusted",55.733333587646484,61.08333206176758,8.616666793823242,Number,unit,Total of all violations-Actual incidents,39967.5
Quebec,2000-08,"Index, 201612=100",units,61.03333333333333,53.1,58.23333333333333,Dollars,units,"Median total income,Both sexes,All age groups",1675.0,,,,,,,,,,,,,Persons,unit,761090.0,1429239.0,Persons,thousands,"Both sexes, All age groups, Seasonally adjusted",2181.4833984375,1828.61669921875,2379.699951171875,352.8833312988281,3623.083251953125,198.21665954589844,Percentage,unit,"Both sexes, All age groups, Seasonally adjusted",55.75,61.21666717529297,9.116666793823242,Number,unit,Total of all violations-Actual incidents,39967.5
Quebec,2000-01,"Index, 201612=100",units,59.833333333333336,52.300000000000004,57.166666666666664,Dollars,units,"Median total income,Both sexes,All age groups",1675.0,,,,,,,,,,,,,Persons,unit,425817.0,734881.0,Persons,thousands,"Both sexes, All age groups, Seasonally adjusted",2175.816650390625,1830.4166259765625,2364.300048828125,345.4166564941406,3607.550048828125,188.4499969482422,Percentage,unit,"Both sexes, All age groups, Seasonally adjusted",55.650001525878906,60.93333435058594,8.600000381469727,Number,unit,Total of all violations-Actual incidents,39967.5
Quebec,2000-07,"Index, 201612=100",units,60.46666666666666,52.73333333333333,57.73333333333334,Dollars,units,"Median total income,Both sexes,All age groups",1675.0,,,,,,,,,,,,,Persons,unit,794381.0,1468718.0,Persons,thousands,"Both sexes, All age groups, Seasonally adjusted",2180.39990234375,1834.6500244140625,2385.75,345.76666259765625,3620.5,205.35000610351562,Percentage,unit,"Both sexes, All age groups, Seasonally adjusted",55.88333511352539,61.483333587646484,9.083333015441895,Number,unit,Total of all violations-Actual incidents,39967.5
Quebec,2000-02,"Index, 201612=100",units,59.9,52.36666666666667,57.23333333333333,Dollars,units,"Median total income,Both sexes,All age groups",1675.0,,,,,,,,,,,,,Persons,unit,392656.0,747297.0,Persons,thousands,"Both sexes, All age groups, Seasonally adjusted",2172.88330078125,1826.5999755859375,2367.88330078125,346.2833251953125,3609.75,195.0,Percentage,unit,"Both sexes, All age groups, Seasonally adjusted",55.46666717529297,60.95000076293945,8.816666603088379,Number,unit,Total of all violations-Actual incidents,39967.5
Quebec,2000-12,"Index, 201612=100",units,61.633333333333326,53.300000000000004,58.76666666666667,Dollars,units,"Median total income,Both sexes,All age groups",1675.0,,,,,,,,,,,,,Persons,unit,348754.0,724379.0,Persons,thousands,"Both sexes, All age groups, Seasonally adjusted",2191.2666015625,1834.0,2372.183349609375,357.29998779296875,3633.39990234375,180.9166717529297,Percentage,unit,"Both sexes, All age groups, Seasonally adjusted",56.08333206176758,61.08333206176758,8.0,Number,unit,Total of all violations-Actual incidents,39967.5
