province,REF_DATE,uom_houseindex,scalar_houseindex,avg_house_only,avg_land_only,avg_totalhouseland,uom_income,scalar_income,statistic_income,avg_income,uom_expenditure,scalar_expenditure,statistic_expenditure,avg_food_expenditures,avg_income_taxes,avg_mortageinsurance,avg_mortagePaid,avg_accomodation,avg_rent,avg_shelter,avg_total_expenditure,avg_taxes_landregfees,uom_tourist,scalar_tourist,avg_international_tourism,avg_domestic_tourism,uom_labourforce,scalar_labourforce,statistic_labourforce,avg_employment,avg_fulltime,avg_labourforce,avg_parttime,avg_population,avg_unemployment,uom_lfperc,scalar_lfperc,statistic_labourforceperc,avg_employment_rate,avg_participationrate,avg_unemploymentrate,uom_crime,scalar_crime,statistic_crime,avg_crime_incidents
British Columbia,1988-12,"Index, 201612=100",units,111.10000000000001,52.76666666666667,82.2,,,,,,,,,,,,,,,,,Persons,unit,1137797.0,1480039.0,Persons,thousands,"Both sexes, All age groups, Seasonally adjusted",920.3833618164062,758.566650390625,1017.7999877929688,161.8333282470703,1495.316650390625,97.4000015258789,Percentage,unit,"Both sexes, All age groups, Seasonally adjusted",57.88333511352539,64.46666717529297,10.366666793823242,,,,
British Columbia,1988-03,"Index, 201612=100",units,107.53333333333332,48.36666666666667,78.36666666666666,,,,,,,,,,,,,,,,,Persons,unit,985593.0,1315754.0,Persons,thousands,"Both sexes, All age groups, Seasonally adjusted",902.9000244140625,738.683349609375,1003.1333618164062,164.23333740234375,1467.8333740234375,100.21666717529297,Percentage,unit,"Both sexes, All age groups, Seasonally adjusted",57.983333587646484,64.83333587646484,10.483333587646484,,,,
British Columbia,1988-05,"Index, 201612=100",units,108.13333333333333,48.56666666666666,78.76666666666667,,,,,,,,,,,,,,,,,Persons,unit,1102939.0,1589264.0,Persons,thousands,"Both sexes, All age groups, Seasonally adjusted",903.316650390625,741.1333618164062,1006.7666625976562,162.18333435058594,1473.5833740234375,103.46666717529297,Percentage,unit,"Both sexes, All age groups, Seasonally adjusted",57.70000076293945,64.76667022705078,10.666666984558105,,,,
British Columbia,1988-01,"Index, 201612=100",units,106.93333333333334,47.63333333333333,77.60000000000001,,,,,,,,,,,,,,,,,Persons,unit,826599.0,1104287.0,Persons,thousands,"Both sexes, All age groups, Seasonally adjusted",900.2166748046875,738.9000244140625,1000.7833251953125,161.31666564941406,1463.4166259765625,100.55000305175781,Percentage,unit,"Both sexes, All age groups, Seasonally adjusted",58.03333282470703,64.9000015258789,10.416666984558105,,,,
British Columbia,1988-02,"Index, 201612=100",units,107.46666666666665,47.53333333333333,77.93333333333334,,,,,,,,,,,,,,,,,Persons,unit,733954.0,1031437.0,Persons,thousands,"Both sexes, All age groups, Seasonally adjusted",897.4833374023438,737.5833129882812,1002.2000122070312,159.89999389648438,1465.699951171875,104.73332977294922,Percentage,unit,"Both sexes, All age groups, Seasonally adjusted",57.650001525878906,64.83333587646484,11.066666603088379,,,,
British Columbia,1988-08,"Index, 201612=100",units,109.33333333333333,49.833333333333336,80.03333333333335,,,,,,,,,,,,,,,,,Persons,unit,1491562.0,2376137.0,Persons,thousands,"Both sexes, All age groups, Seasonally adjusted",912.6333618164062,747.5166625976562,1011.9000244140625,165.13333129882812,1484.9666748046875,99.26667022705078,Percentage,unit,"Both sexes, All age groups, Seasonally adjusted",57.96666717529297,64.6500015258789,10.283333778381348,,,,
British Columbia,1988-09,"Index, 201612=100",units,110.13333333333333,50.93333333333334,81.06666666666666,,,,,,,,,,,,,,,,,Persons,unit,1224204.0,1831970.0,Persons,thousands,"Both sexes, All age groups, Seasonally adjusted",906.9833374023438,736.5166625976562,1012.6500244140625,170.48333740234375,1488.13330078125,105.66666412353516,Percentage,unit,"Both sexes, All age groups, Seasonally adjusted",57.38333511352539,64.3499984741211,10.850000381469727,,,,
British Columbia,1988-11,"Index, 201612=100",units,110.43333333333332,52.199999999999996,81.66666666666667,,,,,,,,,,,,,,,,,Persons,unit,1128338.0,1453450.0,Persons,thousands,"Both sexes, All age groups, Seasonally adjusted",917.0499877929688,751.3666381835938,1018.8666381835938,165.68333435058594,1493.13330078125,101.83333587646484,Percentage,unit,"Both sexes, All age groups, Seasonally adjusted",57.83333206176758,64.69999694824219,10.466666221618652,,,,
British Columbia,1988-07,"Index, 201612=100",units,109.33333333333333,49.23333333333333,79.7,,,,,,,,,,,,,,,,,Persons,unit,1426048.0,2291765.0,Persons,thousands,"Both sexes, All age groups, Seasonally adjusted",910.2333374023438,746.2333374023438,1008.3833618164062,164.01666259765625,1480.3499755859375,98.11666870117188,Percentage,unit,"Both sexes, All age groups, Seasonally adjusted",57.95000076293945,64.58333587646484,10.100000381469727,,,,
British Columbia,1988-10,"Index, 201612=100",units,109.89999999999999,51.5,81.10000000000001,,,,,,,,,,,,,,,,,Persons,unit,1165905.0,1527435.0,Persons,thousands,"Both sexes, All age groups, Seasonally adjusted",914.0499877929688,743.2166748046875,1011.7666625976562,170.8333282470703,1490.699951171875,97.69999694824219,Percentage,unit,"Both sexes, All age groups, Seasonally adjusted",57.81666564941406,64.31666564941406,10.0,,,,
British Columbia,1988-06,"Index, 201612=100",units,108.89999999999999,49.06666666666666,79.43333333333334,,,,,,,,,,,,,,,,,Persons,unit,1047006.0,1663335.0,Persons,thousands,"Both sexes, All age groups, Seasonally adjusted",905.0999755859375,744.0499877929688,1007.9666748046875,161.0500030517578,1476.816650390625,102.8499984741211,Percentage,unit,"Both sexes, All age groups, Seasonally adjusted",57.650001525878906,64.68333435058594,10.533333778381348,,,,
British Columbia,1988-04,"Index, 201612=100",units,108.23333333333333,48.46666666666667,78.76666666666667,,,,,,,,,,,,,,,,,Persons,unit,1138807.0,1494587.0,Persons,thousands,"Both sexes, All age groups, Seasonally adjusted",905.9000244140625,739.75,1011.4166870117188,166.14999389648438,1470.1500244140625,105.53333282470703,Percentage,unit,"Both sexes, All age groups, Seasonally adjusted",58.150001525878906,65.23332977294922,10.683333396911621,,,,
Saskatchewan,2005-09,"Index, 201612=100",units,54.333333333333336,46.833333333333336,52.199999999999996,Dollars,units,"Median total income,Both sexes,All age groups",1958.33,,,,,,,,,,,,,Persons,unit,20914.0,45593.0,Persons,thousands,"Both sexes, All age groups, Seasonally adjusted",300.6166687011719,243.5500030517578,319.1833190917969,57.06666564941406,452.98333740234375,18.566667556762695,Percentage,unit,"Both sexes, All age groups, Seasonally adjusted",63.400001525878906,67.71666717529297,6.25,Number,unit,Total of all violations-Actual incidents,13137.0
Saskatchewan,2005-02,"Index, 201612=100",units,52.86666666666667,45.199999999999996,50.73333333333333,Dollars,units,"Median total income,Both sexes,All age groups",1958.33,,,,,,,,,,,,,Persons,unit,28636.0,44794.0,Persons,thousands,"Both sexes, All age groups, Seasonally adjusted",306.7166748046875,250.39999389648438,322.1833190917969,56.29999923706055,453.1833190917969,15.466666221618652,Percentage,unit,"Both sexes, All age groups, Seasonally adjusted",64.58333587646484,68.1500015258789,5.25,Number,unit,Total of all violations-Actual incidents,13137.0
Saskatchewan,2005-05,"Index, 201612=100",units,53.86666666666667,45.699999999999996,51.6,Dollars,units,"Median total income,Both sexes,All age groups",1958.33,,,,,,,,,,,,,Persons,unit,21892.0,46323.0,Persons,thousands,"Both sexes, All age groups, Seasonally adjusted",305.3333435058594,249.0500030517578,319.3333435058594,56.29999923706055,452.9166564941406,14.0,Percentage,unit,"Both sexes, All age groups, Seasonally adjusted",64.25,67.6500015258789,4.900000095367432,Number,unit,Total of all violations-Actual incidents,13137.0
Saskatchewan,2005-01,"Index, 201612=100",units,52.23333333333333,44.6,50.166666666666664,Dollars,units,"Median total income,Both sexes,All age groups",1958.33,,,,,,,,,,,,,Persons,unit,25931.0,41308.0,Persons,thousands,"Both sexes, All age groups, Seasonally adjusted",306.0,248.9166717529297,321.9166564941406,57.11666488647461,453.1499938964844,15.899999618530273,Percentage,unit,"Both sexes, All age groups, Seasonally adjusted",64.44999694824219,68.0999984741211,5.349999904632568,Number,unit,Total of all violations-Actual incidents,13137.0
Saskatchewan,2005-07,"Index, 201612=100",units,53.76666666666667,45.800000000000004,51.53333333333333,Dollars,units,"Median total income,Both sexes,All age groups",1958.33,,,,,,,,,,,,,Persons,unit,31751.0,66489.0,Persons,thousands,"Both sexes, All age groups, Seasonally adjusted",305.3999938964844,248.38333129882812,319.8999938964844,57.016666412353516,452.8666687011719,14.516666412353516,Percentage,unit,"Both sexes, All age groups, Seasonally adjusted",64.31666564941406,67.75,4.866666793823242,Number,unit,Total of all violations-Actual incidents,13137.0
Saskatchewan,2005-12,"Index, 201612=100",units,54.5,46.833333333333336,52.4,Dollars,units,"Median total income,Both sexes,All age groups",1958.33,,,,,,,,,,,,,Persons,unit,19713.0,37857.0,Persons,thousands,"Both sexes, All age groups, Seasonally adjusted",302.01666259765625,247.5500030517578,317.76666259765625,54.46666717529297,453.1666564941406,15.699999809265137,Percentage,unit,"Both sexes, All age groups, Seasonally adjusted",63.483333587646484,67.28333282470703,5.5333333015441895,Number,unit,Total of all violations-Actual incidents,13137.0
Saskatchewan,2005-10,"Index, 201612=100",units,54.5,46.833333333333336,52.4,Dollars,units,"Median total income,Both sexes,All age groups",1958.33,,,,,,,,,,,,,Persons,unit,23850.0,48210.0,Persons,thousands,"Both sexes, All age groups, Seasonally adjusted",300.70001220703125,242.56666564941406,317.1499938964844,58.13333511352539,453.0333251953125,16.46666717529297,Percentage,unit,"Both sexes, All age groups, Seasonally adjusted",63.41666793823242,67.31666564941406,5.75,Number,unit,Total of all violations-Actual incidents,13137.0
Saskatchewan,2005-11,"Index, 201612=100",units,54.5,46.833333333333336,52.4,Dollars,units,"Median total income,Both sexes,All age groups",1958.33,,,,,,,,,,,,,Persons,unit,22513.0,42350.0,Persons,thousands,"Both sexes, All age groups, Seasonally adjusted",302.1666564941406,246.43333435058594,318.4166564941406,55.78333282470703,453.04998779296875,16.233333587646484,Percentage,unit,"Both sexes, All age groups, Seasonally adjusted",63.599998474121094,67.44999694824219,5.616666793823242,Number,unit,Total of all violations-Actual incidents,13137.0
Saskatchewan,2005-08,"Index, 201612=100",units,53.76666666666667,45.800000000000004,51.53333333333333,Dollars,units,"Median total income,Both sexes,All age groups",1958.33,,,,,,,,,,,,,Persons,unit,31744.0,58782.0,Persons,thousands,"Both sexes, All age groups, Seasonally adjusted",304.70001220703125,247.78334045410156,319.8666687011719,56.900001525878906,453.0,15.166666984558105,Percentage,unit,"Both sexes, All age groups, Seasonally adjusted",64.18333435058594,67.81666564941406,5.2166666984558105,Number,unit,Total of all violations-Actual incidents,13137.0
Saskatchewan,2005-06,"Index, 201612=100",units,53.76666666666667,45.800000000000004,51.53333333333333,Dollars,units,"Median total income,Both sexes,All age groups",1958.33,,,,,,,,,,,,,Persons,unit,19243.0,51006.0,Persons,thousands,"Both sexes, All age groups, Seasonally adjusted",305.0666809082031,248.53334045410156,319.3666687011719,56.516666412353516,452.8333435058594,14.300000190734863,Percentage,unit,"Both sexes, All age groups, Seasonally adjusted",64.33333587646484,67.69999694824219,4.816666603088379,Number,unit,Total of all violations-Actual incidents,13137.0
Saskatchewan,2005-04,"Index, 201612=100",units,53.53333333333333,45.400000000000006,51.300000000000004,Dollars,units,"Median total income,Both sexes,All age groups",1958.33,,,,,,,,,,,,,Persons,unit,25641.0,45893.0,Persons,thousands,"Both sexes, All age groups, Seasonally adjusted",304.7166748046875,249.96665954589844,320.1666564941406,54.75,452.95001220703125,15.433333396911621,Percentage,unit,"Both sexes, All age groups, Seasonally adjusted",64.16666412353516,67.81666564941406,5.266666889190674,Number,unit,Total of all violations-Actual incidents,13137.0
Saskatchewan,2005-03,"Index, 201612=100",units,53.53333333333333,45.199999999999996,51.26666666666667,Dollars,units,"Median total income,Both sexes,All age groups",1958.33,,,,,,,,,,,,,Persons,unit,27929.0,47103.0,Persons,thousands,"Both sexes, All age groups, Seasonally adjusted",308.0,252.10000610351562,323.51666259765625,55.88333511352539,453.1000061035156,15.550000190734863,Percentage,unit,"Both sexes, All age groups, Seasonally adjusted",64.81666564941406,68.43333435058594,5.333333492279053,Number,unit,Total of all violations-Actual incidents,13137.0
