province,REF_DATE,uom_houseindex,scalar_houseindex,avg_house_only,avg_land_only,avg_totalhouseland,uom_income,scalar_income,statistic_income,avg_income,uom_expenditure,scalar_expenditure,statistic_expenditure,avg_food_expenditures,avg_income_taxes,avg_mortageinsurance,avg_mortagePaid,avg_accomodation,avg_rent,avg_shelter,avg_total_expenditure,avg_taxes_landregfees,uom_tourist,scalar_tourist,avg_international_tourism,avg_domestic_tourism,uom_labourforce,scalar_labourforce,statistic_labourforce,avg_employment,avg_fulltime,avg_labourforce,avg_parttime,avg_population,avg_unemployment,uom_lfperc,scalar_lfperc,statistic_labourforceperc,avg_employment_rate,avg_participationrate,avg_unemploymentrate,uom_crime,scalar_crime,statistic_crime,avg_crime_incidents
Atlantic Region,2000-08,"Index, 201612=100",units,65.2,58.7,63.6,,,,,,,,,,,,,,,,,,,,,,,,,,,,,,,,,,,,,,,
Atlantic Region,2000-11,"Index, 201612=100",units,65.4,58.7,63.8,,,,,,,,,,,,,,,,,,,,,,,,,,,,,,,,,,,,,,,
Atlantic Region,2000-04,"Index, 201612=100",units,64.9,58.6,63.4,,,,,,,,,,,,,,,,,,,,,,,,,,,,,,,,,,,,,,,
Atlantic Region,2000-01,"Index, 201612=100",units,64.2,58.3,62.8,,,,,,,,,,,,,,,,,,,,,,,,,,,,,,,,,,,,,,,
Atlantic Region,2000-07,"Index, 201612=100",units,65.1,58.6,63.6,,,,,,,,,,,,,,,,,,,,,,,,,,,,,,,,,,,,,,,
Atlantic Region,2000-03,"Index, 201612=100",units,64.4,58.3,63.0,,,,,,,,,,,,,,,,,,,,,,,,,,,,,,,,,,,,,,,
Atlantic Region,2000-09,"Index, 201612=100",units,64.9,58.7,63.5,,,,,,,,,,,,,,,,,,,,,,,,,,,,,,,,,,,,,,,
Atlantic Region,2000-02,"Index, 201612=100",units,64.5,58.3,63.0,,,,,,,,,,,,,,,,,,,,,,,,,,,,,,,,,,,,,,,
Atlantic Region,2000-12,"Index, 201612=100",units,65.5,58.7,63.9,,,,,,,,,,,,,,,,,,,,,,,,,,,,,,,,,,,,,,,
Atlantic Region,2000-06,"Index, 201612=100",units,64.9,58.6,63.5,,,,,,,,,,,,,,,,,,,,,,,,,,,,,,,,,,,,,,,
Atlantic Region,2000-05,"Index, 201612=100",units,64.9,58.6,63.4,,,,,,,,,,,,,,,,,,,,,,,,,,,,,,,,,,,,,,,
Atlantic Region,2000-10,"Index, 201612=100",units,65.2,58.7,63.6,,,,,,,,,,,,,,,,,,,,,,,,,,,,,,,,,,,,,,,
Nova Scotia,2007-09,"Index, 201612=100",units,84.5,84.6,84.7,Dollars,units,"Median total income,Both sexes,All age groups",2100.83,,,,,,,,,,,,,Persons,unit,13253.0,96226.0,Persons,thousands,"Both sexes, All age groups, Seasonally adjusted",284.1666564941406,232.63333129882812,308.3999938964844,51.53333282470703,467.9666748046875,24.25,Percentage,unit,"Both sexes, All age groups, Seasonally adjusted",58.29999923706055,63.483333587646484,8.066666603088379,Number,unit,Total of all violations-Actual incidents,6408.67
Nova Scotia,2007-02,"Index, 201612=100",units,78.8,81.1,79.4,Dollars,units,"Median total income,Both sexes,All age groups",2100.83,,,,,,,,,,,,,Persons,unit,15692.0,25269.0,Persons,thousands,"Both sexes, All age groups, Seasonally adjusted",287.1833190917969,240.26666259765625,309.8333435058594,46.93333435058594,467.5333251953125,22.649999618530273,Percentage,unit,"Both sexes, All age groups, Seasonally adjusted",58.66666793823242,63.733333587646484,8.016666412353516,Number,unit,Total of all violations-Actual incidents,6408.67
Nova Scotia,2007-04,"Index, 201612=100",units,80.1,81.1,80.4,Dollars,units,"Median total income,Both sexes,All age groups",2100.83,,,,,,,,,,,,,Persons,unit,33462.0,47059.0,Persons,thousands,"Both sexes, All age groups, Seasonally adjusted",285.95001220703125,235.5,309.6499938964844,50.43333435058594,467.45001220703125,23.733333587646484,Percentage,unit,"Both sexes, All age groups, Seasonally adjusted",58.58333206176758,63.900001525878906,8.300000190734863,Number,unit,Total of all violations-Actual incidents,6408.67
Nova Scotia,2007-08,"Index, 201612=100",units,84.3,84.2,84.4,Dollars,units,"Median total income,Both sexes,All age groups",2100.83,,,,,,,,,,,,,Persons,unit,14252.0,61869.0,Persons,thousands,"Both sexes, All age groups, Seasonally adjusted",282.3333435058594,232.01666259765625,308.1833190917969,50.31666564941406,467.8166809082031,25.866666793823242,Percentage,unit,"Both sexes, All age groups, Seasonally adjusted",57.91666793823242,63.71666717529297,8.983333587646484,Number,unit,Total of all violations-Actual incidents,6408.67
Nova Scotia,2007-10,"Index, 201612=100",units,84.5,84.6,84.7,Dollars,units,"Median total income,Both sexes,All age groups",2100.83,,,,,,,,,,,,,Persons,unit,13426.0,91445.0,Persons,thousands,"Both sexes, All age groups, Seasonally adjusted",285.98333740234375,234.5833282470703,308.8333435058594,51.400001525878906,468.0833435058594,22.850000381469727,Percentage,unit,"Both sexes, All age groups, Seasonally adjusted",58.79999923706055,63.79999923706055,7.666666507720947,Number,unit,Total of all violations-Actual incidents,6408.67
Nova Scotia,2007-01,"Index, 201612=100",units,78.8,81.1,79.4,Dollars,units,"Median total income,Both sexes,All age groups",2100.83,,,,,,,,,,,,,Persons,unit,10479.0,19680.0,Persons,thousands,"Both sexes, All age groups, Seasonally adjusted",285.73333740234375,237.89999389648438,309.1166687011719,47.83333206176758,467.5666809082031,23.399999618530273,Percentage,unit,"Both sexes, All age groups, Seasonally adjusted",58.45000076293945,63.71666717529297,8.183333396911621,Number,unit,Total of all violations-Actual incidents,6408.67
Nova Scotia,2007-06,"Index, 201612=100",units,84.1,83.8,84.2,Dollars,units,"Median total income,Both sexes,All age groups",2100.83,,,,,,,,,,,,,Persons,unit,11775.0,46712.0,Persons,thousands,"Both sexes, All age groups, Seasonally adjusted",284.76666259765625,236.1666717529297,309.3500061035156,48.61666488647461,467.5,24.566667556762695,Percentage,unit,"Both sexes, All age groups, Seasonally adjusted",58.21666717529297,63.68333435058594,8.533333778381348,Number,unit,Total of all violations-Actual incidents,6408.67
Nova Scotia,2007-07,"Index, 201612=100",units,84.1,84.2,84.3,Dollars,units,"Median total income,Both sexes,All age groups",2100.83,,,,,,,,,,,,,Persons,unit,12676.0,59095.0,Persons,thousands,"Both sexes, All age groups, Seasonally adjusted",281.5666809082031,233.8000030517578,308.70001220703125,47.766666412353516,467.6000061035156,27.133333206176758,Percentage,unit,"Both sexes, All age groups, Seasonally adjusted",57.78333282470703,63.733333587646484,9.233333587646484,Number,unit,Total of all violations-Actual incidents,6408.67
Nova Scotia,2007-12,"Index, 201612=100",units,87.3,88.4,87.6,Dollars,units,"Median total income,Both sexes,All age groups",2100.83,,,,,,,,,,,,,Persons,unit,8654.0,22587.0,Persons,thousands,"Both sexes, All age groups, Seasonally adjusted",287.6666564941406,235.38333129882812,309.8500061035156,52.266666412353516,468.3666687011719,22.16666603088379,Percentage,unit,"Both sexes, All age groups, Seasonally adjusted",58.78333282470703,63.93333435058594,7.933333396911621,Number,unit,Total of all violations-Actual incidents,6408.67
Nova Scotia,2007-11,"Index, 201612=100",units,87.3,88.4,87.6,Dollars,units,"Median total income,Both sexes,All age groups",2100.83,,,,,,,,,,,,,Persons,unit,9233.0,20439.0,Persons,thousands,"Both sexes, All age groups, Seasonally adjusted",286.04998779296875,234.86666870117188,310.3999938964844,51.18333435058594,468.25,24.33333396911621,Percentage,unit,"Both sexes, All age groups, Seasonally adjusted",58.58333206176758,64.11666870117188,8.416666984558105,Number,unit,Total of all violations-Actual incidents,6408.67
Nova Scotia,2007-03,"Index, 201612=100",units,78.8,81.1,79.4,Dollars,units,"Median total income,Both sexes,All age groups",2100.83,,,,,,,,,,,,,Persons,unit,35731.0,48599.0,Persons,thousands,"Both sexes, All age groups, Seasonally adjusted",285.29998779296875,235.89999389648438,308.95001220703125,49.38333511352539,467.51666259765625,23.66666603088379,Percentage,unit,"Both sexes, All age groups, Seasonally adjusted",58.349998474121094,63.68333435058594,8.300000190734863,Number,unit,Total of all violations-Actual incidents,6408.67
Nova Scotia,2007-05,"Index, 201612=100",units,84.1,83.8,84.2,Dollars,units,"Median total income,Both sexes,All age groups",2100.83,,,,,,,,,,,,,Persons,unit,22585.0,43447.0,Persons,thousands,"Both sexes, All age groups, Seasonally adjusted",284.73333740234375,236.5833282470703,308.8500061035156,48.18333435058594,467.51666259765625,24.066667556762695,Percentage,unit,"Both sexes, All age groups, Seasonally adjusted",58.16666793823242,63.68333435058594,8.416666984558105,Number,unit,Total of all violations-Actual incidents,6408.67
Quebec,1999-07,"Index, 201612=100",units,58.699999999999996,51.833333333333336,56.166666666666664,,,,,,,,,,,,,,,,,Persons,unit,749045.0,1413831.0,Persons,thousands,"Both sexes, All age groups, Seasonally adjusted",2131.64990234375,1805.0,2343.783447265625,326.6499938964844,3593.86669921875,212.13333129882812,Percentage,unit,"Both sexes, All age groups, Seasonally adjusted",54.58333206176758,60.516666412353516,9.699999809265137,Number,unit,Total of all violations-Actual incidents,39479.42
Quebec,1999-03,"Index, 201612=100",units,58.333333333333336,52.06666666666666,55.96666666666667,,,,,,,,,,,,,,,,,Persons,unit,466742.0,804785.0,Persons,thousands,"Both sexes, All age groups, Seasonally adjusted",2104.183349609375,1771.1500244140625,2325.433349609375,333.04998779296875,3586.5166015625,221.26666259765625,Percentage,unit,"Both sexes, All age groups, Seasonally adjusted",53.95000076293945,60.08333206176758,10.300000190734863,Number,unit,Total of all violations-Actual incidents,39479.42
Quebec,1999-01,"Index, 201612=100",units,57.63333333333333,51.46666666666666,55.333333333333336,,,,,,,,,,,,,,,,,Persons,unit,400226.0,676529.0,Persons,thousands,"Both sexes, All age groups, Seasonally adjusted",2120.283447265625,1774.9000244140625,2346.5166015625,345.3999938964844,3583.183349609375,226.23333740234375,Percentage,unit,"Both sexes, All age groups, Seasonally adjusted",54.400001525878906,60.79999923706055,10.600000381469727,Number,unit,Total of all violations-Actual incidents,39479.42
Quebec,1999-09,"Index, 201612=100",units,59.0,51.86666666666667,56.46666666666666,,,,,,,,,,,,,,,,,Persons,unit,529536.0,1051985.0,Persons,thousands,"Both sexes, All age groups, Seasonally adjusted",2137.283447265625,1785.949951171875,2347.216552734375,351.3166809082031,3598.2666015625,209.89999389648438,Percentage,unit,"Both sexes, All age groups, Seasonally adjusted",54.63333511352539,60.58333206176758,9.899999618530273,Number,unit,Total of all violations-Actual incidents,39479.42
Quebec,1999-11,"Index, 201612=100",units,59.4,52.26666666666667,56.800000000000004,,,,,,,,,,,,,,,,,Persons,unit,381850.0,746049.0,Persons,thousands,"Both sexes, All age groups, Seasonally adjusted",2168.033447265625,1820.0333251953125,2362.550048828125,347.98333740234375,3603.0166015625,194.5,Percentage,unit,"Both sexes, All age groups, Seasonally adjusted",55.516666412353516,60.96666717529297,8.966666221618652,Number,unit,Total of all violations-Actual incidents,39479.42
Quebec,1999-02,"Index, 201612=100",units,58.03333333333334,51.633333333333326,55.666666666666664,,,,,,,,,,,,,,,,,Persons,unit,354407.0,689415.0,Persons,thousands,"Both sexes, All age groups, Seasonally adjusted",2111.316650390625,1778.316650390625,2335.7333984375,333.0,3584.833251953125,224.4499969482422,Percentage,unit,"Both sexes, All age groups, Seasonally adjusted",54.150001525878906,60.349998474121094,10.366666793823242,Number,unit,Total of all violations-Actual incidents,39479.42
Quebec,1999-12,"Index, 201612=100",units,59.4,52.26666666666667,56.800000000000004,,,,,,,,,,,,,,,,,Persons,unit,366216.0,748926.0,Persons,thousands,"Both sexes, All age groups, Seasonally adjusted",2171.39990234375,1829.433349609375,2355.199951171875,341.98333740234375,3605.300048828125,183.8000030517578,Percentage,unit,"Both sexes, All age groups, Seasonally adjusted",55.63333511352539,60.83333206176758,8.516666412353516,Number,unit,Total of all violations-Actual incidents,39479.42
Quebec,1999-06,"Index, 201612=100",units,58.699999999999996,51.833333333333336,56.166666666666664,,,,,,,,,,,,,,,,,Persons,unit,514067.0,1016772.0,Persons,thousands,"Both sexes, All age groups, Seasonally adjusted",2119.7666015625,1791.0999755859375,2334.0,328.6833190917969,3592.36669921875,214.25,Percentage,unit,"Both sexes, All age groups, Seasonally adjusted",54.25,60.20000076293945,9.633333206176758,Number,unit,Total of all violations-Actual incidents,39479.42
Quebec,1999-04,"Index, 201612=100",units,58.5,51.633333333333326,55.96666666666667,,,,,,,,,,,,,,,,,Persons,unit,467553.0,845615.0,Persons,thousands,"Both sexes, All age groups, Seasonally adjusted",2118.0166015625,1797.9166259765625,2344.61669921875,320.1333312988281,3588.300048828125,226.60000610351562,Percentage,unit,"Both sexes, All age groups, Seasonally adjusted",54.16666793823242,60.46666717529297,10.416666984558105,Number,unit,Total of all violations-Actual incidents,39479.42
Quebec,1999-10,"Index, 201612=100",units,59.166666666666664,52.23333333333333,56.63333333333333,,,,,,,,,,,,,,,,,Persons,unit,489140.0,957262.0,Persons,thousands,"Both sexes, All age groups, Seasonally adjusted",2154.033447265625,1808.949951171875,2364.5,345.1166687011719,3600.63330078125,210.48333740234375,Percentage,unit,"Both sexes, All age groups, Seasonally adjusted",55.11666488647461,61.150001525878906,9.883333206176758,Number,unit,Total of all violations-Actual incidents,39479.42
Quebec,1999-08,"Index, 201612=100",units,58.96666666666667,51.866666666666674,56.366666666666674,,,,,,,,,,,,,,,,,Persons,unit,763182.0,1421423.0,Persons,thousands,"Both sexes, All age groups, Seasonally adjusted",2130.11669921875,1792.183349609375,2351.7666015625,337.9333190917969,3596.10009765625,221.64999389648438,Percentage,unit,"Both sexes, All age groups, Seasonally adjusted",54.56666564941406,60.75,10.25,Number,unit,Total of all violations-Actual incidents,39479.42
Quebec,1999-05,"Index, 201612=100",units,58.6,51.666666666666664,56.06666666666666,,,,,,,,,,,,,,,,,Persons,unit,505835.0,942346.0,Persons,thousands,"Both sexes, All age groups, Seasonally adjusted",2118.88330078125,1790.2166748046875,2336.933349609375,328.6666564941406,3590.10009765625,218.0,Percentage,unit,"Both sexes, All age groups, Seasonally adjusted",54.20000076293945,60.28333282470703,9.983333587646484,Number,unit,Total of all violations-Actual incidents,39479.42
