province,REF_DATE,uom_houseindex,scalar_houseindex,avg_house_only,avg_land_only,avg_totalhouseland,uom_income,scalar_income,statistic_income,avg_income,uom_expenditure,scalar_expenditure,statistic_expenditure,avg_food_expenditures,avg_income_taxes,avg_mortageinsurance,avg_mortagePaid,avg_accomodation,avg_rent,avg_shelter,avg_total_expenditure,avg_taxes_landregfees,uom_tourist,scalar_tourist,avg_international_tourism,avg_domestic_tourism,uom_labourforce,scalar_labourforce,statistic_labourforce,avg_employment,avg_fulltime,avg_labourforce,avg_parttime,avg_population,avg_unemployment,uom_lfperc,scalar_lfperc,statistic_labourforceperc,avg_employment_rate,avg_participationrate,avg_unemploymentrate,uom_crime,scalar_crime,statistic_crime,avg_crime_incidents
Newfoundland and Labrador,2015-07,"Index, 201612=100",units,100.2,99.4,100.1,Dollars,units,"Median total income,Both sexes,All age groups",2628.33,Dollars,unit,Average expenditure per household,688.67,1201.17,10.17,334.83,968.5,152.33,1101.83,6512.83,1.33,Persons,unit,6097.0,19567.0,Persons,thousands,"Both sexes, All age groups, Seasonally adjusted",152.23333740234375,132.8000030517578,172.5,19.450000762939453,270.1166687011719,20.266666412353516,Percentage,unit,"Both sexes, All age groups, Seasonally adjusted",55.150001525878906,62.900001525878906,12.616666793823242,Number,unit,Total of all violations-Actual incidents,2803.75
Newfoundland and Labrador,2015-09,"Index, 201612=100",units,100.2,99.4,100.1,Dollars,units,"Median total income,Both sexes,All age groups",2628.33,Dollars,unit,Average expenditure per household,688.67,1201.17,10.17,334.83,968.5,152.33,1101.83,6512.83,1.33,Persons,unit,4900.0,32576.0,Persons,thousands,"Both sexes, All age groups, Seasonally adjusted",150.39999389648438,129.71665954589844,173.68333435058594,20.66666603088379,270.0,23.299999237060547,Percentage,unit,"Both sexes, All age groups, Seasonally adjusted",54.599998474121094,63.599998474121094,14.633333206176758,Number,unit,Total of all violations-Actual incidents,2803.75
Newfoundland and Labrador,2015-01,"Index, 201612=100",units,100.2,98.9,99.9,Dollars,units,"Median total income,Both sexes,All age groups",2628.33,Dollars,unit,Average expenditure per household,688.67,1201.17,10.17,334.83,968.5,152.33,1101.83,6512.83,1.33,Persons,unit,2437.0,7628.0,Persons,thousands,"Both sexes, All age groups, Seasonally adjusted",152.5,131.01666259765625,171.81666564941406,21.5,270.76666259765625,19.266666412353516,Percentage,unit,"Both sexes, All age groups, Seasonally adjusted",55.04999923706055,62.18333435058594,11.733333587646484,Number,unit,Total of all violations-Actual incidents,2803.75
Newfoundland and Labrador,2015-08,"Index, 201612=100",units,100.2,99.4,100.1,Dollars,units,"Median total income,Both sexes,All age groups",2628.33,Dollars,unit,Average expenditure per household,688.67,1201.17,10.17,334.83,968.5,152.33,1101.83,6512.83,1.33,Persons,unit,7444.0,25582.0,Persons,thousands,"Both sexes, All age groups, Seasonally adjusted",152.5,131.3333282470703,173.14999389648438,21.149999618530273,269.9333190917969,20.683332443237305,Percentage,unit,"Both sexes, All age groups, Seasonally adjusted",55.266666412353516,63.31666564941406,12.949999809265137,Number,unit,Total of all violations-Actual incidents,2803.75
Newfoundland and Labrador,2015-02,"Index, 201612=100",units,100.2,98.9,99.9,Dollars,units,"Median total income,Both sexes,All age groups",2628.33,Dollars,unit,Average expenditure per household,688.67,1201.17,10.17,334.83,968.5,152.33,1101.83,6512.83,1.33,Persons,unit,2095.0,6459.0,Persons,thousands,"Both sexes, All age groups, Seasonally adjusted",151.51666259765625,130.81666564941406,172.25,20.75,270.6166687011719,20.733333587646484,Percentage,unit,"Both sexes, All age groups, Seasonally adjusted",54.58333206176758,62.53333282470703,12.966666221618652,Number,unit,Total of all violations-Actual incidents,2803.75
Newfoundland and Labrador,2015-03,"Index, 201612=100",units,100.2,98.9,99.9,Dollars,units,"Median total income,Both sexes,All age groups",2628.33,Dollars,unit,Average expenditure per household,688.67,1201.17,10.17,334.83,968.5,152.33,1101.83,6512.83,1.33,Persons,unit,6796.0,12606.0,Persons,thousands,"Both sexes, All age groups, Seasonally adjusted",151.4166717529297,131.60000610351562,174.03334045410156,19.83333396911621,270.5666809082031,22.600000381469727,Percentage,unit,"Both sexes, All age groups, Seasonally adjusted",54.650001525878906,63.266666412353516,13.800000190734863,Number,unit,Total of all violations-Actual incidents,2803.75
Newfoundland and Labrador,2015-12,"Index, 201612=100",units,100.4,99.7,100.3,Dollars,units,"Median total income,Both sexes,All age groups",2628.33,Dollars,unit,Average expenditure per household,688.67,1201.17,10.17,334.83,968.5,152.33,1101.83,6512.83,1.33,Persons,unit,2081.0,7978.0,Persons,thousands,"Both sexes, All age groups, Seasonally adjusted",148.93333435058594,126.88333129882812,172.93333435058594,22.016666412353516,270.2166748046875,24.03333282470703,Percentage,unit,"Both sexes, All age groups, Seasonally adjusted",54.29999923706055,63.25,14.666666984558105,Number,unit,Total of all violations-Actual incidents,2803.75
Newfoundland and Labrador,2015-05,"Index, 201612=100",units,99.9,99.2,99.8,Dollars,units,"Median total income,Both sexes,All age groups",2628.33,Dollars,unit,Average expenditure per household,688.67,1201.17,10.17,334.83,968.5,152.33,1101.83,6512.83,1.33,Persons,unit,11647.0,23578.0,Persons,thousands,"Both sexes, All age groups, Seasonally adjusted",148.48333740234375,129.14999389648438,172.01666259765625,19.350000381469727,270.3999938964844,23.53333282470703,Percentage,unit,"Both sexes, All age groups, Seasonally adjusted",53.95000076293945,62.83333206176758,14.583333015441895,Number,unit,Total of all violations-Actual incidents,2803.75
Newfoundland and Labrador,2015-10,"Index, 201612=100",units,100.2,99.4,100.1,Dollars,units,"Median total income,Both sexes,All age groups",2628.33,Dollars,unit,Average expenditure per household,688.67,1201.17,10.17,334.83,968.5,152.33,1101.83,6512.83,1.33,Persons,unit,5556.0,14845.0,Persons,thousands,"Both sexes, All age groups, Seasonally adjusted",150.36666870117188,129.86666870117188,172.4166717529297,20.5,270.0833435058594,22.03333282470703,Percentage,unit,"Both sexes, All age groups, Seasonally adjusted",54.78333282470703,62.900001525878906,13.449999809265137,Number,unit,Total of all violations-Actual incidents,2803.75
Newfoundland and Labrador,2015-11,"Index, 201612=100",units,100.4,99.7,100.3,Dollars,units,"Median total income,Both sexes,All age groups",2628.33,Dollars,unit,Average expenditure per household,688.67,1201.17,10.17,334.83,968.5,152.33,1101.83,6512.83,1.33,Persons,unit,2484.0,8850.0,Persons,thousands,"Both sexes, All age groups, Seasonally adjusted",150.11666870117188,129.48333740234375,172.68333435058594,20.600000381469727,270.1833190917969,22.600000381469727,Percentage,unit,"Both sexes, All age groups, Seasonally adjusted",54.900001525878906,63.0,13.283333778381348,Number,unit,Total of all violations-Actual incidents,2803.75
Newfoundland and Labrador,2015-06,"Index, 201612=100",units,99.9,99.2,99.8,Dollars,units,"Median total income,Both sexes,All age groups",2628.33,Dollars,unit,Average expenditure per household,688.67,1201.17,10.17,334.83,968.5,152.33,1101.83,6512.83,1.33,Persons,unit,6850.0,19095.0,Persons,thousands,"Both sexes, All age groups, Seasonally adjusted",151.35000610351562,131.51666259765625,173.06666564941406,19.816667556762695,270.2833251953125,21.683332443237305,Percentage,unit,"Both sexes, All age groups, Seasonally adjusted",54.63333511352539,63.16666793823242,13.699999809265137,Number,unit,Total of all violations-Actual incidents,2803.75
Newfoundland and Labrador,2015-04,"Index, 201612=100",units,100.2,98.9,99.9,Dollars,units,"Median total income,Both sexes,All age groups",2628.33,Dollars,unit,Average expenditure per household,688.67,1201.17,10.17,334.83,968.5,152.33,1101.83,6512.83,1.33,Persons,unit,12001.0,18586.0,Persons,thousands,"Both sexes, All age groups, Seasonally adjusted",150.96665954589844,131.75,173.03334045410156,19.21666717529297,270.5,22.03333282470703,Percentage,unit,"Both sexes, All age groups, Seasonally adjusted",54.53333282470703,63.099998474121094,13.633333206176758,Number,unit,Total of all violations-Actual incidents,2803.75
Prince Edward Island,2012-09,"Index, 201612=100",units,101.2,96.0,100.2,Dollars,units,"Median total income,Both sexes,All age groups",2442.5,Dollars,unit,Average expenditure per household,607.5,892.92,8.92,285.42,928.25,188.5,1045.17,5612.17,NaN,Persons,unit,58.0,192.0,Persons,thousands,"Both sexes, All age groups, Seasonally adjusted",46.516666412353516,39.33333206176758,52.13333511352539,7.183333396911621,73.01667022705078,5.616666793823242,Percentage,unit,"Both sexes, All age groups, Seasonally adjusted",61.266666412353516,69.4000015258789,11.766666412353516,Number,unit,Total of all violations-Actual incidents,889.83
Prince Edward Island,2012-10,"Index, 201612=100",units,101.0,96.0,100.0,Dollars,units,"Median total income,Both sexes,All age groups",2442.5,Dollars,unit,Average expenditure per household,607.5,892.92,8.92,285.42,928.25,188.5,1045.17,5612.17,NaN,Persons,unit,3043.0,5848.0,Persons,thousands,"Both sexes, All age groups, Seasonally adjusted",46.766666412353516,39.46666717529297,52.53333282470703,7.316666603088379,73.0,5.733333110809326,Percentage,unit,"Both sexes, All age groups, Seasonally adjusted",61.58333206176758,69.96666717529297,12.116666793823242,Number,unit,Total of all violations-Actual incidents,889.83
Prince Edward Island,2012-04,"Index, 201612=100",units,101.4,95.6,100.3,Dollars,units,"Median total income,Both sexes,All age groups",2442.5,Dollars,unit,Average expenditure per household,607.5,892.92,8.92,285.42,928.25,188.5,1045.17,5612.17,NaN,Persons,unit,715.0,788.0,Persons,thousands,"Both sexes, All age groups, Seasonally adjusted",46.25,38.28333282470703,51.79999923706055,7.983333110809326,72.80000305175781,5.550000190734863,Percentage,unit,"Both sexes, All age groups, Seasonally adjusted",61.33333206176758,69.46666717529297,12.0,Number,unit,Total of all violations-Actual incidents,889.83
Prince Edward Island,2012-06,"Index, 201612=100",units,101.0,96.0,100.0,Dollars,units,"Median total income,Both sexes,All age groups",2442.5,Dollars,unit,Average expenditure per household,607.5,892.92,8.92,285.42,928.25,188.5,1045.17,5612.17,NaN,Persons,unit,16.0,65.0,Persons,thousands,"Both sexes, All age groups, Seasonally adjusted",46.56666564941406,39.54999923706055,52.56666564941406,7.016666889190674,72.91666412353516,6.0,Percentage,unit,"Both sexes, All age groups, Seasonally adjusted",61.733333587646484,70.61666870117188,12.566666603088379,Number,unit,Total of all violations-Actual incidents,889.83
Prince Edward Island,2012-08,"Index, 201612=100",units,101.1,96.0,100.1,Dollars,units,"Median total income,Both sexes,All age groups",2442.5,Dollars,unit,Average expenditure per household,607.5,892.92,8.92,285.42,928.25,188.5,1045.17,5612.17,NaN,Persons,unit,165.0,1315.0,Persons,thousands,"Both sexes, All age groups, Seasonally adjusted",46.31666564941406,39.38333511352539,52.36666488647461,6.933333396911621,73.01667022705078,6.083333492279053,Percentage,unit,"Both sexes, All age groups, Seasonally adjusted",61.20000076293945,69.86666870117188,12.566666603088379,Number,unit,Total of all violations-Actual incidents,889.83
Prince Edward Island,2012-07,"Index, 201612=100",units,101.2,96.0,100.2,Dollars,units,"Median total income,Both sexes,All age groups",2442.5,Dollars,unit,Average expenditure per household,607.5,892.92,8.92,285.42,928.25,188.5,1045.17,5612.17,NaN,Persons,unit,109.0,1069.0,Persons,thousands,"Both sexes, All age groups, Seasonally adjusted",47.03333282470703,39.36666488647461,52.400001525878906,7.666666507720947,73.01667022705078,5.366666793823242,Percentage,unit,"Both sexes, All age groups, Seasonally adjusted",62.18333435058594,69.68333435058594,11.199999809265137,Number,unit,Total of all violations-Actual incidents,889.83
Prince Edward Island,2012-01,"Index, 201612=100",units,101.9,95.1,100.7,Dollars,units,"Median total income,Both sexes,All age groups",2442.5,Dollars,unit,Average expenditure per household,607.5,892.92,8.92,285.42,928.25,188.5,1045.17,5612.17,NaN,Persons,unit,0.0,9.0,Persons,thousands,"Both sexes, All age groups, Seasonally adjusted",45.349998474121094,38.233333587646484,51.5,7.116666793823242,72.63333129882812,6.150000095367432,Percentage,unit,"Both sexes, All age groups, Seasonally adjusted",60.599998474121094,69.44999694824219,12.966666221618652,Number,unit,Total of all violations-Actual incidents,889.83
Prince Edward Island,2012-03,"Index, 201612=100",units,101.4,95.1,100.2,Dollars,units,"Median total income,Both sexes,All age groups",2442.5,Dollars,unit,Average expenditure per household,607.5,892.92,8.92,285.42,928.25,188.5,1045.17,5612.17,NaN,Persons,unit,367.0,388.0,Persons,thousands,"Both sexes, All age groups, Seasonally adjusted",45.599998474121094,37.79999923706055,50.95000076293945,7.800000190734863,72.80000305175781,5.349999904632568,Percentage,unit,"Both sexes, All age groups, Seasonally adjusted",60.56666564941406,68.30000305175781,11.699999809265137,Number,unit,Total of all violations-Actual incidents,889.83
Prince Edward Island,2012-02,"Index, 201612=100",units,101.4,95.1,100.2,Dollars,units,"Median total income,Both sexes,All age groups",2442.5,Dollars,unit,Average expenditure per household,607.5,892.92,8.92,285.42,928.25,188.5,1045.17,5612.17,NaN,Persons,unit,6.0,26.0,Persons,thousands,"Both sexes, All age groups, Seasonally adjusted",45.28333282470703,38.04999923706055,50.68333435058594,7.266666889190674,72.75,5.433333396911621,Percentage,unit,"Both sexes, All age groups, Seasonally adjusted",60.03333282470703,67.78333282470703,11.666666984558105,Number,unit,Total of all violations-Actual incidents,889.83
Prince Edward Island,2012-12,"Index, 201612=100",units,100.0,96.0,99.2,Dollars,units,"Median total income,Both sexes,All age groups",2442.5,Dollars,unit,Average expenditure per household,607.5,892.92,8.92,285.42,928.25,188.5,1045.17,5612.17,NaN,Persons,unit,10.0,51.0,Persons,thousands,"Both sexes, All age groups, Seasonally adjusted",47.849998474121094,39.29999923706055,53.233333587646484,8.550000190734863,72.94999694824219,5.416666507720947,Percentage,unit,"Both sexes, All age groups, Seasonally adjusted",63.56666564941406,71.16666412353516,10.816666603088379,Number,unit,Total of all violations-Actual incidents,889.83
Prince Edward Island,2012-05,"Index, 201612=100",units,100.9,95.6,99.9,Dollars,units,"Median total income,Both sexes,All age groups",2442.5,Dollars,unit,Average expenditure per household,607.5,892.92,8.92,285.42,928.25,188.5,1045.17,5612.17,NaN,Persons,unit,369.0,454.0,Persons,thousands,"Both sexes, All age groups, Seasonally adjusted",46.04999923706055,38.150001525878906,51.68333435058594,7.900000095367432,72.88333129882812,5.633333206176758,Percentage,unit,"Both sexes, All age groups, Seasonally adjusted",61.20000076293945,69.33333587646484,11.883333206176758,Number,unit,Total of all violations-Actual incidents,889.83
Prince Edward Island,2012-11,"Index, 201612=100",units,101.0,96.0,100.0,Dollars,units,"Median total income,Both sexes,All age groups",2442.5,Dollars,unit,Average expenditure per household,607.5,892.92,8.92,285.42,928.25,188.5,1045.17,5612.17,NaN,Persons,unit,15.0,157.0,Persons,thousands,"Both sexes, All age groups, Seasonally adjusted",47.03333282470703,39.04999923706055,52.75,8.0,73.0,5.733333110809326,Percentage,unit,"Both sexes, All age groups, Seasonally adjusted",62.36666488647461,70.36666870117188,11.566666603088379,Number,unit,Total of all violations-Actual incidents,889.83
