province,REF_DATE,uom_houseindex,scalar_houseindex,avg_house_only,avg_land_only,avg_totalhouseland,uom_income,scalar_income,statistic_income,avg_income,uom_expenditure,scalar_expenditure,statistic_expenditure,avg_food_expenditures,avg_income_taxes,avg_mortageinsurance,avg_mortagePaid,avg_accomodation,avg_rent,avg_shelter,avg_total_expenditure,avg_taxes_landregfees,uom_tourist,scalar_tourist,avg_international_tourism,avg_domestic_tourism,uom_labourforce,scalar_labourforce,statistic_labourforce,avg_employment,avg_fulltime,avg_labourforce,avg_parttime,avg_population,avg_unemployment,uom_lfperc,scalar_lfperc,statistic_labourforceperc,avg_employment_rate,avg_participationrate,avg_unemploymentrate,uom_crime,scalar_crime,statistic_crime,avg_crime_incidents
Canada,2009-11,"Index, 201612=100",units,84.2,91.4,86.4,Dollars,units,"Median total income,Both sexes,All age groups",2403.33,,,,,,,,,,,,,Persons,unit,3746349.0,5591215.0,Persons,thousands,"Both sexes, All age groups, Seasonally adjusted",7675.95556640625,8802.7998046875,8386.1884765625,1914.4832763671875,12118.0,710.2222290039062,Percentage,unit,"Both sexes, All age groups, Seasonally adjusted",58.911109924316406,65.68888854980469,10.466666221618652,,,,
Canada,2009-12,"Index, 201612=100",units,84.7,91.3,86.7,Dollars,units,"Median total income,Both sexes,All age groups",2403.33,,,,,,,,,,,,,Persons,unit,3717516.0,5802539.0,Persons,thousands,"Both sexes, All age groups, Seasonally adjusted",7668.57763671875,8792.599609375,8374.2333984375,1914.699951171875,12129.1220703125,705.6444702148438,Percentage,unit,"Both sexes, All age groups, Seasonally adjusted",58.78888702392578,65.61111450195312,10.566666603088379,,,,
Canada,2009-07,"Index, 201612=100",units,82.8,91.3,85.4,Dollars,units,"Median total income,Both sexes,All age groups",2403.33,,,,,,,,,,,,,Persons,unit,4310683.0,8464365.0,Persons,thousands,"Both sexes, All age groups, Seasonally adjusted",7620.5224609375,8705.1162109375,8342.0888671875,1934.449951171875,12061.2666015625,721.566650390625,Percentage,unit,"Both sexes, All age groups, Seasonally adjusted",58.766666412353516,65.72222137451172,10.711111068725586,,,,
Canada,2009-04,"Index, 201612=100",units,82.7,91.8,85.5,Dollars,units,"Median total income,Both sexes,All age groups",2403.33,,,,,,,,,,,,,Persons,unit,4040644.0,6296219.0,Persons,thousands,"Both sexes, All age groups, Seasonally adjusted",7635.42236328125,8731.849609375,8327.421875,1926.066650390625,12013.4775390625,691.9666748046875,Percentage,unit,"Both sexes, All age groups, Seasonally adjusted",59.33333206176758,65.9111099243164,10.088889122009277,,,,
Canada,2009-08,"Index, 201612=100",units,82.9,91.3,85.5,Dollars,units,"Median total income,Both sexes,All age groups",2403.33,,,,,,,,,,,,,Persons,unit,5310675.0,9308825.0,Persons,thousands,"Both sexes, All age groups, Seasonally adjusted",7624.5,8695.0498046875,8344.888671875,1950.9832763671875,12075.8662109375,720.3666381835938,Percentage,unit,"Both sexes, All age groups, Seasonally adjusted",58.655555725097656,65.55555725097656,10.655555725097656,,,,
Canada,2009-06,"Index, 201612=100",units,82.5,91.3,85.2,Dollars,units,"Median total income,Both sexes,All age groups",2403.33,,,,,,,,,,,,,Persons,unit,3275847.0,6528112.0,Persons,thousands,"Both sexes, All age groups, Seasonally adjusted",7618.5556640625,8677.5,8339.0556640625,1957.199951171875,12045.966796875,720.5111083984375,Percentage,unit,"Both sexes, All age groups, Seasonally adjusted",58.94444274902344,65.75555419921875,10.466666221618652,,,,
Canada,2009-05,"Index, 201612=100",units,82.6,91.5,85.4,Dollars,units,"Median total income,Both sexes,All age groups",2403.33,,,,,,,,,,,,,Persons,unit,3995488.0,6932197.0,Persons,thousands,"Both sexes, All age groups, Seasonally adjusted",7622.611328125,8701.6162109375,8336.64453125,1937.8499755859375,12027.7001953125,714.0111083984375,Percentage,unit,"Both sexes, All age groups, Seasonally adjusted",59.14444351196289,65.9111099243164,10.300000190734863,,,,
Canada,2009-01,"Index, 201612=100",units,84.5,92.9,87.0,Dollars,units,"Median total income,Both sexes,All age groups",2403.33,,,,,,,,,,,,,Persons,unit,3596059.0,5396029.0,Persons,thousands,"Both sexes, All age groups, Seasonally adjusted",7686.57763671875,8832.783203125,8300.455078125,1894.8333740234375,11972.8115234375,613.888916015625,Percentage,unit,"Both sexes, All age groups, Seasonally adjusted",60.05555725097656,65.94444274902344,9.01111125946045,,,,
Canada,2009-02,"Index, 201612=100",units,83.8,92.3,86.4,Dollars,units,"Median total income,Both sexes,All age groups",2403.33,,,,,,,,,,,,,Persons,unit,3388321.0,5208347.0,Persons,thousands,"Both sexes, All age groups, Seasonally adjusted",7661.2666015625,8757.93359375,8326.2890625,1937.75,11986.7998046875,665.022216796875,Percentage,unit,"Both sexes, All age groups, Seasonally adjusted",59.68888854980469,66.14444732666016,9.833333015441895,,,,
Canada,2009-09,"Index, 201612=100",units,83.5,91.3,85.9,Dollars,units,"Median total income,Both sexes,All age groups",2403.33,,,,,,,,,,,,,Persons,unit,3908953.0,6999715.0,Persons,thousands,"Both sexes, All age groups, Seasonally adjusted",7634.7890625,8745.2998046875,8326.9775390625,1917.3499755859375,12092.7333984375,692.2000122070312,Percentage,unit,"Both sexes, All age groups, Seasonally adjusted",58.63333511352539,65.22222137451172,10.288888931274414,,,,
Canada,2009-10,"Index, 201612=100",units,83.8,91.2,86.1,Dollars,units,"Median total income,Both sexes,All age groups",2403.33,,,,,,,,,,,,,Persons,unit,3758844.0,6142228.0,Persons,thousands,"Both sexes, All age groups, Seasonally adjusted",7635.677734375,8759.900390625,8333.2890625,1904.199951171875,12106.244140625,697.6333618164062,Percentage,unit,"Both sexes, All age groups, Seasonally adjusted",58.57777786254883,65.15555572509766,10.266666412353516,,,,
Canada,2009-03,"Index, 201612=100",units,83.3,91.9,86.0,Dollars,units,"Median total income,Both sexes,All age groups",2403.33,,,,,,,,,,,,,Persons,unit,4434685.0,6462277.0,Persons,thousands,"Both sexes, All age groups, Seasonally adjusted",7655.16650390625,8735.2001953125,8334.35546875,1949.2166748046875,11999.72265625,679.1777954101562,Percentage,unit,"Both sexes, All age groups, Seasonally adjusted",59.63333511352539,66.11111450195312,9.899999618530273,,,,
