province,REF_DATE,uom_houseindex,scalar_houseindex,avg_house_only,avg_land_only,avg_totalhouseland,uom_income,scalar_income,statistic_income,avg_income,uom_expenditure,scalar_expenditure,statistic_expenditure,avg_food_expenditures,avg_income_taxes,avg_mortageinsurance,avg_mortagePaid,avg_accomodation,avg_rent,avg_shelter,avg_total_expenditure,avg_taxes_landregfees,uom_tourist,scalar_tourist,avg_international_tourism,avg_domestic_tourism,uom_labourforce,scalar_labourforce,statistic_labourforce,avg_employment,avg_fulltime,avg_labourforce,avg_parttime,avg_population,avg_unemployment,uom_lfperc,scalar_lfperc,statistic_labourforceperc,avg_employment_rate,avg_participationrate,avg_unemploymentrate,uom_crime,scalar_crime,statistic_crime,avg_crime_incidents
Nova Scotia,1986-01,"Index, 201612=100",units,50.2,51.1,50.7,,,,,,,,,,,,,,,,,Persons,unit,3296.0,9878.0,Persons,thousands,"Both sexes, All age groups, Seasonally adjusted",219.18333435058594,184.26666259765625,250.76666259765625,34.96666717529297,406.1833190917969,31.566667556762695,Percentage,unit,"Both sexes, All age groups, Seasonally adjusted",50.56666564941406,58.25,12.616666793823242,,,,
Nova Scotia,1986-07,"Index, 201612=100",units,50.1,52.8,50.8,,,,,,,,,,,,,,,,,Persons,unit,8013.0,69372.0,Persons,thousands,"Both sexes, All age groups, Seasonally adjusted",218.8333282470703,185.1999969482422,252.10000610351562,33.650001525878906,408.3833312988281,33.266666412353516,Percentage,unit,"Both sexes, All age groups, Seasonally adjusted",50.150001525878906,58.29999923706055,13.016666412353516,,,,
Nova Scotia,1986-11,"Index, 201612=100",units,50.9,52.7,51.5,,,,,,,,,,,,,,,,,Persons,unit,3702.0,14952.0,Persons,thousands,"Both sexes, All age groups, Seasonally adjusted",221.3333282470703,186.28334045410156,254.31666564941406,35.06666564941406,409.70001220703125,33.016666412353516,Percentage,unit,"Both sexes, All age groups, Seasonally adjusted",50.733333587646484,58.70000076293945,12.850000381469727,,,,
Nova Scotia,1986-10,"Index, 201612=100",units,50.5,52.7,51.2,,,,,,,,,,,,,,,,,Persons,unit,4899.0,27817.0,Persons,thousands,"Both sexes, All age groups, Seasonally adjusted",221.11666870117188,185.68333435058594,254.1999969482422,35.45000076293945,409.3999938964844,33.08333206176758,Percentage,unit,"Both sexes, All age groups, Seasonally adjusted",50.849998474121094,58.849998474121094,12.883333206176758,,,,
Nova Scotia,1986-03,"Index, 201612=100",units,50.2,51.6,50.7,,,,,,,,,,,,,,,,,Persons,unit,12501.0,21810.0,Persons,thousands,"Both sexes, All age groups, Seasonally adjusted",221.21665954589844,184.93333435058594,251.6666717529297,36.266666412353516,406.6666564941406,30.450000762939453,Percentage,unit,"Both sexes, All age groups, Seasonally adjusted",50.849998474121094,58.349998474121094,12.216666221618652,,,,
Nova Scotia,1986-04,"Index, 201612=100",units,50.6,51.8,51.1,,,,,,,,,,,,,,,,,Persons,unit,7900.0,16672.0,Persons,thousands,"Both sexes, All age groups, Seasonally adjusted",219.38333129882812,184.93333435058594,250.85000610351562,34.43333435058594,407.0833435058594,31.46666717529297,Percentage,unit,"Both sexes, All age groups, Seasonally adjusted",50.5,58.08333206176758,12.449999809265137,,,,
Nova Scotia,1986-12,"Index, 201612=100",units,51.0,52.7,51.5,,,,,,,,,,,,,,,,,Persons,unit,2682.0,13301.0,Persons,thousands,"Both sexes, All age groups, Seasonally adjusted",219.86666870117188,184.5,253.9499969482422,35.36666488647461,410.0,34.099998474121094,Percentage,unit,"Both sexes, All age groups, Seasonally adjusted",50.36666488647461,58.61666488647461,13.25,,,,
Nova Scotia,1986-05,"Index, 201612=100",units,50.1,52.7,50.8,,,,,,,,,,,,,,,,,Persons,unit,7210.0,26934.0,Persons,thousands,"Both sexes, All age groups, Seasonally adjusted",218.71665954589844,183.51666259765625,250.63333129882812,35.18333435058594,407.5333251953125,31.899999618530273,Percentage,unit,"Both sexes, All age groups, Seasonally adjusted",50.13333511352539,58.03333282470703,12.683333396911621,,,,
Nova Scotia,1986-08,"Index, 201612=100",units,50.3,52.7,50.9,,,,,,,,,,,,,,,,,Persons,unit,8352.0,69755.0,Persons,thousands,"Both sexes, All age groups, Seasonally adjusted",218.6666717529297,184.4166717529297,251.63333129882812,34.266666412353516,408.79998779296875,32.983333587646484,Percentage,unit,"Both sexes, All age groups, Seasonally adjusted",50.099998474121094,58.099998474121094,13.050000190734863,,,,
Nova Scotia,1986-02,"Index, 201612=100",units,50.2,51.6,50.7,,,,,,,,,,,,,,,,,Persons,unit,2562.0,8721.0,Persons,thousands,"Both sexes, All age groups, Seasonally adjusted",219.75,183.73333740234375,251.86666870117188,36.03333282470703,406.48333740234375,32.13333511352539,Percentage,unit,"Both sexes, All age groups, Seasonally adjusted",50.599998474121094,58.45000076293945,12.733333587646484,,,,
Nova Scotia,1986-09,"Index, 201612=100",units,50.5,52.7,51.1,,,,,,,,,,,,,,,,,Persons,unit,6085.0,62266.0,Persons,thousands,"Both sexes, All age groups, Seasonally adjusted",221.18333435058594,186.78334045410156,252.76666259765625,34.38333511352539,409.26666259765625,31.600000381469727,Percentage,unit,"Both sexes, All age groups, Seasonally adjusted",51.0,58.43333435058594,11.75,,,,
Nova Scotia,1986-06,"Index, 201612=100",units,50.1,52.8,50.8,,,,,,,,,,,,,,,,,Persons,unit,5451.0,44049.0,Persons,thousands,"Both sexes, All age groups, Seasonally adjusted",218.78334045410156,184.9166717529297,251.0,33.849998474121094,408.01666259765625,32.21666717529297,Percentage,unit,"Both sexes, All age groups, Seasonally adjusted",50.21666717529297,58.06666564941406,12.816666603088379,,,,
Ontario,2003-02,"Index, 201612=100",units,68.27777777777777,82.01111111111112,71.65555555555557,Dollars,units,"Median total income,Both sexes,All age groups",2133.33,,,,,,,,,,,,,Persons,unit,1435052.0,3229934.0,Persons,thousands,"Both sexes, All age groups, Seasonally adjusted",3952.4833984375,3271.216552734375,4230.63330078125,681.2666625976562,5945.216796875,278.1666564941406,Percentage,unit,"Both sexes, All age groups, Seasonally adjusted",62.233333587646484,67.19999694824219,7.300000190734863,Number,unit,Total of all violations-Actual incidents,65027.17
Ontario,2003-10,"Index, 201612=100",units,70.04444444444444,82.39999999999999,73.13333333333334,Dollars,units,"Median total income,Both sexes,All age groups",2133.33,,,,,,,,,,,,,Persons,unit,1738721.0,4058633.0,Persons,thousands,"Both sexes, All age groups, Seasonally adjusted",3982.183349609375,3317.283447265625,4265.33349609375,664.9000244140625,6012.2998046875,283.1666564941406,Percentage,unit,"Both sexes, All age groups, Seasonally adjusted",61.86666488647461,66.91666412353516,7.383333206176758,Number,unit,Total of all violations-Actual incidents,65027.17
Ontario,2003-01,"Index, 201612=100",units,67.96666666666667,82.01111111111112,71.41111111111113,Dollars,units,"Median total income,Both sexes,All age groups",2133.33,,,,,,,,,,,,,Persons,unit,1650985.0,3571306.0,Persons,thousands,"Both sexes, All age groups, Seasonally adjusted",3936.2666015625,3262.14990234375,4214.283203125,674.1333618164062,5938.66650390625,278.01666259765625,Percentage,unit,"Both sexes, All age groups, Seasonally adjusted",61.88333511352539,66.80000305175781,7.25,Number,unit,Total of all violations-Actual incidents,65027.17
Ontario,2003-09,"Index, 201612=100",units,69.82222222222222,82.38888888888889,72.94444444444444,Dollars,units,"Median total income,Both sexes,All age groups",2133.33,,,,,,,,,,,,,Persons,unit,1653088.0,4072289.0,Persons,thousands,"Both sexes, All age groups, Seasonally adjusted",3975.183349609375,3285.7333984375,4276.86669921875,689.4666748046875,6005.08349609375,301.6833190917969,Percentage,unit,"Both sexes, All age groups, Seasonally adjusted",61.766666412353516,67.18333435058594,7.883333206176758,Number,unit,Total of all violations-Actual incidents,65027.17
Ontario,2003-12,"Index, 201612=100",units,70.80000000000001,82.55555555555556,73.75555555555556,Dollars,units,"Median total income,Both sexes,All age groups",2133.33,,,,,,,,,,,,,Persons,unit,1612159.0,3555301.0,Persons,thousands,"Both sexes, All age groups, Seasonally adjusted",4011.36669921875,3330.39990234375,4283.08349609375,681.0,6025.4501953125,271.70001220703125,Percentage,unit,"Both sexes, All age groups, Seasonally adjusted",62.266666412353516,67.0999984741211,7.133333206176758,Number,unit,Total of all violations-Actual incidents,65027.17
Ontario,2003-07,"Index, 201612=100",units,69.4,82.04444444444444,72.54444444444445,Dollars,units,"Median total income,Both sexes,All age groups",2133.33,,,,,,,,,,,,,Persons,unit,1921609.0,5398065.0,Persons,thousands,"Both sexes, All age groups, Seasonally adjusted",3957.050048828125,3267.35009765625,4243.4501953125,689.7166748046875,5989.10009765625,286.3833312988281,Percentage,unit,"Both sexes, All age groups, Seasonally adjusted",61.58333206176758,66.69999694824219,7.4666666984558105,Number,unit,Total of all violations-Actual incidents,65027.17
Ontario,2003-08,"Index, 201612=100",units,69.6888888888889,82.16666666666667,72.80000000000001,Dollars,units,"Median total income,Both sexes,All age groups",2133.33,,,,,,,,,,,,,Persons,unit,2147631.0,5702429.0,Persons,thousands,"Both sexes, All age groups, Seasonally adjusted",3967.433349609375,3272.63330078125,4250.64990234375,694.7999877929688,5996.2001953125,283.1833190917969,Percentage,unit,"Both sexes, All age groups, Seasonally adjusted",61.71666717529297,66.73332977294922,7.416666507720947,Number,unit,Total of all violations-Actual incidents,65027.17
Ontario,2003-11,"Index, 201612=100",units,70.56666666666666,82.55555555555556,73.56666666666666,Dollars,units,"Median total income,Both sexes,All age groups",2133.33,,,,,,,,,,,,,Persons,unit,1674674.0,3646341.0,Persons,thousands,"Both sexes, All age groups, Seasonally adjusted",3992.083251953125,3315.38330078125,4266.2001953125,676.75,6019.11669921875,274.1166687011719,Percentage,unit,"Both sexes, All age groups, Seasonally adjusted",61.96666717529297,66.78333282470703,7.099999904632568,Number,unit,Total of all violations-Actual incidents,65027.17
Ontario,2003-05,"Index, 201612=100",units,68.97777777777777,82.05555555555556,72.23333333333333,Dollars,units,"Median total income,Both sexes,All age groups",2133.33,,,,,,,,,,,,,Persons,unit,1644847.0,3913675.0,Persons,thousands,"Both sexes, All age groups, Seasonally adjusted",3948.316650390625,3263.033447265625,4234.5498046875,685.2833251953125,5970.75,286.23333740234375,Percentage,unit,"Both sexes, All age groups, Seasonally adjusted",61.78333282470703,66.81666564941406,7.266666889190674,Number,unit,Total of all violations-Actual incidents,65027.17
Ontario,2003-06,"Index, 201612=100",units,69.13333333333333,82.03333333333333,72.34444444444445,Dollars,units,"Median total income,Both sexes,All age groups",2133.33,,,,,,,,,,,,,Persons,unit,1614356.0,4346659.0,Persons,thousands,"Both sexes, All age groups, Seasonally adjusted",3957.10009765625,3257.166748046875,4240.41650390625,699.9500122070312,5981.08349609375,283.3333435058594,Percentage,unit,"Both sexes, All age groups, Seasonally adjusted",61.75,66.76667022705078,7.316666603088379,Number,unit,Total of all violations-Actual incidents,65027.17
Ontario,2003-03,"Index, 201612=100",units,68.4,81.98888888888888,71.75555555555555,Dollars,units,"Median total income,Both sexes,All age groups",2133.33,,,,,,,,,,,,,Persons,unit,1833738.0,3798079.0,Persons,thousands,"Both sexes, All age groups, Seasonally adjusted",3963.433349609375,3284.566650390625,4230.56689453125,678.8666381835938,5953.0166015625,267.1333312988281,Percentage,unit,"Both sexes, All age groups, Seasonally adjusted",62.349998474121094,67.05000305175781,6.849999904632568,Number,unit,Total of all violations-Actual incidents,65027.17
Ontario,2003-04,"Index, 201612=100",units,68.64444444444445,81.98888888888888,71.93333333333334,Dollars,units,"Median total income,Both sexes,All age groups",2133.33,,,,,,,,,,,,,Persons,unit,1514874.0,3397420.0,Persons,thousands,"Both sexes, All age groups, Seasonally adjusted",3948.10009765625,3266.7666015625,4227.0498046875,681.2999877929688,5962.85009765625,278.9666748046875,Percentage,unit,"Both sexes, All age groups, Seasonally adjusted",61.88333511352539,66.8499984741211,7.266666889190674,Number,unit,Total of all violations-Actual incidents,65027.17
