province,REF_DATE,uom_houseindex,scalar_houseindex,avg_house_only,avg_land_only,avg_totalhouseland,uom_income,scalar_income,statistic_income,avg_income,uom_expenditure,scalar_expenditure,statistic_expenditure,avg_food_expenditures,avg_income_taxes,avg_mortageinsurance,avg_mortagePaid,avg_accomodation,avg_rent,avg_shelter,avg_total_expenditure,avg_taxes_landregfees,uom_tourist,scalar_tourist,avg_international_tourism,avg_domestic_tourism,uom_labourforce,scalar_labourforce,statistic_labourforce,avg_employment,avg_fulltime,avg_labourforce,avg_parttime,avg_population,avg_unemployment,uom_lfperc,scalar_lfperc,statistic_labourforceperc,avg_employment_rate,avg_participationrate,avg_unemploymentrate,uom_crime,scalar_crime,statistic_crime,avg_crime_incidents
Atlantic Region,2004-02,"Index, 201612=100",units,71.8,64.5,70.1,,,,,,,,,,,,,,,,,,,,,,,,,,,,,,,,,,,,,,,
Atlantic Region,2004-10,"Index, 201612=100",units,73.4,65.7,71.6,,,,,,,,,,,,,,,,,,,,,,,,,,,,,,,,,,,,,,,
Atlantic Region,2004-03,"Index, 201612=100",units,71.9,64.6,70.2,,,,,,,,,,,,,,,,,,,,,,,,,,,,,,,,,,,,,,,
Atlantic Region,2004-05,"Index, 201612=100",units,72.5,64.7,70.7,,,,,,,,,,,,,,,,,,,,,,,,,,,,,,,,,,,,,,,
Atlantic Region,2004-04,"Index, 201612=100",units,72.0,64.6,70.2,,,,,,,,,,,,,,,,,,,,,,,,,,,,,,,,,,,,,,,
Atlantic Region,2004-01,"Index, 201612=100",units,71.6,64.3,69.9,,,,,,,,,,,,,,,,,,,,,,,,,,,,,,,,,,,,,,,
Atlantic Region,2004-07,"Index, 201612=100",units,72.8,65.4,71.1,,,,,,,,,,,,,,,,,,,,,,,,,,,,,,,,,,,,,,,
Atlantic Region,2004-08,"Index, 201612=100",units,73.2,65.6,71.5,,,,,,,,,,,,,,,,,,,,,,,,,,,,,,,,,,,,,,,
Atlantic Region,2004-06,"Index, 201612=100",units,72.7,64.9,70.9,,,,,,,,,,,,,,,,,,,,,,,,,,,,,,,,,,,,,,,
Atlantic Region,2004-09,"Index, 201612=100",units,73.3,65.6,71.5,,,,,,,,,,,,,,,,,,,,,,,,,,,,,,,,,,,,,,,
Atlantic Region,2004-11,"Index, 201612=100",units,73.9,66.6,72.1,,,,,,,,,,,,,,,,,,,,,,,,,,,,,,,,,,,,,,,
Atlantic Region,2004-12,"Index, 201612=100",units,73.9,66.6,72.1,,,,,,,,,,,,,,,,,,,,,,,,,,,,,,,,,,,,,,,
