province,REF_DATE,uom_houseindex,scalar_houseindex,avg_house_only,avg_land_only,avg_totalhouseland,uom_income,scalar_income,statistic_income,avg_income,uom_expenditure,scalar_expenditure,statistic_expenditure,avg_food_expenditures,avg_income_taxes,avg_mortageinsurance,avg_mortagePaid,avg_accomodation,avg_rent,avg_shelter,avg_total_expenditure,avg_taxes_landregfees,uom_tourist,scalar_tourist,avg_international_tourism,avg_domestic_tourism,uom_labourforce,scalar_labourforce,statistic_labourforce,avg_employment,avg_fulltime,avg_labourforce,avg_parttime,avg_population,avg_unemployment,uom_lfperc,scalar_lfperc,statistic_labourforceperc,avg_employment_rate,avg_participationrate,avg_unemploymentrate,uom_crime,scalar_crime,statistic_crime,avg_crime_incidents
British Columbia,2006-02,"Index, 201612=100",units,104.36666666666667,91.26666666666665,97.7,Dollars,units,"Median total income,Both sexes,All age groups",2175.0,,,,,,,,,,,,,Persons,unit,562302.0,1002407.0,Persons,thousands,"Both sexes, All age groups, Seasonally adjusted",1353.63330078125,1080.13330078125,1420.8333740234375,273.5,2095.916748046875,67.19999694824219,Percentage,unit,"Both sexes, All age groups, Seasonally adjusted",61.5,64.80000305175781,5.166666507720947,Number,unit,Total of all violations-Actual incidents,43760.58
British Columbia,2006-09,"Index, 201612=100",units,108.16666666666667,92.93333333333334,101.16666666666667,Dollars,units,"Median total income,Both sexes,All age groups",2175.0,,,,,,,,,,,,,Persons,unit,744195.0,1624280.0,Persons,thousands,"Both sexes, All age groups, Seasonally adjusted",1370.7166748046875,1109.949951171875,1436.25,260.76666259765625,2115.283447265625,65.51667022705078,Percentage,unit,"Both sexes, All age groups, Seasonally adjusted",61.599998474121094,64.81666564941406,4.933333396911621,Number,unit,Total of all violations-Actual incidents,43760.58
British Columbia,2006-10,"Index, 201612=100",units,108.10000000000001,92.83333333333333,101.26666666666667,Dollars,units,"Median total income,Both sexes,All age groups",2175.0,,,,,,,,,,,,,Persons,unit,666959.0,1166373.0,Persons,thousands,"Both sexes, All age groups, Seasonally adjusted",1374.7332763671875,1105.0999755859375,1438.7166748046875,269.6000061035156,2117.7333984375,63.983333587646484,Percentage,unit,"Both sexes, All age groups, Seasonally adjusted",61.766666412353516,64.96666717529297,4.933333396911621,Number,unit,Total of all violations-Actual incidents,43760.58
British Columbia,2006-04,"Index, 201612=100",units,105.60000000000001,92.09999999999998,98.83333333333333,Dollars,units,"Median total income,Both sexes,All age groups",2175.0,,,,,,,,,,,,,Persons,unit,747400.0,1269530.0,Persons,thousands,"Both sexes, All age groups, Seasonally adjusted",1363.5,1100.7166748046875,1424.0167236328125,262.7833251953125,2101.0,60.53333282470703,Percentage,unit,"Both sexes, All age groups, Seasonally adjusted",61.900001525878906,64.9000015258789,4.666666507720947,Number,unit,Total of all violations-Actual incidents,43760.58
British Columbia,2006-08,"Index, 201612=100",units,107.53333333333335,92.93333333333334,100.83333333333333,Dollars,units,"Median total income,Both sexes,All age groups",2175.0,,,,,,,,,,,,,Persons,unit,976500.0,2126481.0,Persons,thousands,"Both sexes, All age groups, Seasonally adjusted",1364.1666259765625,1104.6666259765625,1430.63330078125,259.51666259765625,2112.75,66.44999694824219,Percentage,unit,"Both sexes, All age groups, Seasonally adjusted",61.33333206176758,64.6500015258789,5.099999904632568,Number,unit,Total of all violations-Actual incidents,43760.58
British Columbia,2006-06,"Index, 201612=100",units,105.36666666666667,92.53333333333335,99.10000000000001,Dollars,units,"Median total income,Both sexes,All age groups",2175.0,,,,,,,,,,,,,Persons,unit,684820.0,1668439.0,Persons,thousands,"Both sexes, All age groups, Seasonally adjusted",1360.316650390625,1101.61669921875,1419.433349609375,258.7166748046875,2106.9833984375,59.099998474121094,Percentage,unit,"Both sexes, All age groups, Seasonally adjusted",61.46666717529297,64.41666412353516,4.5,Number,unit,Total of all violations-Actual incidents,43760.58
British Columbia,2006-03,"Index, 201612=100",units,105.0,91.43333333333334,98.16666666666667,Dollars,units,"Median total income,Both sexes,All age groups",2175.0,,,,,,,,,,,,,Persons,unit,735912.0,1241202.0,Persons,thousands,"Both sexes, All age groups, Seasonally adjusted",1359.4166259765625,1090.38330078125,1423.3499755859375,269.0666809082031,2098.35009765625,63.900001525878906,Percentage,unit,"Both sexes, All age groups, Seasonally adjusted",61.75,64.94999694824219,4.949999809265137,Number,unit,Total of all violations-Actual incidents,43760.58
British Columbia,2006-07,"Index, 201612=100",units,105.13333333333333,92.66666666666667,99.09999999999998,Dollars,units,"Median total income,Both sexes,All age groups",2175.0,,,,,,,,,,,,,Persons,unit,910160.0,2116340.0,Persons,thousands,"Both sexes, All age groups, Seasonally adjusted",1366.2833251953125,1101.9666748046875,1431.183349609375,264.3166809082031,2109.36669921875,64.88333129882812,Percentage,unit,"Both sexes, All age groups, Seasonally adjusted",61.56666564941406,64.8499984741211,5.0,Number,unit,Total of all violations-Actual incidents,43760.58
British Columbia,2006-11,"Index, 201612=100",units,108.16666666666667,92.83333333333333,101.33333333333333,Dollars,units,"Median total income,Both sexes,All age groups",2175.0,,,,,,,,,,,,,Persons,unit,599352.0,994878.0,Persons,thousands,"Both sexes, All age groups, Seasonally adjusted",1369.9832763671875,1092.7166748046875,1437.36669921875,277.2833251953125,2120.066650390625,67.3499984741211,Percentage,unit,"Both sexes, All age groups, Seasonally adjusted",61.53333282470703,64.93333435058594,5.266666889190674,Number,unit,Total of all violations-Actual incidents,43760.58
British Columbia,2006-12,"Index, 201612=100",units,107.89999999999999,92.76666666666667,101.16666666666667,Dollars,units,"Median total income,Both sexes,All age groups",2175.0,,,,,,,,,,,,,Persons,unit,636130.0,1147130.0,Persons,thousands,"Both sexes, All age groups, Seasonally adjusted",1381.566650390625,1111.36669921875,1451.816650390625,270.20001220703125,2122.166748046875,70.26667022705078,Percentage,unit,"Both sexes, All age groups, Seasonally adjusted",62.06666564941406,65.55000305175781,5.2166666984558105,Number,unit,Total of all violations-Actual incidents,43760.58
British Columbia,2006-05,"Index, 201612=100",units,105.13333333333333,92.5,98.86666666666667,Dollars,units,"Median total income,Both sexes,All age groups",2175.0,,,,,,,,,,,,,Persons,unit,780554.0,1538597.0,Persons,thousands,"Both sexes, All age groups, Seasonally adjusted",1357.550048828125,1097.2667236328125,1423.6500244140625,260.26666259765625,2104.166748046875,66.08333587646484,Percentage,unit,"Both sexes, All age groups, Seasonally adjusted",61.36666488647461,64.68333435058594,5.066666603088379,Number,unit,Total of all violations-Actual incidents,43760.58
British Columbia,2006-01,"Index, 201612=100",units,103.5,91.26666666666667,97.23333333333333,Dollars,units,"Median total income,Both sexes,All age groups",2175.0,,,,,,,,,,,,,Persons,unit,615059.0,1040662.0,Persons,thousands,"Both sexes, All age groups, Seasonally adjusted",1345.7833251953125,1089.5333251953125,1417.13330078125,256.26666259765625,2093.833251953125,71.33333587646484,Percentage,unit,"Both sexes, All age groups, Seasonally adjusted",61.150001525878906,64.5999984741211,5.349999904632568,Number,unit,Total of all violations-Actual incidents,43760.58
