province,REF_DATE,uom_houseindex,scalar_houseindex,avg_house_only,avg_land_only,avg_totalhouseland,uom_income,scalar_income,statistic_income,avg_income,uom_expenditure,scalar_expenditure,statistic_expenditure,avg_food_expenditures,avg_income_taxes,avg_mortageinsurance,avg_mortagePaid,avg_accomodation,avg_rent,avg_shelter,avg_total_expenditure,avg_taxes_landregfees,uom_tourist,scalar_tourist,avg_international_tourism,avg_domestic_tourism,uom_labourforce,scalar_labourforce,statistic_labourforce,avg_employment,avg_fulltime,avg_labourforce,avg_parttime,avg_population,avg_unemployment,uom_lfperc,scalar_lfperc,statistic_labourforceperc,avg_employment_rate,avg_participationrate,avg_unemploymentrate,uom_crime,scalar_crime,statistic_crime,avg_crime_incidents
Alberta,2011-02,"Index, 201612=100",units,92.76666666666667,93.33333333333333,92.96666666666665,Dollars,units,"Median total income,Both sexes,All age groups",3112.5,Dollars,unit,Average expenditure per household,713.25,1349.17,10.92,526.25,1364.67,273.25,1555.17,7440.58,NaN,Persons,unit,229507.0,293807.0,Persons,thousands,"Both sexes, All age groups, Seasonally adjusted",1321.36669921875,1087.7166748046875,1396.9832763671875,233.61666870117188,1848.2667236328125,75.5999984741211,Percentage,unit,"Both sexes, All age groups, Seasonally adjusted",67.66666412353516,72.0,6.050000190734863,Number,unit,Total of all violations-Actual incidents,26441.5
Alberta,2011-08,"Index, 201612=100",units,92.36666666666667,93.36666666666667,92.7,Dollars,units,"Median total income,Both sexes,All age groups",3112.5,Dollars,unit,Average expenditure per household,713.25,1349.17,10.92,526.25,1364.67,273.25,1555.17,7440.58,NaN,Persons,unit,246253.0,392268.0,Persons,thousands,"Both sexes, All age groups, Seasonally adjusted",1346.0999755859375,1128.9000244140625,1421.7833251953125,217.1999969482422,1867.0333251953125,75.66666412353516,Percentage,unit,"Both sexes, All age groups, Seasonally adjusted",68.68333435058594,72.94999694824219,5.849999904632568,Number,unit,Total of all violations-Actual incidents,26441.5
Alberta,2011-03,"Index, 201612=100",units,92.66666666666667,93.09999999999998,92.8,Dollars,units,"Median total income,Both sexes,All age groups",3112.5,Dollars,unit,Average expenditure per household,713.25,1349.17,10.92,526.25,1364.67,273.25,1555.17,7440.58,NaN,Persons,unit,268974.0,343961.0,Persons,thousands,"Both sexes, All age groups, Seasonally adjusted",1322.550048828125,1095.7166748046875,1395.5833740234375,226.8333282470703,1851.1500244140625,73.03333282470703,Percentage,unit,"Both sexes, All age groups, Seasonally adjusted",67.63333129882812,71.81666564941406,5.883333206176758,Number,unit,Total of all violations-Actual incidents,26441.5
Alberta,2011-06,"Index, 201612=100",units,92.76666666666667,93.33333333333333,92.96666666666665,Dollars,units,"Median total income,Both sexes,All age groups",3112.5,Dollars,unit,Average expenditure per household,713.25,1349.17,10.92,526.25,1364.67,273.25,1555.17,7440.58,NaN,Persons,unit,158733.0,299299.0,Persons,thousands,"Both sexes, All age groups, Seasonally adjusted",1332.63330078125,1122.5333251953125,1405.2833251953125,210.10000610351562,1861.0167236328125,72.6500015258789,Percentage,unit,"Both sexes, All age groups, Seasonally adjusted",67.80000305175781,71.9000015258789,5.766666889190674,Number,unit,Total of all violations-Actual incidents,26441.5
Alberta,2011-04,"Index, 201612=100",units,92.5,93.0,92.66666666666667,Dollars,units,"Median total income,Both sexes,All age groups",3112.5,Dollars,unit,Average expenditure per household,713.25,1349.17,10.92,526.25,1364.67,273.25,1555.17,7440.58,NaN,Persons,unit,300126.0,374829.0,Persons,thousands,"Both sexes, All age groups, Seasonally adjusted",1316.949951171875,1105.199951171875,1393.683349609375,211.76666259765625,1854.316650390625,76.75,Percentage,unit,"Both sexes, All age groups, Seasonally adjusted",67.23332977294922,71.55000305175781,6.166666507720947,Number,unit,Total of all violations-Actual incidents,26441.5
Alberta,2011-10,"Index, 201612=100",units,93.16666666666667,92.96666666666665,93.09999999999998,Dollars,units,"Median total income,Both sexes,All age groups",3112.5,Dollars,unit,Average expenditure per household,713.25,1349.17,10.92,526.25,1364.67,273.25,1555.17,7440.58,NaN,Persons,unit,196331.0,277508.0,Persons,thousands,"Both sexes, All age groups, Seasonally adjusted",1351.7166748046875,1137.38330078125,1422.316650390625,214.35000610351562,1873.316650390625,70.5999984741211,Percentage,unit,"Both sexes, All age groups, Seasonally adjusted",68.61666870117188,72.58333587646484,5.400000095367432,Number,unit,Total of all violations-Actual incidents,26441.5
Alberta,2011-05,"Index, 201612=100",units,92.76666666666665,93.33333333333333,93.0,Dollars,units,"Median total income,Both sexes,All age groups",3112.5,Dollars,unit,Average expenditure per household,713.25,1349.17,10.92,526.25,1364.67,273.25,1555.17,7440.58,NaN,Persons,unit,226090.0,325558.0,Persons,thousands,"Both sexes, All age groups, Seasonally adjusted",1315.61669921875,1109.199951171875,1390.0833740234375,206.39999389648438,1857.9832763671875,74.48332977294922,Percentage,unit,"Both sexes, All age groups, Seasonally adjusted",66.78333282470703,71.06666564941406,6.199999809265137,Number,unit,Total of all violations-Actual incidents,26441.5
Alberta,2011-01,"Index, 201612=100",units,92.8,92.13333333333333,92.60000000000001,Dollars,units,"Median total income,Both sexes,All age groups",3112.5,Dollars,unit,Average expenditure per household,713.25,1349.17,10.92,526.25,1364.67,273.25,1555.17,7440.58,NaN,Persons,unit,236601.0,300738.0,Persons,thousands,"Both sexes, All age groups, Seasonally adjusted",1311.3333740234375,1081.933349609375,1390.4832763671875,229.39999389648438,1845.7166748046875,79.11666870117188,Percentage,unit,"Both sexes, All age groups, Seasonally adjusted",67.16666412353516,71.78333282470703,6.449999809265137,Number,unit,Total of all violations-Actual incidents,26441.5
Alberta,2011-07,"Index, 201612=100",units,92.36666666666667,93.43333333333332,92.73333333333333,Dollars,units,"Median total income,Both sexes,All age groups",3112.5,Dollars,unit,Average expenditure per household,713.25,1349.17,10.92,526.25,1364.67,273.25,1555.17,7440.58,NaN,Persons,unit,210810.0,386070.0,Persons,thousands,"Both sexes, All age groups, Seasonally adjusted",1341.36669921875,1121.1666259765625,1417.25,220.18333435058594,1863.63330078125,75.88333129882812,Percentage,unit,"Both sexes, All age groups, Seasonally adjusted",68.23332977294922,72.55000305175781,5.916666507720947,Number,unit,Total of all violations-Actual incidents,26441.5
Alberta,2011-12,"Index, 201612=100",units,93.13333333333333,92.96666666666668,93.06666666666666,Dollars,units,"Median total income,Both sexes,All age groups",3112.5,Dollars,unit,Average expenditure per household,713.25,1349.17,10.92,526.25,1364.67,273.25,1555.17,7440.58,NaN,Persons,unit,209060.0,290557.0,Persons,thousands,"Both sexes, All age groups, Seasonally adjusted",1364.300048828125,1149.0999755859375,1430.2166748046875,215.21665954589844,1879.63330078125,65.93333435058594,Percentage,unit,"Both sexes, All age groups, Seasonally adjusted",68.98332977294922,72.76667022705078,5.183333396911621,Number,unit,Total of all violations-Actual incidents,26441.5
Alberta,2011-09,"Index, 201612=100",units,92.86666666666667,92.63333333333333,92.8,Dollars,units,"Median total income,Both sexes,All age groups",3112.5,Dollars,unit,Average expenditure per household,713.25,1349.17,10.92,526.25,1364.67,273.25,1555.17,7440.58,NaN,Persons,unit,180437.0,296891.0,Persons,thousands,"Both sexes, All age groups, Seasonally adjusted",1349.199951171875,1138.0167236328125,1423.0333251953125,211.1999969482422,1870.0833740234375,73.83333587646484,Percentage,unit,"Both sexes, All age groups, Seasonally adjusted",68.71666717529297,72.86666870117188,5.666666507720947,Number,unit,Total of all violations-Actual incidents,26441.5
Alberta,2011-11,"Index, 201612=100",units,93.03333333333332,92.96666666666668,93.0,Dollars,units,"Median total income,Both sexes,All age groups",3112.5,Dollars,unit,Average expenditure per household,713.25,1349.17,10.92,526.25,1364.67,273.25,1555.17,7440.58,NaN,Persons,unit,204748.0,271414.0,Persons,thousands,"Both sexes, All age groups, Seasonally adjusted",1354.433349609375,1146.933349609375,1424.2332763671875,207.5,1876.566650390625,69.78333282470703,Percentage,unit,"Both sexes, All age groups, Seasonally adjusted",68.61666870117188,72.48332977294922,5.366666793823242,Number,unit,Total of all violations-Actual incidents,26441.5
Prairie Region,2010-08,"Index, 201612=100",units,93.0,90.0,92.0,,,,,Dollars,unit,Average expenditure per household,695.0,1312.0,9.75,430.83,1180.83,238.67,1323.83,6787.25,3.33,,,,,,,,,,,,,,,,,,,,,,,
Prairie Region,2010-09,"Index, 201612=100",units,93.1,90.4,92.1,,,,,Dollars,unit,Average expenditure per household,695.0,1312.0,9.75,430.83,1180.83,238.67,1323.83,6787.25,3.33,,,,,,,,,,,,,,,,,,,,,,,
Prairie Region,2010-06,"Index, 201612=100",units,93.0,90.0,92.0,,,,,Dollars,unit,Average expenditure per household,695.0,1312.0,9.75,430.83,1180.83,238.67,1323.83,6787.25,3.33,,,,,,,,,,,,,,,,,,,,,,,
Prairie Region,2010-10,"Index, 201612=100",units,92.7,90.5,91.9,,,,,Dollars,unit,Average expenditure per household,695.0,1312.0,9.75,430.83,1180.83,238.67,1323.83,6787.25,3.33,,,,,,,,,,,,,,,,,,,,,,,
Prairie Region,2010-12,"Index, 201612=100",units,92.5,91.1,92.1,,,,,Dollars,unit,Average expenditure per household,695.0,1312.0,9.75,430.83,1180.83,238.67,1323.83,6787.25,3.33,,,,,,,,,,,,,,,,,,,,,,,
Prairie Region,2010-01,"Index, 201612=100",units,91.9,89.6,91.0,,,,,Dollars,unit,Average expenditure per household,695.0,1312.0,9.75,430.83,1180.83,238.67,1323.83,6787.25,3.33,,,,,,,,,,,,,,,,,,,,,,,
Prairie Region,2010-05,"Index, 201612=100",units,93.1,90.0,92.1,,,,,Dollars,unit,Average expenditure per household,695.0,1312.0,9.75,430.83,1180.83,238.67,1323.83,6787.25,3.33,,,,,,,,,,,,,,,,,,,,,,,
Prairie Region,2010-07,"Index, 201612=100",units,93.0,90.0,92.0,,,,,Dollars,unit,Average expenditure per household,695.0,1312.0,9.75,430.83,1180.83,238.67,1323.83,6787.25,3.33,,,,,,,,,,,,,,,,,,,,,,,
Prairie Region,2010-03,"Index, 201612=100",units,92.5,89.7,91.5,,,,,Dollars,unit,Average expenditure per household,695.0,1312.0,9.75,430.83,1180.83,238.67,1323.83,6787.25,3.33,,,,,,,,,,,,,,,,,,,,,,,
Prairie Region,2010-02,"Index, 201612=100",units,92.1,90.2,91.4,,,,,Dollars,unit,Average expenditure per household,695.0,1312.0,9.75,430.83,1180.83,238.67,1323.83,6787.25,3.33,,,,,,,,,,,,,,,,,,,,,,,
Prairie Region,2010-04,"Index, 201612=100",units,92.6,90.2,91.8,,,,,Dollars,unit,Average expenditure per household,695.0,1312.0,9.75,430.83,1180.83,238.67,1323.83,6787.25,3.33,,,,,,,,,,,,,,,,,,,,,,,
Prairie Region,2010-11,"Index, 201612=100",units,92.5,91.1,92.0,,,,,Dollars,unit,Average expenditure per household,695.0,1312.0,9.75,430.83,1180.83,238.67,1323.83,6787.25,3.33,,,,,,,,,,,,,,,,,,,,,,,
