province,REF_DATE,uom_houseindex,scalar_houseindex,avg_house_only,avg_land_only,avg_totalhouseland,uom_income,scalar_income,statistic_income,avg_income,uom_expenditure,scalar_expenditure,statistic_expenditure,avg_food_expenditures,avg_income_taxes,avg_mortageinsurance,avg_mortagePaid,avg_accomodation,avg_rent,avg_shelter,avg_total_expenditure,avg_taxes_landregfees,uom_tourist,scalar_tourist,avg_international_tourism,avg_domestic_tourism,uom_labourforce,scalar_labourforce,statistic_labourforce,avg_employment,avg_fulltime,avg_labourforce,avg_parttime,avg_population,avg_unemployment,uom_lfperc,scalar_lfperc,statistic_labourforceperc,avg_employment_rate,avg_participationrate,avg_unemploymentrate,uom_crime,scalar_crime,statistic_crime,avg_crime_incidents
Alberta,1983-08,"Index, 201612=100",units,30.200000000000003,23.049999999999997,28.15,,,,,,,,,,,,,,,,,Persons,unit,112442.0,225064.0,Persons,thousands,"Both sexes, All age groups, Seasonally adjusted",707.2000122070312,592.9666748046875,791.6500244140625,114.25,1081.5999755859375,84.41666412353516,Percentage,unit,"Both sexes, All age groups, Seasonally adjusted",61.03333282470703,68.5999984741211,10.933333396911621,,,,
Alberta,1983-05,"Index, 201612=100",units,30.2,23.950000000000003,28.4,,,,,,,,,,,,,,,,,Persons,unit,75153.0,119295.0,Persons,thousands,"Both sexes, All age groups, Seasonally adjusted",702.75,591.5333251953125,788.2166748046875,111.23332977294922,1081.11669921875,85.46666717529297,Percentage,unit,"Both sexes, All age groups, Seasonally adjusted",60.79999923706055,68.43333435058594,10.683333396911621,,,,
Alberta,1983-07,"Index, 201612=100",units,30.099999999999998,24.0,28.4,,,,,,,,,,,,,,,,,Persons,unit,108828.0,252247.0,Persons,thousands,"Both sexes, All age groups, Seasonally adjusted",704.683349609375,589.4166870117188,793.316650390625,115.30000305175781,1081.61669921875,88.5999984741211,Percentage,unit,"Both sexes, All age groups, Seasonally adjusted",61.0,68.80000305175781,10.866666793823242,,,,
Alberta,1983-04,"Index, 201612=100",units,30.85,24.3,29.0,,,,,,,,,,,,,,,,,Persons,unit,103332.0,136787.0,Persons,thousands,"Both sexes, All age groups, Seasonally adjusted",706.1500244140625,596.6166381835938,790.3333129882812,109.48332977294922,1080.316650390625,84.19999694824219,Percentage,unit,"Both sexes, All age groups, Seasonally adjusted",61.29999923706055,68.75,10.416666984558105,,,,
Alberta,1983-12,"Index, 201612=100",units,29.65,22.9,27.799999999999997,,,,,,,,,,,,,,,,,Persons,unit,54854.0,84092.0,Persons,thousands,"Both sexes, All age groups, Seasonally adjusted",707.3499755859375,593.5333251953125,792.5999755859375,113.76667022705078,1082.933349609375,85.26667022705078,Percentage,unit,"Both sexes, All age groups, Seasonally adjusted",60.95000076293945,68.58333587646484,10.899999618530273,,,,
Alberta,1983-10,"Index, 201612=100",units,29.9,22.85,27.85,,,,,,,,,,,,,,,,,Persons,unit,66816.0,102742.0,Persons,thousands,"Both sexes, All age groups, Seasonally adjusted",711.0333251953125,594.9666748046875,791.8833618164062,116.08333587646484,1081.9832763671875,80.8499984741211,Percentage,unit,"Both sexes, All age groups, Seasonally adjusted",61.41666793823242,68.6500015258789,10.333333015441895,,,,
Alberta,1983-11,"Index, 201612=100",units,29.95,23.1,28.049999999999997,,,,,,,,,,,,,,,,,Persons,unit,58850.0,85119.0,Persons,thousands,"Both sexes, All age groups, Seasonally adjusted",710.25,591.9166870117188,791.5833129882812,118.33333587646484,1082.4000244140625,81.3499984741211,Percentage,unit,"Both sexes, All age groups, Seasonally adjusted",61.28333282470703,68.53333282470703,10.266666412353516,,,,
Alberta,1983-09,"Index, 201612=100",units,30.05,23.0,28.05,,,,,,,,,,,,,,,,,Persons,unit,73390.0,134364.0,Persons,thousands,"Both sexes, All age groups, Seasonally adjusted",708.0333251953125,593.8666381835938,791.7999877929688,114.19999694824219,1081.7332763671875,83.76667022705078,Percentage,unit,"Both sexes, All age groups, Seasonally adjusted",61.18333435058594,68.6500015258789,10.683333396911621,,,,
Alberta,1983-01,"Index, 201612=100",units,31.799999999999997,24.950000000000003,29.8,,,,,,,,,,,,,,,,,Persons,unit,76243.0,99793.0,Persons,thousands,"Both sexes, All age groups, Seasonally adjusted",703.066650390625,598.8333129882812,784.2833251953125,104.23332977294922,1077.38330078125,81.19999694824219,Percentage,unit,"Both sexes, All age groups, Seasonally adjusted",61.21666717529297,68.43333435058594,10.066666603088379,,,,
Alberta,1983-06,"Index, 201612=100",units,30.15,24.0,28.4,,,,,,,,,,,,,,,,,Persons,unit,67388.0,156377.0,Persons,thousands,"Both sexes, All age groups, Seasonally adjusted",704.5333251953125,592.7666625976562,791.5333251953125,111.78333282470703,1081.38330078125,87.01667022705078,Percentage,unit,"Both sexes, All age groups, Seasonally adjusted",61.0,68.71666717529297,10.883333206176758,,,,
Alberta,1983-03,"Index, 201612=100",units,31.35,24.3,29.299999999999997,,,,,,,,,,,,,,,,,Persons,unit,83446.0,115027.0,Persons,thousands,"Both sexes, All age groups, Seasonally adjusted",697.8666381835938,591.1166381835938,783.7999877929688,106.75,1079.4832763671875,85.91666412353516,Percentage,unit,"Both sexes, All age groups, Seasonally adjusted",60.650001525878906,68.31666564941406,10.899999618530273,,,,
Alberta,1983-02,"Index, 201612=100",units,31.55,24.35,29.4,,,,,,,,,,,,,,,,,Persons,unit,74405.0,100337.0,Persons,thousands,"Both sexes, All age groups, Seasonally adjusted",699.5499877929688,595.25,783.183349609375,104.26667022705078,1078.5333251953125,83.6500015258789,Percentage,unit,"Both sexes, All age groups, Seasonally adjusted",60.83333206176758,68.26667022705078,10.5,,,,
Alberta,1986-02,"Index, 201612=100",units,29.3,22.96666666666667,27.46666666666667,,,,,,,,,,,,,,,,,Persons,unit,64367.0,90749.0,Persons,thousands,"Both sexes, All age groups, Seasonally adjusted",754.7999877929688,633.3499755859375,823.2999877929688,121.44999694824219,1105.5833740234375,68.5,Percentage,unit,"Both sexes, All age groups, Seasonally adjusted",63.650001525878906,69.78333282470703,8.616666793823242,,,,
Alberta,1986-07,"Index, 201612=100",units,29.633333333333336,23.03333333333333,27.666666666666668,,,,,,,,,,,,,,,,,Persons,unit,83911.0,227771.0,Persons,thousands,"Both sexes, All age groups, Seasonally adjusted",742.2833251953125,623.5333251953125,825.1500244140625,118.75,1110.0,82.83333587646484,Percentage,unit,"Both sexes, All age groups, Seasonally adjusted",62.46666717529297,69.5999984741211,9.899999618530273,,,,
Alberta,1986-10,"Index, 201612=100",units,29.833333333333332,23.03333333333333,27.8,,,,,,,,,,,,,,,,,Persons,unit,57416.0,92243.0,Persons,thousands,"Both sexes, All age groups, Seasonally adjusted",734.7833251953125,613.9833374023438,819.0166625976562,120.81666564941406,1109.449951171875,84.19999694824219,Percentage,unit,"Both sexes, All age groups, Seasonally adjusted",61.58333206176758,68.96666717529297,10.550000190734863,,,,
Alberta,1986-08,"Index, 201612=100",units,29.7,23.03333333333333,27.76666666666667,,,,,,,,,,,,,,,,,Persons,unit,95099.0,212124.0,Persons,thousands,"Both sexes, All age groups, Seasonally adjusted",740.4000244140625,622.8333129882812,824.933349609375,117.55000305175781,1109.316650390625,84.55000305175781,Percentage,unit,"Both sexes, All age groups, Seasonally adjusted",62.29999923706055,69.56666564941406,10.166666984558105,,,,
Alberta,1986-03,"Index, 201612=100",units,29.5,23.066666666666666,27.600000000000005,,,,,,,,,,,,,,,,,Persons,unit,84916.0,118842.0,Persons,thousands,"Both sexes, All age groups, Seasonally adjusted",749.2000122070312,631.5,824.316650390625,117.71666717529297,1107.4000244140625,75.0999984741211,Percentage,unit,"Both sexes, All age groups, Seasonally adjusted",63.150001525878906,69.8499984741211,9.25,,,,
Alberta,1986-01,"Index, 201612=100",units,28.8,22.866666666666664,27.066666666666666,,,,,,,,,,,,,,,,,Persons,unit,78696.0,106360.0,Persons,thousands,"Both sexes, All age groups, Seasonally adjusted",749.7333374023438,632.1166381835938,817.3666381835938,117.61666870117188,1103.88330078125,67.61666870117188,Percentage,unit,"Both sexes, All age groups, Seasonally adjusted",63.25,69.28333282470703,8.616666793823242,,,,
Alberta,1986-05,"Index, 201612=100",units,29.466666666666665,23.03333333333333,27.566666666666663,,,,,,,,,,,,,,,,,Persons,unit,59061.0,107537.0,Persons,thousands,"Both sexes, All age groups, Seasonally adjusted",737.6166381835938,615.6500244140625,821.0,121.96666717529297,1110.5167236328125,83.41666412353516,Percentage,unit,"Both sexes, All age groups, Seasonally adjusted",61.983333587646484,69.21666717529297,10.183333396911621,,,,
Alberta,1986-09,"Index, 201612=100",units,29.733333333333334,23.03333333333333,27.76666666666667,,,,,,,,,,,,,,,,,Persons,unit,55191.0,116100.0,Persons,thousands,"Both sexes, All age groups, Seasonally adjusted",738.6333618164062,618.683349609375,819.8333129882812,119.94999694824219,1109.050048828125,81.19999694824219,Percentage,unit,"Both sexes, All age groups, Seasonally adjusted",62.08333206176758,69.1500015258789,10.066666603088379,,,,
Alberta,1986-11,"Index, 201612=100",units,29.833333333333332,23.2,27.899999999999995,,,,,,,,,,,,,,,,,Persons,unit,46281.0,70552.0,Persons,thousands,"Both sexes, All age groups, Seasonally adjusted",737.3666381835938,611.7000122070312,821.6333618164062,125.68333435058594,1109.9832763671875,84.25,Percentage,unit,"Both sexes, All age groups, Seasonally adjusted",61.70000076293945,69.1500015258789,10.716666221618652,,,,
Alberta,1986-06,"Index, 201612=100",units,29.633333333333336,23.03333333333333,27.666666666666668,,,,,,,,,,,,,,,,,Persons,unit,59180.0,145734.0,Persons,thousands,"Both sexes, All age groups, Seasonally adjusted",738.8666381835938,622.7000122070312,826.25,116.16666412353516,1110.63330078125,87.3499984741211,Percentage,unit,"Both sexes, All age groups, Seasonally adjusted",62.13333511352539,69.68333435058594,10.383333206176758,,,,
Alberta,1986-04,"Index, 201612=100",units,29.433333333333337,23.066666666666666,27.566666666666663,,,,,,,,,,,,,,,,,Persons,unit,76496.0,107739.0,Persons,thousands,"Both sexes, All age groups, Seasonally adjusted",745.1333618164062,623.0833129882812,824.2666625976562,122.0,1109.4000244140625,79.1500015258789,Percentage,unit,"Both sexes, All age groups, Seasonally adjusted",62.66666793823242,69.5999984741211,9.75,,,,
Alberta,1986-12,"Index, 201612=100",units,29.899999999999995,23.0,27.900000000000002,,,,,,,,,,,,,,,,,Persons,unit,54160.0,88455.0,Persons,thousands,"Both sexes, All age groups, Seasonally adjusted",737.8333129882812,615.8333129882812,820.6500244140625,122.0,1110.75,82.76667022705078,Percentage,unit,"Both sexes, All age groups, Seasonally adjusted",61.61666488647461,69.05000305175781,10.783333778381348,,,,
Atlantic Region,2012-11,"Index, 201612=100",units,97.6,96.5,97.4,,,,,Dollars,unit,Average expenditure per household,613.08,898.58,9.5,296.83,930.5,179.08,1039.92,5612.75,3.17,,,,,,,,,,,,,,,,,,,,,,,
Atlantic Region,2012-04,"Index, 201612=100",units,96.9,95.8,96.7,,,,,Dollars,unit,Average expenditure per household,613.08,898.58,9.5,296.83,930.5,179.08,1039.92,5612.75,3.17,,,,,,,,,,,,,,,,,,,,,,,
Atlantic Region,2012-05,"Index, 201612=100",units,97.0,95.9,96.7,,,,,Dollars,unit,Average expenditure per household,613.08,898.58,9.5,296.83,930.5,179.08,1039.92,5612.75,3.17,,,,,,,,,,,,,,,,,,,,,,,
Atlantic Region,2012-09,"Index, 201612=100",units,97.5,96.4,97.2,,,,,Dollars,unit,Average expenditure per household,613.08,898.58,9.5,296.83,930.5,179.08,1039.92,5612.75,3.17,,,,,,,,,,,,,,,,,,,,,,,
Atlantic Region,2012-02,"Index, 201612=100",units,96.7,95.6,96.5,,,,,Dollars,unit,Average expenditure per household,613.08,898.58,9.5,296.83,930.5,179.08,1039.92,5612.75,3.17,,,,,,,,,,,,,,,,,,,,,,,
Atlantic Region,2012-10,"Index, 201612=100",units,97.5,96.4,97.2,,,,,Dollars,unit,Average expenditure per household,613.08,898.58,9.5,296.83,930.5,179.08,1039.92,5612.75,3.17,,,,,,,,,,,,,,,,,,,,,,,
Atlantic Region,2012-07,"Index, 201612=100",units,97.4,96.2,97.1,,,,,Dollars,unit,Average expenditure per household,613.08,898.58,9.5,296.83,930.5,179.08,1039.92,5612.75,3.17,,,,,,,,,,,,,,,,,,,,,,,
Atlantic Region,2012-08,"Index, 201612=100",units,97.6,96.3,97.3,,,,,Dollars,unit,Average expenditure per household,613.08,898.58,9.5,296.83,930.5,179.08,1039.92,5612.75,3.17,,,,,,,,,,,,,,,,,,,,,,,
Atlantic Region,2012-12,"Index, 201612=100",units,97.6,96.5,97.4,,,,,Dollars,unit,Average expenditure per household,613.08,898.58,9.5,296.83,930.5,179.08,1039.92,5612.75,3.17,,,,,,,,,,,,,,,,,,,,,,,
Atlantic Region,2012-03,"Index, 201612=100",units,96.9,95.7,96.6,,,,,Dollars,unit,Average expenditure per household,613.08,898.58,9.5,296.83,930.5,179.08,1039.92,5612.75,3.17,,,,,,,,,,,,,,,,,,,,,,,
Atlantic Region,2012-06,"Index, 201612=100",units,96.9,96.1,96.7,,,,,Dollars,unit,Average expenditure per household,613.08,898.58,9.5,296.83,930.5,179.08,1039.92,5612.75,3.17,,,,,,,,,,,,,,,,,,,,,,,
Atlantic Region,2012-01,"Index, 201612=100",units,96.4,95.6,96.2,,,,,Dollars,unit,Average expenditure per household,613.08,898.58,9.5,296.83,930.5,179.08,1039.92,5612.75,3.17,,,,,,,,,,,,,,,,,,,,,,,
Nova Scotia,1997-06,"Index, 201612=100",units,58.3,62.6,59.6,,,,,,,,,,,,,,,,,Persons,unit,10700.0,58943.0,Persons,thousands,"Both sexes, All age groups, Seasonally adjusted",242.60000610351562,195.36666870117188,275.1000061035156,47.21666717529297,445.5666809082031,32.516666412353516,Percentage,unit,"Both sexes, All age groups, Seasonally adjusted",50.13333511352539,57.599998474121094,12.75,,,,
Nova Scotia,1997-08,"Index, 201612=100",units,59.2,62.6,60.2,,,,,,,,,,,,,,,,,Persons,unit,12543.0,88362.0,Persons,thousands,"Both sexes, All age groups, Seasonally adjusted",245.4166717529297,196.25,277.1166687011719,49.16666793823242,445.9166564941406,31.733333587646484,Percentage,unit,"Both sexes, All age groups, Seasonally adjusted",50.70000076293945,57.95000076293945,12.316666603088379,,,,
Nova Scotia,1997-04,"Index, 201612=100",units,59.1,62.8,60.3,,,,,,,,,,,,,,,,,Persons,unit,16220.0,26001.0,Persons,thousands,"Both sexes, All age groups, Seasonally adjusted",240.0500030517578,191.25,274.3166809082031,48.81666564941406,445.1333312988281,34.28333282470703,Percentage,unit,"Both sexes, All age groups, Seasonally adjusted",49.53333282470703,57.20000076293945,13.083333015441895,,,,
Nova Scotia,1997-05,"Index, 201612=100",units,58.2,62.6,59.5,,,,,,,,,,,,,,,,,Persons,unit,13967.0,41700.0,Persons,thousands,"Both sexes, All age groups, Seasonally adjusted",241.75,191.98333740234375,276.6166687011719,49.75,445.3166809082031,34.849998474121094,Percentage,unit,"Both sexes, All age groups, Seasonally adjusted",49.86666488647461,57.983333587646484,13.800000190734863,,,,
Nova Scotia,1997-11,"Index, 201612=100",units,58.9,63.6,60.2,,,,,,,,,,,,,,,,,Persons,unit,3508.0,12102.0,Persons,thousands,"Both sexes, All age groups, Seasonally adjusted",248.93333435058594,200.63333129882812,278.6666564941406,48.29999923706055,446.6000061035156,29.766666412353516,Percentage,unit,"Both sexes, All age groups, Seasonally adjusted",51.41666793823242,58.266666412353516,11.316666603088379,,,,
Nova Scotia,1997-02,"Index, 201612=100",units,60.1,65.6,61.8,,,,,,,,,,,,,,,,,Persons,unit,7339.0,13839.0,Persons,thousands,"Both sexes, All age groups, Seasonally adjusted",243.0833282470703,195.1666717529297,278.76666259765625,47.86666488647461,444.8666687011719,35.733333587646484,Percentage,unit,"Both sexes, All age groups, Seasonally adjusted",50.33333206176758,58.25,13.433333396911621,,,,
Nova Scotia,1997-09,"Index, 201612=100",units,59.0,63.2,60.2,,,,,,,,,,,,,,,,,Persons,unit,10552.0,79262.0,Persons,thousands,"Both sexes, All age groups, Seasonally adjusted",246.86666870117188,198.96665954589844,277.76666259765625,47.900001525878906,446.1166687011719,30.91666603088379,Percentage,unit,"Both sexes, All age groups, Seasonally adjusted",51.0,58.13333511352539,12.016666412353516,,,,
Nova Scotia,1997-03,"Index, 201612=100",units,60.1,65.6,61.8,,,,,,,,,,,,,,,,,Persons,unit,16643.0,26619.0,Persons,thousands,"Both sexes, All age groups, Seasonally adjusted",242.3333282470703,194.14999389648438,276.8500061035156,48.16666793823242,444.9166564941406,34.53333282470703,Percentage,unit,"Both sexes, All age groups, Seasonally adjusted",50.18333435058594,57.849998474121094,13.066666603088379,,,,
Nova Scotia,1997-12,"Index, 201612=100",units,58.9,63.6,60.2,,,,,,,,,,,,,,,,,Persons,unit,4435.0,15053.0,Persons,thousands,"Both sexes, All age groups, Seasonally adjusted",247.9166717529297,201.3000030517578,278.01666259765625,46.58333206176758,446.70001220703125,30.100000381469727,Percentage,unit,"Both sexes, All age groups, Seasonally adjusted",51.06666564941406,58.13333511352539,11.850000381469727,,,,
Nova Scotia,1997-07,"Index, 201612=100",units,58.3,62.6,59.6,,,,,,,,,,,,,,,,,Persons,unit,12541.0,81134.0,Persons,thousands,"Both sexes, All age groups, Seasonally adjusted",244.0833282470703,195.9499969482422,275.2833251953125,48.11666488647461,445.6833190917969,31.200000762939453,Percentage,unit,"Both sexes, All age groups, Seasonally adjusted",50.58333206176758,57.66666793823242,11.833333015441895,,,,
Nova Scotia,1997-10,"Index, 201612=100",units,58.8,63.6,60.1,,,,,,,,,,,,,,,,,Persons,unit,9313.0,47358.0,Persons,thousands,"Both sexes, All age groups, Seasonally adjusted",247.68333435058594,199.9499969482422,277.7833251953125,47.75,446.3333435058594,30.100000381469727,Percentage,unit,"Both sexes, All age groups, Seasonally adjusted",51.150001525878906,58.08333206176758,11.600000381469727,,,,
Nova Scotia,1997-01,"Index, 201612=100",units,60.0,65.6,61.6,,,,,,,,,,,,,,,,,Persons,unit,5003.0,11292.0,Persons,thousands,"Both sexes, All age groups, Seasonally adjusted",242.06666564941406,193.9499969482422,275.76666259765625,48.16666793823242,444.75,33.66666793823242,Percentage,unit,"Both sexes, All age groups, Seasonally adjusted",50.11666488647461,57.516666412353516,12.766666412353516,,,,
Nova Scotia,2010-11,"Index, 201612=100",units,91.8,96.6,92.8,Dollars,units,"Median total income,Both sexes,All age groups",2285.83,Dollars,unit,Average expenditure per household,588.25,847.42,7.33,290.17,901.08,178.67,984.17,5161.58,7.42,Persons,unit,11175.0,20083.0,Persons,thousands,"Both sexes, All age groups, Seasonally adjusted",285.3333435058594,233.78334045410156,316.0833435058594,51.56666564941406,474.8500061035156,30.75,Percentage,unit,"Both sexes, All age groups, Seasonally adjusted",57.983333587646484,64.8499984741211,10.483333587646484,Number,unit,Total of all violations-Actual incidents,6152.25
Nova Scotia,2010-04,"Index, 201612=100",units,90.8,94.5,91.5,Dollars,units,"Median total income,Both sexes,All age groups",2285.83,Dollars,unit,Average expenditure per household,588.25,847.42,7.33,290.17,901.08,178.67,984.17,5161.58,7.42,Persons,unit,46641.0,60864.0,Persons,thousands,"Both sexes, All age groups, Seasonally adjusted",289.3500061035156,238.25,317.1166687011719,51.06666564941406,473.01666259765625,27.75,Percentage,unit,"Both sexes, All age groups, Seasonally adjusted",59.04999923706055,65.01667022705078,8.983333587646484,Number,unit,Total of all violations-Actual incidents,6152.25
Nova Scotia,2010-07,"Index, 201612=100",units,90.9,94.9,91.7,Dollars,units,"Median total income,Both sexes,All age groups",2285.83,Dollars,unit,Average expenditure per household,588.25,847.42,7.33,290.17,901.08,178.67,984.17,5161.58,7.42,Persons,unit,11066.0,43975.0,Persons,thousands,"Both sexes, All age groups, Seasonally adjusted",289.45001220703125,236.4499969482422,319.4333190917969,53.016666412353516,473.8666687011719,29.96666717529297,Percentage,unit,"Both sexes, All age groups, Seasonally adjusted",58.75,65.68333435058594,10.366666793823242,Number,unit,Total of all violations-Actual incidents,6152.25
Nova Scotia,2010-01,"Index, 201612=100",units,90.6,94.4,91.4,Dollars,units,"Median total income,Both sexes,All age groups",2285.83,Dollars,unit,Average expenditure per household,588.25,847.42,7.33,290.17,901.08,178.67,984.17,5161.58,7.42,Persons,unit,10315.0,17303.0,Persons,thousands,"Both sexes, All age groups, Seasonally adjusted",283.25,232.0833282470703,313.2833251953125,51.150001525878906,472.5833435058594,30.03333282470703,Percentage,unit,"Both sexes, All age groups, Seasonally adjusted",57.75,64.36666870117188,10.116666793823242,Number,unit,Total of all violations-Actual incidents,6152.25
Nova Scotia,2010-08,"Index, 201612=100",units,90.9,94.9,91.7,Dollars,units,"Median total income,Both sexes,All age groups",2285.83,Dollars,unit,Average expenditure per household,588.25,847.42,7.33,290.17,901.08,178.67,984.17,5161.58,7.42,Persons,unit,12474.0,55383.0,Persons,thousands,"Both sexes, All age groups, Seasonally adjusted",288.75,235.73333740234375,320.29998779296875,52.983333587646484,474.20001220703125,31.549999237060547,Percentage,unit,"Both sexes, All age groups, Seasonally adjusted",58.56666564941406,65.5999984741211,10.483333587646484,Number,unit,Total of all violations-Actual incidents,6152.25
Nova Scotia,2010-05,"Index, 201612=100",units,90.9,94.5,91.6,Dollars,units,"Median total income,Both sexes,All age groups",2285.83,Dollars,unit,Average expenditure per household,588.25,847.42,7.33,290.17,901.08,178.67,984.17,5161.58,7.42,Persons,unit,29928.0,49463.0,Persons,thousands,"Both sexes, All age groups, Seasonally adjusted",290.0,238.23333740234375,317.6833190917969,51.75,473.1833190917969,27.683332443237305,Percentage,unit,"Both sexes, All age groups, Seasonally adjusted",58.983333587646484,65.08333587646484,9.199999809265137,Number,unit,Total of all violations-Actual incidents,6152.25
Nova Scotia,2010-02,"Index, 201612=100",units,90.7,94.4,91.4,Dollars,units,"Median total income,Both sexes,All age groups",2285.83,Dollars,unit,Average expenditure per household,588.25,847.42,7.33,290.17,901.08,178.67,984.17,5161.58,7.42,Persons,unit,15201.0,23110.0,Persons,thousands,"Both sexes, All age groups, Seasonally adjusted",285.51666259765625,235.60000610351562,314.9166564941406,49.93333435058594,472.6833190917969,29.366666793823242,Percentage,unit,"Both sexes, All age groups, Seasonally adjusted",58.0,64.58333587646484,10.050000190734863,Number,unit,Total of all violations-Actual incidents,6152.25
Nova Scotia,2010-06,"Index, 201612=100",units,90.9,94.9,91.7,Dollars,units,"Median total income,Both sexes,All age groups",2285.83,Dollars,unit,Average expenditure per household,588.25,847.42,7.33,290.17,901.08,178.67,984.17,5161.58,7.42,Persons,unit,10822.0,41958.0,Persons,thousands,"Both sexes, All age groups, Seasonally adjusted",289.5666809082031,240.11666870117188,317.1666564941406,49.46666717529297,473.51666259765625,27.600000381469727,Percentage,unit,"Both sexes, All age groups, Seasonally adjusted",58.766666412353516,64.9000015258789,9.133333206176758,Number,unit,Total of all violations-Actual incidents,6152.25
Nova Scotia,2010-03,"Index, 201612=100",units,90.8,94.5,91.5,Dollars,units,"Median total income,Both sexes,All age groups",2285.83,Dollars,unit,Average expenditure per household,588.25,847.42,7.33,290.17,901.08,178.67,984.17,5161.58,7.42,Persons,unit,42127.0,52211.0,Persons,thousands,"Both sexes, All age groups, Seasonally adjusted",287.8999938964844,238.23333740234375,316.0833435058594,49.66666793823242,472.7833251953125,28.200000762939453,Percentage,unit,"Both sexes, All age groups, Seasonally adjusted",58.61666488647461,64.93333435058594,9.483333587646484,Number,unit,Total of all violations-Actual incidents,6152.25
Nova Scotia,2010-10,"Index, 201612=100",units,90.9,94.9,91.7,Dollars,units,"Median total income,Both sexes,All age groups",2285.83,Dollars,unit,Average expenditure per household,588.25,847.42,7.33,290.17,901.08,178.67,984.17,5161.58,7.42,Persons,unit,15173.0,62679.0,Persons,thousands,"Both sexes, All age groups, Seasonally adjusted",286.4166564941406,234.8333282470703,316.5666809082031,51.599998474121094,474.6333312988281,30.183332443237305,Percentage,unit,"Both sexes, All age groups, Seasonally adjusted",58.31666564941406,64.88333129882812,9.949999809265137,Number,unit,Total of all violations-Actual incidents,6152.25
Nova Scotia,2010-12,"Index, 201612=100",units,92.1,96.6,93.1,Dollars,units,"Median total income,Both sexes,All age groups",2285.83,Dollars,unit,Average expenditure per household,588.25,847.42,7.33,290.17,901.08,178.67,984.17,5161.58,7.42,Persons,unit,10396.0,21630.0,Persons,thousands,"Both sexes, All age groups, Seasonally adjusted",285.48333740234375,236.0500030517578,319.04998779296875,49.43333435058594,475.0666809082031,33.56666564941406,Percentage,unit,"Both sexes, All age groups, Seasonally adjusted",57.95000076293945,65.53333282470703,11.416666984558105,Number,unit,Total of all violations-Actual incidents,6152.25
Nova Scotia,2010-09,"Index, 201612=100",units,90.9,94.9,91.7,Dollars,units,"Median total income,Both sexes,All age groups",2285.83,Dollars,unit,Average expenditure per household,588.25,847.42,7.33,290.17,901.08,178.67,984.17,5161.58,7.42,Persons,unit,13036.0,101777.0,Persons,thousands,"Both sexes, All age groups, Seasonally adjusted",289.8500061035156,235.8333282470703,319.2166748046875,54.016666412353516,474.3666687011719,29.383333206176758,Percentage,unit,"Both sexes, All age groups, Seasonally adjusted",58.88333511352539,65.4000015258789,9.733333587646484,Number,unit,Total of all violations-Actual incidents,6152.25
Nova Scotia,2013-05,"Index, 201612=100",units,97.9,98.1,97.9,Dollars,units,"Median total income,Both sexes,All age groups",2502.5,Dollars,unit,Average expenditure per household,583.25,952.0,8.33,304.58,1031.92,216.67,1121.75,5732.92,7.58,Persons,unit,27066.0,49281.0,Persons,thousands,"Both sexes, All age groups, Seasonally adjusted",290.2833251953125,239.5833282470703,316.8833312988281,50.71666717529297,475.3500061035156,26.616666793823242,Percentage,unit,"Both sexes, All age groups, Seasonally adjusted",58.70000076293945,64.81666564941406,9.433333396911621,Number,unit,Total of all violations-Actual incidents,5040.83
Nova Scotia,2013-06,"Index, 201612=100",units,97.8,98.1,97.8,Dollars,units,"Median total income,Both sexes,All age groups",2502.5,Dollars,unit,Average expenditure per household,583.25,952.0,8.33,304.58,1031.92,216.67,1121.75,5732.92,7.58,Persons,unit,12130.0,39576.0,Persons,thousands,"Both sexes, All age groups, Seasonally adjusted",290.73333740234375,238.0,317.8500061035156,52.71666717529297,475.3666687011719,27.116666793823242,Percentage,unit,"Both sexes, All age groups, Seasonally adjusted",58.983333587646484,65.23332977294922,9.616666793823242,Number,unit,Total of all violations-Actual incidents,5040.83
Nova Scotia,2013-12,"Index, 201612=100",units,98.1,98.3,98.1,Dollars,units,"Median total income,Both sexes,All age groups",2502.5,Dollars,unit,Average expenditure per household,583.25,952.0,8.33,304.58,1031.92,216.67,1121.75,5732.92,7.58,Persons,unit,11322.0,20864.0,Persons,thousands,"Both sexes, All age groups, Seasonally adjusted",285.7166748046875,232.5,313.1666564941406,53.233333587646484,475.5,27.41666603088379,Percentage,unit,"Both sexes, All age groups, Seasonally adjusted",58.08333206176758,64.58333587646484,9.949999809265137,Number,unit,Total of all violations-Actual incidents,5040.83
Nova Scotia,2013-11,"Index, 201612=100",units,98.3,98.3,98.2,Dollars,units,"Median total income,Both sexes,All age groups",2502.5,Dollars,unit,Average expenditure per household,583.25,952.0,8.33,304.58,1031.92,216.67,1121.75,5732.92,7.58,Persons,unit,10412.0,16951.0,Persons,thousands,"Both sexes, All age groups, Seasonally adjusted",285.75,232.98333740234375,311.23333740234375,52.78333282470703,475.4166564941406,25.46666717529297,Percentage,unit,"Both sexes, All age groups, Seasonally adjusted",58.0,64.03333282470703,9.300000190734863,Number,unit,Total of all violations-Actual incidents,5040.83
Nova Scotia,2013-08,"Index, 201612=100",units,98.0,98.3,98.1,Dollars,units,"Median total income,Both sexes,All age groups",2502.5,Dollars,unit,Average expenditure per household,583.25,952.0,8.33,304.58,1031.92,216.67,1121.75,5732.92,7.58,Persons,unit,14460.0,46958.0,Persons,thousands,"Both sexes, All age groups, Seasonally adjusted",289.1666564941406,236.64999389648438,316.45001220703125,52.53333282470703,475.26666259765625,27.299999237060547,Percentage,unit,"Both sexes, All age groups, Seasonally adjusted",58.83333206176758,65.18333435058594,9.75,Number,unit,Total of all violations-Actual incidents,5040.83
Nova Scotia,2013-01,"Index, 201612=100",units,96.5,97.3,96.6,Dollars,units,"Median total income,Both sexes,All age groups",2502.5,Dollars,unit,Average expenditure per household,583.25,952.0,8.33,304.58,1031.92,216.67,1121.75,5732.92,7.58,Persons,unit,12584.0,18732.0,Persons,thousands,"Both sexes, All age groups, Seasonally adjusted",289.0,235.60000610351562,318.5666809082031,53.41666793823242,475.79998779296875,29.566667556762695,Percentage,unit,"Both sexes, All age groups, Seasonally adjusted",58.400001525878906,65.31666564941406,10.483333587646484,Number,unit,Total of all violations-Actual incidents,5040.83
Nova Scotia,2013-09,"Index, 201612=100",units,98.2,98.3,98.2,Dollars,units,"Median total income,Both sexes,All age groups",2502.5,Dollars,unit,Average expenditure per household,583.25,952.0,8.33,304.58,1031.92,216.67,1121.75,5732.92,7.58,Persons,unit,15433.0,85393.0,Persons,thousands,"Both sexes, All age groups, Seasonally adjusted",288.5333251953125,234.98333740234375,315.3833312988281,53.56666564941406,475.3166809082031,26.83333396911621,Percentage,unit,"Both sexes, All age groups, Seasonally adjusted",58.70000076293945,64.78333282470703,9.333333015441895,Number,unit,Total of all violations-Actual incidents,5040.83
Nova Scotia,2013-04,"Index, 201612=100",units,97.4,98.1,97.6,Dollars,units,"Median total income,Both sexes,All age groups",2502.5,Dollars,unit,Average expenditure per household,583.25,952.0,8.33,304.58,1031.92,216.67,1121.75,5732.92,7.58,Persons,unit,54608.0,64707.0,Persons,thousands,"Both sexes, All age groups, Seasonally adjusted",291.3166809082031,241.3000030517578,318.20001220703125,50.016666412353516,475.3500061035156,26.899999618530273,Percentage,unit,"Both sexes, All age groups, Seasonally adjusted",58.96666717529297,65.38333129882812,9.833333015441895,Number,unit,Total of all violations-Actual incidents,5040.83
Nova Scotia,2013-07,"Index, 201612=100",units,98.2,98.3,98.2,Dollars,units,"Median total income,Both sexes,All age groups",2502.5,Dollars,unit,Average expenditure per household,583.25,952.0,8.33,304.58,1031.92,216.67,1121.75,5732.92,7.58,Persons,unit,13400.0,50735.0,Persons,thousands,"Both sexes, All age groups, Seasonally adjusted",288.9666748046875,236.51666259765625,316.0666809082031,52.45000076293945,475.3166809082031,27.116666793823242,Percentage,unit,"Both sexes, All age groups, Seasonally adjusted",58.88333511352539,65.0,9.366666793823242,Number,unit,Total of all violations-Actual incidents,5040.83
Nova Scotia,2013-03,"Index, 201612=100",units,97.4,98.1,97.6,Dollars,units,"Median total income,Both sexes,All age groups",2502.5,Dollars,unit,Average expenditure per household,583.25,952.0,8.33,304.58,1031.92,216.67,1121.75,5732.92,7.58,Persons,unit,55374.0,65099.0,Persons,thousands,"Both sexes, All age groups, Seasonally adjusted",290.20001220703125,239.51666259765625,318.8333435058594,50.71666717529297,475.4333190917969,28.616666793823242,Percentage,unit,"Both sexes, All age groups, Seasonally adjusted",58.93333435058594,65.56666564941406,10.016666412353516,Number,unit,Total of all violations-Actual incidents,5040.83
Nova Scotia,2013-10,"Index, 201612=100",units,98.3,98.3,98.2,Dollars,units,"Median total income,Both sexes,All age groups",2502.5,Dollars,unit,Average expenditure per household,583.25,952.0,8.33,304.58,1031.92,216.67,1121.75,5732.92,7.58,Persons,unit,13226.0,55746.0,Persons,thousands,"Both sexes, All age groups, Seasonally adjusted",285.79998779296875,232.63333129882812,313.7166748046875,53.18333435058594,475.2833251953125,27.91666603088379,Percentage,unit,"Both sexes, All age groups, Seasonally adjusted",58.31666564941406,64.68333435058594,9.783333778381348,Number,unit,Total of all violations-Actual incidents,5040.83
Nova Scotia,2013-02,"Index, 201612=100",units,97.4,98.1,97.6,Dollars,units,"Median total income,Both sexes,All age groups",2502.5,Dollars,unit,Average expenditure per household,583.25,952.0,8.33,304.58,1031.92,216.67,1121.75,5732.92,7.58,Persons,unit,23490.0,30592.0,Persons,thousands,"Both sexes, All age groups, Seasonally adjusted",289.8833312988281,236.73333740234375,318.3666687011719,53.11666488647461,475.5833435058594,28.483333587646484,Percentage,unit,"Both sexes, All age groups, Seasonally adjusted",58.75,65.26667022705078,9.933333396911621,Number,unit,Total of all violations-Actual incidents,5040.83
