province,REF_DATE,uom_houseindex,scalar_houseindex,avg_house_only,avg_land_only,avg_totalhouseland,uom_income,scalar_income,statistic_income,avg_income,uom_expenditure,scalar_expenditure,statistic_expenditure,avg_food_expenditures,avg_income_taxes,avg_mortageinsurance,avg_mortagePaid,avg_accomodation,avg_rent,avg_shelter,avg_total_expenditure,avg_taxes_landregfees,uom_tourist,scalar_tourist,avg_international_tourism,avg_domestic_tourism,uom_labourforce,scalar_labourforce,statistic_labourforce,avg_employment,avg_fulltime,avg_labourforce,avg_parttime,avg_population,avg_unemployment,uom_lfperc,scalar_lfperc,statistic_labourforceperc,avg_employment_rate,avg_participationrate,avg_unemploymentrate,uom_crime,scalar_crime,statistic_crime,avg_crime_incidents
Canada,2011-08,"Index, 201612=100",units,88.6,93.0,90.0,Dollars,units,"Median total income,Both sexes,All age groups",2515.0,Dollars,unit,Average expenditure per household,649.25,1045.42,7.17,400.42,1165.08,261.42,1267.92,6137.17,14.67,Persons,unit,6717658.0,1.0805478E7,Persons,thousands,"Both sexes, All age groups, Seasonally adjusted",7900.84423828125,9047.283203125,8521.400390625,1967.683349609375,12388.322265625,620.54443359375,Percentage,unit,"Both sexes, All age groups, Seasonally adjusted",59.588890075683594,65.46666717529297,9.233333587646484,,,,
Canada,2011-09,"Index, 201612=100",units,88.8,93.0,90.1,Dollars,units,"Median total income,Both sexes,All age groups",2515.0,Dollars,unit,Average expenditure per household,649.25,1045.42,7.17,400.42,1165.08,261.42,1267.92,6137.17,14.67,Persons,unit,5070745.0,8289840.0,Persons,thousands,"Both sexes, All age groups, Seasonally adjusted",7903.85546875,9068.06640625,8529.77734375,1951.4000244140625,12401.599609375,625.9000244140625,Percentage,unit,"Both sexes, All age groups, Seasonally adjusted",59.53333282470703,65.55555725097656,9.38888931274414,,,,
Canada,2011-11,"Index, 201612=100",units,89.3,93.4,90.6,Dollars,units,"Median total income,Both sexes,All age groups",2515.0,Dollars,unit,Average expenditure per household,649.25,1045.42,7.17,400.42,1165.08,261.42,1267.92,6137.17,14.67,Persons,unit,4674838.0,6640066.0,Persons,thousands,"Both sexes, All age groups, Seasonally adjusted",7891.36669921875,9045.6669921875,8533.0107421875,1955.816650390625,12425.2666015625,641.6221923828125,Percentage,unit,"Both sexes, All age groups, Seasonally adjusted",59.29999923706055,65.35555267333984,9.5,,,,
Canada,2011-10,"Index, 201612=100",units,89.0,93.2,90.3,Dollars,units,"Median total income,Both sexes,All age groups",2515.0,Dollars,unit,Average expenditure per household,649.25,1045.42,7.17,400.42,1165.08,261.42,1267.92,6137.17,14.67,Persons,unit,4886801.0,7363583.0,Persons,thousands,"Both sexes, All age groups, Seasonally adjusted",7893.2998046875,9019.4501953125,8523.388671875,1986.050048828125,12413.8662109375,630.0888671875,Percentage,unit,"Both sexes, All age groups, Seasonally adjusted",59.33333206176758,65.34444427490234,9.399999618530273,,,,
Canada,2011-02,"Index, 201612=100",units,87.3,92.4,89.0,Dollars,units,"Median total income,Both sexes,All age groups",2515.0,Dollars,unit,Average expenditure per household,649.25,1045.42,7.17,400.42,1165.08,261.42,1267.92,6137.17,14.67,Persons,unit,4127856.0,5838169.0,Persons,thousands,"Both sexes, All age groups, Seasonally adjusted",7843.31103515625,8900.75,8497.3447265625,2032.9666748046875,12312.0224609375,654.04443359375,Percentage,unit,"Both sexes, All age groups, Seasonally adjusted",59.5444450378418,65.68888854980469,9.588889122009277,,,,
Canada,2011-01,"Index, 201612=100",units,87.0,92.1,88.6,Dollars,units,"Median total income,Both sexes,All age groups",2515.0,Dollars,unit,Average expenditure per household,649.25,1045.42,7.17,400.42,1165.08,261.42,1267.92,6137.17,14.67,Persons,unit,4570938.0,6313755.0,Persons,thousands,"Both sexes, All age groups, Seasonally adjusted",7844.25537109375,8932.033203125,8499.544921875,2004.050048828125,12301.6337890625,655.3222045898438,Percentage,unit,"Both sexes, All age groups, Seasonally adjusted",59.53333282470703,65.73332977294922,9.600000381469727,,,,
Canada,2011-04,"Index, 201612=100",units,87.8,92.4,89.2,Dollars,units,"Median total income,Both sexes,All age groups",2515.0,Dollars,unit,Average expenditure per household,649.25,1045.42,7.17,400.42,1165.08,261.42,1267.92,6137.17,14.67,Persons,unit,5478100.0,7672955.0,Persons,thousands,"Both sexes, All age groups, Seasonally adjusted",7867.43310546875,8978.2666015625,8519.5224609375,1991.3333740234375,12332.27734375,652.0777587890625,Percentage,unit,"Both sexes, All age groups, Seasonally adjusted",59.5444450378418,65.73332977294922,9.644444465637207,,,,
Canada,2011-05,"Index, 201612=100",units,88.2,92.7,89.6,Dollars,units,"Median total income,Both sexes,All age groups",2515.0,Dollars,unit,Average expenditure per household,649.25,1045.42,7.17,400.42,1165.08,261.42,1267.92,6137.17,14.67,Persons,unit,5329477.0,8112303.0,Persons,thousands,"Both sexes, All age groups, Seasonally adjusted",7859.8779296875,8979.8662109375,8497.900390625,1980.4166259765625,12345.466796875,638.0,Percentage,unit,"Both sexes, All age groups, Seasonally adjusted",59.36666488647461,65.47777557373047,9.55555534362793,,,,
Canada,2011-07,"Index, 201612=100",units,88.5,92.9,89.9,Dollars,units,"Median total income,Both sexes,All age groups",2515.0,Dollars,unit,Average expenditure per household,649.25,1045.42,7.17,400.42,1165.08,261.42,1267.92,6137.17,14.67,Persons,unit,6068104.0,1.0507511E7,Persons,thousands,"Both sexes, All age groups, Seasonally adjusted",7889.22216796875,9027.099609375,8509.255859375,1971.449951171875,12371.2109375,620.0333251953125,Percentage,unit,"Both sexes, All age groups, Seasonally adjusted",59.57777786254883,65.5111083984375,9.255555152893066,,,,
Canada,2011-06,"Index, 201612=100",units,88.5,92.8,89.8,Dollars,units,"Median total income,Both sexes,All age groups",2515.0,Dollars,unit,Average expenditure per household,649.25,1045.42,7.17,400.42,1165.08,261.42,1267.92,6137.17,14.67,Persons,unit,4683070.0,8271291.0,Persons,thousands,"Both sexes, All age groups, Seasonally adjusted",7879.3779296875,8992.099609375,8516.078125,1994.2332763671875,12356.8115234375,636.6777954101562,Percentage,unit,"Both sexes, All age groups, Seasonally adjusted",59.511112213134766,65.52222442626953,9.399999618530273,,,,
Canada,2011-12,"Index, 201612=100",units,89.3,93.6,90.7,Dollars,units,"Median total income,Both sexes,All age groups",2515.0,Dollars,unit,Average expenditure per household,649.25,1045.42,7.17,400.42,1165.08,261.42,1267.92,6137.17,14.67,Persons,unit,4782351.0,7028125.0,Persons,thousands,"Both sexes, All age groups, Seasonally adjusted",7909.36669921875,9056.43359375,8542.3447265625,1969.550048828125,12436.599609375,632.9666748046875,Percentage,unit,"Both sexes, All age groups, Seasonally adjusted",59.33333206176758,65.27777862548828,9.366666793823242,,,,
Canada,2011-03,"Index, 201612=100",units,87.4,92.3,89.0,Dollars,units,"Median total income,Both sexes,All age groups",2515.0,Dollars,unit,Average expenditure per household,649.25,1045.42,7.17,400.42,1165.08,261.42,1267.92,6137.17,14.67,Persons,unit,5520578.0,7512050.0,Persons,thousands,"Both sexes, All age groups, Seasonally adjusted",7850.14453125,8967.06640625,8504.1220703125,1981.5999755859375,12321.822265625,653.977783203125,Percentage,unit,"Both sexes, All age groups, Seasonally adjusted",59.411109924316406,65.66666412353516,9.744444847106934,,,,
Ontario,1999-10,"Index, 201612=100",units,60.36666666666666,80.13333333333333,64.98888888888888,,,,,,,,,,,,,,,,,Persons,unit,2043004.0,5086417.0,Persons,thousands,"Both sexes, All age groups, Seasonally adjusted",3638.933349609375,3037.2333984375,3855.683349609375,601.6500244140625,5582.0498046875,216.8000030517578,Percentage,unit,"Both sexes, All age groups, Seasonally adjusted",60.41666793823242,64.51667022705078,6.133333206176758,Number,unit,Total of all violations-Actual incidents,68433.5
Ontario,1999-01,"Index, 201612=100",units,59.47777777777779,80.04444444444444,64.26666666666668,,,,,,,,,,,,,,,,,Persons,unit,1580794.0,3527635.0,Persons,thousands,"Both sexes, All age groups, Seasonally adjusted",3551.5166015625,2926.86669921875,3792.11669921875,624.6500244140625,5513.41650390625,240.5833282470703,Percentage,unit,"Both sexes, All age groups, Seasonally adjusted",59.516666412353516,64.0999984741211,7.050000190734863,Number,unit,Total of all violations-Actual incidents,68433.5
Ontario,1999-04,"Index, 201612=100",units,59.55555555555556,79.92222222222222,64.32222222222222,,,,,,,,,,,,,,,,,Persons,unit,1942721.0,4679518.0,Persons,thousands,"Both sexes, All age groups, Seasonally adjusted",3580.533447265625,2967.033447265625,3846.050048828125,613.4833374023438,5533.7001953125,265.48333740234375,Percentage,unit,"Both sexes, All age groups, Seasonally adjusted",59.900001525878906,65.08333587646484,7.7833333015441895,Number,unit,Total of all violations-Actual incidents,68433.5
Ontario,1999-12,"Index, 201612=100",units,60.75555555555555,80.34444444444443,65.37777777777778,,,,,,,,,,,,,,,,,Persons,unit,1792181.0,4208879.0,Persons,thousands,"Both sexes, All age groups, Seasonally adjusted",3655.083251953125,3054.966552734375,3859.466552734375,600.0999755859375,5595.7666015625,204.38333129882812,Percentage,unit,"Both sexes, All age groups, Seasonally adjusted",60.56666564941406,64.4000015258789,5.816666603088379,Number,unit,Total of all violations-Actual incidents,68433.5
Ontario,1999-02,"Index, 201612=100",units,59.400000000000006,80.1,64.23333333333333,,,,,,,,,,,,,,,,,Persons,unit,1589029.0,3816470.0,Persons,thousands,"Both sexes, All age groups, Seasonally adjusted",3554.916748046875,2944.300048828125,3797.050048828125,610.6166381835938,5520.06689453125,242.13333129882812,Percentage,unit,"Both sexes, All age groups, Seasonally adjusted",59.46666717529297,64.11666870117188,7.183333396911621,Number,unit,Total of all violations-Actual incidents,68433.5
Ontario,1999-07,"Index, 201612=100",units,59.76666666666668,79.96666666666667,64.5,,,,,,,,,,,,,,,,,Persons,unit,2291362.0,7147522.0,Persons,thousands,"Both sexes, All age groups, Seasonally adjusted",3612.85009765625,3001.683349609375,3849.0166015625,611.1333618164062,5558.2333984375,236.1666717529297,Percentage,unit,"Both sexes, All age groups, Seasonally adjusted",60.233333587646484,64.76667022705078,6.816666603088379,Number,unit,Total of all violations-Actual incidents,68433.5
Ontario,1999-03,"Index, 201612=100",units,59.42222222222222,79.92222222222222,64.24444444444444,,,,,,,,,,,,,,,,,Persons,unit,2024971.0,4477610.0,Persons,thousands,"Both sexes, All age groups, Seasonally adjusted",3570.783447265625,2969.283447265625,3810.083251953125,601.4500122070312,5526.66650390625,239.3333282470703,Percentage,unit,"Both sexes, All age groups, Seasonally adjusted",59.71666717529297,64.3499984741211,7.150000095367432,Number,unit,Total of all violations-Actual incidents,68433.5
Ontario,1999-05,"Index, 201612=100",units,59.599999999999994,79.92222222222223,64.35555555555555,,,,,,,,,,,,,,,,,Persons,unit,2029048.0,5258443.0,Persons,thousands,"Both sexes, All age groups, Seasonally adjusted",3596.433349609375,2997.85009765625,3850.25,598.566650390625,5541.25,253.8000030517578,Percentage,unit,"Both sexes, All age groups, Seasonally adjusted",60.16666793823242,65.03333282470703,7.416666507720947,Number,unit,Total of all violations-Actual incidents,68433.5
Ontario,1999-08,"Index, 201612=100",units,60.111111111111114,80.1,64.80000000000001,,,,,,,,,,,,,,,,,Persons,unit,2461926.0,6972983.0,Persons,thousands,"Both sexes, All age groups, Seasonally adjusted",3621.88330078125,3009.7666015625,3838.566650390625,612.1166381835938,5567.0498046875,216.68333435058594,Percentage,unit,"Both sexes, All age groups, Seasonally adjusted",60.21666717529297,64.23332977294922,6.050000190734863,Number,unit,Total of all violations-Actual incidents,68433.5
Ontario,1999-11,"Index, 201612=100",units,60.62222222222223,80.34444444444443,65.26666666666668,,,,,,,,,,,,,,,,,Persons,unit,1878194.0,4460650.0,Persons,thousands,"Both sexes, All age groups, Seasonally adjusted",3633.39990234375,3048.816650390625,3842.166748046875,584.5833129882812,5589.08349609375,208.76666259765625,Percentage,unit,"Both sexes, All age groups, Seasonally adjusted",60.25,64.11666870117188,5.733333110809326,Number,unit,Total of all violations-Actual incidents,68433.5
Ontario,1999-06,"Index, 201612=100",units,59.611111111111114,79.92222222222222,64.36666666666666,,,,,,,,,,,,,,,,,Persons,unit,1783784.0,5485719.0,Persons,thousands,"Both sexes, All age groups, Seasonally adjusted",3593.533447265625,2992.183349609375,3824.5166015625,601.316650390625,5550.7001953125,230.98333740234375,Percentage,unit,"Both sexes, All age groups, Seasonally adjusted",59.93333435058594,64.31666564941406,6.75,Number,unit,Total of all violations-Actual incidents,68433.5
Ontario,1999-09,"Index, 201612=100",units,60.32222222222223,80.08888888888889,64.96666666666667,,,,,,,,,,,,,,,,,Persons,unit,2004546.0,5379367.0,Persons,thousands,"Both sexes, All age groups, Seasonally adjusted",3624.449951171875,3027.050048828125,3856.7666015625,597.4166870117188,5574.61669921875,232.3000030517578,Percentage,unit,"Both sexes, All age groups, Seasonally adjusted",60.266666412353516,64.66666412353516,6.599999904632568,Number,unit,Total of all violations-Actual incidents,68433.5
Prairie Region,2018-01,"Index, 201612=100",units,100.2,100.4,100.3,,,,,,,,,,,,,,,,,,,,,,,,,,,,,,,,,,,,,,,
Prairie Region,2018-04,"Index, 201612=100",units,99.5,100.5,99.9,,,,,,,,,,,,,,,,,,,,,,,,,,,,,,,,,,,,,,,
Prairie Region,2018-08,"Index, 201612=100",units,99.4,100.6,99.7,,,,,,,,,,,,,,,,,,,,,,,,,,,,,,,,,,,,,,,
Prairie Region,2018-02,"Index, 201612=100",units,99.8,100.4,100.0,,,,,,,,,,,,,,,,,,,,,,,,,,,,,,,,,,,,,,,
Prairie Region,2018-07,"Index, 201612=100",units,99.8,100.7,100.1,,,,,,,,,,,,,,,,,,,,,,,,,,,,,,,,,,,,,,,
Prairie Region,2018-09,"Index, 201612=100",units,99.2,100.6,99.7,,,,,,,,,,,,,,,,,,,,,,,,,,,,,,,,,,,,,,,
Prairie Region,2018-03,"Index, 201612=100",units,99.6,100.4,99.9,,,,,,,,,,,,,,,,,,,,,,,,,,,,,,,,,,,,,,,
Prairie Region,2018-05,"Index, 201612=100",units,99.5,100.5,99.8,,,,,,,,,,,,,,,,,,,,,,,,,,,,,,,,,,,,,,,
Prairie Region,2018-06,"Index, 201612=100",units,99.7,100.7,100.0,,,,,,,,,,,,,,,,,,,,,,,,,,,,,,,,,,,,,,,
