province,REF_DATE,uom_houseindex,scalar_houseindex,avg_house_only,avg_land_only,avg_totalhouseland,uom_income,scalar_income,statistic_income,avg_income,uom_expenditure,scalar_expenditure,statistic_expenditure,avg_food_expenditures,avg_income_taxes,avg_mortageinsurance,avg_mortagePaid,avg_accomodation,avg_rent,avg_shelter,avg_total_expenditure,avg_taxes_landregfees,uom_tourist,scalar_tourist,avg_international_tourism,avg_domestic_tourism,uom_labourforce,scalar_labourforce,statistic_labourforce,avg_employment,avg_fulltime,avg_labourforce,avg_parttime,avg_population,avg_unemployment,uom_lfperc,scalar_lfperc,statistic_labourforceperc,avg_employment_rate,avg_participationrate,avg_unemploymentrate,uom_crime,scalar_crime,statistic_crime,avg_crime_incidents
Atlantic Region,1999-10,"Index, 201612=100",units,64.3,58.3,62.9,,,,,,,,,,,,,,,,,,,,,,,,,,,,,,,,,,,,,,,
Atlantic Region,1999-01,"Index, 201612=100",units,62.8,58.1,61.7,,,,,,,,,,,,,,,,,,,,,,,,,,,,,,,,,,,,,,,
Atlantic Region,1999-12,"Index, 201612=100",units,64.3,58.3,62.9,,,,,,,,,,,,,,,,,,,,,,,,,,,,,,,,,,,,,,,
Atlantic Region,1999-11,"Index, 201612=100",units,64.2,58.3,62.8,,,,,,,,,,,,,,,,,,,,,,,,,,,,,,,,,,,,,,,
Atlantic Region,1999-09,"Index, 201612=100",units,64.0,58.1,62.6,,,,,,,,,,,,,,,,,,,,,,,,,,,,,,,,,,,,,,,
Atlantic Region,1999-08,"Index, 201612=100",units,63.9,58.1,62.5,,,,,,,,,,,,,,,,,,,,,,,,,,,,,,,,,,,,,,,
Atlantic Region,1999-05,"Index, 201612=100",units,62.9,58.1,61.8,,,,,,,,,,,,,,,,,,,,,,,,,,,,,,,,,,,,,,,
Atlantic Region,1999-04,"Index, 201612=100",units,62.8,58.1,61.7,,,,,,,,,,,,,,,,,,,,,,,,,,,,,,,,,,,,,,,
Atlantic Region,1999-06,"Index, 201612=100",units,63.2,58.1,62.0,,,,,,,,,,,,,,,,,,,,,,,,,,,,,,,,,,,,,,,
Atlantic Region,1999-03,"Index, 201612=100",units,62.9,58.1,61.7,,,,,,,,,,,,,,,,,,,,,,,,,,,,,,,,,,,,,,,
Atlantic Region,1999-07,"Index, 201612=100",units,63.5,58.1,62.2,,,,,,,,,,,,,,,,,,,,,,,,,,,,,,,,,,,,,,,
Atlantic Region,1999-02,"Index, 201612=100",units,62.8,58.1,61.7,,,,,,,,,,,,,,,,,,,,,,,,,,,,,,,,,,,,,,,
Atlantic Region,2007-10,"Index, 201612=100",units,82.7,73.8,80.7,,,,,,,,,,,,,,,,,,,,,,,,,,,,,,,,,,,,,,,
Atlantic Region,2007-03,"Index, 201612=100",units,79.1,71.4,77.3,,,,,,,,,,,,,,,,,,,,,,,,,,,,,,,,,,,,,,,
Atlantic Region,2007-12,"Index, 201612=100",units,84.2,75.3,82.1,,,,,,,,,,,,,,,,,,,,,,,,,,,,,,,,,,,,,,,
Atlantic Region,2007-06,"Index, 201612=100",units,81.3,72.4,79.2,,,,,,,,,,,,,,,,,,,,,,,,,,,,,,,,,,,,,,,
Atlantic Region,2007-05,"Index, 201612=100",units,81.3,72.4,79.2,,,,,,,,,,,,,,,,,,,,,,,,,,,,,,,,,,,,,,,
Atlantic Region,2007-07,"Index, 201612=100",units,81.6,73.0,79.6,,,,,,,,,,,,,,,,,,,,,,,,,,,,,,,,,,,,,,,
Atlantic Region,2007-08,"Index, 201612=100",units,82.0,73.5,80.0,,,,,,,,,,,,,,,,,,,,,,,,,,,,,,,,,,,,,,,
Atlantic Region,2007-11,"Index, 201612=100",units,83.9,74.9,81.8,,,,,,,,,,,,,,,,,,,,,,,,,,,,,,,,,,,,,,,
Atlantic Region,2007-09,"Index, 201612=100",units,82.5,73.5,80.4,,,,,,,,,,,,,,,,,,,,,,,,,,,,,,,,,,,,,,,
Atlantic Region,2007-02,"Index, 201612=100",units,79.1,71.2,77.2,,,,,,,,,,,,,,,,,,,,,,,,,,,,,,,,,,,,,,,
Atlantic Region,2007-01,"Index, 201612=100",units,79.3,71.2,77.3,,,,,,,,,,,,,,,,,,,,,,,,,,,,,,,,,,,,,,,
Atlantic Region,2007-04,"Index, 201612=100",units,79.5,71.2,77.5,,,,,,,,,,,,,,,,,,,,,,,,,,,,,,,,,,,,,,,
British Columbia,2002-08,"Index, 201612=100",units,85.40000000000002,76.16666666666667,79.93333333333334,Dollars,units,"Median total income,Both sexes,All age groups",1858.33,,,,,,,,,,,,,Persons,unit,831035.0,2160347.0,Persons,thousands,"Both sexes, All age groups, Seasonally adjusted",1265.4832763671875,996.9000244140625,1365.7166748046875,268.6166687011719,2017.300048828125,100.23332977294922,Percentage,unit,"Both sexes, All age groups, Seasonally adjusted",58.78333282470703,63.983333587646484,7.883333206176758,Number,unit,Total of all violations-Actual incidents,43168.5
British Columbia,2002-07,"Index, 201612=100",units,85.39999999999999,75.93333333333334,79.8,Dollars,units,"Median total income,Both sexes,All age groups",1858.33,,,,,,,,,,,,,Persons,unit,759494.0,2031923.0,Persons,thousands,"Both sexes, All age groups, Seasonally adjusted",1255.0833740234375,984.75,1362.0999755859375,270.3166809082031,2016.0167236328125,107.0,Percentage,unit,"Both sexes, All age groups, Seasonally adjusted",58.11666488647461,63.63333511352539,8.483333587646484,Number,unit,Total of all violations-Actual incidents,43168.5
British Columbia,2002-10,"Index, 201612=100",units,86.43333333333332,76.83333333333334,80.63333333333333,Dollars,units,"Median total income,Both sexes,All age groups",1858.33,,,,,,,,,,,,,Persons,unit,560549.0,1173562.0,Persons,thousands,"Both sexes, All age groups, Seasonally adjusted",1260.433349609375,977.1500244140625,1366.9666748046875,283.2833251953125,2019.433349609375,106.51667022705078,Percentage,unit,"Both sexes, All age groups, Seasonally adjusted",58.29999923706055,63.79999923706055,8.433333396911621,Number,unit,Total of all violations-Actual incidents,43168.5
British Columbia,2002-02,"Index, 201612=100",units,82.7,75.86666666666666,78.26666666666667,Dollars,units,"Median total income,Both sexes,All age groups",1858.33,,,,,,,,,,,,,Persons,unit,459438.0,1003179.0,Persons,thousands,"Both sexes, All age groups, Seasonally adjusted",1224.566650390625,962.0999755859375,1340.5999755859375,262.45001220703125,2007.38330078125,116.03333282470703,Percentage,unit,"Both sexes, All age groups, Seasonally adjusted",56.71666717529297,62.483333587646484,9.066666603088379,Number,unit,Total of all violations-Actual incidents,43168.5
British Columbia,2002-05,"Index, 201612=100",units,85.03333333333335,75.9,79.66666666666667,Dollars,units,"Median total income,Both sexes,All age groups",1858.33,,,,,,,,,,,,,Persons,unit,635325.0,1496569.0,Persons,thousands,"Both sexes, All age groups, Seasonally adjusted",1233.9832763671875,969.933349609375,1356.550048828125,264.04998779296875,2012.25,122.56666564941406,Percentage,unit,"Both sexes, All age groups, Seasonally adjusted",57.06666564941406,63.233333587646484,9.783333778381348,Number,unit,Total of all violations-Actual incidents,43168.5
British Columbia,2002-04,"Index, 201612=100",units,83.10000000000001,76.10000000000001,78.60000000000001,Dollars,units,"Median total income,Both sexes,All age groups",1858.33,,,,,,,,,,,,,Persons,unit,598473.0,1206790.0,Persons,thousands,"Both sexes, All age groups, Seasonally adjusted",1235.7667236328125,975.4500122070312,1352.5999755859375,260.3333435058594,2010.7833251953125,116.86666870117188,Percentage,unit,"Both sexes, All age groups, Seasonally adjusted",57.31666564941406,63.13333511352539,8.983333587646484,Number,unit,Total of all violations-Actual incidents,43168.5
British Columbia,2002-01,"Index, 201612=100",units,82.46666666666667,75.86666666666667,78.1,Dollars,units,"Median total income,Both sexes,All age groups",1858.33,,,,,,,,,,,,,Persons,unit,492654.0,986572.0,Persons,thousands,"Both sexes, All age groups, Seasonally adjusted",1230.13330078125,971.683349609375,1348.1666259765625,258.3999938964844,2005.9666748046875,118.08333587646484,Percentage,unit,"Both sexes, All age groups, Seasonally adjusted",57.06666564941406,63.016666412353516,9.316666603088379,Number,unit,Total of all violations-Actual incidents,43168.5
British Columbia,2002-12,"Index, 201612=100",units,86.73333333333333,76.73333333333333,80.73333333333333,Dollars,units,"Median total income,Both sexes,All age groups",1858.33,,,,,,,,,,,,,Persons,unit,509021.0,1113559.0,Persons,thousands,"Both sexes, All age groups, Seasonally adjusted",1251.8333740234375,965.2000122070312,1370.933349609375,286.6499938964844,2021.4000244140625,119.11666870117188,Percentage,unit,"Both sexes, All age groups, Seasonally adjusted",58.04999923706055,64.05000305175781,9.233333587646484,Number,unit,Total of all violations-Actual incidents,43168.5
British Columbia,2002-06,"Index, 201612=100",units,85.13333333333334,76.2,79.83333333333333,Dollars,units,"Median total income,Both sexes,All age groups",1858.33,,,,,,,,,,,,,Persons,unit,623218.0,1688449.0,Persons,thousands,"Both sexes, All age groups, Seasonally adjusted",1249.4166259765625,981.683349609375,1363.6500244140625,267.73333740234375,2014.11669921875,114.23332977294922,Percentage,unit,"Both sexes, All age groups, Seasonally adjusted",57.849998474121094,63.78333282470703,9.300000190734863,Number,unit,Total of all violations-Actual incidents,43168.5
British Columbia,2002-09,"Index, 201612=100",units,85.5,76.93333333333334,80.2,Dollars,units,"Median total income,Both sexes,All age groups",1858.33,,,,,,,,,,,,,Persons,unit,625047.0,1526092.0,Persons,thousands,"Both sexes, All age groups, Seasonally adjusted",1268.066650390625,995.0999755859375,1372.25,272.95001220703125,2018.38330078125,104.21666717529297,Percentage,unit,"Both sexes, All age groups, Seasonally adjusted",58.96666717529297,64.26667022705078,8.0,Number,unit,Total of all violations-Actual incidents,43168.5
British Columbia,2002-11,"Index, 201612=100",units,86.60000000000001,76.73333333333333,80.66666666666667,Dollars,units,"Median total income,Both sexes,All age groups",1858.33,,,,,,,,,,,,,Persons,unit,506835.0,1034186.0,Persons,thousands,"Both sexes, All age groups, Seasonally adjusted",1262.5333251953125,986.316650390625,1374.5333251953125,276.25,2020.5,111.98332977294922,Percentage,unit,"Both sexes, All age groups, Seasonally adjusted",58.46666717529297,64.21666717529297,8.733333587646484,Number,unit,Total of all violations-Actual incidents,43168.5
British Columbia,2002-03,"Index, 201612=100",units,82.96666666666667,75.86666666666667,78.43333333333334,Dollars,units,"Median total income,Both sexes,All age groups",1858.33,,,,,,,,,,,,,Persons,unit,596246.0,1203176.0,Persons,thousands,"Both sexes, All age groups, Seasonally adjusted",1226.933349609375,964.2333374023438,1347.4832763671875,262.70001220703125,2008.9166259765625,120.53333282470703,Percentage,unit,"Both sexes, All age groups, Seasonally adjusted",56.83333206176758,62.93333435058594,9.516666412353516,Number,unit,Total of all violations-Actual incidents,43168.5
British Columbia,2010-07,"Index, 201612=100",units,98.53333333333335,99.83333333333333,98.93333333333334,Dollars,units,"Median total income,Both sexes,All age groups",2349.17,Dollars,unit,Average expenditure per household,727.67,872.67,10.33,497.33,1263.75,287.25,1412.83,6236.75,27.83,Persons,unit,1233314.0,2317122.0,Persons,thousands,"Both sexes, All age groups, Seasonally adjusted",1425.316650390625,1108.88330078125,1539.88330078125,316.3999938964844,2245.7666015625,114.56666564941406,Percentage,unit,"Both sexes, All age groups, Seasonally adjusted",60.36666488647461,65.63333129882812,7.933333396911621,Number,unit,Total of all violations-Actual incidents,36524.83
British Columbia,2010-03,"Index, 201612=100",units,98.39999999999999,100.76666666666665,99.23333333333333,Dollars,units,"Median total income,Both sexes,All age groups",2349.17,Dollars,unit,Average expenditure per household,727.67,872.67,10.33,497.33,1263.75,287.25,1412.83,6236.75,27.83,Persons,unit,1018254.0,1453575.0,Persons,thousands,"Both sexes, All age groups, Seasonally adjusted",1419.0833740234375,1120.7833251953125,1531.5999755859375,298.26666259765625,2233.7666015625,112.51667022705078,Percentage,unit,"Both sexes, All age groups, Seasonally adjusted",60.599998474121094,65.83333587646484,7.816666603088379,Number,unit,Total of all violations-Actual incidents,36524.83
British Columbia,2010-10,"Index, 201612=100",units,98.10000000000001,99.33333333333333,98.56666666666666,Dollars,units,"Median total income,Both sexes,All age groups",2349.17,Dollars,unit,Average expenditure per household,727.67,872.67,10.33,497.33,1263.75,287.25,1412.83,6236.75,27.83,Persons,unit,1022094.0,1457827.0,Persons,thousands,"Both sexes, All age groups, Seasonally adjusted",1422.4000244140625,1117.566650390625,1532.699951171875,304.8500061035156,2252.64990234375,110.30000305175781,Percentage,unit,"Both sexes, All age groups, Seasonally adjusted",60.18333435058594,65.38333129882812,7.900000095367432,Number,unit,Total of all violations-Actual incidents,36524.83
British Columbia,2010-12,"Index, 201612=100",units,97.63333333333333,99.33333333333333,98.2,Dollars,units,"Median total income,Both sexes,All age groups",2349.17,Dollars,unit,Average expenditure per household,727.67,872.67,10.33,497.33,1263.75,287.25,1412.83,6236.75,27.83,Persons,unit,1065530.0,1519227.0,Persons,thousands,"Both sexes, All age groups, Seasonally adjusted",1421.7166748046875,1107.11669921875,1531.0833740234375,314.6333312988281,2255.316650390625,109.36666870117188,Percentage,unit,"Both sexes, All age groups, Seasonally adjusted",60.16666793823242,65.13333129882812,7.550000190734863,Number,unit,Total of all violations-Actual incidents,36524.83
British Columbia,2010-02,"Index, 201612=100",units,97.56666666666668,100.8,98.8,Dollars,units,"Median total income,Both sexes,All age groups",2349.17,Dollars,unit,Average expenditure per household,727.67,872.67,10.33,497.33,1263.75,287.25,1412.83,6236.75,27.83,Persons,unit,736792.0,1243232.0,Persons,thousands,"Both sexes, All age groups, Seasonally adjusted",1416.699951171875,1127.5333251953125,1529.5999755859375,289.1666564941406,2231.11669921875,112.9000015258789,Percentage,unit,"Both sexes, All age groups, Seasonally adjusted",60.58333206176758,65.81666564941406,7.833333492279053,Number,unit,Total of all violations-Actual incidents,36524.83
British Columbia,2010-05,"Index, 201612=100",units,98.93333333333334,100.66666666666667,99.56666666666666,Dollars,units,"Median total income,Both sexes,All age groups",2349.17,Dollars,unit,Average expenditure per household,727.67,872.67,10.33,497.33,1263.75,287.25,1412.83,6236.75,27.83,Persons,unit,1093572.0,1780597.0,Persons,thousands,"Both sexes, All age groups, Seasonally adjusted",1412.5167236328125,1115.86669921875,1523.7667236328125,296.6499938964844,2239.550048828125,111.19999694824219,Percentage,unit,"Both sexes, All age groups, Seasonally adjusted",59.93333435058594,65.23332977294922,7.983333110809326,Number,unit,Total of all violations-Actual incidents,36524.83
British Columbia,2010-09,"Index, 201612=100",units,97.93333333333334,99.83333333333333,98.60000000000001,Dollars,units,"Median total income,Both sexes,All age groups",2349.17,Dollars,unit,Average expenditure per household,727.67,872.67,10.33,497.33,1263.75,287.25,1412.83,6236.75,27.83,Persons,unit,1085637.0,1835042.0,Persons,thousands,"Both sexes, All age groups, Seasonally adjusted",1418.0833740234375,1115.183349609375,1530.38330078125,302.8833312988281,2250.85009765625,112.31666564941406,Percentage,unit,"Both sexes, All age groups, Seasonally adjusted",59.900001525878906,65.21666717529297,8.133333206176758,Number,unit,Total of all violations-Actual incidents,36524.83
British Columbia,2010-08,"Index, 201612=100",units,98.53333333333335,99.83333333333333,98.96666666666665,Dollars,units,"Median total income,Both sexes,All age groups",2349.17,Dollars,unit,Average expenditure per household,727.67,872.67,10.33,497.33,1263.75,287.25,1412.83,6236.75,27.83,Persons,unit,1389761.0,2410666.0,Persons,thousands,"Both sexes, All age groups, Seasonally adjusted",1427.0167236328125,1127.949951171875,1535.550048828125,299.0833435058594,2248.75,108.53333282470703,Percentage,unit,"Both sexes, All age groups, Seasonally adjusted",60.349998474121094,65.51667022705078,7.800000190734863,Number,unit,Total of all violations-Actual incidents,36524.83
British Columbia,2010-11,"Index, 201612=100",units,97.73333333333333,99.33333333333333,98.3,Dollars,units,"Median total income,Both sexes,All age groups",2349.17,Dollars,unit,Average expenditure per household,727.67,872.67,10.33,497.33,1263.75,287.25,1412.83,6236.75,27.83,Persons,unit,989743.0,1337751.0,Persons,thousands,"Both sexes, All age groups, Seasonally adjusted",1429.0167236328125,1109.0833740234375,1531.63330078125,319.9333190917969,2254.216552734375,102.5999984741211,Percentage,unit,"Both sexes, All age groups, Seasonally adjusted",60.58333206176758,65.19999694824219,6.949999809265137,Number,unit,Total of all violations-Actual incidents,36524.83
British Columbia,2010-06,"Index, 201612=100",units,98.76666666666667,100.66666666666667,99.46666666666665,Dollars,units,"Median total income,Both sexes,All age groups",2349.17,Dollars,unit,Average expenditure per household,727.67,872.67,10.33,497.33,1263.75,287.25,1412.83,6236.75,27.83,Persons,unit,957367.0,1823311.0,Persons,thousands,"Both sexes, All age groups, Seasonally adjusted",1418.4000244140625,1125.13330078125,1533.4000244140625,293.26666259765625,2243.033447265625,115.0,Percentage,unit,"Both sexes, All age groups, Seasonally adjusted",60.11666488647461,65.53333282470703,8.149999618530273,Number,unit,Total of all violations-Actual incidents,36524.83
British Columbia,2010-04,"Index, 201612=100",units,98.86666666666667,100.7,99.5,Dollars,units,"Median total income,Both sexes,All age groups",2349.17,Dollars,unit,Average expenditure per household,727.67,872.67,10.33,497.33,1263.75,287.25,1412.83,6236.75,27.83,Persons,unit,1044586.0,1496564.0,Persons,thousands,"Both sexes, All age groups, Seasonally adjusted",1416.683349609375,1123.5999755859375,1526.11669921875,293.0666809082031,2236.716552734375,109.43333435058594,Percentage,unit,"Both sexes, All age groups, Seasonally adjusted",60.31666564941406,65.56666564941406,7.866666793823242,Number,unit,Total of all violations-Actual incidents,36524.83
British Columbia,2010-01,"Index, 201612=100",units,97.03333333333335,100.8,98.46666666666665,Dollars,units,"Median total income,Both sexes,All age groups",2349.17,Dollars,unit,Average expenditure per household,727.67,872.67,10.33,497.33,1263.75,287.25,1412.83,6236.75,27.83,Persons,unit,855023.0,1219910.0,Persons,thousands,"Both sexes, All age groups, Seasonally adjusted",1409.4166259765625,1111.7833251953125,1529.86669921875,297.6333312988281,2228.5166015625,120.46666717529297,Percentage,unit,"Both sexes, All age groups, Seasonally adjusted",60.25,65.94999694824219,8.533333778381348,Number,unit,Total of all violations-Actual incidents,36524.83
British Columbia,2012-12,"Index, 201612=100",units,94.46666666666665,99.36666666666667,96.03333333333335,Dollars,units,"Median total income,Both sexes,All age groups",2497.5,Dollars,unit,Average expenditure per household,703.17,869.42,7.67,503.42,1349.58,356.33,1518.42,6321.33,23.0,Persons,unit,1344990.0,1800880.0,Persons,thousands,"Both sexes, All age groups, Seasonally adjusted",1439.800048828125,1145.8499755859375,1539.7667236328125,293.9166564941406,2297.283447265625,99.96666717529297,Percentage,unit,"Both sexes, All age groups, Seasonally adjusted",59.66666793823242,64.4000015258789,7.333333492279053,Number,unit,Total of all violations-Actual incidents,34331.25
British Columbia,2012-04,"Index, 201612=100",units,95.60000000000001,99.43333333333332,96.89999999999999,Dollars,units,"Median total income,Both sexes,All age groups",2497.5,Dollars,unit,Average expenditure per household,703.17,869.42,7.67,503.42,1349.58,356.33,1518.42,6321.33,23.0,Persons,unit,1421417.0,1864823.0,Persons,thousands,"Both sexes, All age groups, Seasonally adjusted",1449.13330078125,1145.4832763671875,1550.11669921875,303.6333312988281,2282.933349609375,100.96666717529297,Percentage,unit,"Both sexes, All age groups, Seasonally adjusted",60.63333511352539,65.28333282470703,7.150000095367432,Number,unit,Total of all violations-Actual incidents,34331.25
British Columbia,2012-07,"Index, 201612=100",units,95.53333333333335,99.56666666666666,96.86666666666667,Dollars,units,"Median total income,Both sexes,All age groups",2497.5,Dollars,unit,Average expenditure per household,703.17,869.42,7.67,503.42,1349.58,356.33,1518.42,6321.33,23.0,Persons,unit,1645129.0,2672298.0,Persons,thousands,"Both sexes, All age groups, Seasonally adjusted",1440.550048828125,1145.0333251953125,1543.11669921875,295.5,2289.566650390625,102.58333587646484,Percentage,unit,"Both sexes, All age groups, Seasonally adjusted",59.983333587646484,64.80000305175781,7.516666889190674,Number,unit,Total of all violations-Actual incidents,34331.25
British Columbia,2012-01,"Index, 201612=100",units,96.26666666666667,99.7,97.33333333333333,Dollars,units,"Median total income,Both sexes,All age groups",2497.5,Dollars,unit,Average expenditure per household,703.17,869.42,7.67,503.42,1349.58,356.33,1518.42,6321.33,23.0,Persons,unit,1138671.0,1503349.0,Persons,thousands,"Both sexes, All age groups, Seasonally adjusted",1436.0999755859375,1135.316650390625,1541.2166748046875,300.76666259765625,2277.216552734375,105.11666870117188,Percentage,unit,"Both sexes, All age groups, Seasonally adjusted",60.04999923706055,65.0,7.616666793823242,Number,unit,Total of all violations-Actual incidents,34331.25
British Columbia,2012-02,"Index, 201612=100",units,96.06666666666666,99.7,97.23333333333333,Dollars,units,"Median total income,Both sexes,All age groups",2497.5,Dollars,unit,Average expenditure per household,703.17,869.42,7.67,503.42,1349.58,356.33,1518.42,6321.33,23.0,Persons,unit,1143460.0,1533912.0,Persons,thousands,"Both sexes, All age groups, Seasonally adjusted",1439.316650390625,1143.066650390625,1544.5,296.2833251953125,2278.716552734375,105.1500015258789,Percentage,unit,"Both sexes, All age groups, Seasonally adjusted",60.04999923706055,65.01667022705078,7.7166666984558105,Number,unit,Total of all violations-Actual incidents,34331.25
British Columbia,2012-10,"Index, 201612=100",units,95.39999999999999,99.36666666666667,96.7,Dollars,units,"Median total income,Both sexes,All age groups",2497.5,Dollars,unit,Average expenditure per household,703.17,869.42,7.67,503.42,1349.58,356.33,1518.42,6321.33,23.0,Persons,unit,1297909.0,1719736.0,Persons,thousands,"Both sexes, All age groups, Seasonally adjusted",1447.0167236328125,1147.0,1547.449951171875,300.04998779296875,2294.2333984375,100.43333435058594,Percentage,unit,"Both sexes, All age groups, Seasonally adjusted",60.11666488647461,64.81666564941406,7.366666793823242,Number,unit,Total of all violations-Actual incidents,34331.25
British Columbia,2012-09,"Index, 201612=100",units,95.09999999999998,99.36666666666667,96.5,Dollars,units,"Median total income,Both sexes,All age groups",2497.5,Dollars,unit,Average expenditure per household,703.17,869.42,7.67,503.42,1349.58,356.33,1518.42,6321.33,23.0,Persons,unit,1463478.0,2203208.0,Persons,thousands,"Both sexes, All age groups, Seasonally adjusted",1450.816650390625,1160.1500244140625,1552.86669921875,290.70001220703125,2292.63330078125,102.06666564941406,Percentage,unit,"Both sexes, All age groups, Seasonally adjusted",60.43333435058594,65.21666717529297,7.4666666984558105,Number,unit,Total of all violations-Actual incidents,34331.25
British Columbia,2012-05,"Index, 201612=100",units,95.26666666666667,99.53333333333335,96.66666666666667,Dollars,units,"Median total income,Both sexes,All age groups",2497.5,Dollars,unit,Average expenditure per household,703.17,869.42,7.67,503.42,1349.58,356.33,1518.42,6321.33,23.0,Persons,unit,1455804.0,2133695.0,Persons,thousands,"Both sexes, All age groups, Seasonally adjusted",1444.7332763671875,1145.5,1550.86669921875,299.2166748046875,2285.0,106.13333129882812,Percentage,unit,"Both sexes, All age groups, Seasonally adjusted",60.11666488647461,65.1500015258789,7.766666889190674,Number,unit,Total of all violations-Actual incidents,34331.25
British Columbia,2012-03,"Index, 201612=100",units,95.66666666666667,99.43333333333334,96.89999999999999,Dollars,units,"Median total income,Both sexes,All age groups",2497.5,Dollars,unit,Average expenditure per household,703.17,869.42,7.67,503.42,1349.58,356.33,1518.42,6321.33,23.0,Persons,unit,1441356.0,1870077.0,Persons,thousands,"Both sexes, All age groups, Seasonally adjusted",1443.1666259765625,1141.0167236328125,1549.683349609375,302.1833190917969,2280.466552734375,106.51667022705078,Percentage,unit,"Both sexes, All age groups, Seasonally adjusted",60.233333587646484,65.26667022705078,7.75,Number,unit,Total of all violations-Actual incidents,34331.25
British Columbia,2012-08,"Index, 201612=100",units,95.43333333333334,99.36666666666667,96.7,Dollars,units,"Median total income,Both sexes,All age groups",2497.5,Dollars,unit,Average expenditure per household,703.17,869.42,7.67,503.42,1349.58,356.33,1518.42,6321.33,23.0,Persons,unit,1776129.0,2818475.0,Persons,thousands,"Both sexes, All age groups, Seasonally adjusted",1449.0167236328125,1157.7166748046875,1548.0999755859375,291.3166809082031,2291.166748046875,99.0999984741211,Percentage,unit,"Both sexes, All age groups, Seasonally adjusted",60.400001525878906,64.9000015258789,7.0333333015441895,Number,unit,Total of all violations-Actual incidents,34331.25
British Columbia,2012-11,"Index, 201612=100",units,94.83333333333333,99.36666666666667,96.26666666666667,Dollars,units,"Median total income,Both sexes,All age groups",2497.5,Dollars,unit,Average expenditure per household,703.17,869.42,7.67,503.42,1349.58,356.33,1518.42,6321.33,23.0,Persons,unit,1255045.0,1609200.0,Persons,thousands,"Both sexes, All age groups, Seasonally adjusted",1442.4000244140625,1149.0999755859375,1546.61669921875,293.29998779296875,2295.816650390625,104.21666717529297,Percentage,unit,"Both sexes, All age groups, Seasonally adjusted",59.93333435058594,64.8499984741211,7.583333492279053,Number,unit,Total of all violations-Actual incidents,34331.25
British Columbia,2012-06,"Index, 201612=100",units,95.60000000000001,99.56666666666666,96.86666666666666,Dollars,units,"Median total income,Both sexes,All age groups",2497.5,Dollars,unit,Average expenditure per household,703.17,869.42,7.67,503.42,1349.58,356.33,1518.42,6321.33,23.0,Persons,unit,1353413.0,2236866.0,Persons,thousands,"Both sexes, All age groups, Seasonally adjusted",1444.0,1143.316650390625,1545.7667236328125,300.70001220703125,2287.25,101.75,Percentage,unit,"Both sexes, All age groups, Seasonally adjusted",60.016666412353516,64.76667022705078,7.400000095367432,Number,unit,Total of all violations-Actual incidents,34331.25
