province,REF_DATE,uom_houseindex,scalar_houseindex,avg_house_only,avg_land_only,avg_totalhouseland,uom_income,scalar_income,statistic_income,avg_income,uom_expenditure,scalar_expenditure,statistic_expenditure,avg_food_expenditures,avg_income_taxes,avg_mortageinsurance,avg_mortagePaid,avg_accomodation,avg_rent,avg_shelter,avg_total_expenditure,avg_taxes_landregfees,uom_tourist,scalar_tourist,avg_international_tourism,avg_domestic_tourism,uom_labourforce,scalar_labourforce,statistic_labourforce,avg_employment,avg_fulltime,avg_labourforce,avg_parttime,avg_population,avg_unemployment,uom_lfperc,scalar_lfperc,statistic_labourforceperc,avg_employment_rate,avg_participationrate,avg_unemploymentrate,uom_crime,scalar_crime,statistic_crime,avg_crime_incidents
New Brunswick,1984-02,"Index, 201612=100",units,68.3,46.9,63.2,,,,,,,,,,,,,,,,,Persons,unit,303022.0,447382.0,Persons,thousands,"Both sexes, All age groups, Seasonally adjusted",158.6666717529297,134.13333129882812,183.26666259765625,24.53333282470703,322.79998779296875,24.600000381469727,Percentage,unit,"Both sexes, All age groups, Seasonally adjusted",46.06666564941406,53.53333282470703,13.233333587646484,,,,
New Brunswick,1984-09,"Index, 201612=100",units,69.2,48.8,64.4,,,,,,,,,,,,,,,,,Persons,unit,386302.0,603509.0,Persons,thousands,"Both sexes, All age groups, Seasonally adjusted",160.5833282470703,135.93333435058594,189.56666564941406,24.633333206176758,325.5833435058594,29.03333282470703,Percentage,unit,"Both sexes, All age groups, Seasonally adjusted",46.21666717529297,55.0,15.0,,,,
New Brunswick,1984-07,"Index, 201612=100",units,69.2,48.8,64.4,,,,,,,,,,,,,,,,,Persons,unit,487613.0,817514.0,Persons,thousands,"Both sexes, All age groups, Seasonally adjusted",160.8000030517578,136.31666564941406,186.61666870117188,24.5,324.9166564941406,25.83333396911621,Percentage,unit,"Both sexes, All age groups, Seasonally adjusted",46.28333282470703,53.983333587646484,13.483333587646484,,,,
New Brunswick,1984-08,"Index, 201612=100",units,69.2,48.8,64.4,,,,,,,,,,,,,,,,,Persons,unit,474738.0,783365.0,Persons,thousands,"Both sexes, All age groups, Seasonally adjusted",161.38333129882812,137.03334045410156,187.96665954589844,24.33333396911621,325.26666259765625,26.600000381469727,Percentage,unit,"Both sexes, All age groups, Seasonally adjusted",46.599998474121094,54.53333282470703,13.649999618530273,,,,
New Brunswick,1984-06,"Index, 201612=100",units,69.2,48.8,64.4,,,,,,,,,,,,,,,,,Persons,unit,436085.0,663980.0,Persons,thousands,"Both sexes, All age groups, Seasonally adjusted",160.9166717529297,136.31666564941406,187.14999389648438,24.616666793823242,324.51666259765625,26.266666412353516,Percentage,unit,"Both sexes, All age groups, Seasonally adjusted",46.43333435058594,54.349998474121094,13.75,,,,
New Brunswick,1984-01,"Index, 201612=100",units,66.0,43.0,60.5,,,,,,,,,,,,,,,,,Persons,unit,296650.0,440832.0,Persons,thousands,"Both sexes, All age groups, Seasonally adjusted",157.31666564941406,133.38333129882812,182.0500030517578,23.950000762939453,322.4333190917969,24.700000762939453,Percentage,unit,"Both sexes, All age groups, Seasonally adjusted",45.650001525878906,53.16666793823242,13.416666984558105,,,,
New Brunswick,1984-12,"Index, 201612=100",units,71.3,51.2,66.6,,,,,,,,,,,,,,,,,Persons,unit,359556.0,531033.0,Persons,thousands,"Both sexes, All age groups, Seasonally adjusted",160.26666259765625,136.39999389648438,187.61666870117188,23.883333206176758,326.4166564941406,27.366666793823242,Percentage,unit,"Both sexes, All age groups, Seasonally adjusted",45.93333435058594,54.099998474121094,14.116666793823242,,,,
New Brunswick,1984-10,"Index, 201612=100",units,69.2,48.8,64.4,,,,,,,,,,,,,,,,,Persons,unit,368152.0,556020.0,Persons,thousands,"Both sexes, All age groups, Seasonally adjusted",160.73333740234375,137.1999969482422,187.76666259765625,23.516666412353516,325.8999938964844,27.016666412353516,Percentage,unit,"Both sexes, All age groups, Seasonally adjusted",46.13333511352539,54.266666412353516,14.133333206176758,,,,
New Brunswick,1984-11,"Index, 201612=100",units,71.3,51.2,66.6,,,,,,,,,,,,,,,,,Persons,unit,338330.0,505874.0,Persons,thousands,"Both sexes, All age groups, Seasonally adjusted",160.5,136.81666564941406,187.75,23.683332443237305,326.23333740234375,27.25,Percentage,unit,"Both sexes, All age groups, Seasonally adjusted",46.099998474121094,54.21666717529297,14.166666984558105,,,,
New Brunswick,1984-04,"Index, 201612=100",units,69.2,48.8,64.4,,,,,,,,,,,,,,,,,Persons,unit,384939.0,558360.0,Persons,thousands,"Both sexes, All age groups, Seasonally adjusted",159.1999969482422,134.0500030517578,183.76666259765625,25.149999618530273,323.6333312988281,24.600000381469727,Percentage,unit,"Both sexes, All age groups, Seasonally adjusted",46.16666793823242,53.68333435058594,13.216666221618652,,,,
New Brunswick,1984-05,"Index, 201612=100",units,69.2,48.8,64.4,,,,,,,,,,,,,,,,,Persons,unit,414596.0,606922.0,Persons,thousands,"Both sexes, All age groups, Seasonally adjusted",160.26666259765625,136.3333282470703,186.88333129882812,23.933332443237305,324.04998779296875,26.616666793823242,Percentage,unit,"Both sexes, All age groups, Seasonally adjusted",46.41666793823242,54.45000076293945,13.966666221618652,,,,
New Brunswick,1984-03,"Index, 201612=100",units,69.2,48.8,64.4,,,,,,,,,,,,,,,,,Persons,unit,350942.0,502996.0,Persons,thousands,"Both sexes, All age groups, Seasonally adjusted",157.48333740234375,132.88333129882812,182.21665954589844,24.58333396911621,323.1333312988281,24.733333587646484,Percentage,unit,"Both sexes, All age groups, Seasonally adjusted",45.599998474121094,53.150001525878906,13.483333587646484,,,,
Prairie Region,1986-09,"Index, 201612=100",units,31.4,25.4,29.8,,,,,,,,,,,,,,,,,,,,,,,,,,,,,,,,,,,,,,,
Prairie Region,1986-05,"Index, 201612=100",units,31.1,25.1,29.4,,,,,,,,,,,,,,,,,,,,,,,,,,,,,,,,,,,,,,,
Prairie Region,1986-03,"Index, 201612=100",units,30.9,25.0,29.3,,,,,,,,,,,,,,,,,,,,,,,,,,,,,,,,,,,,,,,
Prairie Region,1986-02,"Index, 201612=100",units,30.7,24.9,29.1,,,,,,,,,,,,,,,,,,,,,,,,,,,,,,,,,,,,,,,
Prairie Region,1986-12,"Index, 201612=100",units,31.7,25.5,30.0,,,,,,,,,,,,,,,,,,,,,,,,,,,,,,,,,,,,,,,
Prairie Region,1986-01,"Index, 201612=100",units,30.3,24.8,28.8,,,,,,,,,,,,,,,,,,,,,,,,,,,,,,,,,,,,,,,
Prairie Region,1986-07,"Index, 201612=100",units,31.2,25.3,29.6,,,,,,,,,,,,,,,,,,,,,,,,,,,,,,,,,,,,,,,
Prairie Region,1986-10,"Index, 201612=100",units,31.4,25.4,29.8,,,,,,,,,,,,,,,,,,,,,,,,,,,,,,,,,,,,,,,
Prairie Region,1986-11,"Index, 201612=100",units,31.5,25.6,29.9,,,,,,,,,,,,,,,,,,,,,,,,,,,,,,,,,,,,,,,
Prairie Region,1986-06,"Index, 201612=100",units,31.2,25.2,29.5,,,,,,,,,,,,,,,,,,,,,,,,,,,,,,,,,,,,,,,
Prairie Region,1986-08,"Index, 201612=100",units,31.3,25.3,29.6,,,,,,,,,,,,,,,,,,,,,,,,,,,,,,,,,,,,,,,
Prairie Region,1986-04,"Index, 201612=100",units,31.0,25.0,29.3,,,,,,,,,,,,,,,,,,,,,,,,,,,,,,,,,,,,,,,
