province,REF_DATE,uom_houseindex,scalar_houseindex,avg_house_only,avg_land_only,avg_totalhouseland,uom_income,scalar_income,statistic_income,avg_income,uom_expenditure,scalar_expenditure,statistic_expenditure,avg_food_expenditures,avg_income_taxes,avg_mortageinsurance,avg_mortagePaid,avg_accomodation,avg_rent,avg_shelter,avg_total_expenditure,avg_taxes_landregfees,uom_tourist,scalar_tourist,avg_international_tourism,avg_domestic_tourism,uom_labourforce,scalar_labourforce,statistic_labourforce,avg_employment,avg_fulltime,avg_labourforce,avg_parttime,avg_population,avg_unemployment,uom_lfperc,scalar_lfperc,statistic_labourforceperc,avg_employment_rate,avg_participationrate,avg_unemploymentrate,uom_crime,scalar_crime,statistic_crime,avg_crime_incidents
Canada,2003-05,"Index, 201612=100",units,62.7,69.4,64.5,Dollars,units,"Median total income,Both sexes,All age groups",1966.67,,,,,,,,,,,,,Persons,unit,3147709.0,7042900.0,Persons,thousands,"Both sexes, All age groups, Seasonally adjusted",7081.33349609375,8187.2666015625,7680.822265625,1750.61669921875,11063.1552734375,599.477783203125,Percentage,unit,"Both sexes, All age groups, Seasonally adjusted",59.13333511352539,65.23332977294922,9.344444274902344,,,,
Canada,2003-03,"Index, 201612=100",units,62.0,69.1,63.9,Dollars,units,"Median total income,Both sexes,All age groups",1966.67,,,,,,,,,,,,,Persons,unit,3397649.0,6597099.0,Persons,thousands,"Both sexes, All age groups, Seasonally adjusted",7086.25537109375,8180.64990234375,7651.33349609375,1763.800048828125,11036.4111328125,565.066650390625,Percentage,unit,"Both sexes, All age groups, Seasonally adjusted",59.43333435058594,65.18888854980469,8.922222137451172,,,,
Canada,2003-10,"Index, 201612=100",units,64.3,70.0,65.8,Dollars,units,"Median total income,Both sexes,All age groups",1966.67,,,,,,,,,,,,,Persons,unit,3210134.0,6989009.0,Persons,thousands,"Both sexes, All age groups, Seasonally adjusted",7153.2109375,8268.5498046875,7736.2109375,1768.1666259765625,11130.5107421875,583.0,Percentage,unit,"Both sexes, All age groups, Seasonally adjusted",59.31111145019531,65.31111145019531,9.199999809265137,,,,
Canada,2003-08,"Index, 201612=100",units,63.6,69.7,65.2,Dollars,units,"Median total income,Both sexes,All age groups",1966.67,,,,,,,,,,,,,Persons,unit,4416853.0,1.0676971E7,Persons,thousands,"Both sexes, All age groups, Seasonally adjusted",7118.60009765625,8206.716796875,7720.33349609375,1780.8333740234375,11103.544921875,601.7222290039062,Percentage,unit,"Both sexes, All age groups, Seasonally adjusted",59.22222137451172,65.36666870117188,9.399999618530273,,,,
Canada,2003-11,"Index, 201612=100",units,64.9,70.0,66.3,Dollars,units,"Median total income,Both sexes,All age groups",1966.67,,,,,,,,,,,,,Persons,unit,3039982.0,6148062.0,Persons,thousands,"Both sexes, All age groups, Seasonally adjusted",7173.5224609375,8284.43359375,7747.45556640625,1778.7166748046875,11141.8662109375,573.933349609375,Percentage,unit,"Both sexes, All age groups, Seasonally adjusted",59.46666717529297,65.36666870117188,9.01111125946045,,,,
Canada,2003-06,"Index, 201612=100",units,62.9,69.5,64.7,Dollars,units,"Median total income,Both sexes,All age groups",1966.67,,,,,,,,,,,,,Persons,unit,3192578.0,7970045.0,Persons,thousands,"Both sexes, All age groups, Seasonally adjusted",7102.0224609375,8182.38330078125,7683.07763671875,1783.9666748046875,11078.9111328125,581.0555419921875,Percentage,unit,"Both sexes, All age groups, Seasonally adjusted",59.22222137451172,65.16666412353516,9.11111068725586,,,,
Canada,2003-01,"Index, 201612=100",units,61.5,69.1,63.4,Dollars,units,"Median total income,Both sexes,All age groups",1966.67,,,,,,,,,,,,,Persons,unit,3069626.0,6171835.0,Persons,thousands,"Both sexes, All age groups, Seasonally adjusted",7060.4443359375,8151.66650390625,7628.33349609375,1761.2332763671875,11014.455078125,567.888916015625,Percentage,unit,"Both sexes, All age groups, Seasonally adjusted",59.17777633666992,65.03333282470703,9.022222518920898,,,,
Canada,2003-04,"Index, 201612=100",units,62.3,69.2,64.1,Dollars,units,"Median total income,Both sexes,All age groups",1966.67,,,,,,,,,,,,,Persons,unit,2916962.0,6042498.0,Persons,thousands,"Both sexes, All age groups, Seasonally adjusted",7085.84423828125,8185.18310546875,7671.33349609375,1758.4000244140625,11051.177734375,585.5,Percentage,unit,"Both sexes, All age groups, Seasonally adjusted",59.32222366333008,65.33333587646484,9.300000190734863,,,,
Canada,2003-12,"Index, 201612=100",units,65.1,70.1,66.5,Dollars,units,"Median total income,Both sexes,All age groups",1966.67,,,,,,,,,,,,,Persons,unit,2944666.0,6168017.0,Persons,thousands,"Both sexes, All age groups, Seasonally adjusted",7191.2333984375,8307.4169921875,7759.3779296875,1779.61669921875,11152.244140625,568.1333618164062,Percentage,unit,"Both sexes, All age groups, Seasonally adjusted",59.5444450378418,65.47777557373047,9.088889122009277,,,,
Canada,2003-07,"Index, 201612=100",units,63.2,69.5,64.9,Dollars,units,"Median total income,Both sexes,All age groups",1966.67,,,,,,,,,,,,,Persons,unit,3957726.0,1.0040356E7,Persons,thousands,"Both sexes, All age groups, Seasonally adjusted",7115.888671875,8211.9833984375,7702.0,1773.6666259765625,11091.5556640625,586.0888671875,Percentage,unit,"Both sexes, All age groups, Seasonally adjusted",59.233333587646484,65.27777862548828,9.222222328186035,,,,
Canada,2003-02,"Index, 201612=100",units,62.0,69.1,63.8,Dollars,units,"Median total income,Both sexes,All age groups",1966.67,,,,,,,,,,,,,Persons,unit,2707282.0,5700575.0,Persons,thousands,"Both sexes, All age groups, Seasonally adjusted",7085.7109375,8167.63330078125,7654.81103515625,1777.2833251953125,11024.6337890625,569.0999755859375,Percentage,unit,"Both sexes, All age groups, Seasonally adjusted",59.43333435058594,65.32221984863281,9.05555534362793,,,,
Canada,2003-09,"Index, 201612=100",units,63.9,69.9,65.5,Dollars,units,"Median total income,Both sexes,All age groups",1966.67,,,,,,,,,,,,,Persons,unit,3223663.0,7504353.0,Persons,thousands,"Both sexes, All age groups, Seasonally adjusted",7131.36669921875,8205.7998046875,7737.07763671875,1799.7332763671875,11118.578125,605.6889038085938,Percentage,unit,"Both sexes, All age groups, Seasonally adjusted",59.22222137451172,65.47777557373047,9.55555534362793,,,,
Manitoba,1982-01,"Index, 201612=100",units,33.6,19.0,29.4,,,,,,,,,,,,,,,,,Persons,unit,60649.0,94735.0,Persons,thousands,"Both sexes, All age groups, Seasonally adjusted",287.98333740234375,240.88333129882812,307.8833312988281,47.099998474121094,463.23333740234375,19.91666603088379,Percentage,unit,"Both sexes, All age groups, Seasonally adjusted",59.70000076293945,64.08333587646484,6.516666889190674,,,,
Manitoba,1982-07,"Index, 201612=100",units,33.9,21.2,30.2,,,,,,,,,,,,,,,,,Persons,unit,128615.0,274177.0,Persons,thousands,"Both sexes, All age groups, Seasonally adjusted",286.3833312988281,233.93333435058594,311.23333740234375,52.46666717529297,466.6333312988281,24.866666793823242,Percentage,unit,"Both sexes, All age groups, Seasonally adjusted",58.849998474121094,64.30000305175781,8.066666603088379,,,,
Manitoba,1982-10,"Index, 201612=100",units,34.0,21.2,30.3,,,,,,,,,,,,,,,,,Persons,unit,84360.0,141982.0,Persons,thousands,"Both sexes, All age groups, Seasonally adjusted",283.98333740234375,232.0500030517578,313.5666809082031,51.93333435058594,468.8666687011719,29.58333396911621,Percentage,unit,"Both sexes, All age groups, Seasonally adjusted",57.983333587646484,64.44999694824219,9.683333396911621,,,,
Manitoba,1982-08,"Index, 201612=100",units,34.2,21.2,30.4,,,,,,,,,,,,,,,,,Persons,unit,131104.0,246315.0,Persons,thousands,"Both sexes, All age groups, Seasonally adjusted",283.8833312988281,231.85000610351562,311.9666748046875,52.04999923706055,467.51666259765625,28.08333396911621,Percentage,unit,"Both sexes, All age groups, Seasonally adjusted",58.20000076293945,64.31666564941406,8.966666221618652,,,,
Manitoba,1982-12,"Index, 201612=100",units,33.6,21.2,30.0,,,,,,,,,,,,,,,,,Persons,unit,67596.0,109243.0,Persons,thousands,"Both sexes, All age groups, Seasonally adjusted",284.26666259765625,233.39999389648438,316.6833190917969,50.86666488647461,469.8999938964844,32.38333511352539,Percentage,unit,"Both sexes, All age groups, Seasonally adjusted",57.88333511352539,64.78333282470703,10.100000381469727,,,,
Manitoba,1982-06,"Index, 201612=100",units,33.9,21.2,30.2,,,,,,,,,,,,,,,,,Persons,unit,79238.0,196951.0,Persons,thousands,"Both sexes, All age groups, Seasonally adjusted",287.6166687011719,237.5500030517578,313.75,50.099998474121094,466.0666809082031,26.116666793823242,Percentage,unit,"Both sexes, All age groups, Seasonally adjusted",59.20000076293945,64.88333129882812,8.416666984558105,,,,
Manitoba,1982-05,"Index, 201612=100",units,33.9,21.2,30.2,,,,,,,,,,,,,,,,,Persons,unit,83533.0,153560.0,Persons,thousands,"Both sexes, All age groups, Seasonally adjusted",287.0666809082031,237.86666870117188,310.1833190917969,49.20000076293945,465.3666687011719,23.149999618530273,Percentage,unit,"Both sexes, All age groups, Seasonally adjusted",59.16666793823242,64.21666717529297,7.516666889190674,,,,
Manitoba,1982-11,"Index, 201612=100",units,34.0,21.2,30.3,,,,,,,,,,,,,,,,,Persons,unit,65436.0,104352.0,Persons,thousands,"Both sexes, All age groups, Seasonally adjusted",281.3666687011719,230.61666870117188,314.95001220703125,50.733333587646484,469.3999938964844,33.58333206176758,Percentage,unit,"Both sexes, All age groups, Seasonally adjusted",57.29999923706055,64.53333282470703,10.616666793823242,,,,
Manitoba,1982-09,"Index, 201612=100",units,34.2,21.2,30.4,,,,,,,,,,,,,,,,,Persons,unit,84134.0,158607.0,Persons,thousands,"Both sexes, All age groups, Seasonally adjusted",284.4666748046875,233.5500030517578,313.01666259765625,50.900001525878906,468.1833190917969,28.58333396911621,Percentage,unit,"Both sexes, All age groups, Seasonally adjusted",58.266666412353516,64.46666717529297,9.216666221618652,,,,
Manitoba,1982-03,"Index, 201612=100",units,33.8,19.9,29.9,,,,,,,,,,,,,,,,,Persons,unit,81685.0,128113.0,Persons,thousands,"Both sexes, All age groups, Seasonally adjusted",288.8166809082031,240.13333129882812,310.29998779296875,48.70000076293945,464.3333435058594,21.5,Percentage,unit,"Both sexes, All age groups, Seasonally adjusted",59.599998474121094,64.28333282470703,6.9666666984558105,,,,
Manitoba,1982-04,"Index, 201612=100",units,33.9,21.2,30.2,,,,,,,,,,,,,,,,,Persons,unit,91455.0,137622.0,Persons,thousands,"Both sexes, All age groups, Seasonally adjusted",288.29998779296875,238.78334045410156,310.70001220703125,49.516666412353516,464.7833251953125,22.383333206176758,Percentage,unit,"Both sexes, All age groups, Seasonally adjusted",59.483333587646484,64.31666564941406,7.233333110809326,,,,
Manitoba,1982-02,"Index, 201612=100",units,33.6,19.0,29.4,,,,,,,,,,,,,,,,,Persons,unit,68358.0,107897.0,Persons,thousands,"Both sexes, All age groups, Seasonally adjusted",289.5833435058594,240.14999389648438,309.0833435058594,49.45000076293945,463.8500061035156,19.483333587646484,Percentage,unit,"Both sexes, All age groups, Seasonally adjusted",59.91666793823242,64.16666412353516,6.2166666984558105,,,,
Prairie Region,2000-02,"Index, 201612=100",units,47.4,42.1,45.5,,,,,,,,,,,,,,,,,,,,,,,,,,,,,,,,,,,,,,,
Prairie Region,2000-04,"Index, 201612=100",units,47.5,42.2,45.6,,,,,,,,,,,,,,,,,,,,,,,,,,,,,,,,,,,,,,,
Prairie Region,2000-09,"Index, 201612=100",units,47.8,42.8,45.9,,,,,,,,,,,,,,,,,,,,,,,,,,,,,,,,,,,,,,,
Prairie Region,2000-10,"Index, 201612=100",units,47.9,43.0,46.1,,,,,,,,,,,,,,,,,,,,,,,,,,,,,,,,,,,,,,,
Prairie Region,2000-06,"Index, 201612=100",units,47.7,42.3,45.7,,,,,,,,,,,,,,,,,,,,,,,,,,,,,,,,,,,,,,,
Prairie Region,2000-03,"Index, 201612=100",units,47.5,42.2,45.6,,,,,,,,,,,,,,,,,,,,,,,,,,,,,,,,,,,,,,,
Prairie Region,2000-11,"Index, 201612=100",units,47.9,43.0,46.1,,,,,,,,,,,,,,,,,,,,,,,,,,,,,,,,,,,,,,,
Prairie Region,2000-05,"Index, 201612=100",units,47.8,42.2,45.8,,,,,,,,,,,,,,,,,,,,,,,,,,,,,,,,,,,,,,,
Prairie Region,2000-08,"Index, 201612=100",units,47.9,42.7,45.9,,,,,,,,,,,,,,,,,,,,,,,,,,,,,,,,,,,,,,,
Prairie Region,2000-07,"Index, 201612=100",units,47.9,42.3,45.8,,,,,,,,,,,,,,,,,,,,,,,,,,,,,,,,,,,,,,,
Prairie Region,2000-01,"Index, 201612=100",units,47.3,42.1,45.4,,,,,,,,,,,,,,,,,,,,,,,,,,,,,,,,,,,,,,,
Prairie Region,2000-12,"Index, 201612=100",units,47.9,43.1,46.1,,,,,,,,,,,,,,,,,,,,,,,,,,,,,,,,,,,,,,,
Quebec,2017-06,"Index, 201612=100",units,100.33333333333333,100.26666666666667,100.31666666666666,,,,,,,,,,,,,,,,,Persons,unit,574399.0,1061008.0,Persons,thousands,"Both sexes, All age groups, Seasonally adjusted",2707.333251953125,2209.166748046875,2873.433349609375,498.1666564941406,4219.25,166.10000610351562,Percentage,unit,"Both sexes, All age groups, Seasonally adjusted",62.5,66.78333282470703,6.5,Number,unit,Total of all violations-Actual incidents,29860.92
Quebec,2017-10,"Index, 201612=100",units,100.78333333333332,100.33333333333333,100.63333333333333,,,,,,,,,,,,,,,,,Persons,unit,586691.0,986716.0,Persons,thousands,"Both sexes, All age groups, Seasonally adjusted",2716.5166015625,2246.25,2884.783447265625,470.25,4228.7998046875,168.28334045410156,Percentage,unit,"Both sexes, All age groups, Seasonally adjusted",62.349998474121094,66.68333435058594,6.5333333015441895,Number,unit,Total of all violations-Actual incidents,29860.92
Quebec,2017-08,"Index, 201612=100",units,100.39999999999999,100.33333333333333,100.38333333333333,,,,,,,,,,,,,,,,,Persons,unit,999129.0,1609575.0,Persons,thousands,"Both sexes, All age groups, Seasonally adjusted",2704.583251953125,2215.60009765625,2872.716552734375,488.98333740234375,4225.4833984375,168.10000610351562,Percentage,unit,"Both sexes, All age groups, Seasonally adjusted",62.20000076293945,66.5,6.483333110809326,Number,unit,Total of all violations-Actual incidents,29860.92
Quebec,2017-11,"Index, 201612=100",units,100.86666666666667,100.40000000000002,100.73333333333333,,,,,,,,,,,,,,,,,Persons,unit,412867.0,736154.0,Persons,thousands,"Both sexes, All age groups, Seasonally adjusted",2725.86669921875,2252.833251953125,2878.13330078125,473.04998779296875,4230.2666015625,152.25,Percentage,unit,"Both sexes, All age groups, Seasonally adjusted",62.71666717529297,66.61666870117188,5.849999904632568,Number,unit,Total of all violations-Actual incidents,29860.92
Quebec,2017-09,"Index, 201612=100",units,100.63333333333333,100.33333333333333,100.55,,,,,,,,,,,,,,,,,Persons,unit,667432.0,1123967.0,Persons,thousands,"Both sexes, All age groups, Seasonally adjusted",2703.166748046875,2223.333251953125,2872.36669921875,479.8666687011719,4227.18310546875,169.18333435058594,Percentage,unit,"Both sexes, All age groups, Seasonally adjusted",62.11666488647461,66.31666564941406,6.25,Number,unit,Total of all violations-Actual incidents,29860.92
Quebec,2017-05,"Index, 201612=100",units,100.16666666666667,100.26666666666667,100.21666666666668,,,,,,,,,,,,,,,,,Persons,unit,550747.0,922754.0,Persons,thousands,"Both sexes, All age groups, Seasonally adjusted",2687.5,2198.033447265625,2852.183349609375,489.4666748046875,4216.93310546875,164.64999389648438,Percentage,unit,"Both sexes, All age groups, Seasonally adjusted",62.016666412353516,66.21666717529297,6.383333206176758,Number,unit,Total of all violations-Actual incidents,29860.92
Quebec,2017-01,"Index, 201612=100",units,100.03333333333335,100.06666666666666,100.05,,,,,,,,,,,,,,,,,Persons,unit,648141.0,884648.0,Persons,thousands,"Both sexes, All age groups, Seasonally adjusted",2681.2666015625,2196.916748046875,2857.60009765625,484.3500061035156,4208.033203125,176.35000610351562,Percentage,unit,"Both sexes, All age groups, Seasonally adjusted",62.0,66.44999694824219,6.699999809265137,Number,unit,Total of all violations-Actual incidents,29860.92
Quebec,2017-04,"Index, 201612=100",units,100.06666666666668,100.23333333333333,100.13333333333333,,,,,,,,,,,,,,,,,Persons,unit,666839.0,992787.0,Persons,thousands,"Both sexes, All age groups, Seasonally adjusted",2678.666748046875,2181.800048828125,2857.63330078125,496.8999938964844,4213.9501953125,178.96665954589844,Percentage,unit,"Both sexes, All age groups, Seasonally adjusted",61.900001525878906,66.36666870117188,6.733333110809326,Number,unit,Total of all violations-Actual incidents,29860.92
Quebec,2017-12,"Index, 201612=100",units,100.88333333333333,100.40000000000002,100.74999999999999,,,,,,,,,,,,,,,,,Persons,unit,463238.0,825517.0,Persons,thousands,"Both sexes, All age groups, Seasonally adjusted",2738.566650390625,2261.11669921875,2879.7666015625,477.4333190917969,4232.216796875,141.18333435058594,Percentage,unit,"Both sexes, All age groups, Seasonally adjusted",63.04999923706055,66.58333587646484,5.349999904632568,Number,unit,Total of all violations-Actual incidents,29860.92
Quebec,2017-02,"Index, 201612=100",units,100.08333333333333,100.2,100.11666666666667,,,,,,,,,,,,,,,,,Persons,unit,499446.0,763150.0,Persons,thousands,"Both sexes, All age groups, Seasonally adjusted",2677.033447265625,2197.38330078125,2855.916748046875,479.6499938964844,4209.36669921875,178.88333129882812,Percentage,unit,"Both sexes, All age groups, Seasonally adjusted",61.88333511352539,66.4000015258789,6.7833333015441895,Number,unit,Total of all violations-Actual incidents,29860.92
Quebec,2017-07,"Index, 201612=100",units,100.45,100.33333333333333,100.39999999999999,,,,,,,,,,,,,,,,,Persons,unit,854483.0,1485206.0,Persons,thousands,"Both sexes, All age groups, Seasonally adjusted",2706.800048828125,2231.466552734375,2868.2666015625,475.3166809082031,4222.2998046875,161.48333740234375,Percentage,unit,"Both sexes, All age groups, Seasonally adjusted",62.45000076293945,66.5999984741211,6.133333206176758,Number,unit,Total of all violations-Actual incidents,29860.92
Quebec,2017-03,"Index, 201612=100",units,99.98333333333335,100.23333333333333,100.06666666666666,,,,,,,,,,,,,,,,,Persons,unit,673080.0,959074.0,Persons,thousands,"Both sexes, All age groups, Seasonally adjusted",2679.2666015625,2187.583251953125,2855.083251953125,491.7166748046875,4211.36669921875,175.8000030517578,Percentage,unit,"Both sexes, All age groups, Seasonally adjusted",61.95000076293945,66.31666564941406,6.616666793823242,Number,unit,Total of all violations-Actual incidents,29860.92
Saskatchewan,1999-08,"Index, 201612=100",units,42.63333333333333,36.76666666666667,41.06666666666667,,,,,,,,,,,,,,,,,Persons,unit,40272.0,77406.0,Persons,thousands,"Both sexes, All age groups, Seasonally adjusted",298.25,241.01666259765625,316.0,57.266666412353516,452.73333740234375,17.75,Percentage,unit,"Both sexes, All age groups, Seasonally adjusted",62.04999923706055,66.16666412353516,6.116666793823242,Number,unit,Total of all violations-Actual incidents,11877.58
Saskatchewan,1999-11,"Index, 201612=100",units,42.86666666666667,36.93333333333333,41.23333333333333,,,,,,,,,,,,,,,,,Persons,unit,25707.0,48559.0,Persons,thousands,"Both sexes, All age groups, Seasonally adjusted",298.3333435058594,240.61666870117188,314.2166748046875,57.733333587646484,452.6333312988281,15.866666793823242,Percentage,unit,"Both sexes, All age groups, Seasonally adjusted",62.18333435058594,65.81666564941406,5.383333206176758,Number,unit,Total of all violations-Actual incidents,11877.58
Saskatchewan,1999-09,"Index, 201612=100",units,42.76666666666667,36.833333333333336,41.13333333333333,,,,,,,,,,,,,,,,,Persons,unit,24743.0,52869.0,Persons,thousands,"Both sexes, All age groups, Seasonally adjusted",299.6166687011719,242.81666564941406,315.54998779296875,56.78333282470703,452.6499938964844,15.966666221618652,Percentage,unit,"Both sexes, All age groups, Seasonally adjusted",62.400001525878906,66.16666412353516,5.5,Number,unit,Total of all violations-Actual incidents,11877.58
Saskatchewan,1999-01,"Index, 201612=100",units,41.833333333333336,36.5,40.36666666666667,,,,,,,,,,,,,,,,,Persons,unit,24749.0,41665.0,Persons,thousands,"Both sexes, All age groups, Seasonally adjusted",295.1833190917969,237.35000610351562,314.51666259765625,57.79999923706055,453.4666748046875,19.33333396911621,Percentage,unit,"Both sexes, All age groups, Seasonally adjusted",61.20000076293945,65.61666870117188,6.516666889190674,Number,unit,Total of all violations-Actual incidents,11877.58
Saskatchewan,1999-02,"Index, 201612=100",units,41.93333333333334,36.5,40.46666666666667,,,,,,,,,,,,,,,,,Persons,unit,27448.0,46080.0,Persons,thousands,"Both sexes, All age groups, Seasonally adjusted",294.6666564941406,234.81666564941406,315.2833251953125,59.849998474121094,453.4166564941406,20.633333206176758,Percentage,unit,"Both sexes, All age groups, Seasonally adjusted",61.18333435058594,65.86666870117188,6.816666603088379,Number,unit,Total of all violations-Actual incidents,11877.58
Saskatchewan,1999-07,"Index, 201612=100",units,42.46666666666667,36.666666666666664,40.93333333333333,,,,,,,,,,,,,,,,,Persons,unit,41582.0,86813.0,Persons,thousands,"Both sexes, All age groups, Seasonally adjusted",298.0333251953125,237.78334045410156,315.95001220703125,60.25,453.0,17.883333206176758,Percentage,unit,"Both sexes, All age groups, Seasonally adjusted",61.86666488647461,65.98332977294922,6.133333206176758,Number,unit,Total of all violations-Actual incidents,11877.58
Saskatchewan,1999-05,"Index, 201612=100",units,42.46666666666667,36.6,40.93333333333333,,,,,,,,,,,,,,,,,Persons,unit,27555.0,55269.0,Persons,thousands,"Both sexes, All age groups, Seasonally adjusted",294.3999938964844,236.56666564941406,315.9333190917969,57.849998474121094,453.1166687011719,21.516666412353516,Percentage,unit,"Both sexes, All age groups, Seasonally adjusted",60.91666793823242,65.8499984741211,7.266666889190674,Number,unit,Total of all violations-Actual incidents,11877.58
Saskatchewan,1999-04,"Index, 201612=100",units,42.4,36.53333333333333,40.8,,,,,,,,,,,,,,,,,Persons,unit,30071.0,51546.0,Persons,thousands,"Both sexes, All age groups, Seasonally adjusted",295.8500061035156,238.93333435058594,315.1166687011719,56.91666793823242,453.1666564941406,19.25,Percentage,unit,"Both sexes, All age groups, Seasonally adjusted",61.41666793823242,65.76667022705078,6.316666603088379,Number,unit,Total of all violations-Actual incidents,11877.58
Saskatchewan,1999-06,"Index, 201612=100",units,42.46666666666667,36.666666666666664,40.93333333333333,,,,,,,,,,,,,,,,,Persons,unit,26276.0,62648.0,Persons,thousands,"Both sexes, All age groups, Seasonally adjusted",298.1166687011719,238.93333435058594,315.04998779296875,59.18333435058594,452.95001220703125,16.933332443237305,Percentage,unit,"Both sexes, All age groups, Seasonally adjusted",61.983333587646484,65.88333129882812,5.699999809265137,Number,unit,Total of all violations-Actual incidents,11877.58
Saskatchewan,1999-10,"Index, 201612=100",units,42.73333333333333,36.833333333333336,41.13333333333333,,,,,,,,,,,,,,,,,Persons,unit,26959.0,56077.0,Persons,thousands,"Both sexes, All age groups, Seasonally adjusted",299.1666564941406,243.25,316.5333251953125,55.91666793823242,452.54998779296875,17.350000381469727,Percentage,unit,"Both sexes, All age groups, Seasonally adjusted",62.400001525878906,66.41666412353516,5.916666507720947,Number,unit,Total of all violations-Actual incidents,11877.58
Saskatchewan,1999-12,"Index, 201612=100",units,42.9,36.93333333333333,41.300000000000004,,,,,,,,,,,,,,,,,Persons,unit,21126.0,44351.0,Persons,thousands,"Both sexes, All age groups, Seasonally adjusted",300.0666809082031,242.18333435058594,315.79998779296875,57.88333511352539,452.6333312988281,15.733333587646484,Percentage,unit,"Both sexes, All age groups, Seasonally adjusted",62.66666793823242,66.21666717529297,5.150000095367432,Number,unit,Total of all violations-Actual incidents,11877.58
Saskatchewan,1999-03,"Index, 201612=100",units,42.06666666666667,36.5,40.53333333333334,,,,,,,,,,,,,,,,,Persons,unit,27952.0,48402.0,Persons,thousands,"Both sexes, All age groups, Seasonally adjusted",294.1499938964844,236.25,313.9166564941406,57.849998474121094,453.3999938964844,19.75,Percentage,unit,"Both sexes, All age groups, Seasonally adjusted",60.95000076293945,65.48332977294922,6.666666507720947,Number,unit,Total of all violations-Actual incidents,11877.58
