province,REF_DATE,uom_houseindex,scalar_houseindex,avg_house_only,avg_land_only,avg_totalhouseland,uom_income,scalar_income,statistic_income,avg_income,uom_expenditure,scalar_expenditure,statistic_expenditure,avg_food_expenditures,avg_income_taxes,avg_mortageinsurance,avg_mortagePaid,avg_accomodation,avg_rent,avg_shelter,avg_total_expenditure,avg_taxes_landregfees,uom_tourist,scalar_tourist,avg_international_tourism,avg_domestic_tourism,uom_labourforce,scalar_labourforce,statistic_labourforce,avg_employment,avg_fulltime,avg_labourforce,avg_parttime,avg_population,avg_unemployment,uom_lfperc,scalar_lfperc,statistic_labourforceperc,avg_employment_rate,avg_participationrate,avg_unemploymentrate,uom_crime,scalar_crime,statistic_crime,avg_crime_incidents
Newfoundland and Labrador,1996-05,"Index, 201612=100",units,50.7,46.2,49.4,,,,,,,,,,,,,,,,,Persons,unit,1771.0,12135.0,Persons,thousands,"Both sexes, All age groups, Seasonally adjusted",121.38333129882812,103.38333129882812,147.5,17.983333587646484,271.6833190917969,26.149999618530273,Percentage,unit,"Both sexes, All age groups, Seasonally adjusted",40.25,49.33333206176758,18.46666717529297,,,,
Newfoundland and Labrador,1996-09,"Index, 201612=100",units,50.7,46.2,49.4,,,,,,,,,,,,,,,,,Persons,unit,1353.0,16161.0,Persons,thousands,"Both sexes, All age groups, Seasonally adjusted",120.19999694824219,100.98332977294922,148.64999389648438,19.21666717529297,270.8500061035156,28.433332443237305,Percentage,unit,"Both sexes, All age groups, Seasonally adjusted",39.900001525878906,49.93333435058594,20.266666412353516,,,,
Newfoundland and Labrador,1996-03,"Index, 201612=100",units,50.9,46.2,49.6,,,,,,,,,,,,,,,,,Persons,unit,663.0,6716.0,Persons,thousands,"Both sexes, All age groups, Seasonally adjusted",122.31666564941406,102.69999694824219,149.26666259765625,19.616666793823242,272.20001220703125,26.933332443237305,Percentage,unit,"Both sexes, All age groups, Seasonally adjusted",40.150001525878906,49.79999923706055,19.933332443237305,,,,
Newfoundland and Labrador,1996-12,"Index, 201612=100",units,50.6,46.1,49.3,,,,,,,,,,,,,,,,,Persons,unit,672.0,7068.0,Persons,thousands,"Both sexes, All age groups, Seasonally adjusted",119.66666412353516,100.28333282470703,149.0,19.366666793823242,270.6166687011719,29.33333396911621,Percentage,unit,"Both sexes, All age groups, Seasonally adjusted",39.54999923706055,49.86666488647461,21.116666793823242,,,,
Newfoundland and Labrador,1996-02,"Index, 201612=100",units,51.1,46.2,49.7,,,,,,,,,,,,,,,,,Persons,unit,313.0,6250.0,Persons,thousands,"Both sexes, All age groups, Seasonally adjusted",121.73332977294922,102.28333282470703,149.4166717529297,19.450000762939453,272.3666687011719,27.649999618530273,Percentage,unit,"Both sexes, All age groups, Seasonally adjusted",39.95000076293945,49.88333511352539,20.049999237060547,,,,
Newfoundland and Labrador,1996-06,"Index, 201612=100",units,50.7,46.2,49.4,,,,,,,,,,,,,,,,,Persons,unit,1873.0,10658.0,Persons,thousands,"Both sexes, All age groups, Seasonally adjusted",118.61666870117188,100.05000305175781,146.8333282470703,18.600000381469727,271.48333740234375,28.183332443237305,Percentage,unit,"Both sexes, All age groups, Seasonally adjusted",39.29999923706055,49.20000076293945,20.33333396911621,,,,
Newfoundland and Labrador,1996-01,"Index, 201612=100",units,51.3,46.2,49.8,,,,,,,,,,,,,,,,,Persons,unit,514.0,6225.0,Persons,thousands,"Both sexes, All age groups, Seasonally adjusted",122.69999694824219,104.01667022705078,149.18333435058594,18.66666603088379,272.5833435058594,26.483333587646484,Percentage,unit,"Both sexes, All age groups, Seasonally adjusted",40.29999923706055,49.66666793823242,19.399999618530273,,,,
Newfoundland and Labrador,1996-10,"Index, 201612=100",units,50.7,46.2,49.4,,,,,,,,,,,,,,,,,Persons,unit,1043.0,11667.0,Persons,thousands,"Both sexes, All age groups, Seasonally adjusted",119.25,101.91666412353516,148.5500030517578,17.299999237060547,270.6833190917969,29.299999237060547,Percentage,unit,"Both sexes, All age groups, Seasonally adjusted",39.5,49.78333282470703,20.633333206176758,,,,
Newfoundland and Labrador,1996-11,"Index, 201612=100",units,50.6,46.1,49.3,,,,,,,,,,,,,,,,,Persons,unit,675.0,9127.0,Persons,thousands,"Both sexes, All age groups, Seasonally adjusted",119.5,101.13333129882812,147.4166717529297,18.383333206176758,270.5833435058594,27.933332443237305,Percentage,unit,"Both sexes, All age groups, Seasonally adjusted",39.54999923706055,49.38333511352539,19.91666603088379,,,,
Newfoundland and Labrador,1996-08,"Index, 201612=100",units,50.7,46.2,49.4,,,,,,,,,,,,,,,,,Persons,unit,2770.0,16789.0,Persons,thousands,"Both sexes, All age groups, Seasonally adjusted",121.41666412353516,102.26667022705078,147.73333740234375,19.149999618530273,271.04998779296875,26.316667556762695,Percentage,unit,"Both sexes, All age groups, Seasonally adjusted",40.18333435058594,49.38333511352539,18.366666793823242,,,,
Newfoundland and Labrador,1996-07,"Index, 201612=100",units,50.7,46.2,49.4,,,,,,,,,,,,,,,,,Persons,unit,2351.0,16800.0,Persons,thousands,"Both sexes, All age groups, Seasonally adjusted",121.16666412353516,101.43333435058594,149.0500030517578,19.700000762939453,271.23333740234375,27.899999618530273,Percentage,unit,"Both sexes, All age groups, Seasonally adjusted",40.150001525878906,49.61666488647461,18.633333206176758,,,,
Newfoundland and Labrador,1996-04,"Index, 201612=100",units,50.9,46.2,49.6,,,,,,,,,,,,,,,,,Persons,unit,1273.0,8162.0,Persons,thousands,"Both sexes, All age groups, Seasonally adjusted",121.98332977294922,102.31666564941406,148.68333435058594,19.66666603088379,271.9666748046875,26.683332443237305,Percentage,unit,"Both sexes, All age groups, Seasonally adjusted",40.29999923706055,49.68333435058594,19.28333282470703,,,,
