province,REF_DATE,uom_houseindex,scalar_houseindex,avg_house_only,avg_land_only,avg_totalhouseland,uom_income,scalar_income,statistic_income,avg_income,uom_expenditure,scalar_expenditure,statistic_expenditure,avg_food_expenditures,avg_income_taxes,avg_mortageinsurance,avg_mortagePaid,avg_accomodation,avg_rent,avg_shelter,avg_total_expenditure,avg_taxes_landregfees,uom_tourist,scalar_tourist,avg_international_tourism,avg_domestic_tourism,uom_labourforce,scalar_labourforce,statistic_labourforce,avg_employment,avg_fulltime,avg_labourforce,avg_parttime,avg_population,avg_unemployment,uom_lfperc,scalar_lfperc,statistic_labourforceperc,avg_employment_rate,avg_participationrate,avg_unemploymentrate,uom_crime,scalar_crime,statistic_crime,avg_crime_incidents
British Columbia,2004-03,"Index, 201612=100",units,94.46666666666665,81.46666666666667,87.53333333333332,Dollars,units,"Median total income,Both sexes,All age groups",1950.0,,,,,,,,,,,,,Persons,unit,668824.0,1225959.0,Persons,thousands,"Both sexes, All age groups, Seasonally adjusted",1284.11669921875,1031.0999755859375,1387.0333251953125,252.98333740234375,2045.316650390625,102.93333435058594,Percentage,unit,"Both sexes, All age groups, Seasonally adjusted",58.81666564941406,64.06666564941406,8.166666984558105,Number,unit,Total of all violations-Actual incidents,46464.5
British Columbia,2004-01,"Index, 201612=100",units,93.16666666666667,81.39999999999999,86.8,Dollars,units,"Median total income,Both sexes,All age groups",1950.0,,,,,,,,,,,,,Persons,unit,536610.0,1008855.0,Persons,thousands,"Both sexes, All age groups, Seasonally adjusted",1294.066650390625,1026.0167236328125,1396.13330078125,268.0666809082031,2042.0,102.05000305175781,Percentage,unit,"Both sexes, All age groups, Seasonally adjusted",59.28333282470703,64.58333587646484,8.133333206176758,Number,unit,Total of all violations-Actual incidents,46464.5
British Columbia,2004-10,"Index, 201612=100",units,97.96666666666665,82.63333333333334,90.26666666666667,Dollars,units,"Median total income,Both sexes,All age groups",1950.0,,,,,,,,,,,,,Persons,unit,603395.0,1156903.0,Persons,thousands,"Both sexes, All age groups, Seasonally adjusted",1305.9000244140625,1065.5833740234375,1399.13330078125,240.31666564941406,2060.7666015625,93.19999694824219,Percentage,unit,"Both sexes, All age groups, Seasonally adjusted",59.54999923706055,64.26667022705078,7.25,Number,unit,Total of all violations-Actual incidents,46464.5
British Columbia,2004-09,"Index, 201612=100",units,98.09999999999998,82.63333333333334,90.33333333333333,Dollars,units,"Median total income,Both sexes,All age groups",1950.0,,,,,,,,,,,,,Persons,unit,660328.0,1568096.0,Persons,thousands,"Both sexes, All age groups, Seasonally adjusted",1304.11669921875,1048.6666259765625,1392.0,255.4499969482422,2058.833251953125,87.91666412353516,Percentage,unit,"Both sexes, All age groups, Seasonally adjusted",59.38333511352539,63.93333435058594,7.166666507720947,Number,unit,Total of all violations-Actual incidents,46464.5
British Columbia,2004-08,"Index, 201612=100",units,97.8,82.63333333333334,90.16666666666667,Dollars,units,"Median total income,Both sexes,All age groups",1950.0,,,,,,,,,,,,,Persons,unit,869020.0,2069443.0,Persons,thousands,"Both sexes, All age groups, Seasonally adjusted",1301.0,1040.0333251953125,1396.9666748046875,260.98333740234375,2056.800048828125,95.93333435058594,Percentage,unit,"Both sexes, All age groups, Seasonally adjusted",59.233333587646484,64.0,7.400000095367432,Number,unit,Total of all violations-Actual incidents,46464.5
British Columbia,2004-02,"Index, 201612=100",units,93.36666666666667,81.39999999999999,86.93333333333334,Dollars,units,"Median total income,Both sexes,All age groups",1950.0,,,,,,,,,,,,,Persons,unit,559206.0,1075179.0,Persons,thousands,"Both sexes, All age groups, Seasonally adjusted",1282.449951171875,1020.4000244140625,1385.183349609375,262.0333251953125,2043.5333251953125,102.73332977294922,Percentage,unit,"Both sexes, All age groups, Seasonally adjusted",58.70000076293945,63.96666717529297,8.183333396911621,Number,unit,Total of all violations-Actual incidents,46464.5
British Columbia,2004-07,"Index, 201612=100",units,96.93333333333334,82.2,89.46666666666665,Dollars,units,"Median total income,Both sexes,All age groups",1950.0,,,,,,,,,,,,,Persons,unit,775967.0,2060521.0,Persons,thousands,"Both sexes, All age groups, Seasonally adjusted",1302.433349609375,1041.433349609375,1394.11669921875,261.0,2054.36669921875,91.69999694824219,Percentage,unit,"Both sexes, All age groups, Seasonally adjusted",59.43333435058594,64.0999984741211,7.300000190734863,Number,unit,Total of all violations-Actual incidents,46464.5
British Columbia,2004-11,"Index, 201612=100",units,98.36666666666666,82.66666666666667,90.53333333333332,Dollars,units,"Median total income,Both sexes,All age groups",1950.0,,,,,,,,,,,,,Persons,unit,563896.0,1024072.0,Persons,thousands,"Both sexes, All age groups, Seasonally adjusted",1302.5167236328125,1041.1500244140625,1389.5,261.3666687011719,2062.333251953125,87.0,Percentage,unit,"Both sexes, All age groups, Seasonally adjusted",59.46666717529297,63.88333511352539,6.949999809265137,Number,unit,Total of all violations-Actual incidents,46464.5
British Columbia,2004-12,"Index, 201612=100",units,98.76666666666665,83.03333333333333,90.93333333333334,Dollars,units,"Median total income,Both sexes,All age groups",1950.0,,,,,,,,,,,,,Persons,unit,593945.0,1157533.0,Persons,thousands,"Both sexes, All age groups, Seasonally adjusted",1313.0,1054.8333740234375,1397.86669921875,258.1499938964844,2063.63330078125,84.8499984741211,Percentage,unit,"Both sexes, All age groups, Seasonally adjusted",60.016666412353516,64.28333282470703,6.616666793823242,Number,unit,Total of all violations-Actual incidents,46464.5
British Columbia,2004-05,"Index, 201612=100",units,96.23333333333333,81.7,88.83333333333333,Dollars,units,"Median total income,Both sexes,All age groups",1950.0,,,,,,,,,,,,,Persons,unit,717109.0,1527604.0,Persons,thousands,"Both sexes, All age groups, Seasonally adjusted",1294.2166748046875,1031.5833740234375,1393.4166259765625,262.6000061035156,2049.60009765625,99.19999694824219,Percentage,unit,"Both sexes, All age groups, Seasonally adjusted",59.150001525878906,64.33333587646484,7.933333396911621,Number,unit,Total of all violations-Actual incidents,46464.5
British Columbia,2004-06,"Index, 201612=100",units,96.7,81.83333333333333,89.09999999999998,Dollars,units,"Median total income,Both sexes,All age groups",1950.0,,,,,,,,,,,,,Persons,unit,620392.0,1629596.0,Persons,thousands,"Both sexes, All age groups, Seasonally adjusted",1307.0167236328125,1052.38330078125,1406.86669921875,254.63333129882812,2052.2666015625,99.86666870117188,Percentage,unit,"Both sexes, All age groups, Seasonally adjusted",59.71666717529297,64.81666564941406,7.949999809265137,Number,unit,Total of all violations-Actual incidents,46464.5
British Columbia,2004-04,"Index, 201612=100",units,95.33333333333333,81.66666666666667,88.13333333333334,Dollars,units,"Median total income,Both sexes,All age groups",1950.0,,,,,,,,,,,,,Persons,unit,677844.0,1256236.0,Persons,thousands,"Both sexes, All age groups, Seasonally adjusted",1279.050048828125,1022.7333374023438,1381.0333251953125,256.3333435058594,2047.4000244140625,101.98332977294922,Percentage,unit,"Both sexes, All age groups, Seasonally adjusted",58.45000076293945,63.66666793823242,8.116666793823242,Number,unit,Total of all violations-Actual incidents,46464.5
Newfoundland and Labrador,2010-12,"Index, 201612=100",units,97.8,94.6,97.0,Dollars,units,"Median total income,Both sexes,All age groups",2135.0,Dollars,unit,Average expenditure per household,632.58,821.58,6.92,280.92,806.67,121.58,875.17,5202.5,2.83,Persons,unit,763.0,7253.0,Persons,thousands,"Both sexes, All age groups, Seasonally adjusted",144.6999969482422,124.21666717529297,168.9166717529297,20.5,269.48333740234375,24.21666717529297,Percentage,unit,"Both sexes, All age groups, Seasonally adjusted",51.21666717529297,60.31666564941406,15.566666603088379,Number,unit,Total of all violations-Actual incidents,3277.5
Newfoundland and Labrador,2010-01,"Index, 201612=100",units,92.9,87.4,91.5,Dollars,units,"Median total income,Both sexes,All age groups",2135.0,Dollars,unit,Average expenditure per household,632.58,821.58,6.92,280.92,806.67,121.58,875.17,5202.5,2.83,Persons,unit,1339.0,10392.0,Persons,thousands,"Both sexes, All age groups, Seasonally adjusted",139.6999969482422,121.1500015258789,164.51666259765625,18.53333282470703,267.7166748046875,24.850000381469727,Percentage,unit,"Both sexes, All age groups, Seasonally adjusted",49.400001525878906,58.95000076293945,16.733333587646484,Number,unit,Total of all violations-Actual incidents,3277.5
Newfoundland and Labrador,2010-02,"Index, 201612=100",units,92.9,87.4,91.5,Dollars,units,"Median total income,Both sexes,All age groups",2135.0,Dollars,unit,Average expenditure per household,632.58,821.58,6.92,280.92,806.67,121.58,875.17,5202.5,2.83,Persons,unit,1031.0,7085.0,Persons,thousands,"Both sexes, All age groups, Seasonally adjusted",139.6666717529297,121.06666564941406,164.53334045410156,18.600000381469727,268.0,24.883333206176758,Percentage,unit,"Both sexes, All age groups, Seasonally adjusted",49.483333587646484,58.96666717529297,16.350000381469727,Number,unit,Total of all violations-Actual incidents,3277.5
Newfoundland and Labrador,2010-09,"Index, 201612=100",units,94.8,87.9,93.0,Dollars,units,"Median total income,Both sexes,All age groups",2135.0,Dollars,unit,Average expenditure per household,632.58,821.58,6.92,280.92,806.67,121.58,875.17,5202.5,2.83,Persons,unit,3790.0,21552.0,Persons,thousands,"Both sexes, All age groups, Seasonally adjusted",148.61666870117188,129.4166717529297,171.3333282470703,19.21666717529297,269.0,22.71666717529297,Percentage,unit,"Both sexes, All age groups, Seasonally adjusted",52.83333206176758,61.53333282470703,14.433333396911621,Number,unit,Total of all violations-Actual incidents,3277.5
Newfoundland and Labrador,2010-07,"Index, 201612=100",units,94.8,87.9,93.0,Dollars,units,"Median total income,Both sexes,All age groups",2135.0,Dollars,unit,Average expenditure per household,632.58,821.58,6.92,280.92,806.67,121.58,875.17,5202.5,2.83,Persons,unit,5300.0,22616.0,Persons,thousands,"Both sexes, All age groups, Seasonally adjusted",143.0500030517578,122.5,167.78334045410156,20.549999237060547,268.8666687011719,24.733333587646484,Percentage,unit,"Both sexes, All age groups, Seasonally adjusted",50.650001525878906,59.86666488647461,15.483333587646484,Number,unit,Total of all violations-Actual incidents,3277.5
Newfoundland and Labrador,2010-03,"Index, 201612=100",units,92.9,87.4,91.5,Dollars,units,"Median total income,Both sexes,All age groups",2135.0,Dollars,unit,Average expenditure per household,632.58,821.58,6.92,280.92,806.67,121.58,875.17,5202.5,2.83,Persons,unit,5518.0,15064.0,Persons,thousands,"Both sexes, All age groups, Seasonally adjusted",139.1999969482422,119.1500015258789,165.31666564941406,20.03333282470703,268.1833190917969,26.116666793823242,Percentage,unit,"Both sexes, All age groups, Seasonally adjusted",49.03333282470703,59.13333511352539,17.649999618530273,Number,unit,Total of all violations-Actual incidents,3277.5
Newfoundland and Labrador,2010-10,"Index, 201612=100",units,94.8,87.9,93.0,Dollars,units,"Median total income,Both sexes,All age groups",2135.0,Dollars,unit,Average expenditure per household,632.58,821.58,6.92,280.92,806.67,121.58,875.17,5202.5,2.83,Persons,unit,1581.0,8997.0,Persons,thousands,"Both sexes, All age groups, Seasonally adjusted",146.64999389648438,127.05000305175781,169.0500030517578,19.600000381469727,269.1000061035156,22.41666603088379,Percentage,unit,"Both sexes, All age groups, Seasonally adjusted",52.06666564941406,60.38333511352539,13.800000190734863,Number,unit,Total of all violations-Actual incidents,3277.5
Newfoundland and Labrador,2010-08,"Index, 201612=100",units,94.8,87.9,93.0,Dollars,units,"Median total income,Both sexes,All age groups",2135.0,Dollars,unit,Average expenditure per household,632.58,821.58,6.92,280.92,806.67,121.58,875.17,5202.5,2.83,Persons,unit,6707.0,23687.0,Persons,thousands,"Both sexes, All age groups, Seasonally adjusted",145.68333435058594,125.94999694824219,169.11666870117188,19.71666717529297,268.9166564941406,23.41666603088379,Percentage,unit,"Both sexes, All age groups, Seasonally adjusted",51.599998474121094,60.41666793823242,15.100000381469727,Number,unit,Total of all violations-Actual incidents,3277.5
Newfoundland and Labrador,2010-11,"Index, 201612=100",units,97.8,94.6,97.0,Dollars,units,"Median total income,Both sexes,All age groups",2135.0,Dollars,unit,Average expenditure per household,632.58,821.58,6.92,280.92,806.67,121.58,875.17,5202.5,2.83,Persons,unit,1347.0,10158.0,Persons,thousands,"Both sexes, All age groups, Seasonally adjusted",145.36666870117188,125.6500015258789,167.8000030517578,19.700000762939453,269.3166809082031,22.450000762939453,Percentage,unit,"Both sexes, All age groups, Seasonally adjusted",51.516666412353516,60.03333282470703,14.616666793823242,Number,unit,Total of all violations-Actual incidents,3277.5
Newfoundland and Labrador,2010-05,"Index, 201612=100",units,94.5,87.5,92.7,Dollars,units,"Median total income,Both sexes,All age groups",2135.0,Dollars,unit,Average expenditure per household,632.58,821.58,6.92,280.92,806.67,121.58,875.17,5202.5,2.83,Persons,unit,5296.0,14057.0,Persons,thousands,"Both sexes, All age groups, Seasonally adjusted",142.73333740234375,122.78333282470703,166.35000610351562,19.950000762939453,268.4666748046875,23.600000381469727,Percentage,unit,"Both sexes, All age groups, Seasonally adjusted",50.516666412353516,59.46666717529297,15.333333015441895,Number,unit,Total of all violations-Actual incidents,3277.5
Newfoundland and Labrador,2010-04,"Index, 201612=100",units,94.2,87.4,92.5,Dollars,units,"Median total income,Both sexes,All age groups",2135.0,Dollars,unit,Average expenditure per household,632.58,821.58,6.92,280.92,806.67,121.58,875.17,5202.5,2.83,Persons,unit,7320.0,15368.0,Persons,thousands,"Both sexes, All age groups, Seasonally adjusted",139.6666717529297,120.28333282470703,165.43333435058594,19.383333206176758,268.29998779296875,25.75,Percentage,unit,"Both sexes, All age groups, Seasonally adjusted",49.33333206176758,59.20000076293945,17.066667556762695,Number,unit,Total of all violations-Actual incidents,3277.5
Newfoundland and Labrador,2010-06,"Index, 201612=100",units,94.8,87.9,93.0,Dollars,units,"Median total income,Both sexes,All age groups",2135.0,Dollars,unit,Average expenditure per household,632.58,821.58,6.92,280.92,806.67,121.58,875.17,5202.5,2.83,Persons,unit,3271.0,13974.0,Persons,thousands,"Both sexes, All age groups, Seasonally adjusted",141.51666259765625,122.05000305175781,165.64999389648438,19.5,268.6499938964844,24.133333206176758,Percentage,unit,"Both sexes, All age groups, Seasonally adjusted",49.766666412353516,58.93333435058594,15.666666984558105,Number,unit,Total of all violations-Actual incidents,3277.5
Newfoundland and Labrador,2013-01,"Index, 201612=100",units,98.3,95.7,97.7,Dollars,units,"Median total income,Both sexes,All age groups",2466.67,Dollars,unit,Average expenditure per household,661.58,1096.75,9.58,314.17,933.33,148.33,1039.92,6290.75,NaN,Persons,unit,2256.0,7715.0,Persons,thousands,"Both sexes, All age groups, Seasonally adjusted",157.75,136.9499969482422,177.6666717529297,20.816667556762695,272.1499938964844,19.899999618530273,Percentage,unit,"Both sexes, All age groups, Seasonally adjusted",56.016666412353516,63.38333511352539,11.899999618530273,Number,unit,Total of all violations-Actual incidents,2934.75
Newfoundland and Labrador,2013-12,"Index, 201612=100",units,100.0,98.5,99.6,Dollars,units,"Median total income,Both sexes,All age groups",2466.67,Dollars,unit,Average expenditure per household,661.58,1096.75,9.58,314.17,933.33,148.33,1039.92,6290.75,NaN,Persons,unit,1474.0,6979.0,Persons,thousands,"Both sexes, All age groups, Seasonally adjusted",156.4166717529297,134.1999969482422,176.26666259765625,22.21666717529297,272.0833435058594,19.883333206176758,Percentage,unit,"Both sexes, All age groups, Seasonally adjusted",55.03333282470703,62.54999923706055,12.416666984558105,Number,unit,Total of all violations-Actual incidents,2934.75
Newfoundland and Labrador,2013-03,"Index, 201612=100",units,98.2,95.7,97.7,Dollars,units,"Median total income,Both sexes,All age groups",2466.67,Dollars,unit,Average expenditure per household,661.58,1096.75,9.58,314.17,933.33,148.33,1039.92,6290.75,NaN,Persons,unit,6394.0,11647.0,Persons,thousands,"Both sexes, All age groups, Seasonally adjusted",157.11666870117188,135.88333129882812,178.68333435058594,21.266666412353516,272.25,21.58333396911621,Percentage,unit,"Both sexes, All age groups, Seasonally adjusted",55.56666564941406,63.58333206176758,13.100000381469727,Number,unit,Total of all violations-Actual incidents,2934.75
Newfoundland and Labrador,2013-09,"Index, 201612=100",units,100.0,98.3,99.6,Dollars,units,"Median total income,Both sexes,All age groups",2466.67,Dollars,unit,Average expenditure per household,661.58,1096.75,9.58,314.17,933.33,148.33,1039.92,6290.75,NaN,Persons,unit,5353.0,27080.0,Persons,thousands,"Both sexes, All age groups, Seasonally adjusted",154.14999389648438,132.75,171.61666870117188,21.366666793823242,272.0833435058594,17.5,Percentage,unit,"Both sexes, All age groups, Seasonally adjusted",54.63333511352539,61.266666412353516,11.149999618530273,Number,unit,Total of all violations-Actual incidents,2934.75
Newfoundland and Labrador,2013-02,"Index, 201612=100",units,98.2,95.7,97.7,Dollars,units,"Median total income,Both sexes,All age groups",2466.67,Dollars,unit,Average expenditure per household,661.58,1096.75,9.58,314.17,933.33,148.33,1039.92,6290.75,NaN,Persons,unit,1240.0,5205.0,Persons,thousands,"Both sexes, All age groups, Seasonally adjusted",157.36666870117188,136.1666717529297,178.0,21.21666717529297,272.23333740234375,20.616666793823242,Percentage,unit,"Both sexes, All age groups, Seasonally adjusted",55.75,63.41666793823242,12.416666984558105,Number,unit,Total of all violations-Actual incidents,2934.75
Newfoundland and Labrador,2013-11,"Index, 201612=100",units,100.0,98.5,99.6,Dollars,units,"Median total income,Both sexes,All age groups",2466.67,Dollars,unit,Average expenditure per household,661.58,1096.75,9.58,314.17,933.33,148.33,1039.92,6290.75,NaN,Persons,unit,1576.0,7295.0,Persons,thousands,"Both sexes, All age groups, Seasonally adjusted",154.9166717529297,134.64999389648438,175.9166717529297,20.266666412353516,272.0666809082031,21.016666412353516,Percentage,unit,"Both sexes, All age groups, Seasonally adjusted",54.45000076293945,62.88333511352539,13.833333015441895,Number,unit,Total of all violations-Actual incidents,2934.75
Newfoundland and Labrador,2013-08,"Index, 201612=100",units,100.0,98.3,99.6,Dollars,units,"Median total income,Both sexes,All age groups",2466.67,Dollars,unit,Average expenditure per household,661.58,1096.75,9.58,314.17,933.33,148.33,1039.92,6290.75,NaN,Persons,unit,6767.0,21325.0,Persons,thousands,"Both sexes, All age groups, Seasonally adjusted",154.35000610351562,133.48333740234375,173.35000610351562,20.83333396911621,272.1666564941406,18.983333587646484,Percentage,unit,"Both sexes, All age groups, Seasonally adjusted",54.68333435058594,61.78333282470703,11.850000381469727,Number,unit,Total of all violations-Actual incidents,2934.75
Newfoundland and Labrador,2013-07,"Index, 201612=100",units,100.0,97.6,99.4,Dollars,units,"Median total income,Both sexes,All age groups",2466.67,Dollars,unit,Average expenditure per household,661.58,1096.75,9.58,314.17,933.33,148.33,1039.92,6290.75,NaN,Persons,unit,6438.0,22190.0,Persons,thousands,"Both sexes, All age groups, Seasonally adjusted",154.35000610351562,132.75,175.14999389648438,21.58333396911621,272.1666564941406,20.816667556762695,Percentage,unit,"Both sexes, All age groups, Seasonally adjusted",54.56666564941406,62.41666793823242,13.133333206176758,Number,unit,Total of all violations-Actual incidents,2934.75
Newfoundland and Labrador,2013-06,"Index, 201612=100",units,99.5,96.6,98.8,Dollars,units,"Median total income,Both sexes,All age groups",2466.67,Dollars,unit,Average expenditure per household,661.58,1096.75,9.58,314.17,933.33,148.33,1039.92,6290.75,NaN,Persons,unit,4017.0,14063.0,Persons,thousands,"Both sexes, All age groups, Seasonally adjusted",156.06666564941406,134.71665954589844,175.75,21.383333206176758,272.1333312988281,19.71666717529297,Percentage,unit,"Both sexes, All age groups, Seasonally adjusted",55.266666412353516,62.68333435058594,12.300000190734863,Number,unit,Total of all violations-Actual incidents,2934.75
Newfoundland and Labrador,2013-05,"Index, 201612=100",units,99.5,96.6,98.8,Dollars,units,"Median total income,Both sexes,All age groups",2466.67,Dollars,unit,Average expenditure per household,661.58,1096.75,9.58,314.17,933.33,148.33,1039.92,6290.75,NaN,Persons,unit,8578.0,17438.0,Persons,thousands,"Both sexes, All age groups, Seasonally adjusted",154.98333740234375,135.4499969482422,175.10000610351562,19.53333282470703,272.0833435058594,20.100000381469727,Percentage,unit,"Both sexes, All age groups, Seasonally adjusted",54.86666488647461,62.516666412353516,12.550000190734863,Number,unit,Total of all violations-Actual incidents,2934.75
Newfoundland and Labrador,2013-10,"Index, 201612=100",units,100.0,98.3,99.6,Dollars,units,"Median total income,Both sexes,All age groups",2466.67,Dollars,unit,Average expenditure per household,661.58,1096.75,9.58,314.17,933.33,148.33,1039.92,6290.75,NaN,Persons,unit,2865.0,9709.0,Persons,thousands,"Both sexes, All age groups, Seasonally adjusted",155.98333740234375,134.86666870117188,175.28334045410156,21.116666793823242,272.0833435058594,19.316667556762695,Percentage,unit,"Both sexes, All age groups, Seasonally adjusted",55.349998474121094,62.63333511352539,11.800000190734863,Number,unit,Total of all violations-Actual incidents,2934.75
Newfoundland and Labrador,2013-04,"Index, 201612=100",units,99.5,96.1,98.6,Dollars,units,"Median total income,Both sexes,All age groups",2466.67,Dollars,unit,Average expenditure per household,661.58,1096.75,9.58,314.17,933.33,148.33,1039.92,6290.75,NaN,Persons,unit,10836.0,16738.0,Persons,thousands,"Both sexes, All age groups, Seasonally adjusted",155.43333435058594,134.48333740234375,176.4499969482422,20.933332443237305,272.0833435058594,21.0,Percentage,unit,"Both sexes, All age groups, Seasonally adjusted",55.0,62.83333206176758,13.016666412353516,Number,unit,Total of all violations-Actual incidents,2934.75
Saskatchewan,2000-07,"Index, 201612=100",units,43.29999999999999,37.9,41.800000000000004,Dollars,units,"Median total income,Both sexes,All age groups",1616.67,,,,,,,,,,,,,Persons,unit,38629.0,81855.0,Persons,thousands,"Both sexes, All age groups, Seasonally adjusted",297.8166809082031,242.0833282470703,314.25,55.733333587646484,451.73333740234375,16.433332443237305,Percentage,unit,"Both sexes, All age groups, Seasonally adjusted",62.29999923706055,66.0999984741211,5.483333110809326,Number,unit,Total of all violations-Actual incidents,12224.83
Saskatchewan,2000-10,"Index, 201612=100",units,43.29999999999999,39.2,42.13333333333333,Dollars,units,"Median total income,Both sexes,All age groups",1616.67,,,,,,,,,,,,,Persons,unit,25591.0,54394.0,Persons,thousands,"Both sexes, All age groups, Seasonally adjusted",296.73333740234375,242.51666259765625,312.3666687011719,54.21666717529297,451.3500061035156,15.616666793823242,Percentage,unit,"Both sexes, All age groups, Seasonally adjusted",62.08333206176758,65.76667022705078,5.4666666984558105,Number,unit,Total of all violations-Actual incidents,12224.83
Saskatchewan,2000-05,"Index, 201612=100",units,43.23333333333333,37.800000000000004,41.666666666666664,Dollars,units,"Median total income,Both sexes,All age groups",1616.67,,,,,,,,,,,,,Persons,unit,25864.0,55010.0,Persons,thousands,"Both sexes, All age groups, Seasonally adjusted",300.6833190917969,245.76666259765625,315.9333190917969,54.91666793823242,452.0666809082031,15.25,Percentage,unit,"Both sexes, All age groups, Seasonally adjusted",62.79999923706055,66.36666870117188,5.099999904632568,Number,unit,Total of all violations-Actual incidents,12224.83
Saskatchewan,2000-04,"Index, 201612=100",units,43.20000000000001,37.800000000000004,41.666666666666664,Dollars,units,"Median total income,Both sexes,All age groups",1616.67,,,,,,,,,,,,,Persons,unit,29184.0,50915.0,Persons,thousands,"Both sexes, All age groups, Seasonally adjusted",300.2833251953125,244.25,314.54998779296875,56.04999923706055,452.1833190917969,14.266666412353516,Percentage,unit,"Both sexes, All age groups, Seasonally adjusted",62.766666412353516,66.08333587646484,4.816666603088379,Number,unit,Total of all violations-Actual incidents,12224.83
Saskatchewan,2000-03,"Index, 201612=100",units,43.166666666666664,37.800000000000004,41.63333333333333,Dollars,units,"Median total income,Both sexes,All age groups",1616.67,,,,,,,,,,,,,Persons,unit,30770.0,52123.0,Persons,thousands,"Both sexes, All age groups, Seasonally adjusted",301.3999938964844,244.71665954589844,315.8333435058594,56.66666793823242,452.25,14.416666984558105,Percentage,unit,"Both sexes, All age groups, Seasonally adjusted",62.91666793823242,66.26667022705078,4.800000190734863,Number,unit,Total of all violations-Actual incidents,12224.83
Saskatchewan,2000-09,"Index, 201612=100",units,43.29999999999999,39.2,42.13333333333333,Dollars,units,"Median total income,Both sexes,All age groups",1616.67,,,,,,,,,,,,,Persons,unit,24378.0,53770.0,Persons,thousands,"Both sexes, All age groups, Seasonally adjusted",295.70001220703125,241.81666564941406,312.0833435058594,53.88333511352539,451.54998779296875,16.383333206176758,Percentage,unit,"Both sexes, All age groups, Seasonally adjusted",61.849998474121094,65.68333435058594,5.550000190734863,Number,unit,Total of all violations-Actual incidents,12224.83
Saskatchewan,2000-01,"Index, 201612=100",units,42.9,36.93333333333333,41.300000000000004,Dollars,units,"Median total income,Both sexes,All age groups",1616.67,,,,,,,,,,,,,Persons,unit,23108.0,40446.0,Persons,thousands,"Both sexes, All age groups, Seasonally adjusted",301.1499938964844,243.01666259765625,315.9333190917969,58.150001525878906,452.5666809082031,14.783333778381348,Percentage,unit,"Both sexes, All age groups, Seasonally adjusted",62.900001525878906,66.28333282470703,5.016666889190674,Number,unit,Total of all violations-Actual incidents,12224.83
Saskatchewan,2000-11,"Index, 201612=100",units,43.29999999999999,39.3,42.13333333333333,Dollars,units,"Median total income,Both sexes,All age groups",1616.67,,,,,,,,,,,,,Persons,unit,20962.0,42099.0,Persons,thousands,"Both sexes, All age groups, Seasonally adjusted",297.4333190917969,243.21665954589844,312.1000061035156,54.20000076293945,451.3500061035156,14.649999618530273,Percentage,unit,"Both sexes, All age groups, Seasonally adjusted",62.29999923706055,65.69999694824219,5.050000190734863,Number,unit,Total of all violations-Actual incidents,12224.83
Saskatchewan,2000-12,"Index, 201612=100",units,43.43333333333334,39.3,42.233333333333334,Dollars,units,"Median total income,Both sexes,All age groups",1616.67,,,,,,,,,,,,,Persons,unit,17159.0,37444.0,Persons,thousands,"Both sexes, All age groups, Seasonally adjusted",296.01666259765625,242.78334045410156,310.8999938964844,53.233333587646484,451.2833251953125,14.916666984558105,Percentage,unit,"Both sexes, All age groups, Seasonally adjusted",62.06666564941406,65.58333587646484,5.150000095367432,Number,unit,Total of all violations-Actual incidents,12224.83
Saskatchewan,2000-08,"Index, 201612=100",units,43.29999999999999,37.9,41.800000000000004,Dollars,units,"Median total income,Both sexes,All age groups",1616.67,,,,,,,,,,,,,Persons,unit,38249.0,77520.0,Persons,thousands,"Both sexes, All age groups, Seasonally adjusted",295.3166809082031,240.85000610351562,312.3666687011719,54.483333587646484,451.6000061035156,17.03333282470703,Percentage,unit,"Both sexes, All age groups, Seasonally adjusted",61.61666488647461,65.6500015258789,5.900000095367432,Number,unit,Total of all violations-Actual incidents,12224.83
Saskatchewan,2000-06,"Index, 201612=100",units,43.29999999999999,37.9,41.800000000000004,Dollars,units,"Median total income,Both sexes,All age groups",1616.67,,,,,,,,,,,,,Persons,unit,24872.0,61870.0,Persons,thousands,"Both sexes, All age groups, Seasonally adjusted",298.5666809082031,242.81666564941406,315.2166748046875,55.766666412353516,451.9666748046875,16.633333206176758,Percentage,unit,"Both sexes, All age groups, Seasonally adjusted",62.31666564941406,66.1500015258789,5.5333333015441895,Number,unit,Total of all violations-Actual incidents,12224.83
Saskatchewan,2000-02,"Index, 201612=100",units,42.96666666666667,37.166666666666664,41.36666666666667,Dollars,units,"Median total income,Both sexes,All age groups",1616.67,,,,,,,,,,,,,Persons,unit,28158.0,47313.0,Persons,thousands,"Both sexes, All age groups, Seasonally adjusted",301.6166687011719,245.23333740234375,315.5333251953125,56.38333511352539,452.3500061035156,13.916666984558105,Percentage,unit,"Both sexes, All age groups, Seasonally adjusted",63.0,66.18333435058594,4.733333110809326,Number,unit,Total of all violations-Actual incidents,12224.83
