province,REF_DATE,uom_houseindex,scalar_houseindex,avg_house_only,avg_land_only,avg_totalhouseland,uom_income,scalar_income,statistic_income,avg_income,uom_expenditure,scalar_expenditure,statistic_expenditure,avg_food_expenditures,avg_income_taxes,avg_mortageinsurance,avg_mortagePaid,avg_accomodation,avg_rent,avg_shelter,avg_total_expenditure,avg_taxes_landregfees,uom_tourist,scalar_tourist,avg_international_tourism,avg_domestic_tourism,uom_labourforce,scalar_labourforce,statistic_labourforce,avg_employment,avg_fulltime,avg_labourforce,avg_parttime,avg_population,avg_unemployment,uom_lfperc,scalar_lfperc,statistic_labourforceperc,avg_employment_rate,avg_participationrate,avg_unemploymentrate,uom_crime,scalar_crime,statistic_crime,avg_crime_incidents
Atlantic Region,2018-09,"Index, 201612=100",units,100.3,100.1,100.3,,,,,,,,,,,,,,,,,,,,,,,,,,,,,,,,,,,,,,,
Atlantic Region,2018-08,"Index, 201612=100",units,100.5,100.1,100.5,,,,,,,,,,,,,,,,,,,,,,,,,,,,,,,,,,,,,,,
Atlantic Region,2018-07,"Index, 201612=100",units,100.4,100.1,100.4,,,,,,,,,,,,,,,,,,,,,,,,,,,,,,,,,,,,,,,
Atlantic Region,2018-04,"Index, 201612=100",units,100.6,100.0,100.5,,,,,,,,,,,,,,,,,,,,,,,,,,,,,,,,,,,,,,,
Atlantic Region,2018-02,"Index, 201612=100",units,100.3,99.9,100.3,,,,,,,,,,,,,,,,,,,,,,,,,,,,,,,,,,,,,,,
Atlantic Region,2018-05,"Index, 201612=100",units,100.5,100.0,100.4,,,,,,,,,,,,,,,,,,,,,,,,,,,,,,,,,,,,,,,
Atlantic Region,2018-01,"Index, 201612=100",units,100.3,99.9,100.3,,,,,,,,,,,,,,,,,,,,,,,,,,,,,,,,,,,,,,,
Atlantic Region,2018-03,"Index, 201612=100",units,100.5,100.0,100.4,,,,,,,,,,,,,,,,,,,,,,,,,,,,,,,,,,,,,,,
Atlantic Region,2018-06,"Index, 201612=100",units,100.4,100.0,100.4,,,,,,,,,,,,,,,,,,,,,,,,,,,,,,,,,,,,,,,
Prairie Region,2014-08,"Index, 201612=100",units,101.5,98.1,100.4,,,,,Dollars,unit,Average expenditure per household,722.58,1562.17,10.5,493.83,1379.08,296.83,1556.67,7784.92,6.0,,,,,,,,,,,,,,,,,,,,,,,
Prairie Region,2014-05,"Index, 201612=100",units,101.1,97.4,99.9,,,,,Dollars,unit,Average expenditure per household,722.58,1562.17,10.5,493.83,1379.08,296.83,1556.67,7784.92,6.0,,,,,,,,,,,,,,,,,,,,,,,
Prairie Region,2014-04,"Index, 201612=100",units,100.6,97.0,99.4,,,,,Dollars,unit,Average expenditure per household,722.58,1562.17,10.5,493.83,1379.08,296.83,1556.67,7784.92,6.0,,,,,,,,,,,,,,,,,,,,,,,
Prairie Region,2014-11,"Index, 201612=100",units,101.9,98.5,100.8,,,,,Dollars,unit,Average expenditure per household,722.58,1562.17,10.5,493.83,1379.08,296.83,1556.67,7784.92,6.0,,,,,,,,,,,,,,,,,,,,,,,
Prairie Region,2014-07,"Index, 201612=100",units,101.4,97.5,100.1,,,,,Dollars,unit,Average expenditure per household,722.58,1562.17,10.5,493.83,1379.08,296.83,1556.67,7784.92,6.0,,,,,,,,,,,,,,,,,,,,,,,
Prairie Region,2014-10,"Index, 201612=100",units,101.7,98.4,100.6,,,,,Dollars,unit,Average expenditure per household,722.58,1562.17,10.5,493.83,1379.08,296.83,1556.67,7784.92,6.0,,,,,,,,,,,,,,,,,,,,,,,
Prairie Region,2014-03,"Index, 201612=100",units,100.5,96.7,99.2,,,,,Dollars,unit,Average expenditure per household,722.58,1562.17,10.5,493.83,1379.08,296.83,1556.67,7784.92,6.0,,,,,,,,,,,,,,,,,,,,,,,
Prairie Region,2014-09,"Index, 201612=100",units,101.6,98.4,100.5,,,,,Dollars,unit,Average expenditure per household,722.58,1562.17,10.5,493.83,1379.08,296.83,1556.67,7784.92,6.0,,,,,,,,,,,,,,,,,,,,,,,
Prairie Region,2014-12,"Index, 201612=100",units,101.9,98.5,100.8,,,,,Dollars,unit,Average expenditure per household,722.58,1562.17,10.5,493.83,1379.08,296.83,1556.67,7784.92,6.0,,,,,,,,,,,,,,,,,,,,,,,
Prairie Region,2014-01,"Index, 201612=100",units,99.5,96.5,98.5,,,,,Dollars,unit,Average expenditure per household,722.58,1562.17,10.5,493.83,1379.08,296.83,1556.67,7784.92,6.0,,,,,,,,,,,,,,,,,,,,,,,
Prairie Region,2014-02,"Index, 201612=100",units,100.1,96.6,98.9,,,,,Dollars,unit,Average expenditure per household,722.58,1562.17,10.5,493.83,1379.08,296.83,1556.67,7784.92,6.0,,,,,,,,,,,,,,,,,,,,,,,
Prairie Region,2014-06,"Index, 201612=100",units,101.3,97.5,100.0,,,,,Dollars,unit,Average expenditure per household,722.58,1562.17,10.5,493.83,1379.08,296.83,1556.67,7784.92,6.0,,,,,,,,,,,,,,,,,,,,,,,
