province,REF_DATE,uom_houseindex,scalar_houseindex,avg_house_only,avg_land_only,avg_totalhouseland,uom_income,scalar_income,statistic_income,avg_income,uom_expenditure,scalar_expenditure,statistic_expenditure,avg_food_expenditures,avg_income_taxes,avg_mortageinsurance,avg_mortagePaid,avg_accomodation,avg_rent,avg_shelter,avg_total_expenditure,avg_taxes_landregfees,uom_tourist,scalar_tourist,avg_international_tourism,avg_domestic_tourism,uom_labourforce,scalar_labourforce,statistic_labourforce,avg_employment,avg_fulltime,avg_labourforce,avg_parttime,avg_population,avg_unemployment,uom_lfperc,scalar_lfperc,statistic_labourforceperc,avg_employment_rate,avg_participationrate,avg_unemploymentrate,uom_crime,scalar_crime,statistic_crime,avg_crime_incidents
Saskatchewan,1986-12,"Index, 201612=100",units,31.633333333333336,30.666666666666668,31.333333333333332,,,,,,,,,,,,,,,,,Persons,unit,25681.0,38307.0,Persons,thousands,"Both sexes, All age groups, Seasonally adjusted",288.23333740234375,230.5500030517578,309.8666687011719,57.66666793823242,453.3500061035156,21.649999618530273,Percentage,unit,"Both sexes, All age groups, Seasonally adjusted",60.650001525878906,65.5,7.016666889190674,,,,
Saskatchewan,1986-09,"Index, 201612=100",units,31.100000000000005,30.233333333333334,30.833333333333332,,,,,,,,,,,,,,,,,Persons,unit,32447.0,50286.0,Persons,thousands,"Both sexes, All age groups, Seasonally adjusted",287.5333251953125,227.98333740234375,310.29998779296875,59.54999923706055,453.0666809082031,22.766666412353516,Percentage,unit,"Both sexes, All age groups, Seasonally adjusted",60.516666412353516,65.63333129882812,7.416666507720947,,,,
Saskatchewan,1986-08,"Index, 201612=100",units,31.0,30.066666666666663,30.733333333333334,,,,,,,,,,,,,,,,,Persons,unit,52769.0,85292.0,Persons,thousands,"Both sexes, All age groups, Seasonally adjusted",289.04998779296875,230.18333435058594,311.25,58.849998474121094,452.9166564941406,22.233333587646484,Percentage,unit,"Both sexes, All age groups, Seasonally adjusted",60.91666793823242,65.88333129882812,7.183333396911621,,,,
Saskatchewan,1986-10,"Index, 201612=100",units,31.2,30.3,30.933333333333334,,,,,,,,,,,,,,,,,Persons,unit,31217.0,48318.0,Persons,thousands,"Both sexes, All age groups, Seasonally adjusted",290.8666687011719,233.43333435058594,313.4333190917969,57.400001525878906,453.1666564941406,22.600000381469727,Percentage,unit,"Both sexes, All age groups, Seasonally adjusted",61.28333282470703,66.38333129882812,7.266666889190674,,,,
Saskatchewan,1986-04,"Index, 201612=100",units,30.599999999999998,29.433333333333334,30.333333333333332,,,,,,,,,,,,,,,,,Persons,unit,34922.0,47867.0,Persons,thousands,"Both sexes, All age groups, Seasonally adjusted",290.5333251953125,230.64999389648438,313.79998779296875,59.900001525878906,452.1000061035156,23.25,Percentage,unit,"Both sexes, All age groups, Seasonally adjusted",61.63333511352539,66.8499984741211,7.2833333015441895,,,,
Saskatchewan,1986-07,"Index, 201612=100",units,30.900000000000002,30.066666666666663,30.666666666666668,,,,,,,,,,,,,,,,,Persons,unit,57566.0,95947.0,Persons,thousands,"Both sexes, All age groups, Seasonally adjusted",289.7166748046875,228.76666259765625,313.23333740234375,60.93333435058594,452.70001220703125,23.53333282470703,Percentage,unit,"Both sexes, All age groups, Seasonally adjusted",61.13333511352539,66.43333435058594,7.599999904632568,,,,
Saskatchewan,1986-02,"Index, 201612=100",units,30.400000000000002,29.2,30.100000000000005,,,,,,,,,,,,,,,,,Persons,unit,26953.0,39351.0,Persons,thousands,"Both sexes, All age groups, Seasonally adjusted",289.8333435058594,230.4499969482422,313.1833190917969,59.38333511352539,451.5666809082031,23.366666793823242,Percentage,unit,"Both sexes, All age groups, Seasonally adjusted",61.46666717529297,66.73332977294922,7.383333206176758,,,,
Saskatchewan,1986-05,"Index, 201612=100",units,30.900000000000002,29.96666666666667,30.666666666666668,,,,,,,,,,,,,,,,,Persons,unit,35822.0,56742.0,Persons,thousands,"Both sexes, All age groups, Seasonally adjusted",287.8166809082031,227.63333129882812,311.7166748046875,60.20000076293945,452.3166809082031,23.91666603088379,Percentage,unit,"Both sexes, All age groups, Seasonally adjusted",60.83333206176758,66.16666412353516,7.566666603088379,,,,
Saskatchewan,1986-03,"Index, 201612=100",units,30.566666666666663,29.333333333333332,30.23333333333333,,,,,,,,,,,,,,,,,Persons,unit,34073.0,48091.0,Persons,thousands,"Both sexes, All age groups, Seasonally adjusted",289.51666259765625,229.43333435058594,314.1499938964844,60.06666564941406,451.8166809082031,24.66666603088379,Percentage,unit,"Both sexes, All age groups, Seasonally adjusted",61.36666488647461,67.01667022705078,7.883333206176758,,,,
Saskatchewan,1986-01,"Index, 201612=100",units,30.166666666666668,29.2,29.900000000000002,,,,,,,,,,,,,,,,,Persons,unit,30631.0,43363.0,Persons,thousands,"Both sexes, All age groups, Seasonally adjusted",289.4333190917969,231.43333435058594,312.6833190917969,57.983333587646484,451.4166564941406,23.233333587646484,Percentage,unit,"Both sexes, All age groups, Seasonally adjusted",61.349998474121094,66.63333129882812,7.416666507720947,,,,
Saskatchewan,1986-11,"Index, 201612=100",units,31.399999999999995,30.5,31.133333333333336,,,,,,,,,,,,,,,,,Persons,unit,26985.0,38247.0,Persons,thousands,"Both sexes, All age groups, Seasonally adjusted",287.3999938964844,229.85000610351562,309.79998779296875,57.53333282470703,453.2166748046875,22.399999618530273,Percentage,unit,"Both sexes, All age groups, Seasonally adjusted",60.483333587646484,65.53333282470703,7.300000190734863,,,,
Saskatchewan,1986-06,"Index, 201612=100",units,30.900000000000002,30.03333333333333,30.666666666666668,,,,,,,,,,,,,,,,,Persons,unit,40282.0,73950.0,Persons,thousands,"Both sexes, All age groups, Seasonally adjusted",288.01666259765625,228.48333740234375,312.25,59.54999923706055,452.6000061035156,24.25,Percentage,unit,"Both sexes, All age groups, Seasonally adjusted",60.78333282470703,66.18333435058594,7.75,,,,
