province,REF_DATE,uom_houseindex,scalar_houseindex,avg_house_only,avg_land_only,avg_totalhouseland,uom_income,scalar_income,statistic_income,avg_income,uom_expenditure,scalar_expenditure,statistic_expenditure,avg_food_expenditures,avg_income_taxes,avg_mortageinsurance,avg_mortagePaid,avg_accomodation,avg_rent,avg_shelter,avg_total_expenditure,avg_taxes_landregfees,uom_tourist,scalar_tourist,avg_international_tourism,avg_domestic_tourism,uom_labourforce,scalar_labourforce,statistic_labourforce,avg_employment,avg_fulltime,avg_labourforce,avg_parttime,avg_population,avg_unemployment,uom_lfperc,scalar_lfperc,statistic_labourforceperc,avg_employment_rate,avg_participationrate,avg_unemploymentrate,uom_crime,scalar_crime,statistic_crime,avg_crime_incidents
British Columbia,1986-07,"Index, 201612=100",units,103.76666666666667,44.96666666666667,74.16666666666667,,,,,,,,,,,,,,,,,Persons,unit,967922.0,2252755.0,Persons,thousands,"Both sexes, All age groups, Seasonally adjusted",849.1666870117188,694.2333374023438,962.6666870117188,154.89999389648438,1425.63330078125,113.5,Percentage,unit,"Both sexes, All age groups, Seasonally adjusted",56.43333435058594,64.41666412353516,11.649999618530273,,,,
British Columbia,1986-04,"Index, 201612=100",units,104.96666666666665,44.76666666666667,74.63333333333333,,,,,,,,,,,,,,,,,Persons,unit,746325.0,1068429.0,Persons,thousands,"Both sexes, All age groups, Seasonally adjusted",836.933349609375,678.5833129882812,953.9000244140625,158.35000610351562,1419.5833740234375,116.96666717529297,Percentage,unit,"Both sexes, All age groups, Seasonally adjusted",55.5,63.78333282470703,12.666666984558105,,,,
British Columbia,1986-01,"Index, 201612=100",units,104.36666666666667,44.666666666666664,74.23333333333333,,,,,,,,,,,,,,,,,Persons,unit,591445.0,830974.0,Persons,thousands,"Both sexes, All age groups, Seasonally adjusted",825.7999877929688,676.3666381835938,948.5,149.43333435058594,1415.88330078125,122.71666717529297,Percentage,unit,"Both sexes, All age groups, Seasonally adjusted",54.66666793823242,63.28333282470703,13.433333396911621,,,,
British Columbia,1986-11,"Index, 201612=100",units,100.66666666666667,45.23333333333333,73.23333333333333,,,,,,,,,,,,,,,,,Persons,unit,622024.0,900698.0,Persons,thousands,"Both sexes, All age groups, Seasonally adjusted",842.0833129882812,679.1166381835938,965.316650390625,162.9499969482422,1432.0999755859375,123.25,Percentage,unit,"Both sexes, All age groups, Seasonally adjusted",55.266666412353516,63.93333435058594,13.149999618530273,,,,
British Columbia,1986-08,"Index, 201612=100",units,102.5,45.23333333333333,73.83333333333333,,,,,,,,,,,,,,,,,Persons,unit,1065609.0,2459448.0,Persons,thousands,"Both sexes, All age groups, Seasonally adjusted",848.4500122070312,689.1333618164062,968.4833374023438,159.3333282470703,1427.38330078125,120.01667022705078,Percentage,unit,"Both sexes, All age groups, Seasonally adjusted",56.233333587646484,64.63333129882812,12.383333206176758,,,,
British Columbia,1986-05,"Index, 201612=100",units,105.10000000000001,44.96666666666667,74.8,,,,,,,,,,,,,,,,,Persons,unit,783195.0,1564319.0,Persons,thousands,"Both sexes, All age groups, Seasonally adjusted",839.5499877929688,680.0,955.3666381835938,159.5833282470703,1421.1500244140625,115.78333282470703,Percentage,unit,"Both sexes, All age groups, Seasonally adjusted",55.766666412353516,63.96666717529297,12.533333778381348,,,,
British Columbia,1986-02,"Index, 201612=100",units,104.8,44.76666666666667,74.4,,,,,,,,,,,,,,,,,Persons,unit,502518.0,738678.0,Persons,thousands,"Both sexes, All age groups, Seasonally adjusted",828.4166870117188,678.3333129882812,949.3666381835938,150.06666564941406,1416.9666748046875,120.94999694824219,Percentage,unit,"Both sexes, All age groups, Seasonally adjusted",54.88333511352539,63.43333435058594,13.483333587646484,,,,
British Columbia,1986-03,"Index, 201612=100",units,105.0,44.76666666666667,74.5,,,,,,,,,,,,,,,,,Persons,unit,794504.0,1121010.0,Persons,thousands,"Both sexes, All age groups, Seasonally adjusted",830.3666381835938,669.4166870117188,953.5,160.96665954589844,1418.13330078125,123.13333129882812,Percentage,unit,"Both sexes, All age groups, Seasonally adjusted",54.91666793823242,63.63333511352539,13.449999809265137,,,,
British Columbia,1986-06,"Index, 201612=100",units,104.3,44.96666666666667,74.46666666666667,,,,,,,,,,,,,,,,,Persons,unit,831587.0,1887306.0,Persons,thousands,"Both sexes, All age groups, Seasonally adjusted",843.8499755859375,681.3666381835938,959.0333251953125,162.51666259765625,1423.566650390625,115.19999694824219,Percentage,unit,"Both sexes, All age groups, Seasonally adjusted",56.04999923706055,64.16666412353516,12.166666984558105,,,,
British Columbia,1986-10,"Index, 201612=100",units,101.83333333333333,45.23333333333333,73.7,,,,,,,,,,,,,,,,,Persons,unit,653926.0,1222030.0,Persons,thousands,"Both sexes, All age groups, Seasonally adjusted",843.6333618164062,685.25,960.4666748046875,158.38333129882812,1430.816650390625,116.86666870117188,Percentage,unit,"Both sexes, All age groups, Seasonally adjusted",55.56666564941406,63.79999923706055,12.5,,,,
British Columbia,1986-09,"Index, 201612=100",units,102.56666666666666,45.23333333333333,73.93333333333334,,,,,,,,,,,,,,,,,Persons,unit,705804.0,1759381.0,Persons,thousands,"Both sexes, All age groups, Seasonally adjusted",848.316650390625,687.7000122070312,967.8499755859375,160.56666564941406,1429.449951171875,119.55000305175781,Percentage,unit,"Both sexes, All age groups, Seasonally adjusted",56.18333435058594,64.48332977294922,12.566666603088379,,,,
British Columbia,1986-12,"Index, 201612=100",units,99.66666666666667,45.23333333333333,72.83333333333333,,,,,,,,,,,,,,,,,Persons,unit,585729.0,865831.0,Persons,thousands,"Both sexes, All age groups, Seasonally adjusted",840.3666381835938,681.8666381835938,966.8666381835938,158.51666259765625,1433.3499755859375,126.48332977294922,Percentage,unit,"Both sexes, All age groups, Seasonally adjusted",55.11666488647461,64.06666564941406,13.683333396911621,,,,
New Brunswick,1996-12,"Index, 201612=100",units,83.3,81.1,82.3,,,,,,,,,,,,,,,,,Persons,unit,437135.0,596813.0,Persons,thousands,"Both sexes, All age groups, Seasonally adjusted",192.73333740234375,160.63333129882812,220.3000030517578,32.06666564941406,361.7166748046875,27.566667556762695,Percentage,unit,"Both sexes, All age groups, Seasonally adjusted",48.81666564941406,56.29999923706055,13.5,,,,
New Brunswick,1996-09,"Index, 201612=100",units,83.3,80.4,82.2,,,,,,,,,,,,,,,,,Persons,unit,441848.0,638244.0,Persons,thousands,"Both sexes, All age groups, Seasonally adjusted",191.39999389648438,159.60000610351562,218.98333740234375,31.78333282470703,361.3666687011719,27.600000381469727,Percentage,unit,"Both sexes, All age groups, Seasonally adjusted",48.650001525878906,56.08333206176758,13.116666793823242,,,,
New Brunswick,1996-03,"Index, 201612=100",units,83.9,80.4,82.7,,,,,,,,,,,,,,,,,Persons,unit,459124.0,608061.0,Persons,thousands,"Both sexes, All age groups, Seasonally adjusted",195.93333435058594,164.38333129882812,218.3333282470703,31.549999237060547,359.98333740234375,22.399999618530273,Percentage,unit,"Both sexes, All age groups, Seasonally adjusted",50.16666793823242,56.31666564941406,10.933333396911621,,,,
New Brunswick,1996-10,"Index, 201612=100",units,83.2,80.4,82.1,,,,,,,,,,,,,,,,,Persons,unit,464660.0,655715.0,Persons,thousands,"Both sexes, All age groups, Seasonally adjusted",193.26666259765625,161.3000030517578,220.81666564941406,31.983333587646484,361.4333190917969,27.53333282470703,Percentage,unit,"Both sexes, All age groups, Seasonally adjusted",49.08333206176758,56.58333206176758,13.333333015441895,,,,
New Brunswick,1996-02,"Index, 201612=100",units,84.0,80.4,82.8,,,,,,,,,,,,,,,,,Persons,unit,375229.0,505241.0,Persons,thousands,"Both sexes, All age groups, Seasonally adjusted",195.73333740234375,163.6666717529297,218.73333740234375,32.04999923706055,359.76666259765625,22.96666717529297,Percentage,unit,"Both sexes, All age groups, Seasonally adjusted",50.08333206176758,56.43333435058594,11.183333396911621,,,,
New Brunswick,1996-01,"Index, 201612=100",units,84.0,80.4,82.8,,,,,,,,,,,,,,,,,Persons,unit,391966.0,520854.0,Persons,thousands,"Both sexes, All age groups, Seasonally adjusted",194.63333129882812,165.23333740234375,218.39999389648438,29.383333206176758,359.54998779296875,23.766666412353516,Percentage,unit,"Both sexes, All age groups, Seasonally adjusted",49.75,56.31666564941406,11.449999809265137,,,,
New Brunswick,1996-06,"Index, 201612=100",units,83.3,80.4,82.3,,,,,,,,,,,,,,,,,Persons,unit,520643.0,743104.0,Persons,thousands,"Both sexes, All age groups, Seasonally adjusted",197.18333435058594,165.3000030517578,223.56666564941406,31.91666603088379,360.70001220703125,26.350000381469727,Percentage,unit,"Both sexes, All age groups, Seasonally adjusted",50.28333282470703,57.86666488647461,12.716666221618652,,,,
New Brunswick,1996-11,"Index, 201612=100",units,83.3,81.1,82.3,,,,,,,,,,,,,,,,,Persons,unit,423364.0,577835.0,Persons,thousands,"Both sexes, All age groups, Seasonally adjusted",193.96665954589844,161.36666870117188,221.14999389648438,32.599998474121094,361.5833435058594,27.183332443237305,Percentage,unit,"Both sexes, All age groups, Seasonally adjusted",49.20000076293945,56.63333511352539,13.416666984558105,,,,
New Brunswick,1996-08,"Index, 201612=100",units,83.3,80.4,82.2,,,,,,,,,,,,,,,,,Persons,unit,583051.0,873041.0,Persons,thousands,"Both sexes, All age groups, Seasonally adjusted",196.35000610351562,163.81666564941406,221.56666564941406,32.54999923706055,361.20001220703125,25.233333587646484,Percentage,unit,"Both sexes, All age groups, Seasonally adjusted",49.75,56.66666793823242,11.933333396911621,,,,
New Brunswick,1996-05,"Index, 201612=100",units,83.0,80.4,82.1,,,,,,,,,,,,,,,,,Persons,unit,502808.0,679984.0,Persons,thousands,"Both sexes, All age groups, Seasonally adjusted",196.3333282470703,164.89999389648438,218.38333129882812,31.41666603088379,360.4166564941406,22.08333396911621,Percentage,unit,"Both sexes, All age groups, Seasonally adjusted",50.150001525878906,56.233333587646484,10.783333778381348,,,,
New Brunswick,1996-04,"Index, 201612=100",units,83.8,80.4,82.6,,,,,,,,,,,,,,,,,Persons,unit,454961.0,602983.0,Persons,thousands,"Both sexes, All age groups, Seasonally adjusted",195.76666259765625,164.5833282470703,218.63333129882812,31.16666603088379,360.1833190917969,22.899999618530273,Percentage,unit,"Both sexes, All age groups, Seasonally adjusted",49.86666488647461,56.16666793823242,11.25,,,,
New Brunswick,1996-07,"Index, 201612=100",units,83.3,80.4,82.1,,,,,,,,,,,,,,,,,Persons,unit,573233.0,862160.0,Persons,thousands,"Both sexes, All age groups, Seasonally adjusted",197.85000610351562,165.6666717529297,223.68333435058594,32.150001525878906,360.95001220703125,25.883333206176758,Percentage,unit,"Both sexes, All age groups, Seasonally adjusted",50.28333282470703,57.41666793823242,12.183333396911621,,,,
Prairie Region,1992-09,"Index, 201612=100",units,36.9,37.6,36.9,,,,,,,,,,,,,,,,,,,,,,,,,,,,,,,,,,,,,,,
Prairie Region,1992-05,"Index, 201612=100",units,36.7,37.5,36.7,,,,,,,,,,,,,,,,,,,,,,,,,,,,,,,,,,,,,,,
Prairie Region,1992-02,"Index, 201612=100",units,36.2,37.2,36.3,,,,,,,,,,,,,,,,,,,,,,,,,,,,,,,,,,,,,,,
Prairie Region,1992-06,"Index, 201612=100",units,36.8,37.5,36.8,,,,,,,,,,,,,,,,,,,,,,,,,,,,,,,,,,,,,,,
Prairie Region,1992-01,"Index, 201612=100",units,36.2,37.2,36.3,,,,,,,,,,,,,,,,,,,,,,,,,,,,,,,,,,,,,,,
Prairie Region,1992-04,"Index, 201612=100",units,36.5,37.4,36.6,,,,,,,,,,,,,,,,,,,,,,,,,,,,,,,,,,,,,,,
Prairie Region,1992-08,"Index, 201612=100",units,36.8,37.5,36.8,,,,,,,,,,,,,,,,,,,,,,,,,,,,,,,,,,,,,,,
Prairie Region,1992-12,"Index, 201612=100",units,37.1,37.7,37.1,,,,,,,,,,,,,,,,,,,,,,,,,,,,,,,,,,,,,,,
Prairie Region,1992-11,"Index, 201612=100",units,37.0,37.7,37.0,,,,,,,,,,,,,,,,,,,,,,,,,,,,,,,,,,,,,,,
Prairie Region,1992-10,"Index, 201612=100",units,37.1,37.6,37.0,,,,,,,,,,,,,,,,,,,,,,,,,,,,,,,,,,,,,,,
Prairie Region,1992-07,"Index, 201612=100",units,36.8,37.5,36.8,,,,,,,,,,,,,,,,,,,,,,,,,,,,,,,,,,,,,,,
Prairie Region,1992-03,"Index, 201612=100",units,36.5,37.4,36.6,,,,,,,,,,,,,,,,,,,,,,,,,,,,,,,,,,,,,,,
Quebec,2005-12,"Index, 201612=100",units,81.93333333333334,69.26666666666667,77.80000000000001,Dollars,units,"Median total income,Both sexes,All age groups",2008.33,,,,,,,,,,,,,Persons,unit,336758.0,681156.0,Persons,thousands,"Both sexes, All age groups, Seasonally adjusted",2386.550048828125,1975.3333740234375,2594.88330078125,411.1833190917969,3805.316650390625,208.35000610351562,Percentage,unit,"Both sexes, All age groups, Seasonally adjusted",59.28333282470703,64.94999694824219,8.633333206176758,Number,unit,Total of all violations-Actual incidents,38096.83
Quebec,2005-05,"Index, 201612=100",units,80.46666666666667,66.50000000000001,75.86666666666667,Dollars,units,"Median total income,Both sexes,All age groups",2008.33,,,,,,,,,,,,,Persons,unit,448827.0,847385.0,Persons,thousands,"Both sexes, All age groups, Seasonally adjusted",2343.14990234375,1944.63330078125,2556.64990234375,398.5666809082031,3782.416748046875,213.48333740234375,Percentage,unit,"Both sexes, All age groups, Seasonally adjusted",58.29999923706055,64.01667022705078,8.766666412353516,Number,unit,Total of all violations-Actual incidents,38096.83
Quebec,2005-04,"Index, 201612=100",units,80.33333333333333,66.2,75.73333333333333,Dollars,units,"Median total income,Both sexes,All age groups",2008.33,,,,,,,,,,,,,Persons,unit,448558.0,809143.0,Persons,thousands,"Both sexes, All age groups, Seasonally adjusted",2367.416748046875,1969.8333740234375,2564.39990234375,397.5666809082031,3778.683349609375,196.96665954589844,Percentage,unit,"Both sexes, All age groups, Seasonally adjusted",59.099998474121094,64.4000015258789,8.116666793823242,Number,unit,Total of all violations-Actual incidents,38096.83
Quebec,2005-10,"Index, 201612=100",units,81.63333333333333,68.73333333333333,77.43333333333334,Dollars,units,"Median total income,Both sexes,All age groups",2008.33,,,,,,,,,,,,,Persons,unit,421541.0,823438.0,Persons,thousands,"Both sexes, All age groups, Seasonally adjusted",2379.199951171875,1961.949951171875,2592.4833984375,417.25,3799.333251953125,213.3000030517578,Percentage,unit,"Both sexes, All age groups, Seasonally adjusted",59.13333511352539,64.88333129882812,8.716666221618652,Number,unit,Total of all violations-Actual incidents,38096.83
Quebec,2005-07,"Index, 201612=100",units,80.56666666666666,66.73333333333333,76.0,Dollars,units,"Median total income,Both sexes,All age groups",2008.33,,,,,,,,,,,,,Persons,unit,726581.0,1326848.0,Persons,thousands,"Both sexes, All age groups, Seasonally adjusted",2373.533447265625,1954.4000244140625,2577.083251953125,419.1666564941406,3788.9833984375,203.51666259765625,Percentage,unit,"Both sexes, All age groups, Seasonally adjusted",59.04999923706055,64.63333129882812,8.483333587646484,Number,unit,Total of all violations-Actual incidents,38096.83
Quebec,2005-09,"Index, 201612=100",units,81.23333333333333,68.36666666666666,77.06666666666666,Dollars,units,"Median total income,Both sexes,All age groups",2008.33,,,,,,,,,,,,,Persons,unit,472403.0,922311.0,Persons,thousands,"Both sexes, All age groups, Seasonally adjusted",2375.60009765625,1970.2833251953125,2583.2333984375,405.29998779296875,3796.63330078125,207.61666870117188,Percentage,unit,"Both sexes, All age groups, Seasonally adjusted",59.04999923706055,64.71666717529297,8.716666221618652,Number,unit,Total of all violations-Actual incidents,38096.83
Quebec,2005-01,"Index, 201612=100",units,79.33333333333333,65.93333333333334,74.83333333333333,Dollars,units,"Median total income,Both sexes,All age groups",2008.33,,,,,,,,,,,,,Persons,unit,455609.0,750096.0,Persons,thousands,"Both sexes, All age groups, Seasonally adjusted",2368.800048828125,1972.183349609375,2578.583251953125,396.6666564941406,3770.216552734375,209.75,Percentage,unit,"Both sexes, All age groups, Seasonally adjusted",59.29999923706055,64.94999694824219,8.550000190734863,Number,unit,Total of all violations-Actual incidents,38096.83
Quebec,2005-08,"Index, 201612=100",units,80.93333333333332,68.06666666666666,76.73333333333333,Dollars,units,"Median total income,Both sexes,All age groups",2008.33,,,,,,,,,,,,,Persons,unit,741962.0,1306380.0,Persons,thousands,"Both sexes, All age groups, Seasonally adjusted",2383.63330078125,1969.13330078125,2591.083251953125,414.51666259765625,3793.316650390625,207.39999389648438,Percentage,unit,"Both sexes, All age groups, Seasonally adjusted",59.31666564941406,64.96666717529297,8.449999809265137,Number,unit,Total of all violations-Actual incidents,38096.83
Quebec,2005-02,"Index, 201612=100",units,79.66666666666667,66.2,75.16666666666667,Dollars,units,"Median total income,Both sexes,All age groups",2008.33,,,,,,,,,,,,,Persons,unit,390998.0,729226.0,Persons,thousands,"Both sexes, All age groups, Seasonally adjusted",2367.2333984375,1961.63330078125,2571.10009765625,405.6166687011719,3772.88330078125,203.8333282470703,Percentage,unit,"Both sexes, All age groups, Seasonally adjusted",59.233333587646484,64.63333129882812,8.283333778381348,Number,unit,Total of all violations-Actual incidents,38096.83
Quebec,2005-11,"Index, 201612=100",units,82.0,69.23333333333333,77.80000000000001,Dollars,units,"Median total income,Both sexes,All age groups",2008.33,,,,,,,,,,,,,Persons,unit,331436.0,637593.0,Persons,thousands,"Both sexes, All age groups, Seasonally adjusted",2377.36669921875,1958.5333251953125,2577.5,418.8666687011719,3802.60009765625,200.11666870117188,Percentage,unit,"Both sexes, All age groups, Seasonally adjusted",59.06666564941406,64.44999694824219,8.233333587646484,Number,unit,Total of all violations-Actual incidents,38096.83
Quebec,2005-03,"Index, 201612=100",units,80.03333333333335,66.2,75.46666666666665,Dollars,units,"Median total income,Both sexes,All age groups",2008.33,,,,,,,,,,,,,Persons,unit,545099.0,893552.0,Persons,thousands,"Both sexes, All age groups, Seasonally adjusted",2368.683349609375,1976.2332763671875,2571.333251953125,392.4333190917969,3775.699951171875,202.64999389648438,Percentage,unit,"Both sexes, All age groups, Seasonally adjusted",59.06666564941406,64.69999694824219,8.550000190734863,Number,unit,Total of all violations-Actual incidents,38096.83
Quebec,2005-06,"Index, 201612=100",units,80.56666666666666,66.73333333333333,76.0,Dollars,units,"Median total income,Both sexes,All age groups",2008.33,,,,,,,,,,,,,Persons,unit,456300.0,933209.0,Persons,thousands,"Both sexes, All age groups, Seasonally adjusted",2363.833251953125,1984.7166748046875,2568.066650390625,379.1166687011719,3785.583251953125,204.21665954589844,Percentage,unit,"Both sexes, All age groups, Seasonally adjusted",58.91666793823242,64.44999694824219,8.516666412353516,Number,unit,Total of all violations-Actual incidents,38096.83
