province,REF_DATE,uom_houseindex,scalar_houseindex,avg_house_only,avg_land_only,avg_totalhouseland,uom_income,scalar_income,statistic_income,avg_income,uom_expenditure,scalar_expenditure,statistic_expenditure,avg_food_expenditures,avg_income_taxes,avg_mortageinsurance,avg_mortagePaid,avg_accomodation,avg_rent,avg_shelter,avg_total_expenditure,avg_taxes_landregfees,uom_tourist,scalar_tourist,avg_international_tourism,avg_domestic_tourism,uom_labourforce,scalar_labourforce,statistic_labourforce,avg_employment,avg_fulltime,avg_labourforce,avg_parttime,avg_population,avg_unemployment,uom_lfperc,scalar_lfperc,statistic_labourforceperc,avg_employment_rate,avg_participationrate,avg_unemploymentrate,uom_crime,scalar_crime,statistic_crime,avg_crime_incidents
Manitoba,2000-06,"Index, 201612=100",units,50.3,34.8,45.7,Dollars,units,"Median total income,Both sexes,All age groups",1683.33,,,,,,,,,,,,,Persons,unit,93873.0,211057.0,Persons,thousands,"Both sexes, All age groups, Seasonally adjusted",350.3666687011719,289.5333251953125,366.3833312988281,60.79999923706055,521.8333129882812,16.049999237060547,Percentage,unit,"Both sexes, All age groups, Seasonally adjusted",63.41666793823242,66.55000305175781,4.5,Number,unit,Total of all violations-Actual incidents,11199.92
Manitoba,2000-10,"Index, 201612=100",units,50.3,34.8,45.7,Dollars,units,"Median total income,Both sexes,All age groups",1683.33,,,,,,,,,,,,,Persons,unit,95160.0,175771.0,Persons,thousands,"Both sexes, All age groups, Seasonally adjusted",350.5333251953125,286.1333312988281,366.8333435058594,64.4000015258789,522.7166748046875,16.299999237060547,Percentage,unit,"Both sexes, All age groups, Seasonally adjusted",63.31666564941406,66.56666564941406,4.583333492279053,Number,unit,Total of all violations-Actual incidents,11199.92
Manitoba,2000-08,"Index, 201612=100",units,50.3,34.8,45.7,Dollars,units,"Median total income,Both sexes,All age groups",1683.33,,,,,,,,,,,,,Persons,unit,151810.0,271722.0,Persons,thousands,"Both sexes, All age groups, Seasonally adjusted",353.6166687011719,291.23333740234375,371.04998779296875,62.349998474121094,522.2833251953125,17.41666603088379,Percentage,unit,"Both sexes, All age groups, Seasonally adjusted",63.96666717529297,67.63333129882812,5.483333110809326,Number,unit,Total of all violations-Actual incidents,11199.92
Manitoba,2000-02,"Index, 201612=100",units,49.3,34.8,45.0,Dollars,units,"Median total income,Both sexes,All age groups",1683.33,,,,,,,,,,,,,Persons,unit,90532.0,154657.0,Persons,thousands,"Both sexes, All age groups, Seasonally adjusted",347.1833190917969,288.3500061035156,365.6333312988281,58.81666564941406,520.5999755859375,18.41666603088379,Percentage,unit,"Both sexes, All age groups, Seasonally adjusted",62.78333282470703,66.63333129882812,5.566666603088379,Number,unit,Total of all violations-Actual incidents,11199.92
Manitoba,2000-07,"Index, 201612=100",units,50.3,34.8,45.7,Dollars,units,"Median total income,Both sexes,All age groups",1683.33,,,,,,,,,,,,,Persons,unit,149114.0,289081.0,Persons,thousands,"Both sexes, All age groups, Seasonally adjusted",350.54998779296875,290.3333435058594,368.29998779296875,60.21666717529297,521.9833374023438,17.75,Percentage,unit,"Both sexes, All age groups, Seasonally adjusted",63.266666412353516,66.83333587646484,5.183333396911621,Number,unit,Total of all violations-Actual incidents,11199.92
Manitoba,2000-01,"Index, 201612=100",units,49.3,34.8,45.0,Dollars,units,"Median total income,Both sexes,All age groups",1683.33,,,,,,,,,,,,,Persons,unit,80028.0,140847.0,Persons,thousands,"Both sexes, All age groups, Seasonally adjusted",348.1666564941406,287.3666687011719,366.29998779296875,60.83333206176758,520.25,18.116666793823242,Percentage,unit,"Both sexes, All age groups, Seasonally adjusted",63.099998474121094,66.75,5.233333110809326,Number,unit,Total of all violations-Actual incidents,11199.92
Manitoba,2000-04,"Index, 201612=100",units,49.3,34.8,45.0,Dollars,units,"Median total income,Both sexes,All age groups",1683.33,,,,,,,,,,,,,Persons,unit,101391.0,168302.0,Persons,thousands,"Both sexes, All age groups, Seasonally adjusted",351.9333190917969,288.51666259765625,369.0833435058594,63.43333435058594,521.1666870117188,17.149999618530273,Percentage,unit,"Both sexes, All age groups, Seasonally adjusted",63.63333511352539,67.23332977294922,5.199999809265137,Number,unit,Total of all violations-Actual incidents,11199.92
Manitoba,2000-03,"Index, 201612=100",units,49.3,34.8,45.0,Dollars,units,"Median total income,Both sexes,All age groups",1683.33,,,,,,,,,,,,,Persons,unit,112864.0,181850.0,Persons,thousands,"Both sexes, All age groups, Seasonally adjusted",347.6833190917969,286.6833190917969,367.26666259765625,60.983333587646484,520.8666381835938,19.600000381469727,Percentage,unit,"Both sexes, All age groups, Seasonally adjusted",62.88333511352539,66.9000015258789,5.866666793823242,Number,unit,Total of all violations-Actual incidents,11199.92
Manitoba,2000-05,"Index, 201612=100",units,49.4,34.8,45.0,Dollars,units,"Median total income,Both sexes,All age groups",1683.33,,,,,,,,,,,,,Persons,unit,92402.0,182891.0,Persons,thousands,"Both sexes, All age groups, Seasonally adjusted",350.3999938964844,287.1333312988281,366.9333190917969,63.29999923706055,521.5166625976562,16.516666412353516,Percentage,unit,"Both sexes, All age groups, Seasonally adjusted",63.29999923706055,66.5999984741211,4.866666793823242,Number,unit,Total of all violations-Actual incidents,11199.92
Manitoba,2000-09,"Index, 201612=100",units,50.3,34.8,45.7,Dollars,units,"Median total income,Both sexes,All age groups",1683.33,,,,,,,,,,,,,Persons,unit,101437.0,188988.0,Persons,thousands,"Both sexes, All age groups, Seasonally adjusted",351.9666748046875,288.54998779296875,367.6666564941406,63.400001525878906,522.4833374023438,15.75,Percentage,unit,"Both sexes, All age groups, Seasonally adjusted",63.733333587646484,66.8499984741211,4.4666666984558105,Number,unit,Total of all violations-Actual incidents,11199.92
Manitoba,2000-12,"Index, 201612=100",units,50.5,34.8,45.8,Dollars,units,"Median total income,Both sexes,All age groups",1683.33,,,,,,,,,,,,,Persons,unit,65497.0,128991.0,Persons,thousands,"Both sexes, All age groups, Seasonally adjusted",349.9166564941406,283.5833435058594,368.3500061035156,66.38333129882812,523.2999877929688,18.41666603088379,Percentage,unit,"Both sexes, All age groups, Seasonally adjusted",63.45000076293945,67.11666870117188,5.183333396911621,Number,unit,Total of all violations-Actual incidents,11199.92
Manitoba,2000-11,"Index, 201612=100",units,50.5,34.8,45.8,Dollars,units,"Median total income,Both sexes,All age groups",1683.33,,,,,,,,,,,,,Persons,unit,72033.0,133895.0,Persons,thousands,"Both sexes, All age groups, Seasonally adjusted",349.3333435058594,284.73333740234375,366.8166809082031,64.5999984741211,523.0166625976562,17.483333587646484,Percentage,unit,"Both sexes, All age groups, Seasonally adjusted",63.150001525878906,66.5999984741211,4.916666507720947,Number,unit,Total of all violations-Actual incidents,11199.92
Nova Scotia,1990-10,"Index, 201612=100",units,54.8,59.1,55.9,,,,,,,,,,,,,,,,,Persons,unit,8071.0,37067.0,Persons,thousands,"Both sexes, All age groups, Seasonally adjusted",246.73333740234375,206.86666870117188,275.5833435058594,39.849998474121094,425.79998779296875,28.866666793823242,Percentage,unit,"Both sexes, All age groups, Seasonally adjusted",53.88333511352539,60.56666564941406,10.566666603088379,,,,
Nova Scotia,1990-01,"Index, 201612=100",units,54.5,59.1,55.7,,,,,,,,,,,,,,,,,Persons,unit,5196.0,13329.0,Persons,thousands,"Both sexes, All age groups, Seasonally adjusted",242.18333435058594,201.8333282470703,270.3999938964844,40.349998474121094,422.5,28.21666717529297,Percentage,unit,"Both sexes, All age groups, Seasonally adjusted",53.66666793823242,60.266666412353516,10.649999618530273,,,,
Nova Scotia,1990-06,"Index, 201612=100",units,54.7,59.1,55.9,,,,,,,,,,,,,,,,,Persons,unit,7727.0,51263.0,Persons,thousands,"Both sexes, All age groups, Seasonally adjusted",243.01666259765625,205.3333282470703,271.29998779296875,37.68333435058594,424.20001220703125,28.28333282470703,Percentage,unit,"Both sexes, All age groups, Seasonally adjusted",53.45000076293945,60.03333282470703,10.466666221618652,,,,
Nova Scotia,1990-05,"Index, 201612=100",units,54.7,59.1,55.9,,,,,,,,,,,,,,,,,Persons,unit,11360.0,35792.0,Persons,thousands,"Both sexes, All age groups, Seasonally adjusted",241.6999969482422,202.9499969482422,269.7833251953125,38.75,423.9666748046875,28.049999237060547,Percentage,unit,"Both sexes, All age groups, Seasonally adjusted",53.150001525878906,59.71666717529297,10.583333015441895,,,,
Nova Scotia,1990-12,"Index, 201612=100",units,54.5,59.1,55.7,,,,,,,,,,,,,,,,,Persons,unit,3932.0,13327.0,Persons,thousands,"Both sexes, All age groups, Seasonally adjusted",246.1666717529297,205.3333282470703,275.95001220703125,40.83333206176758,426.54998779296875,29.766666412353516,Percentage,unit,"Both sexes, All age groups, Seasonally adjusted",53.70000076293945,60.53333282470703,10.649999618530273,,,,
Nova Scotia,1990-11,"Index, 201612=100",units,54.5,59.1,55.7,,,,,,,,,,,,,,,,,Persons,unit,4677.0,13557.0,Persons,thousands,"Both sexes, All age groups, Seasonally adjusted",247.28334045410156,208.6999969482422,275.7833251953125,38.599998474121094,426.2833251953125,28.5,Percentage,unit,"Both sexes, All age groups, Seasonally adjusted",53.88333511352539,60.5,10.416666984558105,,,,
Nova Scotia,1990-03,"Index, 201612=100",units,54.7,59.1,55.9,,,,,,,,,,,,,,,,,Persons,unit,14377.0,26424.0,Persons,thousands,"Both sexes, All age groups, Seasonally adjusted",242.13333129882812,203.48333740234375,269.20001220703125,38.650001525878906,423.04998779296875,27.08333396911621,Percentage,unit,"Both sexes, All age groups, Seasonally adjusted",53.66666793823242,59.93333435058594,10.116666793823242,,,,
Nova Scotia,1990-08,"Index, 201612=100",units,54.8,59.1,55.9,,,,,,,,,,,,,,,,,Persons,unit,11442.0,77553.0,Persons,thousands,"Both sexes, All age groups, Seasonally adjusted",243.64999389648438,206.0833282470703,272.3333435058594,37.56666564941406,424.7833251953125,28.66666603088379,Percentage,unit,"Both sexes, All age groups, Seasonally adjusted",53.46666717529297,60.08333206176758,10.683333396911621,,,,
Nova Scotia,1990-04,"Index, 201612=100",units,54.7,59.1,55.9,,,,,,,,,,,,,,,,,Persons,unit,14263.0,25430.0,Persons,thousands,"Both sexes, All age groups, Seasonally adjusted",243.5,204.93333435058594,269.6666564941406,38.53333282470703,423.5333251953125,26.183332443237305,Percentage,unit,"Both sexes, All age groups, Seasonally adjusted",53.81666564941406,59.81666564941406,9.649999618530273,,,,
Nova Scotia,1990-07,"Index, 201612=100",units,54.8,59.1,55.9,,,,,,,,,,,,,,,,,Persons,unit,11113.0,71635.0,Persons,thousands,"Both sexes, All age groups, Seasonally adjusted",242.46665954589844,204.4166717529297,271.5,38.03333282470703,424.5333251953125,29.0,Percentage,unit,"Both sexes, All age groups, Seasonally adjusted",53.25,59.93333435058594,10.766666412353516,,,,
Nova Scotia,1990-09,"Index, 201612=100",units,54.8,59.1,55.9,,,,,,,,,,,,,,,,,Persons,unit,9031.0,69095.0,Persons,thousands,"Both sexes, All age groups, Seasonally adjusted",244.5,205.43333435058594,274.3666687011719,39.06666564941406,425.1499938964844,29.883333206176758,Percentage,unit,"Both sexes, All age groups, Seasonally adjusted",53.516666412353516,60.5,10.966666221618652,,,,
Nova Scotia,1990-02,"Index, 201612=100",units,54.7,59.1,55.9,,,,,,,,,,,,,,,,,Persons,unit,6207.0,14564.0,Persons,thousands,"Both sexes, All age groups, Seasonally adjusted",241.4499969482422,201.5833282470703,270.5666809082031,39.849998474121094,422.75,29.116666793823242,Percentage,unit,"Both sexes, All age groups, Seasonally adjusted",53.38333511352539,60.150001525878906,10.716666221618652,,,,
Prince Edward Island,2014-01,"Index, 201612=100",units,101.4,96.7,100.5,Dollars,units,"Median total income,Both sexes,All age groups",2554.17,Dollars,unit,Average expenditure per household,615.67,905.58,14.58,321.83,1009.42,151.92,1094.0,5696.5,NaN,Persons,unit,2.0,16.0,Persons,thousands,"Both sexes, All age groups, Seasonally adjusted",46.78333282470703,39.31666564941406,52.53333282470703,7.4666666984558105,73.06666564941406,5.766666889190674,Percentage,unit,"Both sexes, All age groups, Seasonally adjusted",62.31666564941406,70.43333435058594,11.899999618530273,Number,unit,Total of all violations-Actual incidents,644.92
Prince Edward Island,2014-12,"Index, 201612=100",units,99.6,98.0,99.3,Dollars,units,"Median total income,Both sexes,All age groups",2554.17,Dollars,unit,Average expenditure per household,615.67,905.58,14.58,321.83,1009.42,151.92,1094.0,5696.5,NaN,Persons,unit,3.0,70.0,Persons,thousands,"Both sexes, All age groups, Seasonally adjusted",46.33333206176758,39.733333587646484,52.20000076293945,6.599999904632568,73.21666717529297,5.866666793823242,Percentage,unit,"Both sexes, All age groups, Seasonally adjusted",61.266666412353516,69.80000305175781,12.433333396911621,Number,unit,Total of all violations-Actual incidents,644.92
Prince Edward Island,2014-03,"Index, 201612=100",units,100.3,97.4,99.7,Dollars,units,"Median total income,Both sexes,All age groups",2554.17,Dollars,unit,Average expenditure per household,615.67,905.58,14.58,321.83,1009.42,151.92,1094.0,5696.5,NaN,Persons,unit,721.0,745.0,Persons,thousands,"Both sexes, All age groups, Seasonally adjusted",46.70000076293945,39.70000076293945,52.45000076293945,6.949999809265137,73.1500015258789,5.7833333015441895,Percentage,unit,"Both sexes, All age groups, Seasonally adjusted",62.099998474121094,70.11666870117188,11.933333396911621,Number,unit,Total of all violations-Actual incidents,644.92
Prince Edward Island,2014-07,"Index, 201612=100",units,99.7,97.4,99.3,Dollars,units,"Median total income,Both sexes,All age groups",2554.17,Dollars,unit,Average expenditure per household,615.67,905.58,14.58,321.83,1009.42,151.92,1094.0,5696.5,NaN,Persons,unit,122.0,1348.0,Persons,thousands,"Both sexes, All age groups, Seasonally adjusted",47.29999923706055,40.04999923706055,51.766666412353516,7.25,73.19999694824219,4.4666666984558105,Percentage,unit,"Both sexes, All age groups, Seasonally adjusted",62.68333435058594,69.5,9.866666793823242,Number,unit,Total of all violations-Actual incidents,644.92
Prince Edward Island,2014-06,"Index, 201612=100",units,99.9,97.4,99.4,Dollars,units,"Median total income,Both sexes,All age groups",2554.17,Dollars,unit,Average expenditure per household,615.67,905.58,14.58,321.83,1009.42,151.92,1094.0,5696.5,NaN,Persons,unit,4.0,57.0,Persons,thousands,"Both sexes, All age groups, Seasonally adjusted",46.93333435058594,39.86666488647461,51.71666717529297,7.0333333015441895,73.21666717529297,4.816666603088379,Percentage,unit,"Both sexes, All age groups, Seasonally adjusted",62.650001525878906,69.5,9.899999618530273,Number,unit,Total of all violations-Actual incidents,644.92
Prince Edward Island,2014-08,"Index, 201612=100",units,99.7,97.4,99.3,Dollars,units,"Median total income,Both sexes,All age groups",2554.17,Dollars,unit,Average expenditure per household,615.67,905.58,14.58,321.83,1009.42,151.92,1094.0,5696.5,NaN,Persons,unit,258.0,1553.0,Persons,thousands,"Both sexes, All age groups, Seasonally adjusted",47.46666717529297,40.599998474121094,52.08333206176758,6.900000095367432,73.21666717529297,4.616666793823242,Percentage,unit,"Both sexes, All age groups, Seasonally adjusted",63.08333206176758,69.86666870117188,9.833333015441895,Number,unit,Total of all violations-Actual incidents,644.92
Prince Edward Island,2014-05,"Index, 201612=100",units,100.2,97.4,99.6,Dollars,units,"Median total income,Both sexes,All age groups",2554.17,Dollars,unit,Average expenditure per household,615.67,905.58,14.58,321.83,1009.42,151.92,1094.0,5696.5,NaN,Persons,unit,362.0,395.0,Persons,thousands,"Both sexes, All age groups, Seasonally adjusted",47.03333282470703,39.91666793823242,53.28333282470703,7.099999904632568,73.25,6.233333110809326,Percentage,unit,"Both sexes, All age groups, Seasonally adjusted",62.53333282470703,71.6500015258789,13.016666412353516,Number,unit,Total of all violations-Actual incidents,644.92
Prince Edward Island,2014-02,"Index, 201612=100",units,100.8,97.4,100.2,Dollars,units,"Median total income,Both sexes,All age groups",2554.17,Dollars,unit,Average expenditure per household,615.67,905.58,14.58,321.83,1009.42,151.92,1094.0,5696.5,NaN,Persons,unit,179.0,220.0,Persons,thousands,"Both sexes, All age groups, Seasonally adjusted",46.83333206176758,39.75,52.650001525878906,7.066666603088379,73.11666870117188,5.816666603088379,Percentage,unit,"Both sexes, All age groups, Seasonally adjusted",62.25,70.44999694824219,11.949999809265137,Number,unit,Total of all violations-Actual incidents,644.92
Prince Edward Island,2014-10,"Index, 201612=100",units,99.5,97.4,99.1,Dollars,units,"Median total income,Both sexes,All age groups",2554.17,Dollars,unit,Average expenditure per household,615.67,905.58,14.58,321.83,1009.42,151.92,1094.0,5696.5,NaN,Persons,unit,6.0,54.0,Persons,thousands,"Both sexes, All age groups, Seasonally adjusted",47.04999923706055,40.766666412353516,51.78333282470703,6.300000190734863,73.1500015258789,4.699999809265137,Percentage,unit,"Both sexes, All age groups, Seasonally adjusted",62.46666717529297,69.31666564941406,9.833333015441895,Number,unit,Total of all violations-Actual incidents,644.92
Prince Edward Island,2014-11,"Index, 201612=100",units,99.2,97.4,98.8,Dollars,units,"Median total income,Both sexes,All age groups",2554.17,Dollars,unit,Average expenditure per household,615.67,905.58,14.58,321.83,1009.42,151.92,1094.0,5696.5,NaN,Persons,unit,976.0,2433.0,Persons,thousands,"Both sexes, All age groups, Seasonally adjusted",47.06666564941406,40.349998474121094,52.349998474121094,6.7166666984558105,73.18333435058594,5.316666603088379,Percentage,unit,"Both sexes, All age groups, Seasonally adjusted",62.36666488647461,70.06666564941406,11.466666221618652,Number,unit,Total of all violations-Actual incidents,644.92
Prince Edward Island,2014-04,"Index, 201612=100",units,100.3,97.4,99.7,Dollars,units,"Median total income,Both sexes,All age groups",2554.17,Dollars,unit,Average expenditure per household,615.67,905.58,14.58,321.83,1009.42,151.92,1094.0,5696.5,NaN,Persons,unit,933.0,980.0,Persons,thousands,"Both sexes, All age groups, Seasonally adjusted",46.43333435058594,39.16666793823242,52.16666793823242,7.300000190734863,73.21666717529297,5.733333110809326,Percentage,unit,"Both sexes, All age groups, Seasonally adjusted",61.650001525878906,69.78333282470703,11.850000381469727,Number,unit,Total of all violations-Actual incidents,644.92
Prince Edward Island,2014-09,"Index, 201612=100",units,99.5,97.4,99.1,Dollars,units,"Median total income,Both sexes,All age groups",2554.17,Dollars,unit,Average expenditure per household,615.67,905.58,14.58,321.83,1009.42,151.92,1094.0,5696.5,NaN,Persons,unit,11.0,95.0,Persons,thousands,"Both sexes, All age groups, Seasonally adjusted",46.650001525878906,40.08333206176758,51.66666793823242,6.583333492279053,73.18333435058594,5.016666889190674,Percentage,unit,"Both sexes, All age groups, Seasonally adjusted",61.900001525878906,69.0,10.516666412353516,Number,unit,Total of all violations-Actual incidents,644.92
