province,REF_DATE,uom_houseindex,scalar_houseindex,avg_house_only,avg_land_only,avg_totalhouseland,uom_income,scalar_income,statistic_income,avg_income,uom_expenditure,scalar_expenditure,statistic_expenditure,avg_food_expenditures,avg_income_taxes,avg_mortageinsurance,avg_mortagePaid,avg_accomodation,avg_rent,avg_shelter,avg_total_expenditure,avg_taxes_landregfees,uom_tourist,scalar_tourist,avg_international_tourism,avg_domestic_tourism,uom_labourforce,scalar_labourforce,statistic_labourforce,avg_employment,avg_fulltime,avg_labourforce,avg_parttime,avg_population,avg_unemployment,uom_lfperc,scalar_lfperc,statistic_labourforceperc,avg_employment_rate,avg_participationrate,avg_unemploymentrate,uom_crime,scalar_crime,statistic_crime,avg_crime_incidents
Quebec,2003-03,"Index, 201612=100",units,71.26666666666667,59.300000000000004,67.26666666666667,Dollars,units,"Median total income,Both sexes,All age groups",1858.33,,,,,,,,,,,,,Persons,unit,440982.0,792807.0,Persons,thousands,"Both sexes, All age groups, Seasonally adjusted",2299.166748046875,1901.7667236328125,2519.166748046875,397.4166564941406,3703.38330078125,219.98333740234375,Percentage,unit,"Both sexes, All age groups, Seasonally adjusted",58.36666488647461,64.5,9.583333015441895,Number,unit,Total of all violations-Actual incidents,38903.75
Quebec,2003-09,"Index, 201612=100",units,73.7,61.633333333333326,69.63333333333334,Dollars,units,"Median total income,Both sexes,All age groups",1858.33,,,,,,,,,,,,,Persons,unit,433618.0,874723.0,Persons,thousands,"Both sexes, All age groups, Seasonally adjusted",2318.7333984375,1907.75,2553.2666015625,411.01666259765625,3722.35009765625,234.53334045410156,Percentage,unit,"Both sexes, All age groups, Seasonally adjusted",58.71666717529297,65.05000305175781,9.550000190734863,Number,unit,Total of all violations-Actual incidents,38903.75
Quebec,2003-01,"Index, 201612=100",units,70.60000000000001,59.03333333333334,66.7,Dollars,units,"Median total income,Both sexes,All age groups",1858.33,,,,,,,,,,,,,Persons,unit,403184.0,738466.0,Persons,thousands,"Both sexes, All age groups, Seasonally adjusted",2309.25,1920.11669921875,2517.64990234375,389.1499938964844,3699.25,208.39999389648438,Percentage,unit,"Both sexes, All age groups, Seasonally adjusted",58.66666793823242,64.4000015258789,8.75,Number,unit,Total of all violations-Actual incidents,38903.75
Quebec,2003-12,"Index, 201612=100",units,74.83333333333333,62.43333333333334,70.66666666666667,Dollars,units,"Median total income,Both sexes,All age groups",1858.33,,,,,,,,,,,,,Persons,unit,321750.0,694911.0,Persons,thousands,"Both sexes, All age groups, Seasonally adjusted",2327.13330078125,1912.0999755859375,2555.816650390625,415.0333251953125,3730.466552734375,228.68333435058594,Percentage,unit,"Both sexes, All age groups, Seasonally adjusted",58.63333511352539,64.94999694824219,9.583333015441895,Number,unit,Total of all violations-Actual incidents,38903.75
Quebec,2003-06,"Index, 201612=100",units,72.03333333333333,59.96666666666666,67.93333333333334,Dollars,units,"Median total income,Both sexes,All age groups",1858.33,,,,,,,,,,,,,Persons,unit,445089.0,925395.0,Persons,thousands,"Both sexes, All age groups, Seasonally adjusted",2315.61669921875,1912.38330078125,2544.36669921875,403.25,3712.14990234375,228.73333740234375,Percentage,unit,"Both sexes, All age groups, Seasonally adjusted",58.83333206176758,65.11666870117188,9.716666221618652,Number,unit,Total of all violations-Actual incidents,38903.75
Quebec,2003-11,"Index, 201612=100",units,74.76666666666667,62.26666666666667,70.56666666666666,Dollars,units,"Median total income,Both sexes,All age groups",1858.33,,,,,,,,,,,,,Persons,unit,331552.0,671863.0,Persons,thousands,"Both sexes, All age groups, Seasonally adjusted",2341.699951171875,1929.6666259765625,2570.449951171875,412.04998779296875,3727.833251953125,228.73333740234375,Percentage,unit,"Both sexes, All age groups, Seasonally adjusted",59.099998474121094,65.4000015258789,9.433333396911621,Number,unit,Total of all violations-Actual incidents,38903.75
Quebec,2003-07,"Index, 201612=100",units,72.03333333333333,59.96666666666666,67.93333333333334,Dollars,units,"Median total income,Both sexes,All age groups",1858.33,,,,,,,,,,,,,Persons,unit,630746.0,1234627.0,Persons,thousands,"Both sexes, All age groups, Seasonally adjusted",2321.7666015625,1929.5,2550.5166015625,392.26666259765625,3715.11669921875,228.75,Percentage,unit,"Both sexes, All age groups, Seasonally adjusted",58.93333435058594,65.13333129882812,9.449999809265137,Number,unit,Total of all violations-Actual incidents,38903.75
Quebec,2003-05,"Index, 201612=100",units,71.86666666666667,59.9,67.8,Dollars,units,"Median total income,Both sexes,All age groups",1858.33,,,,,,,,,,,,,Persons,unit,378963.0,795474.0,Persons,thousands,"Both sexes, All age groups, Seasonally adjusted",2305.38330078125,1904.13330078125,2542.800048828125,401.2833251953125,3708.64990234375,237.4499969482422,Percentage,unit,"Both sexes, All age groups, Seasonally adjusted",58.5,64.98332977294922,10.083333015441895,Number,unit,Total of all violations-Actual incidents,38903.75
Quebec,2003-02,"Index, 201612=100",units,71.6,59.36666666666667,67.56666666666666,Dollars,units,"Median total income,Both sexes,All age groups",1858.33,,,,,,,,,,,,,Persons,unit,331554.0,705330.0,Persons,thousands,"Both sexes, All age groups, Seasonally adjusted",2308.300048828125,1909.75,2519.11669921875,398.5833435058594,3701.2333984375,210.8333282470703,Percentage,unit,"Both sexes, All age groups, Seasonally adjusted",58.66666793823242,64.48332977294922,9.066666603088379,Number,unit,Total of all violations-Actual incidents,38903.75
Quebec,2003-10,"Index, 201612=100",units,74.10000000000001,61.93333333333334,69.96666666666665,Dollars,units,"Median total income,Both sexes,All age groups",1858.33,,,,,,,,,,,,,Persons,unit,394705.0,837858.0,Persons,thousands,"Both sexes, All age groups, Seasonally adjusted",2322.966552734375,1913.2667236328125,2558.36669921875,409.6666564941406,3725.11669921875,235.4166717529297,Percentage,unit,"Both sexes, All age groups, Seasonally adjusted",58.66666793823242,65.08333587646484,9.716666221618652,Number,unit,Total of all violations-Actual incidents,38903.75
Quebec,2003-04,"Index, 201612=100",units,71.7,59.56666666666666,67.63333333333334,Dollars,units,"Median total income,Both sexes,All age groups",1858.33,,,,,,,,,,,,,Persons,unit,364344.0,718916.0,Persons,thousands,"Both sexes, All age groups, Seasonally adjusted",2309.716552734375,1910.86669921875,2540.716552734375,398.8500061035156,3706.38330078125,231.01666259765625,Percentage,unit,"Both sexes, All age groups, Seasonally adjusted",58.733333587646484,65.06666564941406,9.916666984558105,Number,unit,Total of all violations-Actual incidents,38903.75
Quebec,2003-08,"Index, 201612=100",units,72.93333333333334,61.26666666666667,68.96666666666665,Dollars,units,"Median total income,Both sexes,All age groups",1858.33,,,,,,,,,,,,,Persons,unit,692726.0,1325979.0,Persons,thousands,"Both sexes, All age groups, Seasonally adjusted",2309.61669921875,1914.449951171875,2556.716552734375,395.1499938964844,3718.166748046875,247.11666870117188,Percentage,unit,"Both sexes, All age groups, Seasonally adjusted",58.63333511352539,65.30000305175781,10.100000381469727,Number,unit,Total of all violations-Actual incidents,38903.75
