province,REF_DATE,uom_houseindex,scalar_houseindex,avg_house_only,avg_land_only,avg_totalhouseland,uom_income,scalar_income,statistic_income,avg_income,uom_expenditure,scalar_expenditure,statistic_expenditure,avg_food_expenditures,avg_income_taxes,avg_mortageinsurance,avg_mortagePaid,avg_accomodation,avg_rent,avg_shelter,avg_total_expenditure,avg_taxes_landregfees,uom_tourist,scalar_tourist,avg_international_tourism,avg_domestic_tourism,uom_labourforce,scalar_labourforce,statistic_labourforce,avg_employment,avg_fulltime,avg_labourforce,avg_parttime,avg_population,avg_unemployment,uom_lfperc,scalar_lfperc,statistic_labourforceperc,avg_employment_rate,avg_participationrate,avg_unemploymentrate,uom_crime,scalar_crime,statistic_crime,avg_crime_incidents
Canada,2001-03,"Index, 201612=100",units,55.9,67.5,59.0,Dollars,units,"Median total income,Both sexes,All age groups",1883.33,,,,,,,,,,,,,Persons,unit,4104818.0,8145291.0,Persons,thousands,"Both sexes, All age groups, Seasonally adjusted",6749.9775390625,7897.283203125,7266.8779296875,1611.9000244140625,10718.099609375,516.9222412109375,Percentage,unit,"Both sexes, All age groups, Seasonally adjusted",57.411109924316406,62.85555648803711,8.588889122009277,,,,
Canada,2001-02,"Index, 201612=100",units,55.7,67.5,58.8,Dollars,units,"Median total income,Both sexes,All age groups",1883.33,,,,,,,,,,,,,Persons,unit,3163242.0,6642578.0,Persons,thousands,"Both sexes, All age groups, Seasonally adjusted",6742.388671875,7895.41650390625,7248.14453125,1607.5999755859375,10705.255859375,505.74444580078125,Percentage,unit,"Both sexes, All age groups, Seasonally adjusted",57.344444274902344,62.67777633666992,8.522222518920898,,,,
Canada,2001-12,"Index, 201612=100",units,57.3,67.9,60.2,Dollars,units,"Median total income,Both sexes,All age groups",1883.33,,,,,,,,,,,,,Persons,unit,2677121.0,6082855.0,Persons,thousands,"Both sexes, All age groups, Seasonally adjusted",6784.2001953125,7896.0498046875,7376.74462890625,1656.9000244140625,10842.900390625,592.5333251953125,Percentage,unit,"Both sexes, All age groups, Seasonally adjusted",57.099998474121094,63.21111297607422,9.644444465637207,,,,
Canada,2001-10,"Index, 201612=100",units,57.0,67.9,59.9,Dollars,units,"Median total income,Both sexes,All age groups",1883.33,,,,,,,,,,,,,Persons,unit,2713993.0,6175918.0,Persons,thousands,"Both sexes, All age groups, Seasonally adjusted",6787.89990234375,7943.7333984375,7321.3779296875,1616.949951171875,10818.9892578125,533.4888916015625,Percentage,unit,"Both sexes, All age groups, Seasonally adjusted",57.24444580078125,62.72222137451172,8.811111450195312,,,,
Canada,2001-08,"Index, 201612=100",units,56.8,67.8,59.7,Dollars,units,"Median total income,Both sexes,All age groups",1883.33,,,,,,,,,,,,,Persons,unit,5043898.0,1.2651193E7,Persons,thousands,"Both sexes, All age groups, Seasonally adjusted",6774.0,7933.64990234375,7299.68896484375,1607.6500244140625,10793.466796875,525.7000122070312,Percentage,unit,"Both sexes, All age groups, Seasonally adjusted",57.28888702392578,62.66666793823242,8.588889122009277,,,,
Canada,2001-04,"Index, 201612=100",units,56.1,67.6,59.2,Dollars,units,"Median total income,Both sexes,All age groups",1883.33,,,,,,,,,,,,,Persons,unit,3931909.0,8127578.0,Persons,thousands,"Both sexes, All age groups, Seasonally adjusted",6761.7333984375,7905.60009765625,7278.8779296875,1621.2332763671875,10735.078125,517.1666870117188,Percentage,unit,"Both sexes, All age groups, Seasonally adjusted",57.42222213745117,62.81111145019531,8.54444408416748,,,,
Canada,2001-01,"Index, 201612=100",units,55.5,67.4,58.7,Dollars,units,"Median total income,Both sexes,All age groups",1883.33,,,,,,,,,,,,,Persons,unit,3563382.0,6996907.0,Persons,thousands,"Both sexes, All age groups, Seasonally adjusted",6746.84423828125,7893.14990234375,7244.25537109375,1614.800048828125,10693.64453125,497.4222106933594,Percentage,unit,"Both sexes, All age groups, Seasonally adjusted",57.522220611572266,62.68888854980469,8.188888549804688,,,,
Canada,2001-09,"Index, 201612=100",units,56.9,67.8,59.9,Dollars,units,"Median total income,Both sexes,All age groups",1883.33,,,,,,,,,,,,,Persons,unit,3038518.0,7415292.0,Persons,thousands,"Both sexes, All age groups, Seasonally adjusted",6785.1220703125,7943.41650390625,7307.9443359375,1611.933349609375,10806.4111328125,522.8333129882812,Percentage,unit,"Both sexes, All age groups, Seasonally adjusted",57.33333206176758,62.70000076293945,8.54444408416748,,,,
Canada,2001-07,"Index, 201612=100",units,56.7,67.8,59.6,Dollars,units,"Median total income,Both sexes,All age groups",1883.33,,,,,,,,,,,,,Persons,unit,4802473.0,1.2452927E7,Persons,thousands,"Both sexes, All age groups, Seasonally adjusted",6774.322265625,7887.7998046875,7289.111328125,1653.0333251953125,10780.1552734375,514.8110961914062,Percentage,unit,"Both sexes, All age groups, Seasonally adjusted",57.36666488647461,62.75555419921875,8.566666603088379,,,,
Canada,2001-05,"Index, 201612=100",units,56.2,67.7,59.3,Dollars,units,"Median total income,Both sexes,All age groups",1883.33,,,,,,,,,,,,,Persons,unit,3873960.0,9017943.0,Persons,thousands,"Both sexes, All age groups, Seasonally adjusted",6772.85546875,7907.9501953125,7282.966796875,1633.8499755859375,10749.111328125,510.1111145019531,Percentage,unit,"Both sexes, All age groups, Seasonally adjusted",57.4555549621582,62.66666793823242,8.244444847106934,,,,
Canada,2001-11,"Index, 201612=100",units,57.2,68.0,60.1,Dollars,units,"Median total income,Both sexes,All age groups",1883.33,,,,,,,,,,,,,Persons,unit,2578210.0,5785028.0,Persons,thousands,"Both sexes, All age groups, Seasonally adjusted",6793.822265625,7922.11669921875,7341.2001953125,1648.183349609375,10831.27734375,547.3778076171875,Percentage,unit,"Both sexes, All age groups, Seasonally adjusted",57.155555725097656,62.96666717529297,9.244444847106934,,,,
Canada,2001-06,"Index, 201612=100",units,56.5,67.8,59.5,Dollars,units,"Median total income,Both sexes,All age groups",1883.33,,,,,,,,,,,,,Persons,unit,3709035.0,9984680.0,Persons,thousands,"Both sexes, All age groups, Seasonally adjusted",6764.35546875,7907.216796875,7289.04443359375,1621.5833740234375,10763.578125,524.6777954101562,Percentage,unit,"Both sexes, All age groups, Seasonally adjusted",57.29999923706055,62.733333587646484,8.677778244018555,,,,
Ontario,2006-05,"Index, 201612=100",units,78.25555555555553,90.07777777777777,81.30000000000001,Dollars,units,"Median total income,Both sexes,All age groups",2325.0,,,,,,,,,,,,,Persons,unit,2041128.0,4160825.0,Persons,thousands,"Both sexes, All age groups, Seasonally adjusted",4135.14990234375,3471.14990234375,4389.31689453125,663.9666748046875,6244.783203125,254.1666717529297,Percentage,unit,"Both sexes, All age groups, Seasonally adjusted",62.16666793823242,66.44999694824219,6.383333206176758,Number,unit,Total of all violations-Actual incidents,63000.5
Ontario,2006-03,"Index, 201612=100",units,77.98888888888888,89.64444444444445,81.02222222222221,Dollars,units,"Median total income,Both sexes,All age groups",2325.0,,,,,,,,,,,,,Persons,unit,2289142.0,3993441.0,Persons,thousands,"Both sexes, All age groups, Seasonally adjusted",4100.35009765625,3414.60009765625,4358.89990234375,685.7666625976562,6228.7001953125,258.5666809082031,Percentage,unit,"Both sexes, All age groups, Seasonally adjusted",61.766666412353516,66.19999694824219,6.650000095367432,Number,unit,Total of all violations-Actual incidents,63000.5
Ontario,2006-02,"Index, 201612=100",units,77.77777777777779,89.56666666666666,80.86666666666666,Dollars,units,"Median total income,Both sexes,All age groups",2325.0,,,,,,,,,,,,,Persons,unit,1657500.0,3123410.0,Persons,thousands,"Both sexes, All age groups, Seasonally adjusted",4080.9833984375,3405.64990234375,4344.5,675.3333129882812,6222.466796875,263.5,Percentage,unit,"Both sexes, All age groups, Seasonally adjusted",61.41666793823242,65.88333129882812,6.699999809265137,Number,unit,Total of all violations-Actual incidents,63000.5
Ontario,2006-10,"Index, 201612=100",units,79.48888888888888,91.05555555555556,82.5111111111111,Dollars,units,"Median total income,Both sexes,All age groups",2325.0,,,,,,,,,,,,,Persons,unit,1916302.0,3684260.0,Persons,thousands,"Both sexes, All age groups, Seasonally adjusted",4111.4833984375,3430.716552734375,4381.5,680.7999877929688,6277.2666015625,269.98333740234375,Percentage,unit,"Both sexes, All age groups, Seasonally adjusted",61.516666412353516,66.0999984741211,6.916666507720947,Number,unit,Total of all violations-Actual incidents,63000.5
Ontario,2006-06,"Index, 201612=100",units,78.47777777777777,90.17777777777778,81.52222222222223,Dollars,units,"Median total income,Both sexes,All age groups",2325.0,,,,,,,,,,,,,Persons,unit,1794947.0,4349376.0,Persons,thousands,"Both sexes, All age groups, Seasonally adjusted",4132.63330078125,3450.13330078125,4386.41650390625,682.5166625976562,6251.9501953125,253.78334045410156,Percentage,unit,"Both sexes, All age groups, Seasonally adjusted",62.13333511352539,66.38333129882812,6.349999904632568,Number,unit,Total of all violations-Actual incidents,63000.5
Ontario,2006-07,"Index, 201612=100",units,78.8777777777778,90.76666666666667,81.96666666666665,Dollars,units,"Median total income,Both sexes,All age groups",2325.0,,,,,,,,,,,,,Persons,unit,2246237.0,5333334.0,Persons,thousands,"Both sexes, All age groups, Seasonally adjusted",4134.783203125,3452.916748046875,4413.2998046875,681.8833618164062,6258.93310546875,278.48333740234375,Percentage,unit,"Both sexes, All age groups, Seasonally adjusted",62.0,66.73332977294922,7.099999904632568,Number,unit,Total of all violations-Actual incidents,63000.5
Ontario,2006-01,"Index, 201612=100",units,77.53333333333335,89.27777777777777,80.6,Dollars,units,"Median total income,Both sexes,All age groups",2325.0,,,,,,,,,,,,,Persons,unit,1936740.0,3453300.0,Persons,thousands,"Both sexes, All age groups, Seasonally adjusted",4090.666748046875,3412.066650390625,4361.716796875,678.6333618164062,6216.93310546875,271.0333251953125,Percentage,unit,"Both sexes, All age groups, Seasonally adjusted",61.61666488647461,66.30000305175781,6.916666507720947,Number,unit,Total of all violations-Actual incidents,63000.5
Ontario,2006-04,"Index, 201612=100",units,78.10000000000001,89.71111111111112,81.11111111111111,Dollars,units,"Median total income,Both sexes,All age groups",2325.0,,,,,,,,,,,,,Persons,unit,2091991.0,3918652.0,Persons,thousands,"Both sexes, All age groups, Seasonally adjusted",4116.7666015625,3424.38330078125,4376.0,692.3666381835938,6235.61669921875,259.23333740234375,Percentage,unit,"Both sexes, All age groups, Seasonally adjusted",61.81666564941406,66.26667022705078,6.666666507720947,Number,unit,Total of all violations-Actual incidents,63000.5
Ontario,2006-11,"Index, 201612=100",units,79.63333333333335,91.1222222222222,82.6222222222222,Dollars,units,"Median total income,Both sexes,All age groups",2325.0,,,,,,,,,,,,,Persons,unit,1956012.0,3511840.0,Persons,thousands,"Both sexes, All age groups, Seasonally adjusted",4128.783203125,3437.416748046875,4397.0498046875,691.3666381835938,6282.68310546875,268.2833251953125,Percentage,unit,"Both sexes, All age groups, Seasonally adjusted",61.70000076293945,66.21666717529297,6.816666603088379,Number,unit,Total of all violations-Actual incidents,63000.5
Ontario,2006-09,"Index, 201612=100",units,79.48888888888888,91.03333333333332,82.5111111111111,Dollars,units,"Median total income,Both sexes,All age groups",2325.0,,,,,,,,,,,,,Persons,unit,1953100.0,4088260.0,Persons,thousands,"Both sexes, All age groups, Seasonally adjusted",4121.10009765625,3428.166748046875,4404.466796875,692.933349609375,6271.63330078125,283.3500061035156,Percentage,unit,"Both sexes, All age groups, Seasonally adjusted",61.66666793823242,66.55000305175781,7.316666603088379,Number,unit,Total of all violations-Actual incidents,63000.5
Ontario,2006-12,"Index, 201612=100",units,79.72222222222223,91.17777777777776,82.71111111111114,Dollars,units,"Median total income,Both sexes,All age groups",2325.0,,,,,,,,,,,,,Persons,unit,1983157.0,3613433.0,Persons,thousands,"Both sexes, All age groups, Seasonally adjusted",4152.16650390625,3436.533447265625,4412.91650390625,715.5999755859375,6288.16650390625,260.79998779296875,Percentage,unit,"Both sexes, All age groups, Seasonally adjusted",62.016666412353516,66.41666412353516,6.616666793823242,Number,unit,Total of all violations-Actual incidents,63000.5
Ontario,2006-08,"Index, 201612=100",units,79.34444444444445,91.03333333333333,82.38888888888889,Dollars,units,"Median total income,Both sexes,All age groups",2325.0,,,,,,,,,,,,,Persons,unit,2413625.0,5272581.0,Persons,thousands,"Both sexes, All age groups, Seasonally adjusted",4126.533203125,3451.283447265625,4397.88330078125,675.2666625976562,6266.08349609375,271.3500061035156,Percentage,unit,"Both sexes, All age groups, Seasonally adjusted",61.78333282470703,66.48332977294922,7.116666793823242,Number,unit,Total of all violations-Actual incidents,63000.5
Ontario,2013-08,"Index, 201612=100",units,91.55555555555554,96.74444444444445,93.02222222222221,Dollars,units,"Median total income,Both sexes,All age groups",2651.67,Dollars,unit,Average expenditure per household,645.92,1234.5,8.92,522.33,1395.17,263.67,1503.25,6873.25,15.5,Persons,unit,3162629.0,5344891.0,Persons,thousands,"Both sexes, All age groups, Seasonally adjusted",4364.11669921875,3556.61669921875,4702.18310546875,807.5166625976562,6810.783203125,338.0666809082031,Percentage,unit,"Both sexes, All age groups, Seasonally adjusted",60.766666412353516,66.11666870117188,8.149999618530273,Number,unit,Total of all violations-Actual incidents,47244.25
Ontario,2013-12,"Index, 201612=100",units,91.95555555555556,96.92222222222222,93.34444444444445,Dollars,units,"Median total income,Both sexes,All age groups",2651.67,Dollars,unit,Average expenditure per household,645.92,1234.5,8.92,522.33,1395.17,263.67,1503.25,6873.25,15.5,Persons,unit,2410480.0,3601248.0,Persons,thousands,"Both sexes, All age groups, Seasonally adjusted",4360.033203125,3582.2333984375,4707.14990234375,777.7999877929688,6835.10009765625,347.1333312988281,Percentage,unit,"Both sexes, All age groups, Seasonally adjusted",60.56666564941406,66.01667022705078,8.233333587646484,Number,unit,Total of all violations-Actual incidents,47244.25
Ontario,2013-11,"Index, 201612=100",units,91.93333333333334,96.88888888888889,93.34444444444445,Dollars,units,"Median total income,Both sexes,All age groups",2651.67,Dollars,unit,Average expenditure per household,645.92,1234.5,8.92,522.33,1395.17,263.67,1503.25,6873.25,15.5,Persons,unit,2382521.0,3510298.0,Persons,thousands,"Both sexes, All age groups, Seasonally adjusted",4370.64990234375,3588.933349609375,4701.5,781.7333374023438,6829.466796875,330.8500061035156,Percentage,unit,"Both sexes, All age groups, Seasonally adjusted",60.75,65.98332977294922,7.933333396911621,Number,unit,Total of all violations-Actual incidents,47244.25
Ontario,2013-03,"Index, 201612=100",units,90.93333333333332,96.46666666666667,92.46666666666667,Dollars,units,"Median total income,Both sexes,All age groups",2651.67,Dollars,unit,Average expenditure per household,645.92,1234.5,8.92,522.33,1395.17,263.67,1503.25,6873.25,15.5,Persons,unit,2993674.0,4172696.0,Persons,thousands,"Both sexes, All age groups, Seasonally adjusted",4326.91650390625,3525.966552734375,4677.63330078125,800.9833374023438,6771.216796875,350.7166748046875,Percentage,unit,"Both sexes, All age groups, Seasonally adjusted",60.483333587646484,66.05000305175781,8.449999809265137,Number,unit,Total of all violations-Actual incidents,47244.25
Ontario,2013-10,"Index, 201612=100",units,91.80000000000001,96.82222222222224,93.22222222222221,Dollars,units,"Median total income,Both sexes,All age groups",2651.67,Dollars,unit,Average expenditure per household,645.92,1234.5,8.92,522.33,1395.17,263.67,1503.25,6873.25,15.5,Persons,unit,2413173.0,3801706.0,Persons,thousands,"Both sexes, All age groups, Seasonally adjusted",4364.0498046875,3585.316650390625,4701.06689453125,778.75,6823.75,337.01666259765625,Percentage,unit,"Both sexes, All age groups, Seasonally adjusted",60.66666793823242,66.03333282470703,8.100000381469727,Number,unit,Total of all violations-Actual incidents,47244.25
Ontario,2013-02,"Index, 201612=100",units,90.78888888888889,96.44444444444446,92.36666666666666,Dollars,units,"Median total income,Both sexes,All age groups",2651.67,Dollars,unit,Average expenditure per household,645.92,1234.5,8.92,522.33,1395.17,263.67,1503.25,6873.25,15.5,Persons,unit,2185159.0,3131455.0,Persons,thousands,"Both sexes, All age groups, Seasonally adjusted",4328.68310546875,3528.583251953125,4678.56689453125,800.0999755859375,6765.38330078125,349.8666687011719,Percentage,unit,"Both sexes, All age groups, Seasonally adjusted",60.58333206176758,66.13333129882812,8.433333396911621,Number,unit,Total of all violations-Actual incidents,47244.25
Ontario,2013-05,"Index, 201612=100",units,91.22222222222223,96.69999999999999,92.75555555555555,Dollars,units,"Median total income,Both sexes,All age groups",2651.67,Dollars,unit,Average expenditure per household,645.92,1234.5,8.92,522.33,1395.17,263.67,1503.25,6873.25,15.5,Persons,unit,2559267.0,4081615.0,Persons,thousands,"Both sexes, All age groups, Seasonally adjusted",4353.18310546875,3584.183349609375,4688.4833984375,769.0166625976562,6787.033203125,335.3333435058594,Percentage,unit,"Both sexes, All age groups, Seasonally adjusted",60.70000076293945,66.01667022705078,8.066666603088379,Number,unit,Total of all violations-Actual incidents,47244.25
Ontario,2013-07,"Index, 201612=100",units,91.4111111111111,96.6222222222222,92.91111111111111,Dollars,units,"Median total income,Both sexes,All age groups",2651.67,Dollars,unit,Average expenditure per household,645.92,1234.5,8.92,522.33,1395.17,263.67,1503.25,6873.25,15.5,Persons,unit,2752441.0,4887222.0,Persons,thousands,"Both sexes, All age groups, Seasonally adjusted",4354.466796875,3572.64990234375,4698.0166015625,781.7999877929688,6804.5498046875,343.6000061035156,Percentage,unit,"Both sexes, All age groups, Seasonally adjusted",60.58333206176758,66.06666564941406,8.350000381469727,Number,unit,Total of all violations-Actual incidents,47244.25
Ontario,2013-04,"Index, 201612=100",units,91.0888888888889,96.47777777777779,92.59999999999998,Dollars,units,"Median total income,Both sexes,All age groups",2651.67,Dollars,unit,Average expenditure per household,645.92,1234.5,8.92,522.33,1395.17,263.67,1503.25,6873.25,15.5,Persons,unit,2606856.0,3804358.0,Persons,thousands,"Both sexes, All age groups, Seasonally adjusted",4334.2001953125,3540.283447265625,4681.216796875,793.8666381835938,6779.81689453125,347.0333251953125,Percentage,unit,"Both sexes, All age groups, Seasonally adjusted",60.516666412353516,66.03333282470703,8.366666793823242,Number,unit,Total of all violations-Actual incidents,47244.25
Ontario,2013-06,"Index, 201612=100",units,91.27777777777777,96.72222222222223,92.82222222222224,Dollars,units,"Median total income,Both sexes,All age groups",2651.67,Dollars,unit,Average expenditure per household,645.92,1234.5,8.92,522.33,1395.17,263.67,1503.25,6873.25,15.5,Persons,unit,2336236.0,4204279.0,Persons,thousands,"Both sexes, All age groups, Seasonally adjusted",4353.2998046875,3568.300048828125,4695.7666015625,785.0,6795.06689453125,342.4333190917969,Percentage,unit,"Both sexes, All age groups, Seasonally adjusted",60.68333435058594,66.16666412353516,8.333333015441895,Number,unit,Total of all violations-Actual incidents,47244.25
Ontario,2013-09,"Index, 201612=100",units,91.52222222222221,96.74444444444445,93.0111111111111,Dollars,units,"Median total income,Both sexes,All age groups",2651.67,Dollars,unit,Average expenditure per household,645.92,1234.5,8.92,522.33,1395.17,263.67,1503.25,6873.25,15.5,Persons,unit,2437694.0,3943192.0,Persons,thousands,"Both sexes, All age groups, Seasonally adjusted",4370.14990234375,3583.583251953125,4701.7666015625,786.5833129882812,6818.14990234375,331.5833435058594,Percentage,unit,"Both sexes, All age groups, Seasonally adjusted",60.766666412353516,65.94999694824219,7.833333492279053,Number,unit,Total of all violations-Actual incidents,47244.25
Ontario,2013-01,"Index, 201612=100",units,90.77777777777777,96.3777777777778,92.28888888888888,Dollars,units,"Median total income,Both sexes,All age groups",2651.67,Dollars,unit,Average expenditure per household,645.92,1234.5,8.92,522.33,1395.17,263.67,1503.25,6873.25,15.5,Persons,unit,2385519.0,3393814.0,Persons,thousands,"Both sexes, All age groups, Seasonally adjusted",4322.7998046875,3536.050048828125,4667.16650390625,786.7666625976562,6760.33349609375,344.3999938964844,Percentage,unit,"Both sexes, All age groups, Seasonally adjusted",60.46666717529297,65.96666717529297,8.366666793823242,Number,unit,Total of all violations-Actual incidents,47244.25
Prairie Region,1990-01,"Index, 201612=100",units,36.0,33.7,35.4,,,,,,,,,,,,,,,,,,,,,,,,,,,,,,,,,,,,,,,
Prairie Region,1990-04,"Index, 201612=100",units,37.5,35.5,36.9,,,,,,,,,,,,,,,,,,,,,,,,,,,,,,,,,,,,,,,
Prairie Region,1990-05,"Index, 201612=100",units,37.4,35.8,36.9,,,,,,,,,,,,,,,,,,,,,,,,,,,,,,,,,,,,,,,
Prairie Region,1990-06,"Index, 201612=100",units,37.5,35.8,36.9,,,,,,,,,,,,,,,,,,,,,,,,,,,,,,,,,,,,,,,
Prairie Region,1990-07,"Index, 201612=100",units,37.2,35.8,36.8,,,,,,,,,,,,,,,,,,,,,,,,,,,,,,,,,,,,,,,
Prairie Region,1990-09,"Index, 201612=100",units,37.2,36.2,36.8,,,,,,,,,,,,,,,,,,,,,,,,,,,,,,,,,,,,,,,
Prairie Region,1990-11,"Index, 201612=100",units,37.4,36.3,36.9,,,,,,,,,,,,,,,,,,,,,,,,,,,,,,,,,,,,,,,
Prairie Region,1990-08,"Index, 201612=100",units,37.3,36.3,36.9,,,,,,,,,,,,,,,,,,,,,,,,,,,,,,,,,,,,,,,
Prairie Region,1990-12,"Index, 201612=100",units,36.8,36.3,36.6,,,,,,,,,,,,,,,,,,,,,,,,,,,,,,,,,,,,,,,
Prairie Region,1990-10,"Index, 201612=100",units,37.3,36.2,36.9,,,,,,,,,,,,,,,,,,,,,,,,,,,,,,,,,,,,,,,
Prairie Region,1990-03,"Index, 201612=100",units,37.5,35.0,36.8,,,,,,,,,,,,,,,,,,,,,,,,,,,,,,,,,,,,,,,
Prairie Region,1990-02,"Index, 201612=100",units,36.6,34.6,36.0,,,,,,,,,,,,,,,,,,,,,,,,,,,,,,,,,,,,,,,
Quebec,1983-08,"Index, 201612=100",units,38.7,25.55,35.1,,,,,,,,,,,,,,,,,Persons,unit,958270.0,1447584.0,Persons,thousands,"Both sexes, All age groups, Seasonally adjusted",1703.316650390625,1456.933349609375,1968.5,246.36666870117188,3122.10009765625,265.2166748046875,Percentage,unit,"Both sexes, All age groups, Seasonally adjusted",50.93333435058594,59.31666564941406,13.766666412353516,,,,
Quebec,1983-04,"Index, 201612=100",units,36.95,23.4,33.4,,,,,,,,,,,,,,,,,Persons,unit,442747.0,698123.0,Persons,thousands,"Both sexes, All age groups, Seasonally adjusted",1671.5833740234375,1436.933349609375,1944.9000244140625,234.63333129882812,3113.38330078125,273.26666259765625,Percentage,unit,"Both sexes, All age groups, Seasonally adjusted",50.08333206176758,58.71666717529297,14.266666412353516,,,,
Quebec,1983-05,"Index, 201612=100",units,37.55,24.0,34.1,,,,,,,,,,,,,,,,,Persons,unit,473489.0,789675.0,Persons,thousands,"Both sexes, All age groups, Seasonally adjusted",1681.0167236328125,1446.5833740234375,1952.316650390625,234.43333435058594,3116.183349609375,271.29998779296875,Percentage,unit,"Both sexes, All age groups, Seasonally adjusted",50.266666412353516,58.83333206176758,14.283333778381348,,,,
Quebec,1983-06,"Index, 201612=100",units,37.85,25.299999999999997,34.45,,,,,,,,,,,,,,,,,Persons,unit,608157.0,960640.0,Persons,thousands,"Both sexes, All age groups, Seasonally adjusted",1688.199951171875,1451.699951171875,1965.8333740234375,236.5,3118.166748046875,277.6333312988281,Percentage,unit,"Both sexes, All age groups, Seasonally adjusted",50.483333587646484,59.28333282470703,14.649999618530273,,,,
Quebec,1983-11,"Index, 201612=100",units,39.05,26.95,35.55,,,,,,,,,,,,,,,,,Persons,unit,325444.0,559808.0,Persons,thousands,"Both sexes, All age groups, Seasonally adjusted",1711.88330078125,1473.61669921875,1963.5833740234375,238.3000030517578,3127.7333984375,251.68333435058594,Percentage,unit,"Both sexes, All age groups, Seasonally adjusted",51.03333282470703,58.96666717529297,13.100000381469727,,,,
Quebec,1983-02,"Index, 201612=100",units,36.8,23.25,33.349999999999994,,,,,,,,,,,,,,,,,Persons,unit,333230.0,543665.0,Persons,thousands,"Both sexes, All age groups, Seasonally adjusted",1646.4832763671875,1417.699951171875,1923.4166259765625,228.78334045410156,3108.4833984375,276.9666748046875,Percentage,unit,"Both sexes, All age groups, Seasonally adjusted",49.33333206176758,58.016666412353516,14.433333396911621,,,,
Quebec,1983-12,"Index, 201612=100",units,39.1,27.049999999999997,35.650000000000006,,,,,,,,,,,,,,,,,Persons,unit,316731.0,546992.0,Persons,thousands,"Both sexes, All age groups, Seasonally adjusted",1721.4166259765625,1474.8499755859375,1977.7833251953125,246.53334045410156,3130.033447265625,256.3833312988281,Percentage,unit,"Both sexes, All age groups, Seasonally adjusted",51.349998474121094,59.5,13.533333778381348,,,,
Quebec,1983-10,"Index, 201612=100",units,38.85,26.85,35.400000000000006,,,,,,,,,,,,,,,,,Persons,unit,489779.0,817112.0,Persons,thousands,"Both sexes, All age groups, Seasonally adjusted",1712.199951171875,1471.38330078125,1966.0167236328125,240.85000610351562,3125.64990234375,253.8000030517578,Percentage,unit,"Both sexes, All age groups, Seasonally adjusted",51.20000076293945,59.20000076293945,13.083333015441895,,,,
Quebec,1983-01,"Index, 201612=100",units,36.8,23.15,33.400000000000006,,,,,,,,,,,,,,,,,Persons,unit,362982.0,557759.0,Persons,thousands,"Both sexes, All age groups, Seasonally adjusted",1641.566650390625,1413.7166748046875,1915.1666259765625,227.88333129882812,3105.5166015625,273.5833435058594,Percentage,unit,"Both sexes, All age groups, Seasonally adjusted",49.21666717529297,57.849998474121094,14.399999618530273,,,,
Quebec,1983-03,"Index, 201612=100",units,36.7,23.6,33.4,,,,,,,,,,,,,,,,,Persons,unit,434905.0,660784.0,Persons,thousands,"Both sexes, All age groups, Seasonally adjusted",1657.9666748046875,1427.3499755859375,1932.38330078125,230.60000610351562,3110.9833984375,274.45001220703125,Percentage,unit,"Both sexes, All age groups, Seasonally adjusted",49.63333511352539,58.29999923706055,14.283333778381348,,,,
Quebec,1983-09,"Index, 201612=100",units,38.8,26.700000000000003,35.3,,,,,,,,,,,,,,,,,Persons,unit,559919.0,934325.0,Persons,thousands,"Both sexes, All age groups, Seasonally adjusted",1715.8333740234375,1472.75,1971.9832763671875,243.0833282470703,3123.833251953125,256.1333312988281,Percentage,unit,"Both sexes, All age groups, Seasonally adjusted",51.29999923706055,59.400001525878906,13.166666984558105,,,,
Quebec,1983-07,"Index, 201612=100",units,38.099999999999994,25.35,34.650000000000006,,,,,,,,,,,,,,,,,Persons,unit,1224925.0,1735869.0,Persons,thousands,"Both sexes, All age groups, Seasonally adjusted",1694.5999755859375,1453.5,1961.199951171875,241.06666564941406,3119.7666015625,266.5833435058594,Percentage,unit,"Both sexes, All age groups, Seasonally adjusted",50.63333511352539,59.03333282470703,13.933333396911621,,,,
Saskatchewan,1984-10,"Index, 201612=100",units,30.0,26.9,29.0,,,,,,,,,,,,,,,,,Persons,unit,28549.0,44081.0,Persons,thousands,"Both sexes, All age groups, Seasonally adjusted",276.4166564941406,219.81666564941406,300.45001220703125,56.58333206176758,446.9333190917969,24.066667556762695,Percentage,unit,"Both sexes, All age groups, Seasonally adjusted",59.29999923706055,64.71666717529297,7.933333396911621,,,,
Saskatchewan,1984-07,"Index, 201612=100",units,30.200000000000003,26.0,28.950000000000003,,,,,,,,,,,,,,,,,Persons,unit,51725.0,87902.0,Persons,thousands,"Both sexes, All age groups, Seasonally adjusted",276.5333251953125,216.73333740234375,299.0,59.766666412353516,445.5333251953125,22.5,Percentage,unit,"Both sexes, All age groups, Seasonally adjusted",59.5,64.66666412353516,7.599999904632568,,,,
Saskatchewan,1984-06,"Index, 201612=100",units,30.3,25.75,29.0,,,,,,,,,,,,,,,,,Persons,unit,37687.0,70883.0,Persons,thousands,"Both sexes, All age groups, Seasonally adjusted",275.3166809082031,216.76666259765625,298.5333251953125,58.53333282470703,444.6833190917969,23.21666717529297,Percentage,unit,"Both sexes, All age groups, Seasonally adjusted",59.266666412353516,64.63333129882812,7.833333492279053,,,,
Saskatchewan,1984-11,"Index, 201612=100",units,30.0,26.9,29.0,,,,,,,,,,,,,,,,,Persons,unit,25270.0,38189.0,Persons,thousands,"Both sexes, All age groups, Seasonally adjusted",276.6499938964844,217.6666717529297,301.1666564941406,58.95000076293945,447.3333435058594,24.566667556762695,Percentage,unit,"Both sexes, All age groups, Seasonally adjusted",59.20000076293945,64.86666870117188,8.300000190734863,,,,
Saskatchewan,1984-08,"Index, 201612=100",units,29.85,26.65,28.85,,,,,,,,,,,,,,,,,Persons,unit,44454.0,75075.0,Persons,thousands,"Both sexes, All age groups, Seasonally adjusted",278.4666748046875,220.06666564941406,301.1666564941406,58.41666793823242,446.1000061035156,22.683332443237305,Percentage,unit,"Both sexes, All age groups, Seasonally adjusted",59.849998474121094,64.94999694824219,7.383333206176758,,,,
Saskatchewan,1984-12,"Index, 201612=100",units,30.0,26.9,29.0,,,,,,,,,,,,,,,,,Persons,unit,24837.0,36403.0,Persons,thousands,"Both sexes, All age groups, Seasonally adjusted",276.1499938964844,221.01666259765625,300.1333312988281,55.13333511352539,447.70001220703125,24.0,Percentage,unit,"Both sexes, All age groups, Seasonally adjusted",58.983333587646484,64.53333282470703,8.133333206176758,,,,
Saskatchewan,1984-04,"Index, 201612=100",units,30.400000000000002,25.75,29.0,,,,,,,,,,,,,,,,,Persons,unit,40634.0,54663.0,Persons,thousands,"Both sexes, All age groups, Seasonally adjusted",274.01666259765625,218.4166717529297,295.8166809082031,55.63333511352539,443.4666748046875,21.799999237060547,Percentage,unit,"Both sexes, All age groups, Seasonally adjusted",59.20000076293945,64.25,7.449999809265137,,,,
Saskatchewan,1984-09,"Index, 201612=100",units,29.9,26.65,28.900000000000002,,,,,,,,,,,,,,,,,Persons,unit,35412.0,53737.0,Persons,thousands,"Both sexes, All age groups, Seasonally adjusted",276.9333190917969,219.01666259765625,302.3166809082031,57.91666793823242,446.5333251953125,25.366666793823242,Percentage,unit,"Both sexes, All age groups, Seasonally adjusted",59.483333587646484,65.19999694824219,8.300000190734863,,,,
Saskatchewan,1984-01,"Index, 201612=100",units,30.700000000000003,25.6,29.2,,,,,,,,,,,,,,,,,Persons,unit,30364.0,42294.0,Persons,thousands,"Both sexes, All age groups, Seasonally adjusted",273.3666687011719,216.39999389648438,294.2833251953125,56.96666717529297,441.6333312988281,20.883333206176758,Percentage,unit,"Both sexes, All age groups, Seasonally adjusted",59.28333282470703,64.11666870117188,7.066666603088379,,,,
Saskatchewan,1984-05,"Index, 201612=100",units,30.3,25.75,29.0,,,,,,,,,,,,,,,,,Persons,unit,33135.0,53215.0,Persons,thousands,"Both sexes, All age groups, Seasonally adjusted",274.73333740234375,216.31666564941406,297.48333740234375,58.43333435058594,444.0333251953125,22.733333587646484,Percentage,unit,"Both sexes, All age groups, Seasonally adjusted",59.21666717529297,64.51667022705078,7.7166666984558105,,,,
Saskatchewan,1984-02,"Index, 201612=100",units,30.549999999999997,25.55,29.05,,,,,,,,,,,,,,,,,Persons,unit,32954.0,45773.0,Persons,thousands,"Both sexes, All age groups, Seasonally adjusted",273.51666259765625,215.75,295.6000061035156,57.766666412353516,442.3666687011719,22.066667556762695,Percentage,unit,"Both sexes, All age groups, Seasonally adjusted",59.20000076293945,64.3499984741211,7.566666603088379,,,,
Saskatchewan,1984-03,"Index, 201612=100",units,30.549999999999997,25.55,29.05,,,,,,,,,,,,,,,,,Persons,unit,34781.0,48286.0,Persons,thousands,"Both sexes, All age groups, Seasonally adjusted",273.8500061035156,215.75,296.51666259765625,58.099998474121094,442.8500061035156,22.649999618530273,Percentage,unit,"Both sexes, All age groups, Seasonally adjusted",59.13333511352539,64.46666717529297,7.733333110809326,,,,
