province,REF_DATE,uom_houseindex,scalar_houseindex,avg_house_only,avg_land_only,avg_totalhouseland,uom_income,scalar_income,statistic_income,avg_income,uom_expenditure,scalar_expenditure,statistic_expenditure,avg_food_expenditures,avg_income_taxes,avg_mortageinsurance,avg_mortagePaid,avg_accomodation,avg_rent,avg_shelter,avg_total_expenditure,avg_taxes_landregfees,uom_tourist,scalar_tourist,avg_international_tourism,avg_domestic_tourism,uom_labourforce,scalar_labourforce,statistic_labourforce,avg_employment,avg_fulltime,avg_labourforce,avg_parttime,avg_population,avg_unemployment,uom_lfperc,scalar_lfperc,statistic_labourforceperc,avg_employment_rate,avg_participationrate,avg_unemploymentrate,uom_crime,scalar_crime,statistic_crime,avg_crime_incidents
Ontario,1991-05,"Index, 201612=100",units,58.98888888888889,81.8111111111111,64.54444444444444,,,,,,,,,,,,,,,,,Persons,unit,3143180.0,5571872.0,Persons,thousands,"Both sexes, All age groups, Seasonally adjusted",3192.449951171875,2664.75,3515.050048828125,527.75,4955.39990234375,322.5666809082031,Percentage,unit,"Both sexes, All age groups, Seasonally adjusted",60.16666793823242,66.71666717529297,9.566666603088379,,,,
Ontario,1991-04,"Index, 201612=100",units,58.78888888888888,81.56666666666666,64.42222222222222,,,,,,,,,,,,,,,,,Persons,unit,2952186.0,4724908.0,Persons,thousands,"Both sexes, All age groups, Seasonally adjusted",3180.199951171875,2647.333251953125,3509.816650390625,532.8833618164062,4948.61669921875,329.6333312988281,Percentage,unit,"Both sexes, All age groups, Seasonally adjusted",59.93333435058594,66.56666564941406,9.600000381469727,,,,
Ontario,1991-07,"Index, 201612=100",units,58.96666666666667,81.58888888888889,64.45555555555556,,,,,,,,,,,,,,,,,Persons,unit,3622943.0,7351397.0,Persons,thousands,"Both sexes, All age groups, Seasonally adjusted",3190.666748046875,2644.75,3522.89990234375,545.9000244140625,4967.31689453125,332.23333740234375,Percentage,unit,"Both sexes, All age groups, Seasonally adjusted",59.95000076293945,66.76667022705078,9.966666221618652,,,,
Ontario,1991-06,"Index, 201612=100",units,58.87777777777777,81.82222222222224,64.48888888888888,,,,,,,,,,,,,,,,,Persons,unit,3082781.0,6129801.0,Persons,thousands,"Both sexes, All age groups, Seasonally adjusted",3189.5166015625,2655.433349609375,3533.4833984375,534.1333618164062,4961.7333984375,343.9333190917969,Percentage,unit,"Both sexes, All age groups, Seasonally adjusted",60.06666564941406,67.08333587646484,10.233333587646484,,,,
Ontario,1991-12,"Index, 201612=100",units,58.36666666666666,80.9888888888889,63.85555555555556,,,,,,,,,,,,,,,,,Persons,unit,2939752.0,4541157.0,Persons,thousands,"Both sexes, All age groups, Seasonally adjusted",3170.933349609375,2635.949951171875,3501.7333984375,534.9500122070312,4996.41650390625,330.8333435058594,Percentage,unit,"Both sexes, All age groups, Seasonally adjusted",59.13333511352539,65.71666717529297,9.75,,,,
Ontario,1991-08,"Index, 201612=100",units,58.85555555555555,81.51111111111112,64.37777777777778,,,,,,,,,,,,,,,,,Persons,unit,3835560.0,7741007.0,Persons,thousands,"Both sexes, All age groups, Seasonally adjusted",3188.13330078125,2642.083251953125,3527.216552734375,546.0333251953125,4970.85009765625,339.1000061035156,Percentage,unit,"Both sexes, All age groups, Seasonally adjusted",59.900001525878906,66.75,10.083333015441895,,,,
Ontario,1991-09,"Index, 201612=100",units,58.71111111111111,81.45555555555555,64.26666666666667,,,,,,,,,,,,,,,,,Persons,unit,2761083.0,5232289.0,Persons,thousands,"Both sexes, All age groups, Seasonally adjusted",3190.316650390625,2653.300048828125,3494.933349609375,537.0166625976562,4976.533203125,304.6166687011719,Percentage,unit,"Both sexes, All age groups, Seasonally adjusted",59.78333282470703,65.96666717529297,9.25,,,,
Ontario,1991-10,"Index, 201612=100",units,58.611111111111114,81.35555555555555,64.14444444444445,,,,,,,,,,,,,,,,,Persons,unit,2876391.0,4885703.0,Persons,thousands,"Both sexes, All age groups, Seasonally adjusted",3182.7333984375,2641.64990234375,3509.566650390625,541.1333618164062,4981.64990234375,326.8333435058594,Percentage,unit,"Both sexes, All age groups, Seasonally adjusted",59.61666488647461,66.1500015258789,9.649999618530273,,,,
Ontario,1991-03,"Index, 201612=100",units,58.86666666666666,82.07777777777777,64.64444444444445,,,,,,,,,,,,,,,,,Persons,unit,3315059.0,5069397.0,Persons,thousands,"Both sexes, All age groups, Seasonally adjusted",3164.433349609375,2639.066650390625,3504.666748046875,525.3666381835938,4939.93310546875,340.26666259765625,Percentage,unit,"Both sexes, All age groups, Seasonally adjusted",59.88333511352539,66.71666717529297,9.800000190734863,,,,
Ontario,1991-01,"Index, 201612=100",units,59.17777777777778,83.6222222222222,65.28888888888889,,,,,,,,,,,,,,,,,Persons,unit,2433838.0,3781828.0,Persons,thousands,"Both sexes, All age groups, Seasonally adjusted",3203.11669921875,2663.699951171875,3494.4833984375,539.4000244140625,4926.14990234375,291.3833312988281,Percentage,unit,"Both sexes, All age groups, Seasonally adjusted",60.83333206176758,66.75,8.533333778381348,,,,
Ontario,1991-11,"Index, 201612=100",units,58.52222222222221,80.98888888888888,63.955555555555556,,,,,,,,,,,,,,,,,Persons,unit,3005741.0,4613484.0,Persons,thousands,"Both sexes, All age groups, Seasonally adjusted",3183.566650390625,2643.716552734375,3509.63330078125,539.8666381835938,4988.63330078125,326.0666809082031,Percentage,unit,"Both sexes, All age groups, Seasonally adjusted",59.483333587646484,66.0,9.649999618530273,,,,
Ontario,1991-02,"Index, 201612=100",units,58.844444444444434,82.17777777777778,64.66666666666667,,,,,,,,,,,,,,,,,Persons,unit,2322375.0,3694712.0,Persons,thousands,"Both sexes, All age groups, Seasonally adjusted",3170.783447265625,2640.933349609375,3492.966552734375,529.8666381835938,4932.89990234375,322.1833190917969,Percentage,unit,"Both sexes, All age groups, Seasonally adjusted",60.150001525878906,66.58333587646484,9.25,,,,
