province,REF_DATE,uom_houseindex,scalar_houseindex,avg_house_only,avg_land_only,avg_totalhouseland,uom_income,scalar_income,statistic_income,avg_income,uom_expenditure,scalar_expenditure,statistic_expenditure,avg_food_expenditures,avg_income_taxes,avg_mortageinsurance,avg_mortagePaid,avg_accomodation,avg_rent,avg_shelter,avg_total_expenditure,avg_taxes_landregfees,uom_tourist,scalar_tourist,avg_international_tourism,avg_domestic_tourism,uom_labourforce,scalar_labourforce,statistic_labourforce,avg_employment,avg_fulltime,avg_labourforce,avg_parttime,avg_population,avg_unemployment,uom_lfperc,scalar_lfperc,statistic_labourforceperc,avg_employment_rate,avg_participationrate,avg_unemploymentrate,uom_crime,scalar_crime,statistic_crime,avg_crime_incidents
Nova Scotia,1991-03,"Index, 201612=100",units,54.3,59.8,55.6,,,,,,,,,,,,,,,,,Persons,unit,14352.0,23490.0,Persons,thousands,"Both sexes, All age groups, Seasonally adjusted",243.13333129882812,202.9166717529297,274.29998779296875,40.20000076293945,427.29998779296875,31.149999618530273,Percentage,unit,"Both sexes, All age groups, Seasonally adjusted",52.71666717529297,59.983333587646484,11.716666221618652,,,,
Nova Scotia,1991-05,"Index, 201612=100",units,54.3,59.8,55.7,,,,,,,,,,,,,,,,,Persons,unit,10757.0,35693.0,Persons,thousands,"Both sexes, All age groups, Seasonally adjusted",244.4499969482422,202.88333129882812,275.4666748046875,41.54999923706055,428.1833190917969,31.016666412353516,Percentage,unit,"Both sexes, All age groups, Seasonally adjusted",52.79999923706055,60.233333587646484,12.166666984558105,,,,
Nova Scotia,1991-06,"Index, 201612=100",units,54.3,59.8,55.7,,,,,,,,,,,,,,,,,Persons,unit,7218.0,47311.0,Persons,thousands,"Both sexes, All age groups, Seasonally adjusted",242.21665954589844,202.23333740234375,274.1499938964844,40.0,428.54998779296875,31.91666603088379,Percentage,unit,"Both sexes, All age groups, Seasonally adjusted",52.41666793823242,59.900001525878906,12.550000190734863,,,,
Nova Scotia,1991-08,"Index, 201612=100",units,54.3,59.8,55.7,,,,,,,,,,,,,,,,,Persons,unit,10486.0,75177.0,Persons,thousands,"Both sexes, All age groups, Seasonally adjusted",241.0500030517578,199.60000610351562,273.73333740234375,41.41666793823242,429.1499938964844,32.70000076293945,Percentage,unit,"Both sexes, All age groups, Seasonally adjusted",52.08333206176758,59.68333435058594,12.516666412353516,,,,
Nova Scotia,1991-07,"Index, 201612=100",units,54.3,59.8,55.7,,,,,,,,,,,,,,,,,Persons,unit,10573.0,71511.0,Persons,thousands,"Both sexes, All age groups, Seasonally adjusted",241.6666717529297,200.1666717529297,273.51666259765625,41.5,429.0833435058594,31.850000381469727,Percentage,unit,"Both sexes, All age groups, Seasonally adjusted",52.16666793823242,59.58333206176758,12.416666984558105,,,,
Nova Scotia,1991-11,"Index, 201612=100",units,54.2,60.8,55.8,,,,,,,,,,,,,,,,,Persons,unit,5149.0,14118.0,Persons,thousands,"Both sexes, All age groups, Seasonally adjusted",239.18333435058594,198.0833282470703,273.1166687011719,41.06666564941406,430.1333312988281,33.93333435058594,Percentage,unit,"Both sexes, All age groups, Seasonally adjusted",51.36666488647461,59.28333282470703,12.983333587646484,,,,
Nova Scotia,1991-10,"Index, 201612=100",units,54.3,60.8,55.9,,,,,,,,,,,,,,,,,Persons,unit,8145.0,41878.0,Persons,thousands,"Both sexes, All age groups, Seasonally adjusted",239.48333740234375,198.4166717529297,273.23333740234375,41.08333206176758,429.9333190917969,33.733333587646484,Percentage,unit,"Both sexes, All age groups, Seasonally adjusted",51.61666488647461,59.36666488647461,12.516666412353516,,,,
Nova Scotia,1991-12,"Index, 201612=100",units,54.4,60.8,55.9,,,,,,,,,,,,,,,,,Persons,unit,4176.0,13371.0,Persons,thousands,"Both sexes, All age groups, Seasonally adjusted",239.6999969482422,199.06666564941406,272.95001220703125,40.63333511352539,430.20001220703125,33.25,Percentage,unit,"Both sexes, All age groups, Seasonally adjusted",51.599998474121094,59.33333206176758,12.75,,,,
Nova Scotia,1991-01,"Index, 201612=100",units,54.5,59.1,55.7,,,,,,,,,,,,,,,,,Persons,unit,5095.0,12959.0,Persons,thousands,"Both sexes, All age groups, Seasonally adjusted",245.75,205.26666259765625,276.04998779296875,40.483333587646484,426.79998779296875,30.25,Percentage,unit,"Both sexes, All age groups, Seasonally adjusted",53.483333587646484,60.650001525878906,11.199999809265137,,,,
Nova Scotia,1991-09,"Index, 201612=100",units,54.3,59.8,55.7,,,,,,,,,,,,,,,,,Persons,unit,8319.0,69819.0,Persons,thousands,"Both sexes, All age groups, Seasonally adjusted",239.0500030517578,198.71665954589844,272.8166809082031,40.349998474121094,429.73333740234375,33.75,Percentage,unit,"Both sexes, All age groups, Seasonally adjusted",51.58333206176758,59.5,13.050000190734863,,,,
Nova Scotia,1991-04,"Index, 201612=100",units,54.3,59.8,55.6,,,,,,,,,,,,,,,,,Persons,unit,12271.0,22602.0,Persons,thousands,"Both sexes, All age groups, Seasonally adjusted",243.1999969482422,201.11666870117188,273.70001220703125,42.099998474121094,427.7833251953125,30.516666412353516,Percentage,unit,"Both sexes, All age groups, Seasonally adjusted",52.516666412353516,59.66666793823242,11.583333015441895,,,,
Nova Scotia,1991-02,"Index, 201612=100",units,54.3,59.8,55.6,,,,,,,,,,,,,,,,,Persons,unit,6020.0,12796.0,Persons,thousands,"Both sexes, All age groups, Seasonally adjusted",243.88333129882812,204.06666564941406,275.3333435058594,39.86666488647461,426.98333740234375,31.41666603088379,Percentage,unit,"Both sexes, All age groups, Seasonally adjusted",53.099998474121094,60.5,11.783333778381348,,,,
