province,REF_DATE,uom_houseindex,scalar_houseindex,avg_house_only,avg_land_only,avg_totalhouseland,uom_income,scalar_income,statistic_income,avg_income,uom_expenditure,scalar_expenditure,statistic_expenditure,avg_food_expenditures,avg_income_taxes,avg_mortageinsurance,avg_mortagePaid,avg_accomodation,avg_rent,avg_shelter,avg_total_expenditure,avg_taxes_landregfees,uom_tourist,scalar_tourist,avg_international_tourism,avg_domestic_tourism,uom_labourforce,scalar_labourforce,statistic_labourforce,avg_employment,avg_fulltime,avg_labourforce,avg_parttime,avg_population,avg_unemployment,uom_lfperc,scalar_lfperc,statistic_labourforceperc,avg_employment_rate,avg_participationrate,avg_unemploymentrate,uom_crime,scalar_crime,statistic_crime,avg_crime_incidents
British Columbia,2018-01,"Index, 201612=100",units,106.25,102.94999999999999,105.42500000000001,,,,,,,,,,,,,,,,,Persons,unit,1036546.0,1539243.0,Persons,thousands,"Both sexes, All age groups, Seasonally adjusted",1577.61669921875,1258.7332763671875,1655.0167236328125,318.8666687011719,2429.833251953125,77.38333129882812,Percentage,unit,"Both sexes, All age groups, Seasonally adjusted",63.349998474121094,66.61666870117188,4.983333110809326,,,,
British Columbia,2018-06,"Index, 201612=100",units,106.89999999999999,103.1,105.875,,,,,,,,,,,,,,,,,Persons,unit,1110942.0,2358687.0,Persons,thousands,"Both sexes, All age groups, Seasonally adjusted",1564.199951171875,1256.199951171875,1647.550048828125,308.0,2444.61669921875,83.33333587646484,Percentage,unit,"Both sexes, All age groups, Seasonally adjusted",62.150001525878906,65.83333587646484,5.583333492279053,,,,
British Columbia,2018-05,"Index, 201612=100",units,106.775,103.1,105.8,,,,,,,,,,,,,,,,,Persons,unit,1301513.0,2208132.0,Persons,thousands,"Both sexes, All age groups, Seasonally adjusted",1567.6500244140625,1255.0,1645.316650390625,312.6499938964844,2441.433349609375,77.68333435058594,Percentage,unit,"Both sexes, All age groups, Seasonally adjusted",62.516666412353516,65.8499984741211,5.0333333015441895,,,,
British Columbia,2018-04,"Index, 201612=100",units,106.67500000000001,103.1,105.75,,,,,,,,,,,,,,,,,Persons,unit,1282462.0,1877738.0,Persons,thousands,"Both sexes, All age groups, Seasonally adjusted",1576.816650390625,1266.9832763671875,1658.4000244140625,309.8166809082031,2438.433349609375,81.5999984741211,Percentage,unit,"Both sexes, All age groups, Seasonally adjusted",62.79999923706055,66.3499984741211,5.333333492279053,,,,
British Columbia,2018-03,"Index, 201612=100",units,106.67500000000001,103.1,105.75000000000001,,,,,,,,,,,,,,,,,Persons,unit,1267988.0,1868483.0,Persons,thousands,"Both sexes, All age groups, Seasonally adjusted",1575.6500244140625,1257.13330078125,1652.4832763671875,318.5333251953125,2434.86669921875,76.83333587646484,Percentage,unit,"Both sexes, All age groups, Seasonally adjusted",62.849998474121094,66.13333129882812,4.983333110809326,,,,
British Columbia,2018-08,"Index, 201612=100",units,106.55,103.175,105.75,,,,,,,,,,,,,,,,,Persons,unit,1406665.0,2775420.0,Persons,thousands,"Both sexes, All age groups, Seasonally adjusted",1578.5999755859375,1269.11669921875,1663.550048828125,309.48333740234375,2451.63330078125,84.94999694824219,Percentage,unit,"Both sexes, All age groups, Seasonally adjusted",62.54999923706055,66.31666564941406,5.650000095367432,,,,
British Columbia,2018-02,"Index, 201612=100",units,106.25,102.95,105.425,,,,,,,,,,,,,,,,,Persons,unit,967192.0,1488844.0,Persons,thousands,"Both sexes, All age groups, Seasonally adjusted",1577.13330078125,1244.199951171875,1652.2332763671875,332.95001220703125,2432.10009765625,75.0999984741211,Percentage,unit,"Both sexes, All age groups, Seasonally adjusted",63.13333511352539,66.41666412353516,5.0333333015441895,,,,
British Columbia,2018-07,"Index, 201612=100",units,106.8,103.15,105.8,,,,,,,,,,,,,,,,,Persons,unit,1291677.0,2707331.0,Persons,thousands,"Both sexes, All age groups, Seasonally adjusted",1571.63330078125,1263.566650390625,1650.75,308.04998779296875,2448.75,79.08333587646484,Percentage,unit,"Both sexes, All age groups, Seasonally adjusted",62.33333206176758,65.83333587646484,5.316666603088379,,,,
British Columbia,2018-09,"Index, 201612=100",units,106.72500000000001,103.2,105.825,,,,,,,,,,,,,,,,,Persons,unit,1118301.0,2166470.0,Persons,thousands,"Both sexes, All age groups, Seasonally adjusted",1598.9666748046875,1285.1500244140625,1668.36669921875,313.8333435058594,2454.216552734375,69.4000015258789,Percentage,unit,"Both sexes, All age groups, Seasonally adjusted",63.43333435058594,66.38333129882812,4.449999809265137,,,,
Nova Scotia,2015-09,"Index, 201612=100",units,99.0,99.3,99.0,Dollars,units,"Median total income,Both sexes,All age groups",2631.67,Dollars,unit,Average expenditure per household,623.17,1032.75,9.67,331.0,1070.08,228.83,1181.0,5911.67,3.75,Persons,unit,13438.0,87972.0,Persons,thousands,"Both sexes, All age groups, Seasonally adjusted",287.25,239.64999389648438,314.25,47.58333206176758,477.1499938964844,26.96666717529297,Percentage,unit,"Both sexes, All age groups, Seasonally adjusted",58.78333282470703,65.03333282470703,9.75,Number,unit,Total of all violations-Actual incidents,4469.75
Nova Scotia,2015-07,"Index, 201612=100",units,99.0,99.3,99.0,Dollars,units,"Median total income,Both sexes,All age groups",2631.67,Dollars,unit,Average expenditure per household,623.17,1032.75,9.67,331.0,1070.08,228.83,1181.0,5911.67,3.75,Persons,unit,15002.0,60845.0,Persons,thousands,"Both sexes, All age groups, Seasonally adjusted",286.5,239.5500030517578,310.79998779296875,46.95000076293945,476.8166809082031,24.299999237060547,Percentage,unit,"Both sexes, All age groups, Seasonally adjusted",58.650001525878906,64.25,8.733333587646484,Number,unit,Total of all violations-Actual incidents,4469.75
Nova Scotia,2015-08,"Index, 201612=100",units,99.0,99.3,99.0,Dollars,units,"Median total income,Both sexes,All age groups",2631.67,Dollars,unit,Average expenditure per household,623.17,1032.75,9.67,331.0,1070.08,228.83,1181.0,5911.67,3.75,Persons,unit,13553.0,54265.0,Persons,thousands,"Both sexes, All age groups, Seasonally adjusted",285.8833312988281,238.9499969482422,311.2166748046875,46.91666793823242,476.95001220703125,25.366666793823242,Percentage,unit,"Both sexes, All age groups, Seasonally adjusted",58.599998474121094,64.21666717529297,8.949999809265137,Number,unit,Total of all violations-Actual incidents,4469.75
Nova Scotia,2015-06,"Index, 201612=100",units,99.2,99.3,99.1,Dollars,units,"Median total income,Both sexes,All age groups",2631.67,Dollars,unit,Average expenditure per household,623.17,1032.75,9.67,331.0,1070.08,228.83,1181.0,5911.67,3.75,Persons,unit,14233.0,52423.0,Persons,thousands,"Both sexes, All age groups, Seasonally adjusted",284.6000061035156,236.06666564941406,308.73333740234375,48.53333282470703,476.5,24.100000381469727,Percentage,unit,"Both sexes, All age groups, Seasonally adjusted",58.150001525878906,63.650001525878906,8.566666603088379,Number,unit,Total of all violations-Actual incidents,4469.75
Nova Scotia,2015-12,"Index, 201612=100",units,98.8,99.3,98.9,Dollars,units,"Median total income,Both sexes,All age groups",2631.67,Dollars,unit,Average expenditure per household,623.17,1032.75,9.67,331.0,1070.08,228.83,1181.0,5911.67,3.75,Persons,unit,7543.0,15694.0,Persons,thousands,"Both sexes, All age groups, Seasonally adjusted",283.48333740234375,238.11666870117188,309.8166809082031,45.38333511352539,477.3666687011719,26.33333396911621,Percentage,unit,"Both sexes, All age groups, Seasonally adjusted",58.03333282470703,63.983333587646484,9.266666412353516,Number,unit,Total of all violations-Actual incidents,4469.75
Nova Scotia,2015-01,"Index, 201612=100",units,98.4,98.5,98.4,Dollars,units,"Median total income,Both sexes,All age groups",2631.67,Dollars,unit,Average expenditure per household,623.17,1032.75,9.67,331.0,1070.08,228.83,1181.0,5911.67,3.75,Persons,unit,13886.0,19630.0,Persons,thousands,"Both sexes, All age groups, Seasonally adjusted",286.3666687011719,238.11666870117188,312.25,48.25,475.95001220703125,25.883333206176758,Percentage,unit,"Both sexes, All age groups, Seasonally adjusted",58.849998474121094,64.61666870117188,8.983333587646484,Number,unit,Total of all violations-Actual incidents,4469.75
Nova Scotia,2015-02,"Index, 201612=100",units,98.8,99.3,98.8,Dollars,units,"Median total income,Both sexes,All age groups",2631.67,Dollars,unit,Average expenditure per household,623.17,1032.75,9.67,331.0,1070.08,228.83,1181.0,5911.67,3.75,Persons,unit,26472.0,32815.0,Persons,thousands,"Both sexes, All age groups, Seasonally adjusted",285.01666259765625,238.0500030517578,312.04998779296875,46.96666717529297,475.98333740234375,27.016666412353516,Percentage,unit,"Both sexes, All age groups, Seasonally adjusted",58.516666412353516,64.66666412353516,9.416666984558105,Number,unit,Total of all violations-Actual incidents,4469.75
Nova Scotia,2015-10,"Index, 201612=100",units,99.2,99.3,99.1,Dollars,units,"Median total income,Both sexes,All age groups",2631.67,Dollars,unit,Average expenditure per household,623.17,1032.75,9.67,331.0,1070.08,228.83,1181.0,5911.67,3.75,Persons,unit,14585.0,64211.0,Persons,thousands,"Both sexes, All age groups, Seasonally adjusted",287.51666259765625,240.06666564941406,311.3333435058594,47.45000076293945,477.20001220703125,23.799999237060547,Percentage,unit,"Both sexes, All age groups, Seasonally adjusted",58.68333435058594,64.28333282470703,8.666666984558105,Number,unit,Total of all violations-Actual incidents,4469.75
Nova Scotia,2015-05,"Index, 201612=100",units,98.9,99.3,99.0,Dollars,units,"Median total income,Both sexes,All age groups",2631.67,Dollars,unit,Average expenditure per household,623.17,1032.75,9.67,331.0,1070.08,228.83,1181.0,5911.67,3.75,Persons,unit,25590.0,43547.0,Persons,thousands,"Both sexes, All age groups, Seasonally adjusted",284.6499938964844,235.73333740234375,310.79998779296875,48.900001525878906,476.20001220703125,26.183332443237305,Percentage,unit,"Both sexes, All age groups, Seasonally adjusted",58.349998474121094,64.33333587646484,9.350000381469727,Number,unit,Total of all violations-Actual incidents,4469.75
Nova Scotia,2015-03,"Index, 201612=100",units,98.8,99.3,98.9,Dollars,units,"Median total income,Both sexes,All age groups",2631.67,Dollars,unit,Average expenditure per household,623.17,1032.75,9.67,331.0,1070.08,228.83,1181.0,5911.67,3.75,Persons,unit,44453.0,52545.0,Persons,thousands,"Both sexes, All age groups, Seasonally adjusted",283.45001220703125,233.78334045410156,310.8666687011719,49.71666717529297,476.0666809082031,27.399999618530273,Percentage,unit,"Both sexes, All age groups, Seasonally adjusted",58.31666564941406,64.41666412353516,9.466666221618652,Number,unit,Total of all violations-Actual incidents,4469.75
Nova Scotia,2015-11,"Index, 201612=100",units,98.6,99.3,98.7,Dollars,units,"Median total income,Both sexes,All age groups",2631.67,Dollars,unit,Average expenditure per household,623.17,1032.75,9.67,331.0,1070.08,228.83,1181.0,5911.67,3.75,Persons,unit,8068.0,17493.0,Persons,thousands,"Both sexes, All age groups, Seasonally adjusted",285.29998779296875,240.43333435058594,311.4666748046875,44.86666488647461,477.2833251953125,26.200000762939453,Percentage,unit,"Both sexes, All age groups, Seasonally adjusted",58.41666793823242,64.28333282470703,9.133333206176758,Number,unit,Total of all violations-Actual incidents,4469.75
Nova Scotia,2015-04,"Index, 201612=100",units,98.8,99.3,98.9,Dollars,units,"Median total income,Both sexes,All age groups",2631.67,Dollars,unit,Average expenditure per household,623.17,1032.75,9.67,331.0,1070.08,228.83,1181.0,5911.67,3.75,Persons,unit,46495.0,56358.0,Persons,thousands,"Both sexes, All age groups, Seasonally adjusted",282.3166809082031,234.06666564941406,309.7833251953125,48.28333282470703,476.0666809082031,27.450000762939453,Percentage,unit,"Both sexes, All age groups, Seasonally adjusted",57.766666412353516,64.03333282470703,9.766666412353516,Number,unit,Total of all violations-Actual incidents,4469.75
