province,REF_DATE,uom_houseindex,scalar_houseindex,avg_house_only,avg_land_only,avg_totalhouseland,uom_income,scalar_income,statistic_income,avg_income,uom_expenditure,scalar_expenditure,statistic_expenditure,avg_food_expenditures,avg_income_taxes,avg_mortageinsurance,avg_mortagePaid,avg_accomodation,avg_rent,avg_shelter,avg_total_expenditure,avg_taxes_landregfees,uom_tourist,scalar_tourist,avg_international_tourism,avg_domestic_tourism,uom_labourforce,scalar_labourforce,statistic_labourforce,avg_employment,avg_fulltime,avg_labourforce,avg_parttime,avg_population,avg_unemployment,uom_lfperc,scalar_lfperc,statistic_labourforceperc,avg_employment_rate,avg_participationrate,avg_unemploymentrate,uom_crime,scalar_crime,statistic_crime,avg_crime_incidents
Atlantic Region,1995-09,"Index, 201612=100",units,64.1,57.9,62.8,,,,,,,,,,,,,,,,,,,,,,,,,,,,,,,,,,,,,,,
Atlantic Region,1995-02,"Index, 201612=100",units,63.9,57.6,62.6,,,,,,,,,,,,,,,,,,,,,,,,,,,,,,,,,,,,,,,
Atlantic Region,1995-03,"Index, 201612=100",units,64.0,57.6,62.6,,,,,,,,,,,,,,,,,,,,,,,,,,,,,,,,,,,,,,,
Atlantic Region,1995-08,"Index, 201612=100",units,64.0,57.9,62.8,,,,,,,,,,,,,,,,,,,,,,,,,,,,,,,,,,,,,,,
Atlantic Region,1995-01,"Index, 201612=100",units,63.8,57.6,62.5,,,,,,,,,,,,,,,,,,,,,,,,,,,,,,,,,,,,,,,
Atlantic Region,1995-05,"Index, 201612=100",units,64.0,57.6,62.6,,,,,,,,,,,,,,,,,,,,,,,,,,,,,,,,,,,,,,,
Atlantic Region,1995-07,"Index, 201612=100",units,63.9,57.9,62.6,,,,,,,,,,,,,,,,,,,,,,,,,,,,,,,,,,,,,,,
Atlantic Region,1995-11,"Index, 201612=100",units,64.1,57.9,62.8,,,,,,,,,,,,,,,,,,,,,,,,,,,,,,,,,,,,,,,
Atlantic Region,1995-10,"Index, 201612=100",units,64.1,57.9,62.8,,,,,,,,,,,,,,,,,,,,,,,,,,,,,,,,,,,,,,,
Atlantic Region,1995-06,"Index, 201612=100",units,63.9,57.9,62.6,,,,,,,,,,,,,,,,,,,,,,,,,,,,,,,,,,,,,,,
Atlantic Region,1995-12,"Index, 201612=100",units,64.1,57.9,62.8,,,,,,,,,,,,,,,,,,,,,,,,,,,,,,,,,,,,,,,
Atlantic Region,1995-04,"Index, 201612=100",units,63.8,57.6,62.5,,,,,,,,,,,,,,,,,,,,,,,,,,,,,,,,,,,,,,,
New Brunswick,1991-10,"Index, 201612=100",units,84.4,77.7,82.5,,,,,,,,,,,,,,,,,Persons,unit,917112.0,1113487.0,Persons,thousands,"Both sexes, All age groups, Seasonally adjusted",186.14999389648438,156.63333129882812,215.03334045410156,29.516666412353516,351.5833435058594,28.899999618530273,Percentage,unit,"Both sexes, All age groups, Seasonally adjusted",48.75,56.81666564941406,13.583333015441895,,,,
New Brunswick,1991-11,"Index, 201612=100",units,84.5,77.7,82.6,,,,,,,,,,,,,,,,,Persons,unit,869168.0,1034760.0,Persons,thousands,"Both sexes, All age groups, Seasonally adjusted",184.8333282470703,155.56666564941406,212.36666870117188,29.316667556762695,351.73333740234375,27.53333282470703,Percentage,unit,"Both sexes, All age groups, Seasonally adjusted",48.29999923706055,56.06666564941406,13.466666221618652,,,,
New Brunswick,1991-09,"Index, 201612=100",units,84.4,77.7,82.6,,,,,,,,,,,,,,,,,Persons,unit,908596.0,1141038.0,Persons,thousands,"Both sexes, All age groups, Seasonally adjusted",185.1666717529297,156.61666870117188,212.13333129882812,28.53333282470703,351.3333435058594,26.950000762939453,Percentage,unit,"Both sexes, All age groups, Seasonally adjusted",48.516666412353516,56.099998474121094,12.933333396911621,,,,
New Brunswick,1991-12,"Index, 201612=100",units,84.5,77.7,82.6,,,,,,,,,,,,,,,,,Persons,unit,834019.0,998587.0,Persons,thousands,"Both sexes, All age groups, Seasonally adjusted",185.88333129882812,157.3333282470703,213.0833282470703,28.58333396911621,352.0666809082031,27.200000762939453,Percentage,unit,"Both sexes, All age groups, Seasonally adjusted",48.483333587646484,56.099998474121094,13.116666793823242,,,,
New Brunswick,1991-03,"Index, 201612=100",units,84.8,76.9,82.7,,,,,,,,,,,,,,,,,Persons,unit,864833.0,1039476.0,Persons,thousands,"Both sexes, All age groups, Seasonally adjusted",189.01666259765625,159.85000610351562,215.13333129882812,29.183332443237305,349.6833190917969,26.149999618530273,Percentage,unit,"Both sexes, All age groups, Seasonally adjusted",49.849998474121094,57.21666717529297,12.550000190734863,,,,
New Brunswick,1991-08,"Index, 201612=100",units,84.4,77.7,82.6,,,,,,,,,,,,,,,,,Persons,unit,1125246.0,1440576.0,Persons,thousands,"Both sexes, All age groups, Seasonally adjusted",186.3000030517578,157.61666870117188,213.23333740234375,28.71666717529297,351.01666259765625,26.933332443237305,Percentage,unit,"Both sexes, All age groups, Seasonally adjusted",49.016666412353516,56.58333206176758,12.75,,,,
New Brunswick,1991-06,"Index, 201612=100",units,84.4,77.7,82.5,,,,,,,,,,,,,,,,,Persons,unit,1012863.0,1261179.0,Persons,thousands,"Both sexes, All age groups, Seasonally adjusted",185.68333435058594,157.0500030517578,211.3333282470703,28.616666793823242,350.6499938964844,25.649999618530273,Percentage,unit,"Both sexes, All age groups, Seasonally adjusted",48.70000076293945,55.81666564941406,12.316666603088379,,,,
New Brunswick,1991-07,"Index, 201612=100",units,84.4,77.7,82.5,,,,,,,,,,,,,,,,,Persons,unit,1134288.0,1462583.0,Persons,thousands,"Both sexes, All age groups, Seasonally adjusted",186.8333282470703,158.01666259765625,213.53334045410156,28.766666412353516,350.95001220703125,26.71666717529297,Percentage,unit,"Both sexes, All age groups, Seasonally adjusted",49.016666412353516,56.61666488647461,12.899999618530273,,,,
New Brunswick,1991-05,"Index, 201612=100",units,84.4,77.7,82.5,,,,,,,,,,,,,,,,,Persons,unit,1004094.0,1214850.0,Persons,thousands,"Both sexes, All age groups, Seasonally adjusted",188.1666717529297,158.0833282470703,213.56666564941406,30.08333396911621,350.4166564941406,25.399999618530273,Percentage,unit,"Both sexes, All age groups, Seasonally adjusted",49.516666412353516,56.733333587646484,12.233333587646484,,,,
New Brunswick,1991-04,"Index, 201612=100",units,84.1,76.3,82.1,,,,,,,,,,,,,,,,,Persons,unit,867949.0,1043933.0,Persons,thousands,"Both sexes, All age groups, Seasonally adjusted",188.5,159.53334045410156,214.23333740234375,28.983333587646484,350.0833435058594,25.733333587646484,Percentage,unit,"Both sexes, All age groups, Seasonally adjusted",49.733333587646484,56.983333587646484,12.316666603088379,,,,
New Brunswick,1991-01,"Index, 201612=100",units,84.7,74.5,82.1,,,,,,,,,,,,,,,,,Persons,unit,673304.0,839959.0,Persons,thousands,"Both sexes, All age groups, Seasonally adjusted",190.85000610351562,160.6666717529297,216.14999389648438,30.21666717529297,349.0,25.266666412353516,Percentage,unit,"Both sexes, All age groups, Seasonally adjusted",50.53333282470703,57.66666793823242,11.75,,,,
New Brunswick,1991-02,"Index, 201612=100",units,84.8,76.9,82.7,,,,,,,,,,,,,,,,,Persons,unit,673030.0,832911.0,Persons,thousands,"Both sexes, All age groups, Seasonally adjusted",191.75,162.26666259765625,216.86666870117188,29.483333587646484,349.3500061035156,25.08333396911621,Percentage,unit,"Both sexes, All age groups, Seasonally adjusted",50.599998474121094,57.83333206176758,12.133333206176758,,,,
Saskatchewan,2004-07,"Index, 201612=100",units,50.5,44.43333333333334,48.73333333333333,Dollars,units,"Median total income,Both sexes,All age groups",1866.67,,,,,,,,,,,,,Persons,unit,30388.0,64935.0,Persons,thousands,"Both sexes, All age groups, Seasonally adjusted",301.5666809082031,242.98333740234375,318.01666259765625,58.56666564941406,452.48333740234375,16.450000762939453,Percentage,unit,"Both sexes, All age groups, Seasonally adjusted",63.41666793823242,67.26667022705078,5.7166666984558105,Number,unit,Total of all violations-Actual incidents,13913.5
Saskatchewan,2004-04,"Index, 201612=100",units,49.366666666666674,44.166666666666664,47.833333333333336,Dollars,units,"Median total income,Both sexes,All age groups",1866.67,,,,,,,,,,,,,Persons,unit,24129.0,44693.0,Persons,thousands,"Both sexes, All age groups, Seasonally adjusted",303.4333190917969,245.93333435058594,320.01666259765625,57.5,452.1166687011719,16.58333396911621,Percentage,unit,"Both sexes, All age groups, Seasonally adjusted",63.96666717529297,67.76667022705078,5.433333396911621,Number,unit,Total of all violations-Actual incidents,13913.5
Saskatchewan,2004-12,"Index, 201612=100",units,52.23333333333333,44.6,50.166666666666664,Dollars,units,"Median total income,Both sexes,All age groups",1866.67,,,,,,,,,,,,,Persons,unit,19693.0,38964.0,Persons,thousands,"Both sexes, All age groups, Seasonally adjusted",307.01666259765625,249.01666259765625,323.6333312988281,58.016666412353516,453.0333251953125,16.600000381469727,Percentage,unit,"Both sexes, All age groups, Seasonally adjusted",64.69999694824219,68.51667022705078,5.566666603088379,Number,unit,Total of all violations-Actual incidents,13913.5
Saskatchewan,2004-03,"Index, 201612=100",units,49.166666666666664,44.0,47.6,Dollars,units,"Median total income,Both sexes,All age groups",1866.67,,,,,,,,,,,,,Persons,unit,23866.0,41925.0,Persons,thousands,"Both sexes, All age groups, Seasonally adjusted",300.23333740234375,245.93333435058594,318.1499938964844,54.33333206176758,451.9333190917969,17.933332443237305,Percentage,unit,"Both sexes, All age groups, Seasonally adjusted",63.150001525878906,67.28333282470703,6.066666603088379,Number,unit,Total of all violations-Actual incidents,13913.5
Saskatchewan,2004-02,"Index, 201612=100",units,48.800000000000004,43.199999999999996,47.199999999999996,Dollars,units,"Median total income,Both sexes,All age groups",1866.67,,,,,,,,,,,,,Persons,unit,24607.0,40126.0,Persons,thousands,"Both sexes, All age groups, Seasonally adjusted",300.6333312988281,248.0833282470703,317.54998779296875,52.53333282470703,451.6333312988281,16.899999618530273,Percentage,unit,"Both sexes, All age groups, Seasonally adjusted",63.016666412353516,67.05000305175781,5.7833333015441895,Number,unit,Total of all violations-Actual incidents,13913.5
Saskatchewan,2004-10,"Index, 201612=100",units,52.166666666666664,44.6,50.06666666666667,Dollars,units,"Median total income,Both sexes,All age groups",1866.67,,,,,,,,,,,,,Persons,unit,21111.0,47326.0,Persons,thousands,"Both sexes, All age groups, Seasonally adjusted",305.73333740234375,248.78334045410156,320.70001220703125,56.95000076293945,452.76666259765625,14.966666221618652,Percentage,unit,"Both sexes, All age groups, Seasonally adjusted",64.38333129882812,67.86666870117188,5.050000190734863,Number,unit,Total of all violations-Actual incidents,13913.5
Saskatchewan,2004-06,"Index, 201612=100",units,50.43333333333333,44.43333333333334,48.699999999999996,Dollars,units,"Median total income,Both sexes,All age groups",1866.67,,,,,,,,,,,,,Persons,unit,17941.0,48666.0,Persons,thousands,"Both sexes, All age groups, Seasonally adjusted",302.8500061035156,246.13333129882812,318.6499938964844,56.71666717529297,452.48333740234375,15.783333778381348,Percentage,unit,"Both sexes, All age groups, Seasonally adjusted",63.650001525878906,67.3499984741211,5.400000095367432,Number,unit,Total of all violations-Actual incidents,13913.5
Saskatchewan,2004-11,"Index, 201612=100",units,52.166666666666664,44.6,50.1,Dollars,units,"Median total income,Both sexes,All age groups",1866.67,,,,,,,,,,,,,Persons,unit,23422.0,45250.0,Persons,thousands,"Both sexes, All age groups, Seasonally adjusted",306.4666748046875,250.06666564941406,322.8333435058594,56.400001525878906,452.8500061035156,16.383333206176758,Percentage,unit,"Both sexes, All age groups, Seasonally adjusted",64.51667022705078,68.26667022705078,5.300000190734863,Number,unit,Total of all violations-Actual incidents,13913.5
Saskatchewan,2004-01,"Index, 201612=100",units,48.5,43.199999999999996,46.96666666666667,Dollars,units,"Median total income,Both sexes,All age groups",1866.67,,,,,,,,,,,,,Persons,unit,21906.0,36395.0,Persons,thousands,"Both sexes, All age groups, Seasonally adjusted",300.5833435058594,247.10000610351562,317.6666564941406,53.483333587646484,451.4166564941406,17.100000381469727,Percentage,unit,"Both sexes, All age groups, Seasonally adjusted",63.11666488647461,67.19999694824219,5.849999904632568,Number,unit,Total of all violations-Actual incidents,13913.5
Saskatchewan,2004-05,"Index, 201612=100",units,49.53333333333333,44.43333333333334,48.03333333333333,Dollars,units,"Median total income,Both sexes,All age groups",1866.67,,,,,,,,,,,,,Persons,unit,21532.0,45290.0,Persons,thousands,"Both sexes, All age groups, Seasonally adjusted",303.4666748046875,248.9166717529297,318.1833190917969,54.54999923706055,452.26666259765625,14.716666221618652,Percentage,unit,"Both sexes, All age groups, Seasonally adjusted",63.86666488647461,67.26667022705078,5.0333333015441895,Number,unit,Total of all violations-Actual incidents,13913.5
Saskatchewan,2004-08,"Index, 201612=100",units,50.56666666666666,44.6,48.833333333333336,Dollars,units,"Median total income,Both sexes,All age groups",1866.67,,,,,,,,,,,,,Persons,unit,30175.0,57366.0,Persons,thousands,"Both sexes, All age groups, Seasonally adjusted",302.8333435058594,244.28334045410156,318.6333312988281,58.53333282470703,452.6499938964844,15.783333778381348,Percentage,unit,"Both sexes, All age groups, Seasonally adjusted",63.70000076293945,67.41666412353516,5.4666666984558105,Number,unit,Total of all violations-Actual incidents,13913.5
Saskatchewan,2004-09,"Index, 201612=100",units,52.1,44.6,50.03333333333333,Dollars,units,"Median total income,Both sexes,All age groups",1866.67,,,,,,,,,,,,,Persons,unit,19468.0,44119.0,Persons,thousands,"Both sexes, All age groups, Seasonally adjusted",303.5,246.18333435058594,320.5333251953125,57.349998474121094,452.70001220703125,17.03333282470703,Percentage,unit,"Both sexes, All age groups, Seasonally adjusted",63.96666717529297,67.86666870117188,5.616666793823242,Number,unit,Total of all violations-Actual incidents,13913.5
