province,REF_DATE,uom_houseindex,scalar_houseindex,avg_house_only,avg_land_only,avg_totalhouseland,uom_income,scalar_income,statistic_income,avg_income,uom_expenditure,scalar_expenditure,statistic_expenditure,avg_food_expenditures,avg_income_taxes,avg_mortageinsurance,avg_mortagePaid,avg_accomodation,avg_rent,avg_shelter,avg_total_expenditure,avg_taxes_landregfees,uom_tourist,scalar_tourist,avg_international_tourism,avg_domestic_tourism,uom_labourforce,scalar_labourforce,statistic_labourforce,avg_employment,avg_fulltime,avg_labourforce,avg_parttime,avg_population,avg_unemployment,uom_lfperc,scalar_lfperc,statistic_labourforceperc,avg_employment_rate,avg_participationrate,avg_unemploymentrate,uom_crime,scalar_crime,statistic_crime,avg_crime_incidents
Atlantic Region,1989-10,"Index, 201612=100",units,59.0,51.8,57.5,,,,,,,,,,,,,,,,,,,,,,,,,,,,,,,,,,,,,,,
Atlantic Region,1989-02,"Index, 201612=100",units,58.5,50.6,57.0,,,,,,,,,,,,,,,,,,,,,,,,,,,,,,,,,,,,,,,
Atlantic Region,1989-09,"Index, 201612=100",units,59.0,51.8,57.5,,,,,,,,,,,,,,,,,,,,,,,,,,,,,,,,,,,,,,,
Atlantic Region,1989-01,"Index, 201612=100",units,57.9,50.1,56.4,,,,,,,,,,,,,,,,,,,,,,,,,,,,,,,,,,,,,,,
Atlantic Region,1989-05,"Index, 201612=100",units,58.6,50.9,57.1,,,,,,,,,,,,,,,,,,,,,,,,,,,,,,,,,,,,,,,
Atlantic Region,1989-07,"Index, 201612=100",units,58.5,51.3,57.1,,,,,,,,,,,,,,,,,,,,,,,,,,,,,,,,,,,,,,,
Atlantic Region,1989-11,"Index, 201612=100",units,59.0,51.8,57.5,,,,,,,,,,,,,,,,,,,,,,,,,,,,,,,,,,,,,,,
Atlantic Region,1989-04,"Index, 201612=100",units,58.5,50.8,57.0,,,,,,,,,,,,,,,,,,,,,,,,,,,,,,,,,,,,,,,
Atlantic Region,1989-06,"Index, 201612=100",units,58.5,51.3,57.1,,,,,,,,,,,,,,,,,,,,,,,,,,,,,,,,,,,,,,,
Atlantic Region,1989-03,"Index, 201612=100",units,58.5,50.8,57.0,,,,,,,,,,,,,,,,,,,,,,,,,,,,,,,,,,,,,,,
Atlantic Region,1989-12,"Index, 201612=100",units,59.0,51.8,57.5,,,,,,,,,,,,,,,,,,,,,,,,,,,,,,,,,,,,,,,
Atlantic Region,1989-08,"Index, 201612=100",units,58.5,51.5,57.1,,,,,,,,,,,,,,,,,,,,,,,,,,,,,,,,,,,,,,,
Prairie Region,2008-10,"Index, 201612=100",units,96.0,99.9,97.1,,,,,,,,,,,,,,,,,,,,,,,,,,,,,,,,,,,,,,,
Prairie Region,2008-03,"Index, 201612=100",units,101.9,97.2,100.3,,,,,,,,,,,,,,,,,,,,,,,,,,,,,,,,,,,,,,,
Prairie Region,2008-01,"Index, 201612=100",units,102.5,96.5,100.5,,,,,,,,,,,,,,,,,,,,,,,,,,,,,,,,,,,,,,,
Prairie Region,2008-06,"Index, 201612=100",units,99.0,97.7,98.5,,,,,,,,,,,,,,,,,,,,,,,,,,,,,,,,,,,,,,,
Prairie Region,2008-04,"Index, 201612=100",units,101.2,97.4,99.9,,,,,,,,,,,,,,,,,,,,,,,,,,,,,,,,,,,,,,,
Prairie Region,2008-02,"Index, 201612=100",units,102.2,96.6,100.3,,,,,,,,,,,,,,,,,,,,,,,,,,,,,,,,,,,,,,,
Prairie Region,2008-07,"Index, 201612=100",units,98.8,97.9,98.4,,,,,,,,,,,,,,,,,,,,,,,,,,,,,,,,,,,,,,,
Prairie Region,2008-08,"Index, 201612=100",units,98.1,97.9,97.9,,,,,,,,,,,,,,,,,,,,,,,,,,,,,,,,,,,,,,,
Prairie Region,2008-12,"Index, 201612=100",units,94.2,99.5,95.8,,,,,,,,,,,,,,,,,,,,,,,,,,,,,,,,,,,,,,,
Prairie Region,2008-11,"Index, 201612=100",units,95.1,99.9,96.5,,,,,,,,,,,,,,,,,,,,,,,,,,,,,,,,,,,,,,,
Prairie Region,2008-09,"Index, 201612=100",units,98.0,98.7,98.1,,,,,,,,,,,,,,,,,,,,,,,,,,,,,,,,,,,,,,,
Prairie Region,2008-05,"Index, 201612=100",units,99.9,97.1,98.8,,,,,,,,,,,,,,,,,,,,,,,,,,,,,,,,,,,,,,,
