province,REF_DATE,uom_houseindex,scalar_houseindex,avg_house_only,avg_land_only,avg_totalhouseland,uom_income,scalar_income,statistic_income,avg_income,uom_expenditure,scalar_expenditure,statistic_expenditure,avg_food_expenditures,avg_income_taxes,avg_mortageinsurance,avg_mortagePaid,avg_accomodation,avg_rent,avg_shelter,avg_total_expenditure,avg_taxes_landregfees,uom_tourist,scalar_tourist,avg_international_tourism,avg_domestic_tourism,uom_labourforce,scalar_labourforce,statistic_labourforce,avg_employment,avg_fulltime,avg_labourforce,avg_parttime,avg_population,avg_unemployment,uom_lfperc,scalar_lfperc,statistic_labourforceperc,avg_employment_rate,avg_participationrate,avg_unemploymentrate,uom_crime,scalar_crime,statistic_crime,avg_crime_incidents
Canada,2017-03,"Index, 201612=100",units,100.4,101.3,100.7,,,,,,,,,,,,,,,,,Persons,unit,4900730.0,7211792.0,Persons,thousands,"Both sexes, All age groups, Seasonally adjusted",8389.7890625,9597.1162109375,8985.3662109375,2074.64990234375,13140.3447265625,595.566650390625,Percentage,unit,"Both sexes, All age groups, Seasonally adjusted",60.18888854980469,65.5888900756836,8.522222518920898,,,,
Canada,2017-09,"Index, 201612=100",units,102.9,103.6,103.1,,,,,,,,,,,,,,,,,Persons,unit,4650508.0,8563381.0,Persons,thousands,"Both sexes, All age groups, Seasonally adjusted",8464.078125,9669.25,9021.1552734375,2098.0,13217.9775390625,557.0555419921875,Percentage,unit,"Both sexes, All age groups, Seasonally adjusted",60.5444450378418,65.34444427490234,7.511111259460449,,,,
Canada,2017-08,"Index, 201612=100",units,102.8,103.3,102.9,,,,,,,,,,,,,,,,,Persons,unit,5848456.0,1.0821457E7,Persons,thousands,"Both sexes, All age groups, Seasonally adjusted",8459.033203125,9611.25,9014.1884765625,2150.10009765625,13207.322265625,555.1555786132812,Percentage,unit,"Both sexes, All age groups, Seasonally adjusted",60.55555725097656,65.46666717529297,7.755555629730225,,,,
Canada,2017-07,"Index, 201612=100",units,102.7,103.3,102.8,,,,,,,,,,,,,,,,,Persons,unit,5184661.0,1.043514E7,Persons,thousands,"Both sexes, All age groups, Seasonally adjusted",8446.5224609375,9655.8330078125,9011.06640625,2087.533447265625,13192.7109375,564.54443359375,Percentage,unit,"Both sexes, All age groups, Seasonally adjusted",60.655555725097656,65.56666564941406,7.711111068725586,,,,
Canada,2017-10,"Index, 201612=100",units,103.1,103.6,103.2,,,,,,,,,,,,,,,,,Persons,unit,4438435.0,7437450.0,Persons,thousands,"Both sexes, All age groups, Seasonally adjusted",8479.177734375,9720.400390625,9037.7333984375,2066.550048828125,13228.6552734375,558.54443359375,Percentage,unit,"Both sexes, All age groups, Seasonally adjusted",60.66666793823242,65.57777404785156,7.711111068725586,,,,
Canada,2017-05,"Index, 201612=100",units,101.7,103.1,102.2,,,,,,,,,,,,,,,,,Persons,unit,4343698.0,7676974.0,Persons,thousands,"Both sexes, All age groups, Seasonally adjusted",8410.755859375,9621.25,8997.466796875,2077.566650390625,13167.2333984375,586.6889038085938,Percentage,unit,"Both sexes, All age groups, Seasonally adjusted",60.36666488647461,65.5999984741211,8.222222328186035,,,,
Canada,2017-01,"Index, 201612=100",units,99.9,100.4,100.1,,,,,,,,,,,,,,,,,Persons,unit,4411017.0,6464176.0,Persons,thousands,"Both sexes, All age groups, Seasonally adjusted",8373.755859375,9530.1669921875,8978.421875,2115.38330078125,13119.744140625,604.6666870117188,Percentage,unit,"Both sexes, All age groups, Seasonally adjusted",60.21111297607422,65.77777862548828,8.711111068725586,,,,
Canada,2017-02,"Index, 201612=100",units,100.2,100.9,100.5,,,,,,,,,,,,,,,,,Persons,unit,3878825.0,5888435.0,Persons,thousands,"Both sexes, All age groups, Seasonally adjusted",8382.677734375,9587.533203125,8971.7001953125,2071.183349609375,13128.85546875,589.0333251953125,Percentage,unit,"Both sexes, All age groups, Seasonally adjusted",60.21111297607422,65.56666564941406,8.44444465637207,,,,
Canada,2017-04,"Index, 201612=100",units,101.2,102.3,101.5,,,,,,,,,,,,,,,,,Persons,unit,4806137.0,7455154.0,Persons,thousands,"Both sexes, All age groups, Seasonally adjusted",8397.1220703125,9590.0,8973.5556640625,2088.933349609375,13152.921875,576.4444580078125,Percentage,unit,"Both sexes, All age groups, Seasonally adjusted",60.266666412353516,65.36666870117188,7.988888740539551,,,,
Canada,2017-11,"Index, 201612=100",units,103.2,103.6,103.3,,,,,,,,,,,,,,,,,Persons,unit,4136973.0,6527026.0,Persons,thousands,"Both sexes, All age groups, Seasonally adjusted",8519.033203125,9739.783203125,9054.578125,2095.7666015625,13238.7666015625,535.5333251953125,Percentage,unit,"Both sexes, All age groups, Seasonally adjusted",61.07777786254883,65.88888549804688,7.5333333015441895,,,,
Canada,2017-12,"Index, 201612=100",units,103.2,103.7,103.3,,,,,,,,,,,,,,,,,Persons,unit,4269540.0,6933292.0,Persons,thousands,"Both sexes, All age groups, Seasonally adjusted",8548.744140625,9760.5166015625,9069.8330078125,2117.10009765625,13249.244140625,521.0888671875,Percentage,unit,"Both sexes, All age groups, Seasonally adjusted",61.20000076293945,65.82221984863281,7.188889026641846,,,,
Canada,2017-06,"Index, 201612=100",units,102.1,103.1,102.4,,,,,,,,,,,,,,,,,Persons,unit,4090402.0,8559425.0,Persons,thousands,"Both sexes, All age groups, Seasonally adjusted",8436.544921875,9626.7333984375,9017.77734375,2104.800048828125,13179.4443359375,581.2333374023438,Percentage,unit,"Both sexes, All age groups, Seasonally adjusted",60.55555725097656,65.78888702392578,8.188888549804688,,,,
