province,REF_DATE,uom_houseindex,scalar_houseindex,avg_house_only,avg_land_only,avg_totalhouseland,uom_income,scalar_income,statistic_income,avg_income,uom_expenditure,scalar_expenditure,statistic_expenditure,avg_food_expenditures,avg_income_taxes,avg_mortageinsurance,avg_mortagePaid,avg_accomodation,avg_rent,avg_shelter,avg_total_expenditure,avg_taxes_landregfees,uom_tourist,scalar_tourist,avg_international_tourism,avg_domestic_tourism,uom_labourforce,scalar_labourforce,statistic_labourforce,avg_employment,avg_fulltime,avg_labourforce,avg_parttime,avg_population,avg_unemployment,uom_lfperc,scalar_lfperc,statistic_labourforceperc,avg_employment_rate,avg_participationrate,avg_unemploymentrate,uom_crime,scalar_crime,statistic_crime,avg_crime_incidents
Alberta,2005-03,"Index, 201612=100",units,61.133333333333326,50.96666666666666,57.43333333333334,Dollars,units,"Median total income,Both sexes,All age groups",2400.0,,,,,,,,,,,,,Persons,unit,147217.0,231112.0,Persons,thousands,"Both sexes, All age groups, Seasonally adjusted",1146.0333251953125,957.2999877929688,1186.8333740234375,188.75,1588.050048828125,40.78333282470703,Percentage,unit,"Both sexes, All age groups, Seasonally adjusted",67.94999694824219,70.5999984741211,3.6666667461395264,Number,unit,Total of all violations-Actual incidents,29421.67
Alberta,2005-09,"Index, 201612=100",units,64.0,53.43333333333334,60.23333333333333,Dollars,units,"Median total income,Both sexes,All age groups",2400.0,,,,,,,,,,,,,Persons,unit,90626.0,214838.0,Persons,thousands,"Both sexes, All age groups, Seasonally adjusted",1157.0333251953125,975.1166381835938,1203.11669921875,181.89999389648438,1614.9832763671875,46.04999923706055,Percentage,unit,"Both sexes, All age groups, Seasonally adjusted",67.4000015258789,70.33333587646484,4.133333206176758,Number,unit,Total of all violations-Actual incidents,29421.67
Alberta,2005-05,"Index, 201612=100",units,61.63333333333333,51.333333333333336,57.93333333333334,Dollars,units,"Median total income,Both sexes,All age groups",2400.0,,,,,,,,,,,,,Persons,unit,118043.0,212662.0,Persons,thousands,"Both sexes, All age groups, Seasonally adjusted",1150.86669921875,959.6333618164062,1194.0,191.25,1597.63330078125,43.13333511352539,Percentage,unit,"Both sexes, All age groups, Seasonally adjusted",67.94999694824219,70.68333435058594,3.816666603088379,Number,unit,Total of all violations-Actual incidents,29421.67
Alberta,2005-07,"Index, 201612=100",units,62.6,52.53333333333333,58.93333333333334,Dollars,units,"Median total income,Both sexes,All age groups",2400.0,,,,,,,,,,,,,Persons,unit,109181.0,315813.0,Persons,thousands,"Both sexes, All age groups, Seasonally adjusted",1158.050048828125,974.5999755859375,1198.316650390625,183.4499969482422,1605.7833251953125,40.266666412353516,Percentage,unit,"Both sexes, All age groups, Seasonally adjusted",68.03333282470703,70.5,3.4666666984558105,Number,unit,Total of all violations-Actual incidents,29421.67
Alberta,2005-10,"Index, 201612=100",units,65.73333333333333,54.13333333333333,61.6,Dollars,units,"Median total income,Both sexes,All age groups",2400.0,,,,,,,,,,,,,Persons,unit,104521.0,182880.0,Persons,thousands,"Both sexes, All age groups, Seasonally adjusted",1163.4166259765625,968.1333618164062,1210.3333740234375,195.26666259765625,1619.63330078125,46.91666793823242,Percentage,unit,"Both sexes, All age groups, Seasonally adjusted",67.66666412353516,70.6500015258789,4.233333110809326,Number,unit,Total of all violations-Actual incidents,29421.67
Alberta,2005-04,"Index, 201612=100",units,61.366666666666674,51.20000000000001,57.699999999999996,Dollars,units,"Median total income,Both sexes,All age groups",2400.0,,,,,,,,,,,,,Persons,unit,165224.0,230287.0,Persons,thousands,"Both sexes, All age groups, Seasonally adjusted",1152.2667236328125,957.9666748046875,1197.61669921875,194.3000030517578,1592.300048828125,45.400001525878906,Percentage,unit,"Both sexes, All age groups, Seasonally adjusted",68.06666564941406,71.11666870117188,4.133333206176758,Number,unit,Total of all violations-Actual incidents,29421.67
Alberta,2005-11,"Index, 201612=100",units,67.26666666666667,55.199999999999996,62.96666666666666,Dollars,units,"Median total income,Both sexes,All age groups",2400.0,,,,,,,,,,,,,Persons,unit,103998.0,164657.0,Persons,thousands,"Both sexes, All age groups, Seasonally adjusted",1169.0333251953125,985.8333129882812,1217.0333251953125,183.1666717529297,1623.9832763671875,48.04999923706055,Percentage,unit,"Both sexes, All age groups, Seasonally adjusted",67.88333129882812,70.93333435058594,4.333333492279053,Number,unit,Total of all violations-Actual incidents,29421.67
Alberta,2005-02,"Index, 201612=100",units,60.800000000000004,50.96666666666666,57.26666666666666,Dollars,units,"Median total income,Both sexes,All age groups",2400.0,,,,,,,,,,,,,Persons,unit,126355.0,209079.0,Persons,thousands,"Both sexes, All age groups, Seasonally adjusted",1142.7166748046875,956.0,1189.699951171875,186.73333740234375,1583.88330078125,46.983333587646484,Percentage,unit,"Both sexes, All age groups, Seasonally adjusted",67.91666412353516,71.03333282470703,4.333333492279053,Number,unit,Total of all violations-Actual incidents,29421.67
Alberta,2005-06,"Index, 201612=100",units,62.4,52.333333333333336,58.76666666666667,Dollars,units,"Median total income,Both sexes,All age groups",2400.0,,,,,,,,,,,,,Persons,unit,83867.0,232588.0,Persons,thousands,"Both sexes, All age groups, Seasonally adjusted",1151.199951171875,968.7999877929688,1195.13330078125,182.4166717529297,1601.800048828125,43.95000076293945,Percentage,unit,"Both sexes, All age groups, Seasonally adjusted",67.5,70.33333587646484,3.933333396911621,Number,unit,Total of all violations-Actual incidents,29421.67
Alberta,2005-08,"Index, 201612=100",units,62.9,52.833333333333336,59.26666666666667,Dollars,units,"Median total income,Both sexes,All age groups",2400.0,,,,,,,,,,,,,Persons,unit,137757.0,298272.0,Persons,thousands,"Both sexes, All age groups, Seasonally adjusted",1157.75,971.3499755859375,1201.0833740234375,186.43333435058594,1610.61669921875,43.31666564941406,Percentage,unit,"Both sexes, All age groups, Seasonally adjusted",67.6500015258789,70.36666870117188,3.883333444595337,Number,unit,Total of all violations-Actual incidents,29421.67
Alberta,2005-01,"Index, 201612=100",units,60.333333333333336,50.86666666666667,56.9,Dollars,units,"Median total income,Both sexes,All age groups",2400.0,,,,,,,,,,,,,Persons,unit,135054.0,202774.0,Persons,thousands,"Both sexes, All age groups, Seasonally adjusted",1138.6500244140625,946.4000244140625,1189.9832763671875,192.23333740234375,1579.566650390625,51.36666488647461,Percentage,unit,"Both sexes, All age groups, Seasonally adjusted",67.8499984741211,71.19999694824219,4.583333492279053,Number,unit,Total of all violations-Actual incidents,29421.67
Alberta,2005-12,"Index, 201612=100",units,69.73333333333333,56.06666666666666,64.93333333333334,Dollars,units,"Median total income,Both sexes,All age groups",2400.0,,,,,,,,,,,,,Persons,unit,108218.0,195331.0,Persons,thousands,"Both sexes, All age groups, Seasonally adjusted",1173.5833740234375,988.0833129882812,1222.9166259765625,185.48333740234375,1627.816650390625,49.33333206176758,Percentage,unit,"Both sexes, All age groups, Seasonally adjusted",67.9000015258789,71.01667022705078,4.383333206176758,Number,unit,Total of all violations-Actual incidents,29421.67
New Brunswick,1995-03,"Index, 201612=100",units,84.9,78.7,83.2,,,,,,,,,,,,,,,,,Persons,unit,460623.0,608648.0,Persons,thousands,"Both sexes, All age groups, Seasonally adjusted",196.51666259765625,164.35000610351562,221.4499969482422,32.13333511352539,358.26666259765625,24.933332443237305,Percentage,unit,"Both sexes, All age groups, Seasonally adjusted",50.733333587646484,57.41666793823242,11.333333015441895,,,,
New Brunswick,1995-08,"Index, 201612=100",units,84.8,80.6,83.4,,,,,,,,,,,,,,,,,Persons,unit,599544.0,871850.0,Persons,thousands,"Both sexes, All age groups, Seasonally adjusted",196.11666870117188,165.14999389648438,220.76666259765625,30.933332443237305,358.95001220703125,24.66666603088379,Percentage,unit,"Both sexes, All age groups, Seasonally adjusted",50.18333435058594,56.96666717529297,11.333333015441895,,,,
New Brunswick,1995-10,"Index, 201612=100",units,84.8,80.6,83.4,,,,,,,,,,,,,,,,,Persons,unit,500323.0,680186.0,Persons,thousands,"Both sexes, All age groups, Seasonally adjusted",197.26666259765625,165.71665954589844,220.43333435058594,31.566667556762695,359.3166809082031,23.149999618530273,Percentage,unit,"Both sexes, All age groups, Seasonally adjusted",50.5,56.900001525878906,10.983333587646484,,,,
New Brunswick,1995-11,"Index, 201612=100",units,84.05,80.4,82.8,,,,,,,,,,,,,,,,,Persons,unit,448406.0,595017.0,Persons,thousands,"Both sexes, All age groups, Seasonally adjusted",195.39999389648438,165.11666870117188,218.64999389648438,30.28333282470703,359.48333740234375,23.233333587646484,Percentage,unit,"Both sexes, All age groups, Seasonally adjusted",50.0,56.36666488647461,11.0,,,,
New Brunswick,1995-01,"Index, 201612=100",units,85.4,78.7,83.6,,,,,,,,,,,,,,,,,Persons,unit,403184.0,533136.0,Persons,thousands,"Both sexes, All age groups, Seasonally adjusted",194.76666259765625,163.1999969482422,221.48333740234375,31.566667556762695,358.0833435058594,26.733333587646484,Percentage,unit,"Both sexes, All age groups, Seasonally adjusted",50.20000076293945,57.483333587646484,12.083333015441895,,,,
New Brunswick,1995-12,"Index, 201612=100",units,84.05,80.4,82.8,,,,,,,,,,,,,,,,,Persons,unit,440651.0,594169.0,Persons,thousands,"Both sexes, All age groups, Seasonally adjusted",196.0500030517578,164.89999389648438,220.21665954589844,31.149999618530273,359.6666564941406,24.149999618530273,Percentage,unit,"Both sexes, All age groups, Seasonally adjusted",50.18333435058594,56.70000076293945,11.199999809265137,,,,
New Brunswick,1995-05,"Index, 201612=100",units,84.9,78.8,83.2,,,,,,,,,,,,,,,,,Persons,unit,517610.0,690002.0,Persons,thousands,"Both sexes, All age groups, Seasonally adjusted",194.39999389648438,164.4166717529297,218.76666259765625,29.983333587646484,358.5333251953125,24.399999618530273,Percentage,unit,"Both sexes, All age groups, Seasonally adjusted",50.06666564941406,56.650001525878906,11.100000381469727,,,,
New Brunswick,1995-06,"Index, 201612=100",units,84.4,80.6,83.1,,,,,,,,,,,,,,,,,Persons,unit,538680.0,754262.0,Persons,thousands,"Both sexes, All age groups, Seasonally adjusted",194.4499969482422,164.14999389648438,220.73333740234375,30.316667556762695,358.6499938964844,26.299999237060547,Percentage,unit,"Both sexes, All age groups, Seasonally adjusted",49.83333206176758,57.33333206176758,12.366666793823242,,,,
New Brunswick,1995-09,"Index, 201612=100",units,84.8,80.6,83.4,,,,,,,,,,,,,,,,,Persons,unit,500066.0,714242.0,Persons,thousands,"Both sexes, All age groups, Seasonally adjusted",198.0,166.9166717529297,220.13333129882812,31.100000381469727,359.0333251953125,22.116666793823242,Percentage,unit,"Both sexes, All age groups, Seasonally adjusted",50.650001525878906,56.849998474121094,10.716666221618652,,,,
New Brunswick,1995-02,"Index, 201612=100",units,85.4,78.7,83.6,,,,,,,,,,,,,,,,,Persons,unit,364926.0,489099.0,Persons,thousands,"Both sexes, All age groups, Seasonally adjusted",194.96665954589844,163.6666717529297,221.51666259765625,31.28333282470703,358.2166748046875,26.53333282470703,Percentage,unit,"Both sexes, All age groups, Seasonally adjusted",50.233333587646484,57.38333511352539,11.949999809265137,,,,
New Brunswick,1995-07,"Index, 201612=100",units,84.4,80.6,83.1,,,,,,,,,,,,,,,,,Persons,unit,634547.0,927927.0,Persons,thousands,"Both sexes, All age groups, Seasonally adjusted",195.06666564941406,165.25,219.38333129882812,29.799999237060547,358.79998779296875,24.33333396911621,Percentage,unit,"Both sexes, All age groups, Seasonally adjusted",49.96666717529297,56.54999923706055,11.366666793823242,,,,
New Brunswick,1995-04,"Index, 201612=100",units,84.9,78.7,83.2,,,,,,,,,,,,,,,,,Persons,unit,486597.0,640957.0,Persons,thousands,"Both sexes, All age groups, Seasonally adjusted",194.26666259765625,162.39999389648438,219.4166717529297,31.883333206176758,358.3500061035156,25.133333206176758,Percentage,unit,"Both sexes, All age groups, Seasonally adjusted",50.04999923706055,56.86666488647461,11.616666793823242,,,,
Quebec,1988-12,"Index, 201612=100",units,53.900000000000006,43.93333333333334,50.93333333333334,,,,,,,,,,,,,,,,,Persons,unit,455489.0,751479.0,Persons,thousands,"Both sexes, All age groups, Seasonally adjusted",1975.9666748046875,1679.5833740234375,2172.166748046875,296.3999938964844,3298.699951171875,196.1999969482422,Percentage,unit,"Both sexes, All age groups, Seasonally adjusted",55.96666717529297,61.83333206176758,9.25,,,,
Quebec,1988-08,"Index, 201612=100",units,53.1,43.06666666666666,50.1,,,,,,,,,,,,,,,,,Persons,unit,1038953.0,1601202.0,Persons,thousands,"Both sexes, All age groups, Seasonally adjusted",1946.933349609375,1668.5167236328125,2160.85009765625,278.3999938964844,3287.2666015625,213.93333435058594,Percentage,unit,"Both sexes, All age groups, Seasonally adjusted",55.29999923706055,61.70000076293945,10.183333396911621,,,,
Quebec,1988-05,"Index, 201612=100",units,52.76666666666667,42.43333333333334,49.76666666666667,,,,,,,,,,,,,,,,,Persons,unit,601425.0,995562.0,Persons,thousands,"Both sexes, All age groups, Seasonally adjusted",1943.61669921875,1676.5833740234375,2144.566650390625,267.0333251953125,3278.050048828125,200.96665954589844,Percentage,unit,"Both sexes, All age groups, Seasonally adjusted",55.36666488647461,61.38333511352539,9.550000190734863,,,,
Quebec,1988-02,"Index, 201612=100",units,51.46666666666667,41.4,48.46666666666666,,,,,,,,,,,,,,,,,Persons,unit,453395.0,725141.0,Persons,thousands,"Both sexes, All age groups, Seasonally adjusted",1944.449951171875,1672.9000244140625,2133.88330078125,271.5833435058594,3269.0166015625,189.43333435058594,Percentage,unit,"Both sexes, All age groups, Seasonally adjusted",55.45000076293945,61.0,8.899999618530273,,,,
Quebec,1988-04,"Index, 201612=100",units,52.300000000000004,41.9,49.300000000000004,,,,,,,,,,,,,,,,,Persons,unit,565101.0,889229.0,Persons,thousands,"Both sexes, All age groups, Seasonally adjusted",1935.9832763671875,1658.6500244140625,2133.38330078125,277.29998779296875,3274.61669921875,197.38333129882812,Percentage,unit,"Both sexes, All age groups, Seasonally adjusted",55.233333587646484,61.08333206176758,9.300000190734863,,,,
Quebec,1988-09,"Index, 201612=100",units,53.26666666666667,43.23333333333333,50.333333333333336,,,,,,,,,,,,,,,,,Persons,unit,643809.0,1085402.0,Persons,thousands,"Both sexes, All age groups, Seasonally adjusted",1954.38330078125,1670.0333251953125,2158.566650390625,284.3666687011719,3290.25,204.1666717529297,Percentage,unit,"Both sexes, All age groups, Seasonally adjusted",55.56666564941406,61.66666793823242,9.550000190734863,,,,
Quebec,1988-10,"Index, 201612=100",units,53.43333333333333,43.53333333333333,50.5,,,,,,,,,,,,,,,,,Persons,unit,575663.0,941933.0,Persons,thousands,"Both sexes, All age groups, Seasonally adjusted",1962.699951171875,1674.0167236328125,2172.0,288.6666564941406,3293.050048828125,209.3000030517578,Percentage,unit,"Both sexes, All age groups, Seasonally adjusted",55.70000076293945,61.93333435058594,9.683333396911621,,,,
Quebec,1988-11,"Index, 201612=100",units,53.63333333333333,43.833333333333336,50.73333333333333,,,,,,,,,,,,,,,,,Persons,unit,451232.0,740943.0,Persons,thousands,"Both sexes, All age groups, Seasonally adjusted",1971.1500244140625,1674.949951171875,2176.11669921875,296.1833190917969,3295.833251953125,204.98333740234375,Percentage,unit,"Both sexes, All age groups, Seasonally adjusted",55.93333435058594,62.04999923706055,9.649999618530273,,,,
Quebec,1988-03,"Index, 201612=100",units,51.96666666666666,41.86666666666667,49.0,,,,,,,,,,,,,,,,,Persons,unit,555959.0,841160.0,Persons,thousands,"Both sexes, All age groups, Seasonally adjusted",1942.9000244140625,1664.066650390625,2137.88330078125,278.79998779296875,3271.666748046875,195.03334045410156,Percentage,unit,"Both sexes, All age groups, Seasonally adjusted",55.41666793823242,61.18333435058594,9.133333206176758,,,,
Quebec,1988-07,"Index, 201612=100",units,52.833333333333336,42.6,49.9,,,,,,,,,,,,,,,,,Persons,unit,1274925.0,1888827.0,Persons,thousands,"Both sexes, All age groups, Seasonally adjusted",1942.0999755859375,1676.88330078125,2152.166748046875,265.20001220703125,3283.63330078125,210.0833282470703,Percentage,unit,"Both sexes, All age groups, Seasonally adjusted",55.18333435058594,61.45000076293945,9.966666221618652,,,,
Quebec,1988-06,"Index, 201612=100",units,52.800000000000004,42.6,49.833333333333336,,,,,,,,,,,,,,,,,Persons,unit,687526.0,1116973.0,Persons,thousands,"Both sexes, All age groups, Seasonally adjusted",1948.25,1677.0999755859375,2142.533447265625,271.1333312988281,3280.816650390625,194.28334045410156,Percentage,unit,"Both sexes, All age groups, Seasonally adjusted",55.400001525878906,61.08333206176758,9.116666793823242,,,,
Quebec,1988-01,"Index, 201612=100",units,51.20000000000001,40.766666666666666,48.13333333333333,,,,,,,,,,,,,,,,,Persons,unit,514918.0,769622.0,Persons,thousands,"Both sexes, All age groups, Seasonally adjusted",1942.183349609375,1664.9166259765625,2130.966552734375,277.26666259765625,3265.89990234375,188.75,Percentage,unit,"Both sexes, All age groups, Seasonally adjusted",55.483333587646484,61.11666488647461,9.149999618530273,,,,
