province,REF_DATE,uom_houseindex,scalar_houseindex,avg_house_only,avg_land_only,avg_totalhouseland,uom_income,scalar_income,statistic_income,avg_income,uom_expenditure,scalar_expenditure,statistic_expenditure,avg_food_expenditures,avg_income_taxes,avg_mortageinsurance,avg_mortagePaid,avg_accomodation,avg_rent,avg_shelter,avg_total_expenditure,avg_taxes_landregfees,uom_tourist,scalar_tourist,avg_international_tourism,avg_domestic_tourism,uom_labourforce,scalar_labourforce,statistic_labourforce,avg_employment,avg_fulltime,avg_labourforce,avg_parttime,avg_population,avg_unemployment,uom_lfperc,scalar_lfperc,statistic_labourforceperc,avg_employment_rate,avg_participationrate,avg_unemploymentrate,uom_crime,scalar_crime,statistic_crime,avg_crime_incidents
Atlantic Region,2010-08,"Index, 201612=100",units,94.7,91.1,93.9,,,,,Dollars,unit,Average expenditure per household,603.08,811.5,7.92,285.58,860.25,145.92,934.08,5132.08,4.25,,,,,,,,,,,,,,,,,,,,,,,
Atlantic Region,2010-07,"Index, 201612=100",units,94.7,91.1,93.9,,,,,Dollars,unit,Average expenditure per household,603.08,811.5,7.92,285.58,860.25,145.92,934.08,5132.08,4.25,,,,,,,,,,,,,,,,,,,,,,,
Atlantic Region,2010-01,"Index, 201612=100",units,93.6,90.4,92.9,,,,,Dollars,unit,Average expenditure per household,603.08,811.5,7.92,285.58,860.25,145.92,934.08,5132.08,4.25,,,,,,,,,,,,,,,,,,,,,,,
Atlantic Region,2010-12,"Index, 201612=100",units,96.2,95.0,96.0,,,,,Dollars,unit,Average expenditure per household,603.08,811.5,7.92,285.58,860.25,145.92,934.08,5132.08,4.25,,,,,,,,,,,,,,,,,,,,,,,
Atlantic Region,2010-11,"Index, 201612=100",units,96.1,95.0,95.9,,,,,Dollars,unit,Average expenditure per household,603.08,811.5,7.92,285.58,860.25,145.92,934.08,5132.08,4.25,,,,,,,,,,,,,,,,,,,,,,,
Atlantic Region,2010-04,"Index, 201612=100",units,94.1,90.4,93.3,,,,,Dollars,unit,Average expenditure per household,603.08,811.5,7.92,285.58,860.25,145.92,934.08,5132.08,4.25,,,,,,,,,,,,,,,,,,,,,,,
Atlantic Region,2010-10,"Index, 201612=100",units,94.7,91.1,93.9,,,,,Dollars,unit,Average expenditure per household,603.08,811.5,7.92,285.58,860.25,145.92,934.08,5132.08,4.25,,,,,,,,,,,,,,,,,,,,,,,
Atlantic Region,2010-02,"Index, 201612=100",units,93.6,90.4,92.9,,,,,Dollars,unit,Average expenditure per household,603.08,811.5,7.92,285.58,860.25,145.92,934.08,5132.08,4.25,,,,,,,,,,,,,,,,,,,,,,,
Atlantic Region,2010-09,"Index, 201612=100",units,94.7,91.1,93.9,,,,,Dollars,unit,Average expenditure per household,603.08,811.5,7.92,285.58,860.25,145.92,934.08,5132.08,4.25,,,,,,,,,,,,,,,,,,,,,,,
Atlantic Region,2010-03,"Index, 201612=100",units,93.6,90.4,92.9,,,,,Dollars,unit,Average expenditure per household,603.08,811.5,7.92,285.58,860.25,145.92,934.08,5132.08,4.25,,,,,,,,,,,,,,,,,,,,,,,
Atlantic Region,2010-06,"Index, 201612=100",units,94.7,91.1,93.9,,,,,Dollars,unit,Average expenditure per household,603.08,811.5,7.92,285.58,860.25,145.92,934.08,5132.08,4.25,,,,,,,,,,,,,,,,,,,,,,,
Atlantic Region,2010-05,"Index, 201612=100",units,94.4,90.6,93.5,,,,,Dollars,unit,Average expenditure per household,603.08,811.5,7.92,285.58,860.25,145.92,934.08,5132.08,4.25,,,,,,,,,,,,,,,,,,,,,,,
Ontario,2018-03,"Index, 201612=100",units,104.37272727272726,103.68181818181819,104.38181818181819,,,,,,,,,,,,,,,,,Persons,unit,2719444.0,4121134.0,Persons,thousands,"Both sexes, All age groups, Seasonally adjusted",4577.716796875,3794.466552734375,4834.36669921875,783.2333374023438,7197.43310546875,256.6499938964844,Percentage,unit,"Both sexes, All age groups, Seasonally adjusted",61.18333435058594,65.06666564941406,6.016666889190674,,,,
Ontario,2018-02,"Index, 201612=100",units,104.04545454545455,103.67272727272729,104.11818181818181,,,,,,,,,,,,,,,,,Persons,unit,2015014.0,3135263.0,Persons,thousands,"Both sexes, All age groups, Seasonally adjusted",4575.88330078125,3785.916748046875,4828.783203125,789.9666748046875,7186.91650390625,252.89999389648438,Percentage,unit,"Both sexes, All age groups, Seasonally adjusted",61.06666564941406,64.91666412353516,5.983333110809326,,,,
Ontario,2018-07,"Index, 201612=100",units,104.9090909090909,104.0181818181818,104.84545454545452,,,,,,,,,,,,,,,,,Persons,unit,2379550.0,4960226.0,Persons,thousands,"Both sexes, All age groups, Seasonally adjusted",4655.533203125,3832.183349609375,4910.56689453125,823.3666381835938,7247.39990234375,255.03334045410156,Percentage,unit,"Both sexes, All age groups, Seasonally adjusted",61.650001525878906,65.44999694824219,5.849999904632568,,,,
Ontario,2018-09,"Index, 201612=100",units,104.9909090909091,104.12727272727271,104.9818181818182,,,,,,,,,,,,,,,,,Persons,unit,2166651.0,3989606.0,Persons,thousands,"Both sexes, All age groups, Seasonally adjusted",4630.033203125,3832.583251953125,4907.716796875,797.4666748046875,7267.75,277.6666564941406,Percentage,unit,"Both sexes, All age groups, Seasonally adjusted",61.08333206176758,65.25,6.349999904632568,,,,
Ontario,2018-05,"Index, 201612=100",units,104.57272727272729,103.89999999999999,104.6,,,,,,,,,,,,,,,,,Persons,unit,2332279.0,4030115.0,Persons,thousands,"Both sexes, All age groups, Seasonally adjusted",4591.9501953125,3824.833251953125,4859.86669921875,767.0999755859375,7221.85009765625,267.8999938964844,Percentage,unit,"Both sexes, All age groups, Seasonally adjusted",60.93333435058594,64.98332977294922,6.183333396911621,,,,
Ontario,2018-01,"Index, 201612=100",units,104.07272727272726,103.67272727272726,104.09090909090907,,,,,,,,,,,,,,,,,Persons,unit,2210412.0,3363033.0,Persons,thousands,"Both sexes, All age groups, Seasonally adjusted",4562.38330078125,3788.199951171875,4820.11669921875,774.183349609375,7177.33349609375,257.76666259765625,Percentage,unit,"Both sexes, All age groups, Seasonally adjusted",60.983333587646484,64.88333129882812,6.050000190734863,,,,
Ontario,2018-06,"Index, 201612=100",units,104.75454545454544,103.98181818181818,104.74545454545455,,,,,,,,,,,,,,,,,Persons,unit,2058846.0,4317895.0,Persons,thousands,"Both sexes, All age groups, Seasonally adjusted",4615.64990234375,3840.61669921875,4895.60009765625,775.0166625976562,7233.14990234375,279.9666748046875,Percentage,unit,"Both sexes, All age groups, Seasonally adjusted",61.21666717529297,65.44999694824219,6.4666666984558105,,,,
Ontario,2018-04,"Index, 201612=100",units,104.3909090909091,103.86363636363636,104.44545454545455,,,,,,,,,,,,,,,,,Persons,unit,2389522.0,3751215.0,Persons,thousands,"Both sexes, All age groups, Seasonally adjusted",4588.5,3810.13330078125,4847.64990234375,778.316650390625,7211.0498046875,259.1666564941406,Percentage,unit,"Both sexes, All age groups, Seasonally adjusted",61.04999923706055,64.96666717529297,6.083333492279053,,,,
Ontario,2018-08,"Index, 201612=100",units,105.05454545454545,104.06363636363635,104.97272727272728,,,,,,,,,,,,,,,,,Persons,unit,2667630.0,5207861.0,Persons,thousands,"Both sexes, All age groups, Seasonally adjusted",4606.81689453125,3831.916748046875,4877.31689453125,774.9000244140625,7258.14990234375,270.5,Percentage,unit,"Both sexes, All age groups, Seasonally adjusted",60.86666488647461,64.83333587646484,6.150000095367432,,,,
