province,REF_DATE,uom_houseindex,scalar_houseindex,avg_house_only,avg_land_only,avg_totalhouseland,uom_income,scalar_income,statistic_income,avg_income,uom_expenditure,scalar_expenditure,statistic_expenditure,avg_food_expenditures,avg_income_taxes,avg_mortageinsurance,avg_mortagePaid,avg_accomodation,avg_rent,avg_shelter,avg_total_expenditure,avg_taxes_landregfees,uom_tourist,scalar_tourist,avg_international_tourism,avg_domestic_tourism,uom_labourforce,scalar_labourforce,statistic_labourforce,avg_employment,avg_fulltime,avg_labourforce,avg_parttime,avg_population,avg_unemployment,uom_lfperc,scalar_lfperc,statistic_labourforceperc,avg_employment_rate,avg_participationrate,avg_unemploymentrate,uom_crime,scalar_crime,statistic_crime,avg_crime_incidents
Manitoba,1989-11,"Index, 201612=100",units,40.4,32.8,38.3,,,,,,,,,,,,,,,,,Persons,unit,130765.0,176144.0,Persons,thousands,"Both sexes, All age groups, Seasonally adjusted",321.3666687011719,260.3999938964844,348.23333740234375,60.95000076293945,499.8500061035156,26.883333206176758,Percentage,unit,"Both sexes, All age groups, Seasonally adjusted",60.95000076293945,66.38333129882812,7.800000190734863,,,,
Manitoba,1989-12,"Index, 201612=100",units,40.4,32.8,38.3,,,,,,,,,,,,,,,,,Persons,unit,127442.0,175298.0,Persons,thousands,"Both sexes, All age groups, Seasonally adjusted",320.8333435058594,258.3500061035156,346.01666259765625,62.46666717529297,500.1333312988281,25.200000762939453,Percentage,unit,"Both sexes, All age groups, Seasonally adjusted",60.733333587646484,65.91666412353516,7.766666889190674,,,,
Manitoba,1989-04,"Index, 201612=100",units,39.9,32.8,38.1,,,,,,,,,,,,,,,,,Persons,unit,123082.0,172098.0,Persons,thousands,"Both sexes, All age groups, Seasonally adjusted",320.6000061035156,262.3500061035156,347.3999938964844,58.25,499.75,26.816667556762695,Percentage,unit,"Both sexes, All age groups, Seasonally adjusted",61.099998474121094,66.51667022705078,8.016666412353516,,,,
Manitoba,1989-08,"Index, 201612=100",units,40.1,32.7,38.1,,,,,,,,,,,,,,,,,Persons,unit,218848.0,331460.0,Persons,thousands,"Both sexes, All age groups, Seasonally adjusted",326.5,268.4166564941406,347.6833190917969,58.06666564941406,499.3666687011719,21.21666717529297,Percentage,unit,"Both sexes, All age groups, Seasonally adjusted",61.983333587646484,66.26667022705078,6.349999904632568,,,,
Manitoba,1989-10,"Index, 201612=100",units,40.4,32.8,38.3,,,,,,,,,,,,,,,,,Persons,unit,135963.0,196657.0,Persons,thousands,"Both sexes, All age groups, Seasonally adjusted",322.0833435058594,263.4666748046875,347.0,58.63333511352539,499.6499938964844,24.91666603088379,Percentage,unit,"Both sexes, All age groups, Seasonally adjusted",60.983333587646484,66.06666564941406,7.483333110809326,,,,
Manitoba,1989-03,"Index, 201612=100",units,40.0,32.8,38.1,,,,,,,,,,,,,,,,,Persons,unit,124707.0,175407.0,Persons,thousands,"Both sexes, All age groups, Seasonally adjusted",320.73333740234375,261.5,347.29998779296875,59.233333587646484,499.5666809082031,26.58333396911621,Percentage,unit,"Both sexes, All age groups, Seasonally adjusted",61.06666564941406,66.38333129882812,7.666666507720947,,,,
Manitoba,1989-06,"Index, 201612=100",units,39.9,32.7,38.0,,,,,,,,,,,,,,,,,Persons,unit,125370.0,243105.0,Persons,thousands,"Both sexes, All age groups, Seasonally adjusted",325.76666259765625,264.5833435058594,350.0833435058594,61.21666717529297,499.7833251953125,24.299999237060547,Percentage,unit,"Both sexes, All age groups, Seasonally adjusted",61.983333587646484,66.86666870117188,7.099999904632568,,,,
Manitoba,1989-09,"Index, 201612=100",units,40.3,32.7,38.2,,,,,,,,,,,,,,,,,Persons,unit,138971.0,222348.0,Persons,thousands,"Both sexes, All age groups, Seasonally adjusted",323.5,265.76666259765625,346.76666259765625,57.71666717529297,499.45001220703125,23.299999237060547,Percentage,unit,"Both sexes, All age groups, Seasonally adjusted",61.33333206176758,66.1500015258789,7.083333492279053,,,,
Manitoba,1989-02,"Index, 201612=100",units,40.1,32.6,38.1,,,,,,,,,,,,,,,,,Persons,unit,89431.0,127154.0,Persons,thousands,"Both sexes, All age groups, Seasonally adjusted",320.0833435058594,261.8999938964844,347.01666259765625,58.16666793823242,499.23333740234375,26.933332443237305,Percentage,unit,"Both sexes, All age groups, Seasonally adjusted",60.900001525878906,66.33333587646484,7.733333110809326,,,,
Manitoba,1989-01,"Index, 201612=100",units,40.2,32.6,38.1,,,,,,,,,,,,,,,,,Persons,unit,84169.0,123515.0,Persons,thousands,"Both sexes, All age groups, Seasonally adjusted",322.3999938964844,261.5833435058594,347.9666748046875,60.81666564941406,499.01666259765625,25.600000381469727,Percentage,unit,"Both sexes, All age groups, Seasonally adjusted",61.483333587646484,66.69999694824219,7.400000095367432,,,,
Manitoba,1989-05,"Index, 201612=100",units,39.9,32.8,38.0,,,,,,,,,,,,,,,,,Persons,unit,120386.0,197936.0,Persons,thousands,"Both sexes, All age groups, Seasonally adjusted",323.2833251953125,265.5833435058594,349.25,57.71666717529297,499.9333190917969,25.950000762939453,Percentage,unit,"Both sexes, All age groups, Seasonally adjusted",61.53333282470703,66.80000305175781,7.683333396911621,,,,
Manitoba,1989-07,"Index, 201612=100",units,39.9,32.7,38.0,,,,,,,,,,,,,,,,,Persons,unit,214577.0,354572.0,Persons,thousands,"Both sexes, All age groups, Seasonally adjusted",324.6833190917969,265.0333251953125,347.6833190917969,59.66666793823242,499.6333312988281,23.016666412353516,Percentage,unit,"Both sexes, All age groups, Seasonally adjusted",61.650001525878906,66.30000305175781,6.883333206176758,,,,
