province,REF_DATE,uom_houseindex,scalar_houseindex,avg_house_only,avg_land_only,avg_totalhouseland,uom_income,scalar_income,statistic_income,avg_income,uom_expenditure,scalar_expenditure,statistic_expenditure,avg_food_expenditures,avg_income_taxes,avg_mortageinsurance,avg_mortagePaid,avg_accomodation,avg_rent,avg_shelter,avg_total_expenditure,avg_taxes_landregfees,uom_tourist,scalar_tourist,avg_international_tourism,avg_domestic_tourism,uom_labourforce,scalar_labourforce,statistic_labourforce,avg_employment,avg_fulltime,avg_labourforce,avg_parttime,avg_population,avg_unemployment,uom_lfperc,scalar_lfperc,statistic_labourforceperc,avg_employment_rate,avg_participationrate,avg_unemploymentrate,uom_crime,scalar_crime,statistic_crime,avg_crime_incidents
Alberta,1987-05,"Index, 201612=100",units,30.46666666666667,23.8,28.566666666666663,,,,,,,,,,,,,,,,,Persons,unit,72420.0,123938.0,Persons,thousands,"Both sexes, All age groups, Seasonally adjusted",746.8333129882812,619.5499877929688,822.3833618164062,127.26667022705078,1113.199951171875,75.58333587646484,Percentage,unit,"Both sexes, All age groups, Seasonally adjusted",62.38333511352539,69.0999984741211,9.683333396911621,,,,
Alberta,1987-09,"Index, 201612=100",units,31.03333333333333,24.433333333333334,29.133333333333336,,,,,,,,,,,,,,,,,Persons,unit,68494.0,137710.0,Persons,thousands,"Both sexes, All age groups, Seasonally adjusted",751.8833618164062,625.8833618164062,827.3666381835938,125.98332977294922,1111.7833251953125,75.51667022705078,Percentage,unit,"Both sexes, All age groups, Seasonally adjusted",63.04999923706055,69.69999694824219,9.399999618530273,,,,
Alberta,1987-04,"Index, 201612=100",units,30.46666666666667,23.3,28.400000000000002,,,,,,,,,,,,,,,,,Persons,unit,85215.0,122477.0,Persons,thousands,"Both sexes, All age groups, Seasonally adjusted",742.7999877929688,618.4000244140625,824.8833618164062,124.38333129882812,1113.3333740234375,82.08333587646484,Percentage,unit,"Both sexes, All age groups, Seasonally adjusted",61.96666717529297,69.23332977294922,10.449999809265137,,,,
Alberta,1987-12,"Index, 201612=100",units,31.366666666666664,25.133333333333336,29.53333333333333,,,,,,,,,,,,,,,,,Persons,unit,54372.0,90250.0,Persons,thousands,"Both sexes, All age groups, Seasonally adjusted",762.8666381835938,637.316650390625,830.1166381835938,125.53333282470703,1115.0,67.21666717529297,Percentage,unit,"Both sexes, All age groups, Seasonally adjusted",63.766666412353516,69.71666717529297,8.433333396911621,,,,
Alberta,1987-03,"Index, 201612=100",units,30.366666666666664,23.2,28.3,,,,,,,,,,,,,,,,,Persons,unit,81455.0,117441.0,Persons,thousands,"Both sexes, All age groups, Seasonally adjusted",740.3666381835938,615.4000244140625,820.9500122070312,124.96666717529297,1112.8499755859375,80.5999984741211,Percentage,unit,"Both sexes, All age groups, Seasonally adjusted",61.75,68.8499984741211,10.416666984558105,,,,
Alberta,1987-01,"Index, 201612=100",units,29.933333333333337,23.0,27.900000000000002,,,,,,,,,,,,,,,,,Persons,unit,75241.0,103869.0,Persons,thousands,"Both sexes, All age groups, Seasonally adjusted",735.316650390625,615.0333251953125,821.1333618164062,120.26667022705078,1111.4666748046875,85.8499984741211,Percentage,unit,"Both sexes, All age groups, Seasonally adjusted",61.36666488647461,68.98332977294922,11.133333206176758,,,,
Alberta,1987-02,"Index, 201612=100",units,30.133333333333336,23.166666666666668,28.133333333333336,,,,,,,,,,,,,,,,,Persons,unit,73689.0,104740.0,Persons,thousands,"Both sexes, All age groups, Seasonally adjusted",732.0833129882812,609.9000244140625,817.9833374023438,122.16666412353516,1112.2833251953125,85.91666412353516,Percentage,unit,"Both sexes, All age groups, Seasonally adjusted",61.04999923706055,68.68333435058594,11.166666984558105,,,,
Alberta,1987-07,"Index, 201612=100",units,30.666666666666668,24.2,28.8,,,,,,,,,,,,,,,,,Persons,unit,94638.0,240098.0,Persons,thousands,"Both sexes, All age groups, Seasonally adjusted",746.75,621.2166748046875,822.2999877929688,125.55000305175781,1111.9832763671875,75.53333282470703,Percentage,unit,"Both sexes, All age groups, Seasonally adjusted",62.483333587646484,69.0999984741211,9.383333206176758,,,,
Alberta,1987-06,"Index, 201612=100",units,30.53333333333333,23.933333333333334,28.666666666666668,,,,,,,,,,,,,,,,,Persons,unit,65902.0,164241.0,Persons,thousands,"Both sexes, All age groups, Seasonally adjusted",744.75,623.683349609375,822.8833618164062,121.05000305175781,1112.6666259765625,78.13333129882812,Percentage,unit,"Both sexes, All age groups, Seasonally adjusted",62.16666793823242,69.08333587646484,9.716666221618652,,,,
Alberta,1987-08,"Index, 201612=100",units,30.866666666666664,24.333333333333332,29.0,,,,,,,,,,,,,,,,,Persons,unit,107474.0,228344.0,Persons,thousands,"Both sexes, All age groups, Seasonally adjusted",747.6666870117188,618.8333129882812,824.683349609375,128.8000030517578,1111.566650390625,77.0,Percentage,unit,"Both sexes, All age groups, Seasonally adjusted",62.56666564941406,69.36666870117188,9.600000381469727,,,,
Alberta,1987-11,"Index, 201612=100",units,31.299999999999997,25.03333333333333,29.5,,,,,,,,,,,,,,,,,Persons,unit,53665.0,83937.0,Persons,thousands,"Both sexes, All age groups, Seasonally adjusted",761.4000244140625,637.2333374023438,826.75,124.18333435058594,1113.9166259765625,65.31666564941406,Percentage,unit,"Both sexes, All age groups, Seasonally adjusted",63.733333587646484,69.51667022705078,8.233333587646484,,,,
Alberta,1987-10,"Index, 201612=100",units,31.366666666666664,24.8,29.399999999999995,,,,,,,,,,,,,,,,,Persons,unit,63334.0,105593.0,Persons,thousands,"Both sexes, All age groups, Seasonally adjusted",758.2333374023438,634.5833129882812,825.6166381835938,123.63333129882812,1112.800048828125,67.41666412353516,Percentage,unit,"Both sexes, All age groups, Seasonally adjusted",63.349998474121094,69.41666412353516,8.716666221618652,,,,
Manitoba,1985-09,"Index, 201612=100",units,37.2,26.6,34.2,,,,,,,,,,,,,,,,,Persons,unit,85424.0,152726.0,Persons,thousands,"Both sexes, All age groups, Seasonally adjusted",306.3666687011719,253.11666870117188,331.9166564941406,53.25,487.3833312988281,25.53333282470703,Percentage,unit,"Both sexes, All age groups, Seasonally adjusted",59.983333587646484,65.28333282470703,7.983333110809326,,,,
Manitoba,1985-04,"Index, 201612=100",units,36.5,25.0,33.2,,,,,,,,,,,,,,,,,Persons,unit,76035.0,123793.0,Persons,thousands,"Both sexes, All age groups, Seasonally adjusted",301.0,249.86666870117188,327.98333740234375,51.150001525878906,485.5666809082031,27.0,Percentage,unit,"Both sexes, All age groups, Seasonally adjusted",59.04999923706055,64.6500015258789,8.399999618530273,,,,
Manitoba,1985-01,"Index, 201612=100",units,35.9,25.2,32.9,,,,,,,,,,,,,,,,,Persons,unit,67565.0,101112.0,Persons,thousands,"Both sexes, All age groups, Seasonally adjusted",301.1833190917969,250.5,327.6499938964844,50.70000076293945,484.04998779296875,26.46666717529297,Percentage,unit,"Both sexes, All age groups, Seasonally adjusted",59.233333587646484,64.78333282470703,8.399999618530273,,,,
Manitoba,1985-03,"Index, 201612=100",units,36.5,25.0,33.2,,,,,,,,,,,,,,,,,Persons,unit,90091.0,136199.0,Persons,thousands,"Both sexes, All age groups, Seasonally adjusted",301.3666687011719,249.75,329.1833190917969,51.63333511352539,485.1166687011719,27.816667556762695,Percentage,unit,"Both sexes, All age groups, Seasonally adjusted",59.20000076293945,65.06666564941406,8.699999809265137,,,,
Manitoba,1985-08,"Index, 201612=100",units,36.9,25.4,33.6,,,,,,,,,,,,,,,,,Persons,unit,154433.0,270575.0,Persons,thousands,"Both sexes, All age groups, Seasonally adjusted",302.3999938964844,248.36666870117188,330.5666809082031,54.04999923706055,486.5,28.133333206176758,Percentage,unit,"Both sexes, All age groups, Seasonally adjusted",59.16666793823242,65.0999984741211,8.766666412353516,,,,
Manitoba,1985-07,"Index, 201612=100",units,36.8,25.3,33.5,,,,,,,,,,,,,,,,,Persons,unit,144837.0,285773.0,Persons,thousands,"Both sexes, All age groups, Seasonally adjusted",303.48333740234375,251.8000030517578,330.45001220703125,51.66666793823242,485.98333740234375,26.96666717529297,Percentage,unit,"Both sexes, All age groups, Seasonally adjusted",59.53333282470703,65.18333435058594,8.350000381469727,,,,
Manitoba,1985-10,"Index, 201612=100",units,37.2,26.6,34.2,,,,,,,,,,,,,,,,,Persons,unit,73324.0,127121.0,Persons,thousands,"Both sexes, All age groups, Seasonally adjusted",307.6000061035156,253.13333129882812,331.9666748046875,54.45000076293945,488.0666809082031,24.366666793823242,Percentage,unit,"Both sexes, All age groups, Seasonally adjusted",60.11666488647461,65.23332977294922,7.650000095367432,,,,
Manitoba,1985-06,"Index, 201612=100",units,36.7,25.3,33.5,,,,,,,,,,,,,,,,,Persons,unit,91985.0,221411.0,Persons,thousands,"Both sexes, All age groups, Seasonally adjusted",300.8500061035156,249.98333740234375,327.8666687011719,50.88333511352539,485.8666687011719,27.0,Percentage,unit,"Both sexes, All age groups, Seasonally adjusted",58.93333435058594,64.58333587646484,8.216666221618652,,,,
Manitoba,1985-12,"Index, 201612=100",units,37.3,26.8,34.4,,,,,,,,,,,,,,,,,Persons,unit,60433.0,99441.0,Persons,thousands,"Both sexes, All age groups, Seasonally adjusted",310.4666748046875,254.9499969482422,334.8166809082031,55.5,489.1499938964844,24.383333206176758,Percentage,unit,"Both sexes, All age groups, Seasonally adjusted",60.46666717529297,65.5,7.4666666984558105,,,,
Manitoba,1985-05,"Index, 201612=100",units,36.5,25.3,33.3,,,,,,,,,,,,,,,,,Persons,unit,86432.0,164694.0,Persons,thousands,"Both sexes, All age groups, Seasonally adjusted",301.98333740234375,249.93333435058594,328.01666259765625,52.04999923706055,485.8333435058594,26.0,Percentage,unit,"Both sexes, All age groups, Seasonally adjusted",59.150001525878906,64.61666870117188,8.083333015441895,,,,
Manitoba,1985-11,"Index, 201612=100",units,37.2,26.6,34.2,,,,,,,,,,,,,,,,,Persons,unit,65639.0,105290.0,Persons,thousands,"Both sexes, All age groups, Seasonally adjusted",309.0333251953125,252.25,334.0,56.79999923706055,488.6833190917969,24.950000762939453,Percentage,unit,"Both sexes, All age groups, Seasonally adjusted",60.28333282470703,65.46666717529297,7.699999809265137,,,,
Manitoba,1985-02,"Index, 201612=100",units,36.0,25.4,33.0,,,,,,,,,,,,,,,,,Persons,unit,68773.0,104692.0,Persons,thousands,"Both sexes, All age groups, Seasonally adjusted",301.98333740234375,250.76666259765625,329.0833435058594,51.233333587646484,484.6000061035156,27.100000381469727,Percentage,unit,"Both sexes, All age groups, Seasonally adjusted",59.400001525878906,65.05000305175781,8.533333778381348,,,,
