province,REF_DATE,uom_houseindex,scalar_houseindex,avg_house_only,avg_land_only,avg_totalhouseland,uom_income,scalar_income,statistic_income,avg_income,uom_expenditure,scalar_expenditure,statistic_expenditure,avg_food_expenditures,avg_income_taxes,avg_mortageinsurance,avg_mortagePaid,avg_accomodation,avg_rent,avg_shelter,avg_total_expenditure,avg_taxes_landregfees,uom_tourist,scalar_tourist,avg_international_tourism,avg_domestic_tourism,uom_labourforce,scalar_labourforce,statistic_labourforce,avg_employment,avg_fulltime,avg_labourforce,avg_parttime,avg_population,avg_unemployment,uom_lfperc,scalar_lfperc,statistic_labourforceperc,avg_employment_rate,avg_participationrate,avg_unemploymentrate,uom_crime,scalar_crime,statistic_crime,avg_crime_incidents
Manitoba,2014-11,"Index, 201612=100",units,95.0,98.2,96.1,Dollars,units,"Median total income,Both sexes,All age groups",2674.17,Dollars,unit,Average expenditure per household,701.42,1127.33,11.58,361.42,1084.75,209.67,1206.75,6369.5,9.75,Persons,unit,118398.0,160892.0,Persons,thousands,"Both sexes, All age groups, Seasonally adjusted",401.6499938964844,333.20001220703125,422.04998779296875,68.48332977294922,597.0499877929688,20.399999618530273,Percentage,unit,"Both sexes, All age groups, Seasonally adjusted",64.66666412353516,68.36666870117188,5.383333206176758,Number,unit,Total of all violations-Actual incidents,8965.75
Manitoba,2014-09,"Index, 201612=100",units,94.9,98.2,95.9,Dollars,units,"Median total income,Both sexes,All age groups",2674.17,Dollars,unit,Average expenditure per household,701.42,1127.33,11.58,361.42,1084.75,209.67,1206.75,6369.5,9.75,Persons,unit,123010.0,175687.0,Persons,thousands,"Both sexes, All age groups, Seasonally adjusted",398.26666259765625,328.8166809082031,420.3500061035156,69.46666717529297,596.2833251953125,22.100000381469727,Percentage,unit,"Both sexes, All age groups, Seasonally adjusted",64.23332977294922,68.36666870117188,5.9666666984558105,Number,unit,Total of all violations-Actual incidents,8965.75
Manitoba,2014-07,"Index, 201612=100",units,95.4,98.1,96.3,Dollars,units,"Median total income,Both sexes,All age groups",2674.17,Dollars,unit,Average expenditure per household,701.42,1127.33,11.58,361.42,1084.75,209.67,1206.75,6369.5,9.75,Persons,unit,164112.0,239549.0,Persons,thousands,"Both sexes, All age groups, Seasonally adjusted",397.1833190917969,322.0,418.2166748046875,75.18333435058594,595.2999877929688,21.016666412353516,Percentage,unit,"Both sexes, All age groups, Seasonally adjusted",64.1500015258789,67.96666717529297,5.5333333015441895,Number,unit,Total of all violations-Actual incidents,8965.75
Manitoba,2014-08,"Index, 201612=100",units,95.4,98.1,96.3,Dollars,units,"Median total income,Both sexes,All age groups",2674.17,Dollars,unit,Average expenditure per household,701.42,1127.33,11.58,361.42,1084.75,209.67,1206.75,6369.5,9.75,Persons,unit,201617.0,270811.0,Persons,thousands,"Both sexes, All age groups, Seasonally adjusted",397.45001220703125,324.29998779296875,419.3833312988281,73.1500015258789,595.6166381835938,21.950000762939453,Percentage,unit,"Both sexes, All age groups, Seasonally adjusted",64.19999694824219,68.23332977294922,5.816666603088379,Number,unit,Total of all violations-Actual incidents,8965.75
Manitoba,2014-10,"Index, 201612=100",units,95.0,98.2,96.1,Dollars,units,"Median total income,Both sexes,All age groups",2674.17,Dollars,unit,Average expenditure per household,701.42,1127.33,11.58,361.42,1084.75,209.67,1206.75,6369.5,9.75,Persons,unit,110792.0,164875.0,Persons,thousands,"Both sexes, All age groups, Seasonally adjusted",401.8166809082031,331.6833190917969,422.1499938964844,70.13333129882812,596.566650390625,20.33333396911621,Percentage,unit,"Both sexes, All age groups, Seasonally adjusted",64.9000015258789,68.6500015258789,5.366666793823242,Number,unit,Total of all violations-Actual incidents,8965.75
Manitoba,2014-12,"Index, 201612=100",units,95.0,98.2,96.0,Dollars,units,"Median total income,Both sexes,All age groups",2674.17,Dollars,unit,Average expenditure per household,701.42,1127.33,11.58,361.42,1084.75,209.67,1206.75,6369.5,9.75,Persons,unit,111034.0,157597.0,Persons,thousands,"Both sexes, All age groups, Seasonally adjusted",402.5,331.98333740234375,424.70001220703125,70.53333282470703,597.6333618164062,22.200000762939453,Percentage,unit,"Both sexes, All age groups, Seasonally adjusted",64.73332977294922,68.73332977294922,5.816666603088379,Number,unit,Total of all violations-Actual incidents,8965.75
Manitoba,2014-03,"Index, 201612=100",units,94.7,97.9,95.8,Dollars,units,"Median total income,Both sexes,All age groups",2674.17,Dollars,unit,Average expenditure per household,701.42,1127.33,11.58,361.42,1084.75,209.67,1206.75,6369.5,9.75,Persons,unit,136767.0,186450.0,Persons,thousands,"Both sexes, All age groups, Seasonally adjusted",393.54998779296875,324.5666809082031,415.3833312988281,68.96666717529297,592.2000122070312,21.850000381469727,Percentage,unit,"Both sexes, All age groups, Seasonally adjusted",63.75,67.76667022705078,5.900000095367432,Number,unit,Total of all violations-Actual incidents,8965.75
Manitoba,2014-06,"Index, 201612=100",units,95.4,98.1,96.3,Dollars,units,"Median total income,Both sexes,All age groups",2674.17,Dollars,unit,Average expenditure per household,701.42,1127.33,11.58,361.42,1084.75,209.67,1206.75,6369.5,9.75,Persons,unit,115636.0,189521.0,Persons,thousands,"Both sexes, All age groups, Seasonally adjusted",396.45001220703125,323.8500061035156,417.6499938964844,72.56666564941406,594.4500122070312,21.183332443237305,Percentage,unit,"Both sexes, All age groups, Seasonally adjusted",64.28333282470703,67.96666717529297,5.449999809265137,Number,unit,Total of all violations-Actual incidents,8965.75
Manitoba,2014-05,"Index, 201612=100",units,95.2,97.9,96.1,Dollars,units,"Median total income,Both sexes,All age groups",2674.17,Dollars,unit,Average expenditure per household,701.42,1127.33,11.58,361.42,1084.75,209.67,1206.75,6369.5,9.75,Persons,unit,129290.0,188415.0,Persons,thousands,"Both sexes, All age groups, Seasonally adjusted",393.8500061035156,320.4666748046875,415.6833190917969,73.36666870117188,593.683349609375,21.850000381469727,Percentage,unit,"Both sexes, All age groups, Seasonally adjusted",63.86666488647461,67.75,5.683333396911621,Number,unit,Total of all violations-Actual incidents,8965.75
Manitoba,2014-01,"Index, 201612=100",units,94.5,97.9,95.6,Dollars,units,"Median total income,Both sexes,All age groups",2674.17,Dollars,unit,Average expenditure per household,701.42,1127.33,11.58,361.42,1084.75,209.67,1206.75,6369.5,9.75,Persons,unit,116427.0,157435.0,Persons,thousands,"Both sexes, All age groups, Seasonally adjusted",396.45001220703125,324.2833251953125,418.8333435058594,72.16666412353516,591.2166748046875,22.366666793823242,Percentage,unit,"Both sexes, All age groups, Seasonally adjusted",64.48332977294922,68.48332977294922,5.75,Number,unit,Total of all violations-Actual incidents,8965.75
Manitoba,2014-02,"Index, 201612=100",units,94.7,97.9,95.7,Dollars,units,"Median total income,Both sexes,All age groups",2674.17,Dollars,unit,Average expenditure per household,701.42,1127.33,11.58,361.42,1084.75,209.67,1206.75,6369.5,9.75,Persons,unit,120817.0,164929.0,Persons,thousands,"Both sexes, All age groups, Seasonally adjusted",396.1333312988281,322.98333740234375,417.5666809082031,73.1500015258789,591.7000122070312,21.433332443237305,Percentage,unit,"Both sexes, All age groups, Seasonally adjusted",64.18333435058594,68.0,5.566666603088379,Number,unit,Total of all violations-Actual incidents,8965.75
Manitoba,2014-04,"Index, 201612=100",units,95.1,97.9,96.0,Dollars,units,"Median total income,Both sexes,All age groups",2674.17,Dollars,unit,Average expenditure per household,701.42,1127.33,11.58,361.42,1084.75,209.67,1206.75,6369.5,9.75,Persons,unit,156392.0,206134.0,Persons,thousands,"Both sexes, All age groups, Seasonally adjusted",394.3999938964844,320.3999938964844,417.29998779296875,74.0,592.933349609375,22.91666603088379,Percentage,unit,"Both sexes, All age groups, Seasonally adjusted",63.733333587646484,68.0,6.349999904632568,Number,unit,Total of all violations-Actual incidents,8965.75
New Brunswick,2006-12,"Index, 201612=100",units,91.4,88.3,90.5,Dollars,units,"Median total income,Both sexes,All age groups",1908.33,,,,,,,,,,,,,Persons,unit,338962.0,468777.0,Persons,thousands,"Both sexes, All age groups, Seasonally adjusted",224.21665954589844,189.61666870117188,244.18333435058594,34.599998474121094,371.8833312988281,19.96666717529297,Percentage,unit,"Both sexes, All age groups, Seasonally adjusted",57.45000076293945,62.96666717529297,8.616666793823242,Number,unit,Total of all violations-Actual incidents,4164.17
New Brunswick,2006-05,"Index, 201612=100",units,91.3,85.9,89.9,Dollars,units,"Median total income,Both sexes,All age groups",1908.33,,,,,,,,,,,,,Persons,unit,384362.0,533778.0,Persons,thousands,"Both sexes, All age groups, Seasonally adjusted",225.88333129882812,192.21665954589844,246.51666259765625,33.68333435058594,371.8999938964844,20.633333206176758,Percentage,unit,"Both sexes, All age groups, Seasonally adjusted",57.91666793823242,63.650001525878906,8.916666984558105,Number,unit,Total of all violations-Actual incidents,4164.17
New Brunswick,2006-04,"Index, 201612=100",units,91.0,85.9,89.7,Dollars,units,"Median total income,Both sexes,All age groups",1908.33,,,,,,,,,,,,,Persons,unit,387286.0,524720.0,Persons,thousands,"Both sexes, All age groups, Seasonally adjusted",225.6999969482422,191.81666564941406,247.03334045410156,33.91666793823242,371.9166564941406,21.350000381469727,Percentage,unit,"Both sexes, All age groups, Seasonally adjusted",57.849998474121094,63.766666412353516,9.300000190734863,Number,unit,Total of all violations-Actual incidents,4164.17
New Brunswick,2006-07,"Index, 201612=100",units,91.6,86.3,90.3,Dollars,units,"Median total income,Both sexes,All age groups",1908.33,,,,,,,,,,,,,Persons,unit,418870.0,663112.0,Persons,thousands,"Both sexes, All age groups, Seasonally adjusted",223.36666870117188,190.0833282470703,244.51666259765625,33.266666412353516,371.7833251953125,21.133333206176758,Percentage,unit,"Both sexes, All age groups, Seasonally adjusted",57.31666564941406,63.099998474121094,8.933333396911621,Number,unit,Total of all violations-Actual incidents,4164.17
New Brunswick,2006-09,"Index, 201612=100",units,91.6,87.4,90.6,Dollars,units,"Median total income,Both sexes,All age groups",1908.33,,,,,,,,,,,,,Persons,unit,355658.0,541319.0,Persons,thousands,"Both sexes, All age groups, Seasonally adjusted",221.78334045410156,188.53334045410156,241.61666870117188,33.25,371.6166687011719,19.866666793823242,Percentage,unit,"Both sexes, All age groups, Seasonally adjusted",56.81666564941406,62.400001525878906,8.899999618530273,Number,unit,Total of all violations-Actual incidents,4164.17
New Brunswick,2006-01,"Index, 201612=100",units,90.2,84.7,88.8,Dollars,units,"Median total income,Both sexes,All age groups",1908.33,,,,,,,,,,,,,Persons,unit,308274.0,427791.0,Persons,thousands,"Both sexes, All age groups, Seasonally adjusted",224.89999389648438,188.46665954589844,246.48333740234375,36.400001525878906,372.1000061035156,21.600000381469727,Percentage,unit,"Both sexes, All age groups, Seasonally adjusted",57.599998474121094,63.483333587646484,9.466666221618652,Number,unit,Total of all violations-Actual incidents,4164.17
New Brunswick,2006-11,"Index, 201612=100",units,91.5,88.3,90.6,Dollars,units,"Median total income,Both sexes,All age groups",1908.33,,,,,,,,,,,,,Persons,unit,346607.0,470039.0,Persons,thousands,"Both sexes, All age groups, Seasonally adjusted",223.0500030517578,190.1666717529297,243.23333740234375,32.91666793823242,371.75,20.183332443237305,Percentage,unit,"Both sexes, All age groups, Seasonally adjusted",56.93333435058594,62.58333206176758,8.983333587646484,Number,unit,Total of all violations-Actual incidents,4164.17
New Brunswick,2006-10,"Index, 201612=100",units,91.6,87.4,90.6,Dollars,units,"Median total income,Both sexes,All age groups",1908.33,,,,,,,,,,,,,Persons,unit,350810.0,508989.0,Persons,thousands,"Both sexes, All age groups, Seasonally adjusted",223.1999969482422,190.11666870117188,242.78334045410156,33.099998474121094,371.6499938964844,19.566667556762695,Percentage,unit,"Both sexes, All age groups, Seasonally adjusted",57.04999923706055,62.43333435058594,8.649999618530273,Number,unit,Total of all violations-Actual incidents,4164.17
New Brunswick,2006-08,"Index, 201612=100",units,91.5,87.4,90.5,Dollars,units,"Median total income,Both sexes,All age groups",1908.33,,,,,,,,,,,,,Persons,unit,424792.0,656327.0,Persons,thousands,"Both sexes, All age groups, Seasonally adjusted",221.23333740234375,188.01666259765625,242.01666259765625,33.21666717529297,371.6000061035156,20.83333396911621,Percentage,unit,"Both sexes, All age groups, Seasonally adjusted",56.68333435058594,62.58333206176758,9.449999809265137,Number,unit,Total of all violations-Actual incidents,4164.17
New Brunswick,2006-02,"Index, 201612=100",units,90.3,85.9,89.1,Dollars,units,"Median total income,Both sexes,All age groups",1908.33,,,,,,,,,,,,,Persons,unit,285558.0,403280.0,Persons,thousands,"Both sexes, All age groups, Seasonally adjusted",225.21665954589844,188.01666259765625,248.60000610351562,37.21666717529297,372.0333251953125,23.399999618530273,Percentage,unit,"Both sexes, All age groups, Seasonally adjusted",57.733333587646484,64.18333435058594,9.933333396911621,Number,unit,Total of all violations-Actual incidents,4164.17
New Brunswick,2006-03,"Index, 201612=100",units,91.0,85.9,89.7,Dollars,units,"Median total income,Both sexes,All age groups",1908.33,,,,,,,,,,,,,Persons,unit,369940.0,504925.0,Persons,thousands,"Both sexes, All age groups, Seasonally adjusted",225.46665954589844,191.73333740234375,247.76666259765625,33.733333587646484,371.98333740234375,22.28333282470703,Percentage,unit,"Both sexes, All age groups, Seasonally adjusted",57.733333587646484,63.849998474121094,9.683333396911621,Number,unit,Total of all violations-Actual incidents,4164.17
New Brunswick,2006-06,"Index, 201612=100",units,91.1,85.9,89.8,Dollars,units,"Median total income,Both sexes,All age groups",1908.33,,,,,,,,,,,,,Persons,unit,374534.0,555975.0,Persons,thousands,"Both sexes, All age groups, Seasonally adjusted",225.26666259765625,191.8333282470703,245.13333129882812,33.43333435058594,371.95001220703125,19.866666793823242,Percentage,unit,"Both sexes, All age groups, Seasonally adjusted",57.70000076293945,63.25,8.699999809265137,Number,unit,Total of all violations-Actual incidents,4164.17
Newfoundland and Labrador,2016-10,"Index, 201612=100",units,100.1,100.0,100.0,Dollars,units,"Median total income,Both sexes,All age groups",2670.83,Dollars,unit,Average expenditure per household,744.83,1247.08,12.5,375.75,1032.0,160.83,1151.33,6652.58,2.58,Persons,unit,6607.0,15848.0,Persons,thousands,"Both sexes, All age groups, Seasonally adjusted",146.36666870117188,123.06666564941406,171.5833282470703,23.33333396911621,270.9166564941406,25.16666603088379,Percentage,unit,"Both sexes, All age groups, Seasonally adjusted",52.68333435058594,62.266666412353516,15.466666221618652,Number,unit,Total of all violations-Actual incidents,2868.0
Newfoundland and Labrador,2016-04,"Index, 201612=100",units,100.2,99.9,100.2,Dollars,units,"Median total income,Both sexes,All age groups",2670.83,Dollars,unit,Average expenditure per household,744.83,1247.08,12.5,375.75,1032.0,160.83,1151.33,6652.58,2.58,Persons,unit,8059.0,14025.0,Persons,thousands,"Both sexes, All age groups, Seasonally adjusted",150.86666870117188,127.31666564941406,172.71665954589844,23.53333282470703,270.6000061035156,21.866666793823242,Percentage,unit,"Both sexes, All age groups, Seasonally adjusted",54.5,62.61666488647461,13.449999809265137,Number,unit,Total of all violations-Actual incidents,2868.0
Newfoundland and Labrador,2016-02,"Index, 201612=100",units,100.4,99.9,100.3,Dollars,units,"Median total income,Both sexes,All age groups",2670.83,Dollars,unit,Average expenditure per household,744.83,1247.08,12.5,375.75,1032.0,160.83,1151.33,6652.58,2.58,Persons,unit,1932.0,6223.0,Persons,thousands,"Both sexes, All age groups, Seasonally adjusted",148.46665954589844,126.18333435058594,172.26666259765625,22.266666412353516,270.4333190917969,23.816667556762695,Percentage,unit,"Both sexes, All age groups, Seasonally adjusted",54.28333282470703,63.08333206176758,14.266666412353516,Number,unit,Total of all violations-Actual incidents,2868.0
Newfoundland and Labrador,2016-09,"Index, 201612=100",units,100.1,100.0,100.0,Dollars,units,"Median total income,Both sexes,All age groups",2670.83,Dollars,unit,Average expenditure per household,744.83,1247.08,12.5,375.75,1032.0,160.83,1151.33,6652.58,2.58,Persons,unit,7310.0,33453.0,Persons,thousands,"Both sexes, All age groups, Seasonally adjusted",150.0500030517578,125.88333129882812,173.0833282470703,24.16666603088379,270.9666748046875,23.03333282470703,Percentage,unit,"Both sexes, All age groups, Seasonally adjusted",54.11666488647461,63.233333587646484,14.133333206176758,Number,unit,Total of all violations-Actual incidents,2868.0
Newfoundland and Labrador,2016-03,"Index, 201612=100",units,100.2,99.9,100.2,Dollars,units,"Median total income,Both sexes,All age groups",2670.83,Dollars,unit,Average expenditure per household,744.83,1247.08,12.5,375.75,1032.0,160.83,1151.33,6652.58,2.58,Persons,unit,6069.0,11533.0,Persons,thousands,"Both sexes, All age groups, Seasonally adjusted",148.18333435058594,126.33333587646484,169.64999389648438,21.83333396911621,270.5333251953125,21.5,Percentage,unit,"Both sexes, All age groups, Seasonally adjusted",53.733333587646484,61.68333435058594,13.316666603088379,Number,unit,Total of all violations-Actual incidents,2868.0
Newfoundland and Labrador,2016-08,"Index, 201612=100",units,99.7,100.0,99.8,Dollars,units,"Median total income,Both sexes,All age groups",2670.83,Dollars,unit,Average expenditure per household,744.83,1247.08,12.5,375.75,1032.0,160.83,1151.33,6652.58,2.58,Persons,unit,9630.0,25048.0,Persons,thousands,"Both sexes, All age groups, Seasonally adjusted",150.46665954589844,127.08333587646484,172.3000030517578,23.366666793823242,270.8833312988281,21.83333396911621,Percentage,unit,"Both sexes, All age groups, Seasonally adjusted",54.61666488647461,62.733333587646484,13.033333778381348,Number,unit,Total of all violations-Actual incidents,2868.0
Newfoundland and Labrador,2016-11,"Index, 201612=100",units,100.0,100.0,100.0,Dollars,units,"Median total income,Both sexes,All age groups",2670.83,Dollars,unit,Average expenditure per household,744.83,1247.08,12.5,375.75,1032.0,160.83,1151.33,6652.58,2.58,Persons,unit,1267.0,6923.0,Persons,thousands,"Both sexes, All age groups, Seasonally adjusted",146.0833282470703,124.80000305175781,170.5500030517578,21.266666412353516,270.9333190917969,24.5,Percentage,unit,"Both sexes, All age groups, Seasonally adjusted",52.71666717529297,62.33333206176758,15.916666984558105,Number,unit,Total of all violations-Actual incidents,2868.0
Newfoundland and Labrador,2016-06,"Index, 201612=100",units,100.2,100.1,100.3,Dollars,units,"Median total income,Both sexes,All age groups",2670.83,Dollars,unit,Average expenditure per household,744.83,1247.08,12.5,375.75,1032.0,160.83,1151.33,6652.58,2.58,Persons,unit,7781.0,19602.0,Persons,thousands,"Both sexes, All age groups, Seasonally adjusted",150.78334045410156,128.5,171.75,22.316667556762695,270.95001220703125,20.950000762939453,Percentage,unit,"Both sexes, All age groups, Seasonally adjusted",54.63333511352539,62.266666412353516,12.516666412353516,Number,unit,Total of all violations-Actual incidents,2868.0
Newfoundland and Labrador,2016-07,"Index, 201612=100",units,99.8,100.1,100.0,Dollars,units,"Median total income,Both sexes,All age groups",2670.83,Dollars,unit,Average expenditure per household,744.83,1247.08,12.5,375.75,1032.0,160.83,1151.33,6652.58,2.58,Persons,unit,9540.0,26393.0,Persons,thousands,"Both sexes, All age groups, Seasonally adjusted",149.60000610351562,128.01666259765625,171.0833282470703,21.58333396911621,270.95001220703125,21.483333587646484,Percentage,unit,"Both sexes, All age groups, Seasonally adjusted",54.18333435058594,62.233333587646484,13.399999618530273,Number,unit,Total of all violations-Actual incidents,2868.0
Newfoundland and Labrador,2016-01,"Index, 201612=100",units,100.4,99.7,100.3,Dollars,units,"Median total income,Both sexes,All age groups",2670.83,Dollars,unit,Average expenditure per household,744.83,1247.08,12.5,375.75,1032.0,160.83,1151.33,6652.58,2.58,Persons,unit,2404.0,7953.0,Persons,thousands,"Both sexes, All age groups, Seasonally adjusted",147.46665954589844,126.0,171.88333129882812,21.433332443237305,270.3333435058594,24.46666717529297,Percentage,unit,"Both sexes, All age groups, Seasonally adjusted",53.766666412353516,63.08333206176758,15.216666221618652,Number,unit,Total of all violations-Actual incidents,2868.0
Newfoundland and Labrador,2016-05,"Index, 201612=100",units,100.2,100.1,100.3,Dollars,units,"Median total income,Both sexes,All age groups",2670.83,Dollars,unit,Average expenditure per household,744.83,1247.08,12.5,375.75,1032.0,160.83,1151.33,6652.58,2.58,Persons,unit,10807.0,22690.0,Persons,thousands,"Both sexes, All age groups, Seasonally adjusted",151.4166717529297,128.1666717529297,171.5833282470703,23.28333282470703,270.75,20.149999618530273,Percentage,unit,"Both sexes, All age groups, Seasonally adjusted",54.766666412353516,62.099998474121094,11.966666221618652,Number,unit,Total of all violations-Actual incidents,2868.0
Newfoundland and Labrador,2016-12,"Index, 201612=100",units,100.0,100.0,100.0,Dollars,units,"Median total income,Both sexes,All age groups",2670.83,Dollars,unit,Average expenditure per household,744.83,1247.08,12.5,375.75,1032.0,160.83,1151.33,6652.58,2.58,Persons,unit,1220.0,6696.0,Persons,thousands,"Both sexes, All age groups, Seasonally adjusted",145.1999969482422,122.98332977294922,169.9499969482422,22.25,270.98333740234375,24.75,Percentage,unit,"Both sexes, All age groups, Seasonally adjusted",52.68333435058594,62.29999923706055,15.699999809265137,Number,unit,Total of all violations-Actual incidents,2868.0
Ontario,2014-04,"Index, 201612=100",units,92.54444444444445,97.02222222222223,93.81111111111112,Dollars,units,"Median total income,Both sexes,All age groups",2698.33,Dollars,unit,Average expenditure per household,675.17,1293.83,9.08,513.33,1474.58,309.58,1617.42,7033.83,13.67,Persons,unit,2546466.0,3788047.0,Persons,thousands,"Both sexes, All age groups, Seasonally adjusted",4383.14990234375,3605.35009765625,4714.56689453125,777.7999877929688,6856.36669921875,331.4166564941406,Percentage,unit,"Both sexes, All age groups, Seasonally adjusted",60.83333206176758,66.05000305175781,7.916666507720947,Number,unit,Total of all violations-Actual incidents,45630.83
Ontario,2014-08,"Index, 201612=100",units,93.15555555555555,97.19999999999999,94.3,Dollars,units,"Median total income,Both sexes,All age groups",2698.33,Dollars,unit,Average expenditure per household,675.17,1293.83,9.08,513.33,1474.58,309.58,1617.42,7033.83,13.67,Persons,unit,3170116.0,5384658.0,Persons,thousands,"Both sexes, All age groups, Seasonally adjusted",4383.36669921875,3577.783447265625,4712.14990234375,805.5833129882812,6881.16650390625,328.7833251953125,Percentage,unit,"Both sexes, All age groups, Seasonally adjusted",60.63333511352539,65.81666564941406,7.916666507720947,Number,unit,Total of all violations-Actual incidents,45630.83
Ontario,2014-05,"Index, 201612=100",units,92.64444444444445,97.16666666666669,93.92222222222222,Dollars,units,"Median total income,Both sexes,All age groups",2698.33,Dollars,unit,Average expenditure per household,675.17,1293.83,9.08,513.33,1474.58,309.58,1617.42,7033.83,13.67,Persons,unit,2563171.0,4092274.0,Persons,thousands,"Both sexes, All age groups, Seasonally adjusted",4370.39990234375,3573.64990234375,4701.38330078125,796.75,6861.61669921875,330.98333740234375,Percentage,unit,"Both sexes, All age groups, Seasonally adjusted",60.650001525878906,65.86666870117188,7.933333396911621,Number,unit,Total of all violations-Actual incidents,45630.83
Ontario,2014-02,"Index, 201612=100",units,92.42222222222223,97.01111111111112,93.72222222222223,Dollars,units,"Median total income,Both sexes,All age groups",2698.33,Dollars,unit,Average expenditure per household,675.17,1293.83,9.08,513.33,1474.58,309.58,1617.42,7033.83,13.67,Persons,unit,2076178.0,2995749.0,Persons,thousands,"Both sexes, All age groups, Seasonally adjusted",4370.25,3606.833251953125,4709.56689453125,763.4166870117188,6845.0,339.3166809082031,Percentage,unit,"Both sexes, All age groups, Seasonally adjusted",60.63333511352539,65.96666717529297,8.083333015441895,Number,unit,Total of all violations-Actual incidents,45630.83
Ontario,2014-06,"Index, 201612=100",units,92.83333333333333,97.16666666666667,94.05555555555556,Dollars,units,"Median total income,Both sexes,All age groups",2698.33,Dollars,unit,Average expenditure per household,675.17,1293.83,9.08,513.33,1474.58,309.58,1617.42,7033.83,13.67,Persons,unit,2300717.0,4170569.0,Persons,thousands,"Both sexes, All age groups, Seasonally adjusted",4360.85009765625,3577.86669921875,4696.41650390625,783.0,6869.14990234375,335.5666809082031,Percentage,unit,"Both sexes, All age groups, Seasonally adjusted",60.400001525878906,65.6500015258789,8.016666412353516,Number,unit,Total of all violations-Actual incidents,45630.83
Ontario,2014-11,"Index, 201612=100",units,93.46666666666667,97.33333333333333,94.57777777777777,Dollars,units,"Median total income,Both sexes,All age groups",2698.33,Dollars,unit,Average expenditure per household,675.17,1293.83,9.08,513.33,1474.58,309.58,1617.42,7033.83,13.67,Persons,unit,2275423.0,3356878.0,Persons,thousands,"Both sexes, All age groups, Seasonally adjusted",4394.86669921875,3604.39990234375,4711.14990234375,790.4500122070312,6894.83349609375,316.29998779296875,Percentage,unit,"Both sexes, All age groups, Seasonally adjusted",60.733333587646484,65.75,7.699999809265137,Number,unit,Total of all violations-Actual incidents,45630.83
Ontario,2014-12,"Index, 201612=100",units,93.61111111111111,97.45555555555555,94.72222222222223,Dollars,units,"Median total income,Both sexes,All age groups",2698.33,Dollars,unit,Average expenditure per household,675.17,1293.83,9.08,513.33,1474.58,309.58,1617.42,7033.83,13.67,Persons,unit,2316237.0,3551637.0,Persons,thousands,"Both sexes, All age groups, Seasonally adjusted",4383.93310546875,3590.5166015625,4697.81689453125,793.4166870117188,6900.216796875,313.8833312988281,Percentage,unit,"Both sexes, All age groups, Seasonally adjusted",60.53333282470703,65.53333282470703,7.666666507720947,Number,unit,Total of all violations-Actual incidents,45630.83
Ontario,2014-09,"Index, 201612=100",units,93.33333333333333,97.2,94.44444444444443,Dollars,units,"Median total income,Both sexes,All age groups",2698.33,Dollars,unit,Average expenditure per household,675.17,1293.83,9.08,513.33,1474.58,309.58,1617.42,7033.83,13.67,Persons,unit,2302229.0,3833816.0,Persons,thousands,"Both sexes, All age groups, Seasonally adjusted",4389.466796875,3595.7666015625,4707.7001953125,793.6666870117188,6887.033203125,318.26666259765625,Percentage,unit,"Both sexes, All age groups, Seasonally adjusted",60.71666717529297,65.8499984741211,7.816666603088379,Number,unit,Total of all violations-Actual incidents,45630.83
Ontario,2014-10,"Index, 201612=100",units,93.35555555555555,97.22222222222223,94.47777777777777,Dollars,units,"Median total income,Both sexes,All age groups",2698.33,Dollars,unit,Average expenditure per household,675.17,1293.83,9.08,513.33,1474.58,309.58,1617.42,7033.83,13.67,Persons,unit,2370814.0,3806910.0,Persons,thousands,"Both sexes, All age groups, Seasonally adjusted",4411.4833984375,3605.85009765625,4720.75,805.6333618164062,6891.11669921875,309.26666259765625,Percentage,unit,"Both sexes, All age groups, Seasonally adjusted",61.04999923706055,65.88333129882812,7.349999904632568,Number,unit,Total of all violations-Actual incidents,45630.83
Ontario,2014-07,"Index, 201612=100",units,92.9222222222222,97.16666666666669,94.14444444444443,Dollars,units,"Median total income,Both sexes,All age groups",2698.33,Dollars,unit,Average expenditure per household,675.17,1293.83,9.08,513.33,1474.58,309.58,1617.42,7033.83,13.67,Persons,unit,2667196.0,4860362.0,Persons,thousands,"Both sexes, All age groups, Seasonally adjusted",4380.36669921875,3573.683349609375,4726.2998046875,806.683349609375,6875.60009765625,345.9333190917969,Percentage,unit,"Both sexes, All age groups, Seasonally adjusted",60.650001525878906,66.06666564941406,8.166666984558105,Number,unit,Total of all violations-Actual incidents,45630.83
Ontario,2014-01,"Index, 201612=100",units,91.86666666666667,96.92222222222222,93.31111111111112,Dollars,units,"Median total income,Both sexes,All age groups",2698.33,Dollars,unit,Average expenditure per household,675.17,1293.83,9.08,513.33,1474.58,309.58,1617.42,7033.83,13.67,Persons,unit,2261488.0,3203271.0,Persons,thousands,"Both sexes, All age groups, Seasonally adjusted",4359.64990234375,3586.833251953125,4695.56689453125,772.816650390625,6840.533203125,335.9333190917969,Percentage,unit,"Both sexes, All age groups, Seasonally adjusted",60.5,65.80000305175781,8.033333778381348,Number,unit,Total of all violations-Actual incidents,45630.83
Ontario,2014-03,"Index, 201612=100",units,92.38888888888889,97.02222222222223,93.72222222222223,Dollars,units,"Median total income,Both sexes,All age groups",2698.33,Dollars,unit,Average expenditure per household,675.17,1293.83,9.08,513.33,1474.58,309.58,1617.42,7033.83,13.67,Persons,unit,2809564.0,3886899.0,Persons,thousands,"Both sexes, All age groups, Seasonally adjusted",4372.14990234375,3585.11669921875,4704.5166015625,787.0499877929688,6849.86669921875,332.3999938964844,Percentage,unit,"Both sexes, All age groups, Seasonally adjusted",60.68333435058594,65.93333435058594,8.016666412353516,Number,unit,Total of all violations-Actual incidents,45630.83
