province,REF_DATE,uom_houseindex,scalar_houseindex,avg_house_only,avg_land_only,avg_totalhouseland,uom_income,scalar_income,statistic_income,avg_income,uom_expenditure,scalar_expenditure,statistic_expenditure,avg_food_expenditures,avg_income_taxes,avg_mortageinsurance,avg_mortagePaid,avg_accomodation,avg_rent,avg_shelter,avg_total_expenditure,avg_taxes_landregfees,uom_tourist,scalar_tourist,avg_international_tourism,avg_domestic_tourism,uom_labourforce,scalar_labourforce,statistic_labourforce,avg_employment,avg_fulltime,avg_labourforce,avg_parttime,avg_population,avg_unemployment,uom_lfperc,scalar_lfperc,statistic_labourforceperc,avg_employment_rate,avg_participationrate,avg_unemploymentrate,uom_crime,scalar_crime,statistic_crime,avg_crime_incidents
Manitoba,2018-06,"Index, 201612=100",units,105.3,101.2,103.9,,,,,,,,,,,,,,,,,Persons,unit,91009.0,172331.0,Persons,thousands,"Both sexes, All age groups, Seasonally adjusted",411.45001220703125,335.0666809082031,437.3833312988281,76.36666870117188,623.1333618164062,25.933332443237305,Percentage,unit,"Both sexes, All age groups, Seasonally adjusted",63.766666412353516,68.25,6.550000190734863,,,,
Manitoba,2018-08,"Index, 201612=100",units,105.4,101.2,104.1,,,,,,,,,,,,,,,,,Persons,unit,138213.0,215460.0,Persons,thousands,"Both sexes, All age groups, Seasonally adjusted",410.8833312988281,336.3166809082031,435.5333251953125,74.58333587646484,624.1333618164062,24.633333206176758,Percentage,unit,"Both sexes, All age groups, Seasonally adjusted",63.58333206176758,67.75,6.133333206176758,,,,
Manitoba,2018-05,"Index, 201612=100",units,105.0,101.0,103.7,,,,,,,,,,,,,,,,,Persons,unit,98400.0,159910.0,Persons,thousands,"Both sexes, All age groups, Seasonally adjusted",408.8166809082031,334.75,436.1000061035156,74.0999984741211,622.3833618164062,27.28333282470703,Percentage,unit,"Both sexes, All age groups, Seasonally adjusted",63.36666488647461,68.0999984741211,6.900000095367432,,,,
Manitoba,2018-03,"Index, 201612=100",units,104.7,100.8,103.5,,,,,,,,,,,,,,,,,Persons,unit,125683.0,179252.0,Persons,thousands,"Both sexes, All age groups, Seasonally adjusted",407.25,329.9166564941406,433.2166748046875,77.3499984741211,621.0999755859375,25.950000762939453,Percentage,unit,"Both sexes, All age groups, Seasonally adjusted",63.150001525878906,67.63333129882812,6.566666603088379,,,,
Manitoba,2018-07,"Index, 201612=100",units,105.3,101.2,104.0,,,,,,,,,,,,,,,,,Persons,unit,129202.0,211289.0,Persons,thousands,"Both sexes, All age groups, Seasonally adjusted",409.3500061035156,337.1333312988281,434.5666809082031,72.23332977294922,623.7166748046875,25.21666717529297,Percentage,unit,"Both sexes, All age groups, Seasonally adjusted",63.36666488647461,67.68333435058594,6.366666793823242,,,,
Manitoba,2018-02,"Index, 201612=100",units,104.6,100.8,103.4,,,,,,,,,,,,,,,,,Persons,unit,103887.0,149044.0,Persons,thousands,"Both sexes, All age groups, Seasonally adjusted",406.8500061035156,329.7833251953125,431.1000061035156,77.11666870117188,620.4500122070312,24.233333587646484,Percentage,unit,"Both sexes, All age groups, Seasonally adjusted",63.18333435058594,67.46666717529297,6.233333110809326,,,,
Manitoba,2018-01,"Index, 201612=100",units,104.6,100.8,103.3,,,,,,,,,,,,,,,,,Persons,unit,102753.0,147166.0,Persons,thousands,"Both sexes, All age groups, Seasonally adjusted",407.3166809082031,330.3833312988281,430.23333740234375,76.93333435058594,619.9000244140625,22.950000762939453,Percentage,unit,"Both sexes, All age groups, Seasonally adjusted",63.233333587646484,67.30000305175781,6.0333333015441895,,,,
Manitoba,2018-09,"Index, 201612=100",units,105.4,101.6,104.1,,,,,,,,,,,,,,,,,Persons,unit,99897.0,161096.0,Persons,thousands,"Both sexes, All age groups, Seasonally adjusted",410.76666259765625,335.5666809082031,434.9333190917969,75.21666717529297,624.3666381835938,24.183332443237305,Percentage,unit,"Both sexes, All age groups, Seasonally adjusted",63.41666793823242,67.5999984741211,6.116666793823242,,,,
Manitoba,2018-04,"Index, 201612=100",units,104.7,101.0,103.5,,,,,,,,,,,,,,,,,Persons,unit,108648.0,155766.0,Persons,thousands,"Both sexes, All age groups, Seasonally adjusted",409.4666748046875,332.5833435058594,435.1833190917969,76.91666412353516,621.7666625976562,25.71666717529297,Percentage,unit,"Both sexes, All age groups, Seasonally adjusted",63.58333206176758,68.03333282470703,6.5,,,,
