province,REF_DATE,uom_houseindex,scalar_houseindex,avg_house_only,avg_land_only,avg_totalhouseland,uom_income,scalar_income,statistic_income,avg_income,uom_expenditure,scalar_expenditure,statistic_expenditure,avg_food_expenditures,avg_income_taxes,avg_mortageinsurance,avg_mortagePaid,avg_accomodation,avg_rent,avg_shelter,avg_total_expenditure,avg_taxes_landregfees,uom_tourist,scalar_tourist,avg_international_tourism,avg_domestic_tourism,uom_labourforce,scalar_labourforce,statistic_labourforce,avg_employment,avg_fulltime,avg_labourforce,avg_parttime,avg_population,avg_unemployment,uom_lfperc,scalar_lfperc,statistic_labourforceperc,avg_employment_rate,avg_participationrate,avg_unemploymentrate,uom_crime,scalar_crime,statistic_crime,avg_crime_incidents
Alberta,2014-08,"Index, 201612=100",units,101.83333333333333,98.0,100.5,Dollars,units,"Median total income,Both sexes,All age groups",3464.17,Dollars,unit,Average expenditure per household,728.33,1774.5,10.17,560.33,1518.25,332.5,1723.0,8413.0,NaN,Persons,unit,290676.0,462941.0,Persons,thousands,"Both sexes, All age groups, Seasonally adjusted",1443.2667236328125,1211.5833740234375,1518.949951171875,231.6666717529297,2034.816650390625,75.69999694824219,Percentage,unit,"Both sexes, All age groups, Seasonally adjusted",67.38333129882812,71.33333587646484,5.616666793823242,Number,unit,Total of all violations-Actual incidents,27340.83
Alberta,2014-07,"Index, 201612=100",units,101.60000000000001,97.33333333333333,100.13333333333333,Dollars,units,"Median total income,Both sexes,All age groups",3464.17,Dollars,unit,Average expenditure per household,728.33,1774.5,10.17,560.33,1518.25,332.5,1723.0,8413.0,NaN,Persons,unit,240795.0,434401.0,Persons,thousands,"Both sexes, All age groups, Seasonally adjusted",1454.1500244140625,1221.816650390625,1518.86669921875,232.35000610351562,2031.0999755859375,64.71666717529297,Percentage,unit,"Both sexes, All age groups, Seasonally adjusted",67.93333435058594,71.43333435058594,4.933333396911621,Number,unit,Total of all violations-Actual incidents,27340.83
Alberta,2014-12,"Index, 201612=100",units,102.36666666666667,98.53333333333335,101.06666666666666,Dollars,units,"Median total income,Both sexes,All age groups",3464.17,Dollars,unit,Average expenditure per household,728.33,1774.5,10.17,560.33,1518.25,332.5,1723.0,8413.0,NaN,Persons,unit,248032.0,334386.0,Persons,thousands,"Both sexes, All age groups, Seasonally adjusted",1465.183349609375,1236.25,1537.316650390625,228.98333740234375,2048.466552734375,72.11666870117188,Percentage,unit,"Both sexes, All age groups, Seasonally adjusted",68.03333282470703,71.78333282470703,5.233333110809326,Number,unit,Total of all violations-Actual incidents,27340.83
Alberta,2014-10,"Index, 201612=100",units,102.16666666666667,98.33333333333333,100.83333333333333,Dollars,units,"Median total income,Both sexes,All age groups",3464.17,Dollars,unit,Average expenditure per household,728.33,1774.5,10.17,560.33,1518.25,332.5,1723.0,8413.0,NaN,Persons,unit,218731.0,305854.0,Persons,thousands,"Both sexes, All age groups, Seasonally adjusted",1456.7833251953125,1231.1666259765625,1523.63330078125,225.5833282470703,2041.949951171875,66.8499984741211,Percentage,unit,"Both sexes, All age groups, Seasonally adjusted",67.96666717529297,71.44999694824219,4.833333492279053,Number,unit,Total of all violations-Actual incidents,27340.83
Alberta,2014-02,"Index, 201612=100",units,100.0,96.23333333333335,98.66666666666667,Dollars,units,"Median total income,Both sexes,All age groups",3464.17,Dollars,unit,Average expenditure per household,728.33,1774.5,10.17,560.33,1518.25,332.5,1723.0,8413.0,NaN,Persons,unit,285516.0,355180.0,Persons,thousands,"Both sexes, All age groups, Seasonally adjusted",1440.38330078125,1219.199951171875,1503.9000244140625,221.23333740234375,2003.566650390625,63.483333587646484,Percentage,unit,"Both sexes, All age groups, Seasonally adjusted",68.18333435058594,71.56666564941406,4.800000190734863,Number,unit,Total of all violations-Actual incidents,27340.83
Alberta,2014-04,"Index, 201612=100",units,100.7,96.76666666666667,99.3,Dollars,units,"Median total income,Both sexes,All age groups",3464.17,Dollars,unit,Average expenditure per household,728.33,1774.5,10.17,560.33,1518.25,332.5,1723.0,8413.0,NaN,Persons,unit,337951.0,422881.0,Persons,thousands,"Both sexes, All age groups, Seasonally adjusted",1440.63330078125,1211.1500244140625,1514.1666259765625,229.5,2015.9666748046875,73.51667022705078,Percentage,unit,"Both sexes, All age groups, Seasonally adjusted",67.56666564941406,71.44999694824219,5.449999809265137,Number,unit,Total of all violations-Actual incidents,27340.83
Alberta,2014-09,"Index, 201612=100",units,102.0,98.33333333333333,100.76666666666667,Dollars,units,"Median total income,Both sexes,All age groups",3464.17,Dollars,unit,Average expenditure per household,728.33,1774.5,10.17,560.33,1518.25,332.5,1723.0,8413.0,NaN,Persons,unit,203578.0,329976.0,Persons,thousands,"Both sexes, All age groups, Seasonally adjusted",1452.050048828125,1220.1500244140625,1520.2833251953125,231.88333129882812,2038.9666748046875,68.23332977294922,Percentage,unit,"Both sexes, All age groups, Seasonally adjusted",67.63333129882812,71.25,5.016666889190674,Number,unit,Total of all violations-Actual incidents,27340.83
Alberta,2014-05,"Index, 201612=100",units,101.3,97.2,99.86666666666667,Dollars,units,"Median total income,Both sexes,All age groups",3464.17,Dollars,unit,Average expenditure per household,728.33,1774.5,10.17,560.33,1518.25,332.5,1723.0,8413.0,NaN,Persons,unit,261861.0,369203.0,Persons,thousands,"Both sexes, All age groups, Seasonally adjusted",1447.2166748046875,1220.9666748046875,1514.566650390625,226.23333740234375,2021.25,67.3499984741211,Percentage,unit,"Both sexes, All age groups, Seasonally adjusted",67.80000305175781,71.26667022705078,4.900000095367432,Number,unit,Total of all violations-Actual incidents,27340.83
Alberta,2014-01,"Index, 201612=100",units,99.26666666666667,96.13333333333333,98.16666666666667,Dollars,units,"Median total income,Both sexes,All age groups",3464.17,Dollars,unit,Average expenditure per household,728.33,1774.5,10.17,560.33,1518.25,332.5,1723.0,8413.0,NaN,Persons,unit,287236.0,358392.0,Persons,thousands,"Both sexes, All age groups, Seasonally adjusted",1428.0333251953125,1210.6500244140625,1494.9000244140625,217.36666870117188,1999.38330078125,66.9000015258789,Percentage,unit,"Both sexes, All age groups, Seasonally adjusted",67.6500015258789,71.28333282470703,5.166666507720947,Number,unit,Total of all violations-Actual incidents,27340.83
Alberta,2014-11,"Index, 201612=100",units,102.33333333333333,98.5,101.0,Dollars,units,"Median total income,Both sexes,All age groups",3464.17,Dollars,unit,Average expenditure per household,728.33,1774.5,10.17,560.33,1518.25,332.5,1723.0,8413.0,NaN,Persons,unit,250097.0,319963.0,Persons,thousands,"Both sexes, All age groups, Seasonally adjusted",1460.25,1234.4832763671875,1525.4000244140625,225.73333740234375,2045.0833740234375,65.1500015258789,Percentage,unit,"Both sexes, All age groups, Seasonally adjusted",67.86666870117188,71.18333435058594,4.699999809265137,Number,unit,Total of all violations-Actual incidents,27340.83
Alberta,2014-06,"Index, 201612=100",units,101.46666666666665,97.33333333333333,100.03333333333335,Dollars,units,"Median total income,Both sexes,All age groups",3464.17,Dollars,unit,Average expenditure per household,728.33,1774.5,10.17,560.33,1518.25,332.5,1723.0,8413.0,NaN,Persons,unit,197349.0,356688.0,Persons,thousands,"Both sexes, All age groups, Seasonally adjusted",1455.0167236328125,1231.800048828125,1526.1500244140625,223.21665954589844,2026.61669921875,71.1500015258789,Percentage,unit,"Both sexes, All age groups, Seasonally adjusted",68.01667022705078,71.81666564941406,5.300000190734863,Number,unit,Total of all violations-Actual incidents,27340.83
Alberta,2014-03,"Index, 201612=100",units,100.56666666666666,96.43333333333334,99.10000000000001,Dollars,units,"Median total income,Both sexes,All age groups",3464.17,Dollars,unit,Average expenditure per household,728.33,1774.5,10.17,560.33,1518.25,332.5,1723.0,8413.0,NaN,Persons,unit,331502.0,413428.0,Persons,thousands,"Both sexes, All age groups, Seasonally adjusted",1437.6500244140625,1220.36669921875,1510.2667236328125,217.28334045410156,2008.816650390625,72.63333129882812,Percentage,unit,"Both sexes, All age groups, Seasonally adjusted",67.71666717529297,71.75,5.616666793823242,Number,unit,Total of all violations-Actual incidents,27340.83
Atlantic Region,2006-10,"Index, 201612=100",units,78.9,71.0,77.0,,,,,,,,,,,,,,,,,,,,,,,,,,,,,,,,,,,,,,,
Atlantic Region,2006-11,"Index, 201612=100",units,79.3,71.2,77.3,,,,,,,,,,,,,,,,,,,,,,,,,,,,,,,,,,,,,,,
Atlantic Region,2006-02,"Index, 201612=100",units,77.7,69.2,75.7,,,,,,,,,,,,,,,,,,,,,,,,,,,,,,,,,,,,,,,
Atlantic Region,2006-09,"Index, 201612=100",units,78.9,71.0,77.0,,,,,,,,,,,,,,,,,,,,,,,,,,,,,,,,,,,,,,,
Atlantic Region,2006-01,"Index, 201612=100",units,77.6,68.8,75.5,,,,,,,,,,,,,,,,,,,,,,,,,,,,,,,,,,,,,,,
Atlantic Region,2006-12,"Index, 201612=100",units,79.3,71.2,77.3,,,,,,,,,,,,,,,,,,,,,,,,,,,,,,,,,,,,,,,
Atlantic Region,2006-08,"Index, 201612=100",units,79.0,71.0,77.1,,,,,,,,,,,,,,,,,,,,,,,,,,,,,,,,,,,,,,,
Atlantic Region,2006-05,"Index, 201612=100",units,78.2,69.9,76.2,,,,,,,,,,,,,,,,,,,,,,,,,,,,,,,,,,,,,,,
Atlantic Region,2006-03,"Index, 201612=100",units,78.0,69.2,75.9,,,,,,,,,,,,,,,,,,,,,,,,,,,,,,,,,,,,,,,
Atlantic Region,2006-07,"Index, 201612=100",units,79.0,70.6,77.0,,,,,,,,,,,,,,,,,,,,,,,,,,,,,,,,,,,,,,,
Atlantic Region,2006-06,"Index, 201612=100",units,78.2,70.0,76.2,,,,,,,,,,,,,,,,,,,,,,,,,,,,,,,,,,,,,,,
Atlantic Region,2006-04,"Index, 201612=100",units,78.0,69.2,75.9,,,,,,,,,,,,,,,,,,,,,,,,,,,,,,,,,,,,,,,
British Columbia,1982-03,"Index, 201612=100",units,129.05,61.5,96.65,,,,,,,,,,,,,,,,,Persons,unit,517848.0,754207.0,Persons,thousands,"Both sexes, All age groups, Seasonally adjusted",808.0333251953125,674.0999755859375,890.3499755859375,133.9499969482422,1334.5833740234375,82.31666564941406,Percentage,unit,"Both sexes, All age groups, Seasonally adjusted",57.16666793823242,63.53333282470703,9.716666221618652,,,,
British Columbia,1982-06,"Index, 201612=100",units,125.0,56.050000000000004,91.65,,,,,,,,,,,,,,,,,Persons,unit,563388.0,1036265.0,Persons,thousands,"Both sexes, All age groups, Seasonally adjusted",783.5,650.3833618164062,887.5,133.14999389648438,1341.0999755859375,104.0,Percentage,unit,"Both sexes, All age groups, Seasonally adjusted",54.95000076293945,62.86666488647461,12.083333015441895,,,,
British Columbia,1982-10,"Index, 201612=100",units,130.1,44.6,85.55000000000001,,,,,,,,,,,,,,,,,Persons,unit,587367.0,865619.0,Persons,thousands,"Both sexes, All age groups, Seasonally adjusted",769.2166748046875,635.4666748046875,893.1166381835938,133.75,1347.550048828125,123.93333435058594,Percentage,unit,"Both sexes, All age groups, Seasonally adjusted",53.599998474121094,62.95000076293945,14.366666793823242,,,,
British Columbia,1982-09,"Index, 201612=100",units,129.89999999999998,44.6,85.45,,,,,,,,,,,,,,,,,Persons,unit,599893.0,1022477.0,Persons,thousands,"Both sexes, All age groups, Seasonally adjusted",770.433349609375,635.8833618164062,887.1166381835938,134.56666564941406,1346.1500244140625,116.66666412353516,Percentage,unit,"Both sexes, All age groups, Seasonally adjusted",53.70000076293945,62.58333206176758,13.716666221618652,,,,
British Columbia,1982-04,"Index, 201612=100",units,126.35,60.85,95.25,,,,,,,,,,,,,,,,,Persons,unit,600109.0,860199.0,Persons,thousands,"Both sexes, All age groups, Seasonally adjusted",799.066650390625,668.4000244140625,887.8499755859375,130.64999389648438,1336.4832763671875,88.78333282470703,Percentage,unit,"Both sexes, All age groups, Seasonally adjusted",56.349998474121094,63.150001525878906,10.383333206176758,,,,
British Columbia,1982-11,"Index, 201612=100",units,129.7,44.05,85.35,,,,,,,,,,,,,,,,,Persons,unit,503694.0,738767.0,Persons,thousands,"Both sexes, All age groups, Seasonally adjusted",767.0499877929688,628.4666748046875,889.4166870117188,138.5833282470703,1348.9666748046875,122.36666870117188,Percentage,unit,"Both sexes, All age groups, Seasonally adjusted",53.41666793823242,62.61666488647461,14.283333778381348,,,,
British Columbia,1982-12,"Index, 201612=100",units,129.05,45.55,86.65,,,,,,,,,,,,,,,,,Persons,unit,491403.0,722450.0,Persons,thousands,"Both sexes, All age groups, Seasonally adjusted",769.683349609375,630.6500244140625,895.0499877929688,139.0,1350.449951171875,125.38333129882812,Percentage,unit,"Both sexes, All age groups, Seasonally adjusted",53.61666488647461,62.983333587646484,14.366666793823242,,,,
British Columbia,1982-07,"Index, 201612=100",units,126.0,50.0,87.7,,,,,,,,,,,,,,,,,Persons,unit,780600.0,1423576.0,Persons,thousands,"Both sexes, All age groups, Seasonally adjusted",776.5333251953125,643.9833374023438,894.2666625976562,132.5500030517578,1342.6500244140625,117.71666717529297,Percentage,unit,"Both sexes, All age groups, Seasonally adjusted",54.21666717529297,63.150001525878906,13.899999618530273,,,,
British Columbia,1982-02,"Index, 201612=100",units,135.55,61.5,99.3,,,,,,,,,,,,,,,,,Persons,unit,430154.0,627906.0,Persons,thousands,"Both sexes, All age groups, Seasonally adjusted",807.9500122070312,676.566650390625,887.0333251953125,131.39999389648438,1332.816650390625,79.08333587646484,Percentage,unit,"Both sexes, All age groups, Seasonally adjusted",57.29999923706055,63.41666793823242,9.350000381469727,,,,
British Columbia,1982-01,"Index, 201612=100",units,141.89999999999998,61.5,101.75,,,,,,,,,,,,,,,,,Persons,unit,403916.0,577493.0,Persons,thousands,"Both sexes, All age groups, Seasonally adjusted",810.566650390625,677.7833251953125,886.4833374023438,132.8000030517578,1330.75,75.91666412353516,Percentage,unit,"Both sexes, All age groups, Seasonally adjusted",57.650001525878906,63.43333435058594,8.783333778381348,,,,
British Columbia,1982-08,"Index, 201612=100",units,127.3,48.400000000000006,87.3,,,,,,,,,,,,,,,,,Persons,unit,901908.0,1551546.0,Persons,thousands,"Both sexes, All age groups, Seasonally adjusted",776.1333618164062,642.7166748046875,889.2999877929688,133.43333435058594,1344.7833251953125,113.1500015258789,Percentage,unit,"Both sexes, All age groups, Seasonally adjusted",54.13333511352539,62.733333587646484,13.283333778381348,,,,
British Columbia,1982-05,"Index, 201612=100",units,126.15,58.25,93.3,,,,,,,,,,,,,,,,,Persons,unit,647780.0,996790.0,Persons,thousands,"Both sexes, All age groups, Seasonally adjusted",797.8833618164062,669.1500244140625,889.0833129882812,128.75,1338.449951171875,91.16666412353516,Percentage,unit,"Both sexes, All age groups, Seasonally adjusted",56.11666488647461,63.06666564941406,10.683333396911621,,,,
