province,REF_DATE,uom_houseindex,scalar_houseindex,avg_house_only,avg_land_only,avg_totalhouseland,uom_income,scalar_income,statistic_income,avg_income,uom_expenditure,scalar_expenditure,statistic_expenditure,avg_food_expenditures,avg_income_taxes,avg_mortageinsurance,avg_mortagePaid,avg_accomodation,avg_rent,avg_shelter,avg_total_expenditure,avg_taxes_landregfees,uom_tourist,scalar_tourist,avg_international_tourism,avg_domestic_tourism,uom_labourforce,scalar_labourforce,statistic_labourforce,avg_employment,avg_fulltime,avg_labourforce,avg_parttime,avg_population,avg_unemployment,uom_lfperc,scalar_lfperc,statistic_labourforceperc,avg_employment_rate,avg_participationrate,avg_unemploymentrate,uom_crime,scalar_crime,statistic_crime,avg_crime_incidents
Saskatchewan,2015-07,"Index, 201612=100",units,102.96666666666665,98.60000000000001,101.83333333333333,Dollars,units,"Median total income,Both sexes,All age groups",3144.17,Dollars,unit,Average expenditure per household,718.17,1335.5,11.67,459.25,1286.83,220.0,1428.83,7494.83,2.5,Persons,unit,43055.0,76522.0,Persons,thousands,"Both sexes, All age groups, Seasonally adjusted",361.26666259765625,299.0666809082031,380.6666564941406,62.20000076293945,526.4500122070312,19.383333206176758,Percentage,unit,"Both sexes, All age groups, Seasonally adjusted",66.13333129882812,70.05000305175781,5.449999809265137,Number,unit,Total of all violations-Actual incidents,12068.33
Saskatchewan,2015-03,"Index, 201612=100",units,103.23333333333335,98.60000000000001,102.03333333333335,Dollars,units,"Median total income,Both sexes,All age groups",3144.17,Dollars,unit,Average expenditure per household,718.17,1335.5,11.67,459.25,1286.83,220.0,1428.83,7494.83,2.5,Persons,unit,51644.0,74421.0,Persons,thousands,"Both sexes, All age groups, Seasonally adjusted",363.7166748046875,307.2166748046875,379.5833435058594,56.5,524.5,15.899999618530273,Percentage,unit,"Both sexes, All age groups, Seasonally adjusted",66.81666564941406,70.01667022705078,4.566666603088379,Number,unit,Total of all violations-Actual incidents,12068.33
Saskatchewan,2015-11,"Index, 201612=100",units,101.56666666666666,98.83333333333333,100.86666666666667,Dollars,units,"Median total income,Both sexes,All age groups",3144.17,Dollars,unit,Average expenditure per household,718.17,1335.5,11.67,459.25,1286.83,220.0,1428.83,7494.83,2.5,Persons,unit,33363.0,53559.0,Persons,thousands,"Both sexes, All age groups, Seasonally adjusted",366.8833312988281,303.98333740234375,387.6166687011719,62.91666793823242,528.183349609375,20.75,Percentage,unit,"Both sexes, All age groups, Seasonally adjusted",66.88333129882812,71.05000305175781,5.800000190734863,Number,unit,Total of all violations-Actual incidents,12068.33
Saskatchewan,2015-04,"Index, 201612=100",units,102.5,98.60000000000001,101.5,Dollars,units,"Median total income,Both sexes,All age groups",3144.17,Dollars,unit,Average expenditure per household,718.17,1335.5,11.67,459.25,1286.83,220.0,1428.83,7494.83,2.5,Persons,unit,46728.0,70281.0,Persons,thousands,"Both sexes, All age groups, Seasonally adjusted",365.5333251953125,307.8500061035156,381.6166687011719,57.68333435058594,524.9833374023438,16.116666793823242,Percentage,unit,"Both sexes, All age groups, Seasonally adjusted",67.0,70.3499984741211,4.733333110809326,Number,unit,Total of all violations-Actual incidents,12068.33
Saskatchewan,2015-12,"Index, 201612=100",units,101.8,98.96666666666665,101.03333333333335,Dollars,units,"Median total income,Both sexes,All age groups",3144.17,Dollars,unit,Average expenditure per household,718.17,1335.5,11.67,459.25,1286.83,220.0,1428.83,7494.83,2.5,Persons,unit,39406.0,59946.0,Persons,thousands,"Both sexes, All age groups, Seasonally adjusted",363.7166748046875,306.0333251953125,384.51666259765625,57.68333435058594,528.4500122070312,20.83333396911621,Percentage,unit,"Both sexes, All age groups, Seasonally adjusted",66.25,70.41666412353516,5.883333206176758,Number,unit,Total of all violations-Actual incidents,12068.33
Saskatchewan,2015-08,"Index, 201612=100",units,102.8,98.7,101.73333333333333,Dollars,units,"Median total income,Both sexes,All age groups",3144.17,Dollars,unit,Average expenditure per household,718.17,1335.5,11.67,459.25,1286.83,220.0,1428.83,7494.83,2.5,Persons,unit,40292.0,69075.0,Persons,thousands,"Both sexes, All age groups, Seasonally adjusted",363.76666259765625,300.6833190917969,381.6499938964844,63.08333206176758,527.0166625976562,17.899999618530273,Percentage,unit,"Both sexes, All age groups, Seasonally adjusted",66.33333587646484,69.96666717529297,5.183333396911621,Number,unit,Total of all violations-Actual incidents,12068.33
Saskatchewan,2015-01,"Index, 201612=100",units,103.63333333333333,98.60000000000001,102.33333333333333,Dollars,units,"Median total income,Both sexes,All age groups",3144.17,Dollars,unit,Average expenditure per household,718.17,1335.5,11.67,459.25,1286.83,220.0,1428.83,7494.83,2.5,Persons,unit,59017.0,81320.0,Persons,thousands,"Both sexes, All age groups, Seasonally adjusted",359.8666687011719,301.26666259765625,376.3833312988281,58.61666488647461,523.683349609375,16.5,Percentage,unit,"Both sexes, All age groups, Seasonally adjusted",65.98332977294922,69.36666870117188,4.7833333015441895,Number,unit,Total of all violations-Actual incidents,12068.33
Saskatchewan,2015-05,"Index, 201612=100",units,102.96666666666665,98.60000000000001,101.83333333333333,Dollars,units,"Median total income,Both sexes,All age groups",3144.17,Dollars,unit,Average expenditure per household,718.17,1335.5,11.67,459.25,1286.83,220.0,1428.83,7494.83,2.5,Persons,unit,32864.0,58374.0,Persons,thousands,"Both sexes, All age groups, Seasonally adjusted",364.7166748046875,306.0833435058594,383.29998779296875,58.61666488647461,525.3333129882812,18.58333396911621,Percentage,unit,"Both sexes, All age groups, Seasonally adjusted",66.83333587646484,70.53333282470703,5.183333396911621,Number,unit,Total of all violations-Actual incidents,12068.33
Saskatchewan,2015-10,"Index, 201612=100",units,101.86666666666667,98.83333333333333,101.13333333333333,Dollars,units,"Median total income,Both sexes,All age groups",3144.17,Dollars,unit,Average expenditure per household,718.17,1335.5,11.67,459.25,1286.83,220.0,1428.83,7494.83,2.5,Persons,unit,27826.0,53177.0,Persons,thousands,"Both sexes, All age groups, Seasonally adjusted",365.5,303.7833251953125,387.04998779296875,61.75,527.816650390625,21.53333282470703,Percentage,unit,"Both sexes, All age groups, Seasonally adjusted",66.61666870117188,70.98332977294922,6.133333206176758,Number,unit,Total of all violations-Actual incidents,12068.33
Saskatchewan,2015-09,"Index, 201612=100",units,102.26666666666665,98.83333333333333,101.39999999999999,Dollars,units,"Median total income,Both sexes,All age groups",3144.17,Dollars,unit,Average expenditure per household,718.17,1335.5,11.67,459.25,1286.83,220.0,1428.83,7494.83,2.5,Persons,unit,25731.0,51962.0,Persons,thousands,"Both sexes, All age groups, Seasonally adjusted",364.5666809082031,301.3333435058594,384.1833190917969,63.266666412353516,527.4166870117188,19.600000381469727,Percentage,unit,"Both sexes, All age groups, Seasonally adjusted",66.66666412353516,70.53333282470703,5.349999904632568,Number,unit,Total of all violations-Actual incidents,12068.33
Saskatchewan,2015-02,"Index, 201612=100",units,103.46666666666665,98.60000000000001,102.2,Dollars,units,"Median total income,Both sexes,All age groups",3144.17,Dollars,unit,Average expenditure per household,718.17,1335.5,11.67,459.25,1286.83,220.0,1428.83,7494.83,2.5,Persons,unit,58368.0,78588.0,Persons,thousands,"Both sexes, All age groups, Seasonally adjusted",360.70001220703125,303.01666259765625,378.5833435058594,57.66666793823242,524.1166381835938,17.933332443237305,Percentage,unit,"Both sexes, All age groups, Seasonally adjusted",66.31666564941406,69.96666717529297,5.25,Number,unit,Total of all violations-Actual incidents,12068.33
Saskatchewan,2015-06,"Index, 201612=100",units,102.60000000000001,98.60000000000001,101.56666666666666,Dollars,units,"Median total income,Both sexes,All age groups",3144.17,Dollars,unit,Average expenditure per household,718.17,1335.5,11.67,459.25,1286.83,220.0,1428.83,7494.83,2.5,Persons,unit,29491.0,59053.0,Persons,thousands,"Both sexes, All age groups, Seasonally adjusted",365.3833312988281,304.6833190917969,383.0333251953125,60.71666717529297,525.9166870117188,17.649999618530273,Percentage,unit,"Both sexes, All age groups, Seasonally adjusted",66.78333282470703,70.44999694824219,5.133333206176758,Number,unit,Total of all violations-Actual incidents,12068.33
