province,REF_DATE,uom_houseindex,scalar_houseindex,avg_house_only,avg_land_only,avg_totalhouseland,uom_income,scalar_income,statistic_income,avg_income,uom_expenditure,scalar_expenditure,statistic_expenditure,avg_food_expenditures,avg_income_taxes,avg_mortageinsurance,avg_mortagePaid,avg_accomodation,avg_rent,avg_shelter,avg_total_expenditure,avg_taxes_landregfees,uom_tourist,scalar_tourist,avg_international_tourism,avg_domestic_tourism,uom_labourforce,scalar_labourforce,statistic_labourforce,avg_employment,avg_fulltime,avg_labourforce,avg_parttime,avg_population,avg_unemployment,uom_lfperc,scalar_lfperc,statistic_labourforceperc,avg_employment_rate,avg_participationrate,avg_unemploymentrate,uom_crime,scalar_crime,statistic_crime,avg_crime_incidents
Canada,2016-01,"Index, 201612=100",units,96.7,98.1,97.1,Dollars,units,"Median total income,Both sexes,All age groups",2868.33,Dollars,unit,Average expenditure per household,732.0,1275.83,7.67,462.67,1357.75,312.75,1502.67,7040.75,12.75,Persons,unit,4256654.0,6223853.0,Persons,thousands,"Both sexes, All age groups, Seasonally adjusted",8242.888671875,9457.2001953125,8879.322265625,2008.183349609375,12996.578125,636.433349609375,Percentage,unit,"Both sexes, All age groups, Seasonally adjusted",59.71111297607422,65.42222595214844,8.95555591583252,,,,
Canada,2016-04,"Index, 201612=100",units,97.6,98.1,97.7,Dollars,units,"Median total income,Both sexes,All age groups",2868.33,Dollars,unit,Average expenditure per household,732.0,1275.83,7.67,462.67,1357.75,312.75,1502.67,7040.75,12.75,Persons,unit,4475783.0,6940242.0,Persons,thousands,"Both sexes, All age groups, Seasonally adjusted",8268.111328125,9456.56640625,8903.4443359375,2044.3333740234375,13027.7998046875,635.3444213867188,Percentage,unit,"Both sexes, All age groups, Seasonally adjusted",59.75555419921875,65.5111083984375,9.033333778381348,,,,
Canada,2016-11,"Index, 201612=100",units,99.9,100.0,99.9,Dollars,units,"Median total income,Both sexes,All age groups",2868.33,Dollars,unit,Average expenditure per household,732.0,1275.83,7.67,462.67,1357.75,312.75,1502.67,7040.75,12.75,Persons,unit,3884291.0,6104302.0,Persons,thousands,"Both sexes, All age groups, Seasonally adjusted",8336.755859375,9464.3662109375,8948.6337890625,2127.5,13103.4892578125,611.888916015625,Percentage,unit,"Both sexes, All age groups, Seasonally adjusted",60.022220611572266,65.56666564941406,8.688888549804688,,,,
Canada,2016-10,"Index, 201612=100",units,99.8,99.5,99.7,Dollars,units,"Median total income,Both sexes,All age groups",2868.33,Dollars,unit,Average expenditure per household,732.0,1275.83,7.67,462.67,1357.75,312.75,1502.67,7040.75,12.75,Persons,unit,4263376.0,7166508.0,Persons,thousands,"Both sexes, All age groups, Seasonally adjusted",8338.72265625,9465.4833984375,8954.1669921875,2124.14990234375,13096.2001953125,615.4444580078125,Percentage,unit,"Both sexes, All age groups, Seasonally adjusted",60.155555725097656,65.72222137451172,8.744444847106934,,,,
Canada,2016-08,"Index, 201612=100",units,99.3,98.7,99.1,Dollars,units,"Median total income,Both sexes,All age groups",2868.33,Dollars,unit,Average expenditure per household,732.0,1275.83,7.67,462.67,1357.75,312.75,1502.67,7040.75,12.75,Persons,unit,5649050.0,1.0418544E7,Persons,thousands,"Both sexes, All age groups, Seasonally adjusted",8287.255859375,9465.1669921875,8908.744140625,2058.5,13079.22265625,621.4888916015625,Percentage,unit,"Both sexes, All age groups, Seasonally adjusted",59.75555419921875,65.36666870117188,8.844444274902344,,,,
Canada,2016-06,"Index, 201612=100",units,98.5,98.6,98.6,Dollars,units,"Median total income,Both sexes,All age groups",2868.33,Dollars,unit,Average expenditure per household,732.0,1275.83,7.67,462.67,1357.75,312.75,1502.67,7040.75,12.75,Persons,unit,3989742.0,8190937.0,Persons,thousands,"Both sexes, All age groups, Seasonally adjusted",8273.4111328125,9465.9833984375,8881.5224609375,2041.949951171875,13052.599609375,608.0999755859375,Percentage,unit,"Both sexes, All age groups, Seasonally adjusted",59.67777633666992,65.19999694824219,8.711111068725586,,,,
Canada,2016-12,"Index, 201612=100",units,100.0,100.0,100.0,Dollars,units,"Median total income,Both sexes,All age groups",2868.33,Dollars,unit,Average expenditure per household,732.0,1275.83,7.67,462.67,1357.75,312.75,1502.67,7040.75,12.75,Persons,unit,3956751.0,6525458.0,Persons,thousands,"Both sexes, All age groups, Seasonally adjusted",8347.744140625,9507.6337890625,8967.6669921875,2101.316650390625,13110.3115234375,619.9111328125,Percentage,unit,"Both sexes, All age groups, Seasonally adjusted",60.11111068725586,65.68888854980469,8.800000190734863,,,,
Canada,2016-09,"Index, 201612=100",units,99.3,99.0,99.3,Dollars,units,"Median total income,Both sexes,All age groups",2868.33,Dollars,unit,Average expenditure per household,732.0,1275.83,7.67,462.67,1357.75,312.75,1502.67,7040.75,12.75,Persons,unit,4399416.0,8209474.0,Persons,thousands,"Both sexes, All age groups, Seasonally adjusted",8319.677734375,9479.7666015625,8941.955078125,2085.86669921875,13088.5888671875,622.2777709960938,Percentage,unit,"Both sexes, All age groups, Seasonally adjusted",59.9555549621582,65.67778015136719,8.966666221618652,,,,
Canada,2016-07,"Index, 201612=100",units,99.0,98.7,99.0,Dollars,units,"Median total income,Both sexes,All age groups",2868.33,Dollars,unit,Average expenditure per household,732.0,1275.83,7.67,462.67,1357.75,312.75,1502.67,7040.75,12.75,Persons,unit,5060979.0,1.0329067E7,Persons,thousands,"Both sexes, All age groups, Seasonally adjusted",8267.6220703125,9430.18359375,8886.1884765625,2072.916748046875,13067.6337890625,618.5999755859375,Percentage,unit,"Both sexes, All age groups, Seasonally adjusted",59.42222213745117,65.12222290039062,8.977777481079102,,,,
Canada,2016-02,"Index, 201612=100",units,97.0,98.1,97.3,Dollars,units,"Median total income,Both sexes,All age groups",2868.33,Dollars,unit,Average expenditure per household,732.0,1275.83,7.67,462.67,1357.75,312.75,1502.67,7040.75,12.75,Persons,unit,3692913.0,5739888.0,Persons,thousands,"Both sexes, All age groups, Seasonally adjusted",8244.6552734375,9416.3330078125,8888.8115234375,2053.050048828125,13007.35546875,644.1777954101562,Percentage,unit,"Both sexes, All age groups, Seasonally adjusted",59.64444351196289,65.44444274902344,9.088889122009277,,,,
Canada,2016-05,"Index, 201612=100",units,98.5,98.5,98.5,Dollars,units,"Median total income,Both sexes,All age groups",2868.33,Dollars,unit,Average expenditure per household,732.0,1275.83,7.67,462.67,1357.75,312.75,1502.67,7040.75,12.75,Persons,unit,4552037.0,7822942.0,Persons,thousands,"Both sexes, All age groups, Seasonally adjusted",8269.322265625,9475.6162109375,8884.900390625,2028.13330078125,13041.2666015625,615.5888671875,Percentage,unit,"Both sexes, All age groups, Seasonally adjusted",59.522220611572266,65.0999984741211,8.788888931274414,,,,
Canada,2016-03,"Index, 201612=100",units,97.2,98.1,97.5,Dollars,units,"Median total income,Both sexes,All age groups",2868.33,Dollars,unit,Average expenditure per household,732.0,1275.83,7.67,462.67,1357.75,312.75,1502.67,7040.75,12.75,Persons,unit,4798376.0,7147080.0,Persons,thousands,"Both sexes, All age groups, Seasonally adjusted",8259.8779296875,9446.3837890625,8887.455078125,2043.699951171875,13018.7890625,627.54443359375,Percentage,unit,"Both sexes, All age groups, Seasonally adjusted",59.71111297607422,65.38888549804688,8.877778053283691,,,,
Prince Edward Island,1998-11,"Index, 201612=100",units,88.5,65.9,84.1,,,,,,,,,,,,,,,,,Persons,unit,2.0,162.0,Persons,thousands,"Both sexes, All age groups, Seasonally adjusted",37.78333282470703,31.75,43.93333435058594,6.050000190734863,64.63333129882812,6.133333206176758,Percentage,unit,"Both sexes, All age groups, Seasonally adjusted",54.61666488647461,63.75,14.5,Number,unit,Total of all violations-Actual incidents,804.75
Prince Edward Island,1998-05,"Index, 201612=100",units,85.5,63.3,81.2,,,,,,,,,,,,,,,,,Persons,unit,12.0,67.0,Persons,thousands,"Both sexes, All age groups, Seasonally adjusted",38.21666717529297,31.91666603088379,44.04999923706055,6.2833333015441895,64.31666564941406,5.849999904632568,Percentage,unit,"Both sexes, All age groups, Seasonally adjusted",55.766666412353516,64.30000305175781,13.466666221618652,Number,unit,Total of all violations-Actual incidents,804.75
Prince Edward Island,1998-09,"Index, 201612=100",units,86.9,65.5,82.7,,,,,,,,,,,,,,,,,Persons,unit,8.0,112.0,Persons,thousands,"Both sexes, All age groups, Seasonally adjusted",38.03333282470703,31.649999618530273,44.400001525878906,6.383333206176758,64.53333282470703,6.349999904632568,Percentage,unit,"Both sexes, All age groups, Seasonally adjusted",54.96666717529297,64.9000015258789,15.533333778381348,Number,unit,Total of all violations-Actual incidents,804.75
Prince Edward Island,1998-06,"Index, 201612=100",units,84.9,64.2,81.0,,,,,,,,,,,,,,,,,Persons,unit,0.0,207.0,Persons,thousands,"Both sexes, All age groups, Seasonally adjusted",38.21666717529297,31.633333206176758,44.45000076293945,6.583333492279053,64.38333129882812,6.233333110809326,Percentage,unit,"Both sexes, All age groups, Seasonally adjusted",55.66666793823242,64.93333435058594,14.350000381469727,Number,unit,Total of all violations-Actual incidents,804.75
Prince Edward Island,1998-01,"Index, 201612=100",units,84.2,63.0,80.2,,,,,,,,,,,,,,,,,Persons,unit,15.0,117.0,Persons,thousands,"Both sexes, All age groups, Seasonally adjusted",37.400001525878906,31.21666717529297,43.599998474121094,6.2166666984558105,64.31666564941406,6.183333396911621,Percentage,unit,"Both sexes, All age groups, Seasonally adjusted",54.54999923706055,63.66666793823242,13.949999809265137,Number,unit,Total of all violations-Actual incidents,804.75
Prince Edward Island,1998-07,"Index, 201612=100",units,85.0,64.5,81.2,,,,,,,,,,,,,,,,,Persons,unit,4.0,176.0,Persons,thousands,"Both sexes, All age groups, Seasonally adjusted",38.733333587646484,32.04999923706055,43.91666793823242,6.683333396911621,64.43333435058594,5.199999809265137,Percentage,unit,"Both sexes, All age groups, Seasonally adjusted",56.33333206176758,64.21666717529297,12.550000190734863,Number,unit,Total of all violations-Actual incidents,804.75
Prince Edward Island,1998-08,"Index, 201612=100",units,85.0,64.4,81.1,,,,,,,,,,,,,,,,,Persons,unit,8.0,165.0,Persons,thousands,"Both sexes, All age groups, Seasonally adjusted",38.0,31.683332443237305,44.0,6.349999904632568,64.51667022705078,5.983333110809326,Percentage,unit,"Both sexes, All age groups, Seasonally adjusted",55.099998474121094,64.19999694824219,14.183333396911621,Number,unit,Total of all violations-Actual incidents,804.75
Prince Edward Island,1998-02,"Index, 201612=100",units,85.5,63.3,81.3,,,,,,,,,,,,,,,,,Persons,unit,10.0,187.0,Persons,thousands,"Both sexes, All age groups, Seasonally adjusted",37.349998474121094,31.183332443237305,43.46666717529297,6.150000095367432,64.33333587646484,6.133333206176758,Percentage,unit,"Both sexes, All age groups, Seasonally adjusted",54.43333435058594,63.28333282470703,13.75,Number,unit,Total of all violations-Actual incidents,804.75
Prince Edward Island,1998-10,"Index, 201612=100",units,88.0,65.5,83.5,,,,,,,,,,,,,,,,,Persons,unit,13.0,169.0,Persons,thousands,"Both sexes, All age groups, Seasonally adjusted",37.70000076293945,31.316667556762695,43.96666717529297,6.400000095367432,64.58333587646484,6.25,Percentage,unit,"Both sexes, All age groups, Seasonally adjusted",54.36666488647461,63.66666793823242,14.933333396911621,Number,unit,Total of all violations-Actual incidents,804.75
Prince Edward Island,1998-12,"Index, 201612=100",units,88.1,65.9,83.8,,,,,,,,,,,,,,,,,Persons,unit,3.0,221.0,Persons,thousands,"Both sexes, All age groups, Seasonally adjusted",37.53333282470703,31.200000762939453,44.08333206176758,6.316666603088379,64.66666412353516,6.5333333015441895,Percentage,unit,"Both sexes, All age groups, Seasonally adjusted",54.21666717529297,64.06666564941406,15.75,Number,unit,Total of all violations-Actual incidents,804.75
Prince Edward Island,1998-03,"Index, 201612=100",units,85.5,63.3,81.3,,,,,,,,,,,,,,,,,Persons,unit,5.0,64.0,Persons,thousands,"Both sexes, All age groups, Seasonally adjusted",37.75,31.316667556762695,43.599998474121094,6.416666507720947,64.31666564941406,5.849999904632568,Percentage,unit,"Both sexes, All age groups, Seasonally adjusted",54.96666717529297,63.58333206176758,13.466666221618652,Number,unit,Total of all violations-Actual incidents,804.75
Prince Edward Island,1998-04,"Index, 201612=100",units,85.5,63.3,81.2,,,,,,,,,,,,,,,,,Persons,unit,17.0,137.0,Persons,thousands,"Both sexes, All age groups, Seasonally adjusted",36.91666793823242,30.983333587646484,43.03333282470703,5.916666507720947,64.28333282470703,6.133333206176758,Percentage,unit,"Both sexes, All age groups, Seasonally adjusted",53.400001525878906,62.75,14.800000190734863,Number,unit,Total of all violations-Actual incidents,804.75
