province,REF_DATE,uom_houseindex,scalar_houseindex,avg_house_only,avg_land_only,avg_totalhouseland,uom_income,scalar_income,statistic_income,avg_income,uom_expenditure,scalar_expenditure,statistic_expenditure,avg_food_expenditures,avg_income_taxes,avg_mortageinsurance,avg_mortagePaid,avg_accomodation,avg_rent,avg_shelter,avg_total_expenditure,avg_taxes_landregfees,uom_tourist,scalar_tourist,avg_international_tourism,avg_domestic_tourism,uom_labourforce,scalar_labourforce,statistic_labourforce,avg_employment,avg_fulltime,avg_labourforce,avg_parttime,avg_population,avg_unemployment,uom_lfperc,scalar_lfperc,statistic_labourforceperc,avg_employment_rate,avg_participationrate,avg_unemploymentrate,uom_crime,scalar_crime,statistic_crime,avg_crime_incidents
Alberta,1988-01,"Index, 201612=100",units,31.76666666666667,25.666666666666668,30.0,,,,,,,,,,,,,,,,,Persons,unit,72658.0,102755.0,Persons,thousands,"Both sexes, All age groups, Seasonally adjusted",761.183349609375,636.1666870117188,829.8499755859375,125.03333282470703,1116.11669921875,68.66666412353516,Percentage,unit,"Both sexes, All age groups, Seasonally adjusted",63.483333587646484,69.56666564941406,8.600000381469727,,,,
Alberta,1988-05,"Index, 201612=100",units,32.199999999999996,26.46666666666667,30.46666666666667,,,,,,,,,,,,,,,,,Persons,unit,73345.0,129951.0,Persons,thousands,"Both sexes, All age groups, Seasonally adjusted",768.2166748046875,639.2000122070312,832.9833374023438,129.01666259765625,1120.550048828125,64.76667022705078,Percentage,unit,"Both sexes, All age groups, Seasonally adjusted",63.66666793823242,69.43333435058594,8.233333587646484,,,,
Alberta,1988-08,"Index, 201612=100",units,32.56666666666666,27.566666666666663,31.100000000000005,,,,,,,,,,,,,,,,,Persons,unit,109913.0,238949.0,Persons,thousands,"Both sexes, All age groups, Seasonally adjusted",772.9000244140625,645.0,838.2833251953125,127.9000015258789,1122.933349609375,65.3499984741211,Percentage,unit,"Both sexes, All age groups, Seasonally adjusted",64.03333282470703,69.83333587646484,8.316666603088379,,,,
Alberta,1988-09,"Index, 201612=100",units,32.56666666666666,27.566666666666663,31.100000000000005,,,,,,,,,,,,,,,,,Persons,unit,72678.0,145116.0,Persons,thousands,"Both sexes, All age groups, Seasonally adjusted",775.683349609375,648.2333374023438,838.1333618164062,127.46666717529297,1124.550048828125,62.41666793823242,Percentage,unit,"Both sexes, All age groups, Seasonally adjusted",64.25,69.75,7.7166666984558105,,,,
Alberta,1988-07,"Index, 201612=100",units,32.4,27.066666666666666,30.76666666666667,,,,,,,,,,,,,,,,,Persons,unit,105183.0,267262.0,Persons,thousands,"Both sexes, All age groups, Seasonally adjusted",773.7000122070312,649.9500122070312,839.5166625976562,123.75,1121.800048828125,65.80000305175781,Percentage,unit,"Both sexes, All age groups, Seasonally adjusted",64.08333587646484,69.96666717529297,8.350000381469727,,,,
Alberta,1988-03,"Index, 201612=100",units,31.96666666666667,26.099999999999998,30.23333333333333,,,,,,,,,,,,,,,,,Persons,unit,76229.0,116919.0,Persons,thousands,"Both sexes, All age groups, Seasonally adjusted",764.0499877929688,636.6333618164062,830.4833374023438,127.4000015258789,1118.5999755859375,66.44999694824219,Percentage,unit,"Both sexes, All age groups, Seasonally adjusted",63.599998474121094,69.43333435058594,8.416666984558105,,,,
Alberta,1988-11,"Index, 201612=100",units,32.833333333333336,28.233333333333334,31.399999999999995,,,,,,,,,,,,,,,,,Persons,unit,60897.0,90294.0,Persons,thousands,"Both sexes, All age groups, Seasonally adjusted",775.25,643.566650390625,840.75,131.68333435058594,1128.5333251953125,65.48332977294922,Percentage,unit,"Both sexes, All age groups, Seasonally adjusted",63.81666564941406,69.48332977294922,7.949999809265137,,,,
Alberta,1988-12,"Index, 201612=100",units,32.733333333333334,28.566666666666666,31.5,,,,,,,,,,,,,,,,,Persons,unit,58988.0,97519.0,Persons,thousands,"Both sexes, All age groups, Seasonally adjusted",776.7833251953125,646.9166870117188,839.2166748046875,129.85000610351562,1130.0333251953125,62.43333435058594,Percentage,unit,"Both sexes, All age groups, Seasonally adjusted",63.86666488647461,69.28333282470703,7.733333110809326,,,,
Alberta,1988-10,"Index, 201612=100",units,32.666666666666664,27.7,31.2,,,,,,,,,,,,,,,,,Persons,unit,70742.0,113082.0,Persons,thousands,"Both sexes, All age groups, Seasonally adjusted",773.8333129882812,648.4666748046875,840.4000244140625,125.36666870117188,1126.6500244140625,66.55000305175781,Percentage,unit,"Both sexes, All age groups, Seasonally adjusted",63.983333587646484,69.8499984741211,8.166666984558105,,,,
Alberta,1988-04,"Index, 201612=100",units,32.166666666666664,26.233333333333334,30.366666666666664,,,,,,,,,,,,,,,,,Persons,unit,93399.0,131014.0,Persons,thousands,"Both sexes, All age groups, Seasonally adjusted",766.1333618164062,640.7999877929688,829.2833251953125,125.31666564941406,1119.550048828125,63.16666793823242,Percentage,unit,"Both sexes, All age groups, Seasonally adjusted",63.650001525878906,69.25,8.066666603088379,,,,
Alberta,1988-06,"Index, 201612=100",units,32.26666666666667,26.566666666666666,30.566666666666666,,,,,,,,,,,,,,,,,Persons,unit,64085.0,166808.0,Persons,thousands,"Both sexes, All age groups, Seasonally adjusted",773.8499755859375,643.2000122070312,836.5,130.64999389648438,1121.183349609375,62.650001525878906,Percentage,unit,"Both sexes, All age groups, Seasonally adjusted",64.19999694824219,69.71666717529297,7.949999809265137,,,,
Alberta,1988-02,"Index, 201612=100",units,31.76666666666667,25.933333333333337,30.066666666666666,,,,,,,,,,,,,,,,,Persons,unit,66830.0,136593.0,Persons,thousands,"Both sexes, All age groups, Seasonally adjusted",765.5999755859375,642.1333618164062,831.5333251953125,123.48332977294922,1117.4832763671875,65.96666717529297,Percentage,unit,"Both sexes, All age groups, Seasonally adjusted",63.78333282470703,69.58333587646484,8.383333206176758,,,,
Manitoba,2002-05,"Index, 201612=100",units,52.2,35.4,47.1,Dollars,units,"Median total income,Both sexes,All age groups",1816.67,,,,,,,,,,,,,Persons,unit,77919.0,169063.0,Persons,thousands,"Both sexes, All age groups, Seasonally adjusted",354.0833435058594,285.8166809082031,372.3333435058594,68.26667022705078,525.0333251953125,18.233333587646484,Percentage,unit,"Both sexes, All age groups, Seasonally adjusted",63.81666564941406,67.61666870117188,5.666666507720947,Number,unit,Total of all violations-Actual incidents,11811.67
Manitoba,2002-12,"Index, 201612=100",units,53.6,35.4,48.1,Dollars,units,"Median total income,Both sexes,All age groups",1816.67,,,,,,,,,,,,,Persons,unit,66333.0,137474.0,Persons,thousands,"Both sexes, All age groups, Seasonally adjusted",361.75,295.4166564941406,379.5666809082031,66.33333587646484,526.7999877929688,17.799999237060547,Percentage,unit,"Both sexes, All age groups, Seasonally adjusted",65.18333435058594,68.86666870117188,5.183333396911621,Number,unit,Total of all violations-Actual incidents,11811.67
Manitoba,2002-07,"Index, 201612=100",units,52.6,35.4,47.5,Dollars,units,"Median total income,Both sexes,All age groups",1816.67,,,,,,,,,,,,,Persons,unit,126033.0,259460.0,Persons,thousands,"Both sexes, All age groups, Seasonally adjusted",359.6333312988281,290.2833251953125,377.3500061035156,69.31666564941406,525.3833618164062,17.733333587646484,Percentage,unit,"Both sexes, All age groups, Seasonally adjusted",64.98332977294922,68.66666412353516,5.233333110809326,Number,unit,Total of all violations-Actual incidents,11811.67
Manitoba,2002-06,"Index, 201612=100",units,52.5,35.4,47.4,Dollars,units,"Median total income,Both sexes,All age groups",1816.67,,,,,,,,,,,,,Persons,unit,79095.0,195114.0,Persons,thousands,"Both sexes, All age groups, Seasonally adjusted",358.3166809082031,288.7166748046875,376.45001220703125,69.61666870117188,525.2166748046875,18.149999618530273,Percentage,unit,"Both sexes, All age groups, Seasonally adjusted",64.69999694824219,68.51667022705078,5.550000190734863,Number,unit,Total of all violations-Actual incidents,11811.67
Manitoba,2002-08,"Index, 201612=100",units,52.6,35.4,47.5,Dollars,units,"Median total income,Both sexes,All age groups",1816.67,,,,,,,,,,,,,Persons,unit,132723.0,251943.0,Persons,thousands,"Both sexes, All age groups, Seasonally adjusted",358.54998779296875,289.01666259765625,376.2166748046875,69.55000305175781,525.5333251953125,17.649999618530273,Percentage,unit,"Both sexes, All age groups, Seasonally adjusted",64.6500015258789,68.4000015258789,5.333333492279053,Number,unit,Total of all violations-Actual incidents,11811.67
Manitoba,2002-03,"Index, 201612=100",units,52.0,35.4,47.0,Dollars,units,"Median total income,Both sexes,All age groups",1816.67,,,,,,,,,,,,,Persons,unit,94539.0,169670.0,Persons,thousands,"Both sexes, All age groups, Seasonally adjusted",356.26666259765625,291.70001220703125,374.73333740234375,64.55000305175781,524.0999755859375,18.46666717529297,Percentage,unit,"Both sexes, All age groups, Seasonally adjusted",64.31666564941406,68.23332977294922,5.833333492279053,Number,unit,Total of all violations-Actual incidents,11811.67
Manitoba,2002-09,"Index, 201612=100",units,53.3,35.4,48.0,Dollars,units,"Median total income,Both sexes,All age groups",1816.67,,,,,,,,,,,,,Persons,unit,84623.0,166709.0,Persons,thousands,"Both sexes, All age groups, Seasonally adjusted",360.29998779296875,293.20001220703125,376.3833312988281,67.0999984741211,525.7333374023438,16.100000381469727,Percentage,unit,"Both sexes, All age groups, Seasonally adjusted",65.06666564941406,68.26667022705078,4.516666889190674,Number,unit,Total of all violations-Actual incidents,11811.67
Manitoba,2002-10,"Index, 201612=100",units,53.3,35.4,48.0,Dollars,units,"Median total income,Both sexes,All age groups",1816.67,,,,,,,,,,,,,Persons,unit,76972.0,160948.0,Persons,thousands,"Both sexes, All age groups, Seasonally adjusted",359.8333435058594,290.75,378.0666809082031,69.05000305175781,526.0499877929688,18.25,Percentage,unit,"Both sexes, All age groups, Seasonally adjusted",65.03333282470703,68.68333435058594,5.199999809265137,Number,unit,Total of all violations-Actual incidents,11811.67
Manitoba,2002-01,"Index, 201612=100",units,51.6,35.2,46.7,Dollars,units,"Median total income,Both sexes,All age groups",1816.67,,,,,,,,,,,,,Persons,unit,70310.0,131394.0,Persons,thousands,"Both sexes, All age groups, Seasonally adjusted",354.75,291.3666687011719,372.6166687011719,63.400001525878906,523.3333129882812,17.866666793823242,Percentage,unit,"Both sexes, All age groups, Seasonally adjusted",64.01667022705078,67.75,5.449999809265137,Number,unit,Total of all violations-Actual incidents,11811.67
Manitoba,2002-02,"Index, 201612=100",units,51.7,35.2,46.8,Dollars,units,"Median total income,Both sexes,All age groups",1816.67,,,,,,,,,,,,,Persons,unit,73850.0,132972.0,Persons,thousands,"Both sexes, All age groups, Seasonally adjusted",352.23333740234375,287.04998779296875,371.73333740234375,65.1500015258789,523.683349609375,19.516666412353516,Percentage,unit,"Both sexes, All age groups, Seasonally adjusted",63.733333587646484,67.88333129882812,6.099999904632568,Number,unit,Total of all violations-Actual incidents,11811.67
Manitoba,2002-11,"Index, 201612=100",units,53.6,35.4,48.1,Dollars,units,"Median total income,Both sexes,All age groups",1816.67,,,,,,,,,,,,,Persons,unit,68308.0,141133.0,Persons,thousands,"Both sexes, All age groups, Seasonally adjusted",360.51666259765625,295.1833190917969,379.04998779296875,65.3499984741211,526.4000244140625,18.5,Percentage,unit,"Both sexes, All age groups, Seasonally adjusted",65.06666564941406,68.83333587646484,5.300000190734863,Number,unit,Total of all violations-Actual incidents,11811.67
Manitoba,2002-04,"Index, 201612=100",units,52.2,35.4,47.1,Dollars,units,"Median total income,Both sexes,All age groups",1816.67,,,,,,,,,,,,,Persons,unit,78093.0,146261.0,Persons,thousands,"Both sexes, All age groups, Seasonally adjusted",355.70001220703125,289.2166748046875,374.4333190917969,66.51667022705078,524.6333618164062,18.75,Percentage,unit,"Both sexes, All age groups, Seasonally adjusted",64.1500015258789,68.03333282470703,5.7166666984558105,Number,unit,Total of all violations-Actual incidents,11811.67
New Brunswick,2010-01,"Index, 201612=100",units,97.3,93.6,96.4,Dollars,units,"Median total income,Both sexes,All age groups",2217.5,Dollars,unit,Average expenditure per household,599.58,778.33,9.0,283.83,840.67,120.5,904.25,5078.5,1.58,Persons,unit,223330.0,297791.0,Persons,thousands,"Both sexes, All age groups, Seasonally adjusted",229.26666259765625,197.8000030517578,251.56666564941406,31.450000762939453,376.95001220703125,22.28333282470703,Percentage,unit,"Both sexes, All age groups, Seasonally adjusted",57.95000076293945,64.38333129882812,10.233333587646484,Number,unit,Total of all violations-Actual incidents,3977.92
New Brunswick,2010-10,"Index, 201612=100",units,99.2,95.8,98.4,Dollars,units,"Median total income,Both sexes,All age groups",2217.5,Dollars,unit,Average expenditure per household,599.58,778.33,9.0,283.83,840.67,120.5,904.25,5078.5,1.58,Persons,unit,304651.0,458893.0,Persons,thousands,"Both sexes, All age groups, Seasonally adjusted",228.76666259765625,195.14999389648438,251.9499969482422,33.599998474121094,378.6833190917969,23.200000762939453,Percentage,unit,"Both sexes, All age groups, Seasonally adjusted",57.81666564941406,64.30000305175781,10.300000190734863,Number,unit,Total of all violations-Actual incidents,3977.92
New Brunswick,2010-09,"Index, 201612=100",units,99.2,95.8,98.4,Dollars,units,"Median total income,Both sexes,All age groups",2217.5,Dollars,unit,Average expenditure per household,599.58,778.33,9.0,283.83,840.67,120.5,904.25,5078.5,1.58,Persons,unit,290262.0,457253.0,Persons,thousands,"Both sexes, All age groups, Seasonally adjusted",227.39999389648438,194.64999389648438,252.26666259765625,32.766666412353516,378.45001220703125,24.866666793823242,Percentage,unit,"Both sexes, All age groups, Seasonally adjusted",57.43333435058594,64.4000015258789,11.050000190734863,Number,unit,Total of all violations-Actual incidents,3977.92
New Brunswick,2010-11,"Index, 201612=100",units,99.0,95.8,98.2,Dollars,units,"Median total income,Both sexes,All age groups",2217.5,Dollars,unit,Average expenditure per household,599.58,778.33,9.0,283.83,840.67,120.5,904.25,5078.5,1.58,Persons,unit,295703.0,373048.0,Persons,thousands,"Both sexes, All age groups, Seasonally adjusted",228.4499969482422,194.06666564941406,252.98333740234375,34.41666793823242,378.7833251953125,24.516666412353516,Percentage,unit,"Both sexes, All age groups, Seasonally adjusted",57.766666412353516,64.31666564941406,10.399999618530273,Number,unit,Total of all violations-Actual incidents,3977.92
New Brunswick,2010-04,"Index, 201612=100",units,97.4,93.9,96.5,Dollars,units,"Median total income,Both sexes,All age groups",2217.5,Dollars,unit,Average expenditure per household,599.58,778.33,9.0,283.83,840.67,120.5,904.25,5078.5,1.58,Persons,unit,302345.0,388952.0,Persons,thousands,"Both sexes, All age groups, Seasonally adjusted",230.23333740234375,198.4499969482422,251.0,31.78333282470703,377.3999938964844,20.75,Percentage,unit,"Both sexes, All age groups, Seasonally adjusted",58.28333282470703,64.13333129882812,9.133333206176758,Number,unit,Total of all violations-Actual incidents,3977.92
New Brunswick,2010-05,"Index, 201612=100",units,97.9,94.7,97.1,Dollars,units,"Median total income,Both sexes,All age groups",2217.5,Dollars,unit,Average expenditure per household,599.58,778.33,9.0,283.83,840.67,120.5,904.25,5078.5,1.58,Persons,unit,315389.0,417106.0,Persons,thousands,"Both sexes, All age groups, Seasonally adjusted",229.21665954589844,197.75,250.9166717529297,31.46666717529297,377.5333251953125,21.700000762939453,Percentage,unit,"Both sexes, All age groups, Seasonally adjusted",57.93333435058594,64.08333587646484,9.683333396911621,Number,unit,Total of all violations-Actual incidents,3977.92
New Brunswick,2010-03,"Index, 201612=100",units,97.5,93.6,96.5,Dollars,units,"Median total income,Both sexes,All age groups",2217.5,Dollars,unit,Average expenditure per household,599.58,778.33,9.0,283.83,840.67,120.5,904.25,5078.5,1.58,Persons,unit,290225.0,372887.0,Persons,thousands,"Both sexes, All age groups, Seasonally adjusted",230.75,199.38333129882812,251.11666870117188,31.41666603088379,377.2166748046875,20.316667556762695,Percentage,unit,"Both sexes, All age groups, Seasonally adjusted",58.45000076293945,64.26667022705078,9.033333778381348,Number,unit,Total of all violations-Actual incidents,3977.92
New Brunswick,2010-07,"Index, 201612=100",units,99.2,95.8,98.3,Dollars,units,"Median total income,Both sexes,All age groups",2217.5,Dollars,unit,Average expenditure per household,599.58,778.33,9.0,283.83,840.67,120.5,904.25,5078.5,1.58,Persons,unit,348801.0,554179.0,Persons,thousands,"Both sexes, All age groups, Seasonally adjusted",229.46665954589844,196.25,251.25,33.20000076293945,378.0,21.78333282470703,Percentage,unit,"Both sexes, All age groups, Seasonally adjusted",58.08333206176758,64.25,9.899999618530273,Number,unit,Total of all violations-Actual incidents,3977.92
New Brunswick,2010-08,"Index, 201612=100",units,99.1,95.8,98.3,Dollars,units,"Median total income,Both sexes,All age groups",2217.5,Dollars,unit,Average expenditure per household,599.58,778.33,9.0,283.83,840.67,120.5,904.25,5078.5,1.58,Persons,unit,368593.0,568017.0,Persons,thousands,"Both sexes, All age groups, Seasonally adjusted",228.5833282470703,195.85000610351562,252.6666717529297,32.75,378.1833190917969,24.116666793823242,Percentage,unit,"Both sexes, All age groups, Seasonally adjusted",57.95000076293945,64.58333587646484,10.483333587646484,Number,unit,Total of all violations-Actual incidents,3977.92
New Brunswick,2010-06,"Index, 201612=100",units,99.2,95.8,98.4,Dollars,units,"Median total income,Both sexes,All age groups",2217.5,Dollars,unit,Average expenditure per household,599.58,778.33,9.0,283.83,840.67,120.5,904.25,5078.5,1.58,Persons,unit,290428.0,436244.0,Persons,thousands,"Both sexes, All age groups, Seasonally adjusted",229.01666259765625,197.13333129882812,251.56666564941406,31.91666603088379,377.7833251953125,22.483333587646484,Percentage,unit,"Both sexes, All age groups, Seasonally adjusted",57.900001525878906,64.08333587646484,9.733333587646484,Number,unit,Total of all violations-Actual incidents,3977.92
New Brunswick,2010-02,"Index, 201612=100",units,97.5,93.6,96.5,Dollars,units,"Median total income,Both sexes,All age groups",2217.5,Dollars,unit,Average expenditure per household,599.58,778.33,9.0,283.83,840.67,120.5,904.25,5078.5,1.58,Persons,unit,204941.0,276216.0,Persons,thousands,"Both sexes, All age groups, Seasonally adjusted",230.11666870117188,197.26666259765625,251.1999969482422,32.83333206176758,377.1166687011719,21.116666793823242,Percentage,unit,"Both sexes, All age groups, Seasonally adjusted",58.31666564941406,64.30000305175781,9.533333778381348,Number,unit,Total of all violations-Actual incidents,3977.92
New Brunswick,2010-12,"Index, 201612=100",units,99.0,95.8,98.2,Dollars,units,"Median total income,Both sexes,All age groups",2217.5,Dollars,unit,Average expenditure per household,599.58,778.33,9.0,283.83,840.67,120.5,904.25,5078.5,1.58,Persons,unit,280407.0,362242.0,Persons,thousands,"Both sexes, All age groups, Seasonally adjusted",229.0500030517578,195.53334045410156,252.64999389648438,33.53333282470703,378.9166564941406,23.616666793823242,Percentage,unit,"Both sexes, All age groups, Seasonally adjusted",57.93333435058594,64.43333435058594,10.266666412353516,Number,unit,Total of all violations-Actual incidents,3977.92
