province,REF_DATE,uom_houseindex,scalar_houseindex,avg_house_only,avg_land_only,avg_totalhouseland,uom_income,scalar_income,statistic_income,avg_income,uom_expenditure,scalar_expenditure,statistic_expenditure,avg_food_expenditures,avg_income_taxes,avg_mortageinsurance,avg_mortagePaid,avg_accomodation,avg_rent,avg_shelter,avg_total_expenditure,avg_taxes_landregfees,uom_tourist,scalar_tourist,avg_international_tourism,avg_domestic_tourism,uom_labourforce,scalar_labourforce,statistic_labourforce,avg_employment,avg_fulltime,avg_labourforce,avg_parttime,avg_population,avg_unemployment,uom_lfperc,scalar_lfperc,statistic_labourforceperc,avg_employment_rate,avg_participationrate,avg_unemploymentrate,uom_crime,scalar_crime,statistic_crime,avg_crime_incidents
Alberta,1994-01,"Index, 201612=100",units,40.4,39.699999999999996,39.9,,,,,,,,,,,,,,,,,Persons,unit,93869.0,129449.0,Persons,thousands,"Both sexes, All age groups, Seasonally adjusted",828.2833251953125,670.8499755859375,912.7166748046875,157.4499969482422,1234.050048828125,84.43333435058594,Percentage,unit,"Both sexes, All age groups, Seasonally adjusted",61.96666717529297,68.71666717529297,9.75,,,,
Alberta,1994-08,"Index, 201612=100",units,40.36666666666667,39.93333333333334,39.93333333333334,,,,,,,,,,,,,,,,,Persons,unit,111708.0,256213.0,Persons,thousands,"Both sexes, All age groups, Seasonally adjusted",844.25,688.1500244140625,919.7833251953125,156.11666870117188,1245.0999755859375,75.51667022705078,Percentage,unit,"Both sexes, All age groups, Seasonally adjusted",62.33333206176758,68.31666564941406,8.899999618530273,,,,
Alberta,1994-10,"Index, 201612=100",units,40.43333333333333,39.93333333333334,40.03333333333333,,,,,,,,,,,,,,,,,Persons,unit,73330.0,124831.0,Persons,thousands,"Both sexes, All age groups, Seasonally adjusted",851.7166748046875,693.5499877929688,927.4666748046875,158.13333129882812,1248.25,75.71666717529297,Percentage,unit,"Both sexes, All age groups, Seasonally adjusted",63.03333282470703,68.96666717529297,8.533333778381348,,,,
Alberta,1994-06,"Index, 201612=100",units,40.4,39.9,39.96666666666667,,,,,,,,,,,,,,,,,Persons,unit,70525.0,198467.0,Persons,thousands,"Both sexes, All age groups, Seasonally adjusted",837.0333251953125,683.1166381835938,923.1666870117188,153.9166717529297,1242.0,86.13333129882812,Percentage,unit,"Both sexes, All age groups, Seasonally adjusted",62.13333511352539,69.01667022705078,10.133333206176758,,,,
Alberta,1994-04,"Index, 201612=100",units,40.53333333333333,39.800000000000004,40.03333333333334,,,,,,,,,,,,,,,,,Persons,unit,109673.0,153847.0,Persons,thousands,"Both sexes, All age groups, Seasonally adjusted",834.433349609375,676.7333374023438,915.0833129882812,157.68333435058594,1238.7667236328125,80.69999694824219,Percentage,unit,"Both sexes, All age groups, Seasonally adjusted",62.25,68.53333282470703,9.300000190734863,,,,
Alberta,1994-07,"Index, 201612=100",units,40.300000000000004,39.93333333333334,39.93333333333334,,,,,,,,,,,,,,,,,Persons,unit,103771.0,281273.0,Persons,thousands,"Both sexes, All age groups, Seasonally adjusted",839.3833618164062,680.5166625976562,922.2000122070312,158.89999389648438,1243.316650390625,82.83333587646484,Percentage,unit,"Both sexes, All age groups, Seasonally adjusted",62.21666717529297,68.71666717529297,9.583333015441895,,,,
Alberta,1994-12,"Index, 201612=100",units,40.300000000000004,39.86666666666667,39.9,,,,,,,,,,,,,,,,,Persons,unit,67490.0,119787.0,Persons,thousands,"Both sexes, All age groups, Seasonally adjusted",859.2166748046875,705.5999755859375,928.066650390625,153.6666717529297,1251.0333251953125,68.8499984741211,Percentage,unit,"Both sexes, All age groups, Seasonally adjusted",63.43333435058594,68.81666564941406,7.75,,,,
Alberta,1994-05,"Index, 201612=100",units,40.266666666666666,39.86666666666667,39.86666666666667,,,,,,,,,,,,,,,,,Persons,unit,79122.0,146224.0,Persons,thousands,"Both sexes, All age groups, Seasonally adjusted",837.8499755859375,679.9833374023438,923.6500244140625,157.88333129882812,1240.699951171875,85.80000305175781,Percentage,unit,"Both sexes, All age groups, Seasonally adjusted",62.33333206176758,69.05000305175781,9.816666603088379,,,,
Alberta,1994-09,"Index, 201612=100",units,40.36666666666667,39.93333333333334,39.96666666666667,,,,,,,,,,,,,,,,,Persons,unit,71672.0,164706.0,Persons,thousands,"Both sexes, All age groups, Seasonally adjusted",849.183349609375,695.9166870117188,927.9166870117188,153.3000030517578,1246.75,78.73332977294922,Percentage,unit,"Both sexes, All age groups, Seasonally adjusted",63.0,69.08333587646484,8.833333015441895,,,,
Alberta,1994-11,"Index, 201612=100",units,40.333333333333336,39.86666666666667,39.9,,,,,,,,,,,,,,,,,Persons,unit,62909.0,102826.0,Persons,thousands,"Both sexes, All age groups, Seasonally adjusted",859.7833251953125,711.0333251953125,929.4500122070312,148.73333740234375,1249.699951171875,69.69999694824219,Percentage,unit,"Both sexes, All age groups, Seasonally adjusted",63.66666793823242,69.11666870117188,7.766666889190674,,,,
Alberta,1994-02,"Index, 201612=100",units,40.43333333333334,39.699999999999996,39.9,,,,,,,,,,,,,,,,,Persons,unit,89809.0,128455.0,Persons,thousands,"Both sexes, All age groups, Seasonally adjusted",832.4000244140625,678.1166381835938,912.683349609375,154.26666259765625,1235.7667236328125,80.30000305175781,Percentage,unit,"Both sexes, All age groups, Seasonally adjusted",62.25,68.5999984741211,9.116666793823242,,,,
Alberta,1994-03,"Index, 201612=100",units,40.53333333333333,39.766666666666666,40.06666666666667,,,,,,,,,,,,,,,,,Persons,unit,102065.0,154992.0,Persons,thousands,"Both sexes, All age groups, Seasonally adjusted",831.7999877929688,679.1333618164062,914.0833129882812,152.6666717529297,1237.25,82.28333282470703,Percentage,unit,"Both sexes, All age groups, Seasonally adjusted",62.04999923706055,68.55000305175781,9.483333587646484,,,,
Atlantic Region,2017-02,"Index, 201612=100",units,99.9,100.0,99.9,,,,,,,,,,,,,,,,,,,,,,,,,,,,,,,,,,,,,,,
Atlantic Region,2017-12,"Index, 201612=100",units,100.3,99.9,100.2,,,,,,,,,,,,,,,,,,,,,,,,,,,,,,,,,,,,,,,
Atlantic Region,2017-01,"Index, 201612=100",units,99.9,100.0,100.0,,,,,,,,,,,,,,,,,,,,,,,,,,,,,,,,,,,,,,,
Atlantic Region,2017-07,"Index, 201612=100",units,100.2,99.9,100.1,,,,,,,,,,,,,,,,,,,,,,,,,,,,,,,,,,,,,,,
Atlantic Region,2017-10,"Index, 201612=100",units,100.0,99.9,100.0,,,,,,,,,,,,,,,,,,,,,,,,,,,,,,,,,,,,,,,
Atlantic Region,2017-08,"Index, 201612=100",units,99.9,99.9,99.9,,,,,,,,,,,,,,,,,,,,,,,,,,,,,,,,,,,,,,,
Atlantic Region,2017-04,"Index, 201612=100",units,99.7,100.0,99.8,,,,,,,,,,,,,,,,,,,,,,,,,,,,,,,,,,,,,,,
Atlantic Region,2017-06,"Index, 201612=100",units,99.8,100.0,99.9,,,,,,,,,,,,,,,,,,,,,,,,,,,,,,,,,,,,,,,
Atlantic Region,2017-05,"Index, 201612=100",units,99.9,100.0,99.9,,,,,,,,,,,,,,,,,,,,,,,,,,,,,,,,,,,,,,,
Atlantic Region,2017-11,"Index, 201612=100",units,100.2,99.9,100.2,,,,,,,,,,,,,,,,,,,,,,,,,,,,,,,,,,,,,,,
Atlantic Region,2017-09,"Index, 201612=100",units,100.0,99.9,100.0,,,,,,,,,,,,,,,,,,,,,,,,,,,,,,,,,,,,,,,
Atlantic Region,2017-03,"Index, 201612=100",units,99.8,100.0,99.9,,,,,,,,,,,,,,,,,,,,,,,,,,,,,,,,,,,,,,,
British Columbia,2016-05,"Index, 201612=100",units,98.06666666666668,99.3,98.33333333333333,Dollars,units,"Median total income,Both sexes,All age groups",2800.0,Dollars,unit,Average expenditure per household,761.58,1193.83,7.25,529.33,1439.58,364.5,1617.17,7153.75,21.5,Persons,unit,1142677.0,1985043.0,Persons,thousands,"Both sexes, All age groups, Seasonally adjusted",1504.2833251953125,1206.9832763671875,1598.4832763671875,297.2833251953125,2384.39990234375,94.23332977294922,Percentage,unit,"Both sexes, All age groups, Seasonally adjusted",60.900001525878906,65.06666564941406,6.333333492279053,Number,unit,Total of all violations-Actual incidents,34373.17
British Columbia,2016-04,"Index, 201612=100",units,96.46666666666665,99.3,97.26666666666667,Dollars,units,"Median total income,Both sexes,All age groups",2800.0,Dollars,unit,Average expenditure per household,761.58,1193.83,7.25,529.33,1439.58,364.5,1617.17,7153.75,21.5,Persons,unit,1017478.0,1594390.0,Persons,thousands,"Both sexes, All age groups, Seasonally adjusted",1509.9000244140625,1203.683349609375,1598.8499755859375,306.2166748046875,2381.13330078125,88.94999694824219,Percentage,unit,"Both sexes, All age groups, Seasonally adjusted",61.25,65.21666717529297,6.016666889190674,Number,unit,Total of all violations-Actual incidents,34373.17
British Columbia,2016-07,"Index, 201612=100",units,99.3,99.3,99.3,Dollars,units,"Median total income,Both sexes,All age groups",2800.0,Dollars,unit,Average expenditure per household,761.58,1193.83,7.25,529.33,1439.58,364.5,1617.17,7153.75,21.5,Persons,unit,1215613.0,2563518.0,Persons,thousands,"Both sexes, All age groups, Seasonally adjusted",1520.199951171875,1197.86669921875,1608.449951171875,322.3333435058594,2390.833251953125,88.26667022705078,Percentage,unit,"Both sexes, All age groups, Seasonally adjusted",61.56666564941406,65.48332977294922,6.016666889190674,Number,unit,Total of all violations-Actual incidents,34373.17
British Columbia,2016-11,"Index, 201612=100",units,100.0,100.0,100.0,Dollars,units,"Median total income,Both sexes,All age groups",2800.0,Dollars,unit,Average expenditure per household,761.58,1193.83,7.25,529.33,1439.58,364.5,1617.17,7153.75,21.5,Persons,unit,929029.0,1390987.0,Persons,thousands,"Both sexes, All age groups, Seasonally adjusted",1524.75,1211.4000244140625,1619.7833251953125,313.3833312988281,2399.416748046875,95.06666564941406,Percentage,unit,"Both sexes, All age groups, Seasonally adjusted",61.54999923706055,65.75,6.483333110809326,Number,unit,Total of all violations-Actual incidents,34373.17
British Columbia,2016-08,"Index, 201612=100",units,99.3,99.3,99.3,Dollars,units,"Median total income,Both sexes,All age groups",2800.0,Dollars,unit,Average expenditure per household,761.58,1193.83,7.25,529.33,1439.58,364.5,1617.17,7153.75,21.5,Persons,unit,1368734.0,2591067.0,Persons,thousands,"Both sexes, All age groups, Seasonally adjusted",1517.13330078125,1213.9666748046875,1605.2332763671875,303.1499938964844,2393.5166015625,88.08333587646484,Percentage,unit,"Both sexes, All age groups, Seasonally adjusted",61.599998474121094,65.21666717529297,5.583333492279053,Number,unit,Total of all violations-Actual incidents,34373.17
British Columbia,2016-10,"Index, 201612=100",units,100.06666666666666,100.0,100.06666666666666,Dollars,units,"Median total income,Both sexes,All age groups",2800.0,Dollars,unit,Average expenditure per household,761.58,1193.83,7.25,529.33,1439.58,364.5,1617.17,7153.75,21.5,Persons,unit,982920.0,1524853.0,Persons,thousands,"Both sexes, All age groups, Seasonally adjusted",1530.0999755859375,1211.699951171875,1625.11669921875,318.3999938964844,2397.9833984375,95.01667022705078,Percentage,unit,"Both sexes, All age groups, Seasonally adjusted",61.849998474121094,66.05000305175781,6.4666666984558105,Number,unit,Total of all violations-Actual incidents,34373.17
British Columbia,2016-09,"Index, 201612=100",units,99.76666666666665,99.5,99.66666666666667,Dollars,units,"Median total income,Both sexes,All age groups",2800.0,Dollars,unit,Average expenditure per household,761.58,1193.83,7.25,529.33,1439.58,364.5,1617.17,7153.75,21.5,Persons,unit,1117504.0,2051225.0,Persons,thousands,"Both sexes, All age groups, Seasonally adjusted",1519.8333740234375,1206.7667236328125,1609.0333251953125,313.1000061035156,2396.050048828125,89.18333435058594,Percentage,unit,"Both sexes, All age groups, Seasonally adjusted",61.5,65.33333587646484,5.949999809265137,Number,unit,Total of all violations-Actual incidents,34373.17
British Columbia,2016-02,"Index, 201612=100",units,95.46666666666668,99.3,96.56666666666668,Dollars,units,"Median total income,Both sexes,All age groups",2800.0,Dollars,unit,Average expenditure per household,761.58,1193.83,7.25,529.33,1439.58,364.5,1617.17,7153.75,21.5,Persons,unit,823570.0,1310093.0,Persons,thousands,"Both sexes, All age groups, Seasonally adjusted",1494.63330078125,1183.066650390625,1597.1666259765625,311.54998779296875,2376.63330078125,102.56666564941406,Percentage,unit,"Both sexes, All age groups, Seasonally adjusted",60.86666488647461,65.48332977294922,6.9666666984558105,Number,unit,Total of all violations-Actual incidents,34373.17
British Columbia,2016-12,"Index, 201612=100",units,100.0,100.0,100.0,Dollars,units,"Median total income,Both sexes,All age groups",2800.0,Dollars,unit,Average expenditure per household,761.58,1193.83,7.25,529.33,1439.58,364.5,1617.17,7153.75,21.5,Persons,unit,962703.0,1574849.0,Persons,thousands,"Both sexes, All age groups, Seasonally adjusted",1534.550048828125,1215.86669921875,1626.4166259765625,318.6666564941406,2400.949951171875,91.88333129882812,Percentage,unit,"Both sexes, All age groups, Seasonally adjusted",62.08333206176758,66.05000305175781,6.050000190734863,Number,unit,Total of all violations-Actual incidents,34373.17
British Columbia,2016-06,"Index, 201612=100",units,98.43333333333332,99.3,98.7,Dollars,units,"Median total income,Both sexes,All age groups",2800.0,Dollars,unit,Average expenditure per household,761.58,1193.83,7.25,529.33,1439.58,364.5,1617.17,7153.75,21.5,Persons,unit,990402.0,2077288.0,Persons,thousands,"Both sexes, All age groups, Seasonally adjusted",1510.3333740234375,1211.61669921875,1603.36669921875,298.70001220703125,2387.5,93.0,Percentage,unit,"Both sexes, All age groups, Seasonally adjusted",61.099998474121094,65.31666564941406,6.483333110809326,Number,unit,Total of all violations-Actual incidents,34373.17
British Columbia,2016-03,"Index, 201612=100",units,95.86666666666667,99.3,96.8,Dollars,units,"Median total income,Both sexes,All age groups",2800.0,Dollars,unit,Average expenditure per household,761.58,1193.83,7.25,529.33,1439.58,364.5,1617.17,7153.75,21.5,Persons,unit,1067599.0,1599803.0,Persons,thousands,"Both sexes, All age groups, Seasonally adjusted",1500.9832763671875,1191.0999755859375,1599.7833251953125,309.8833312988281,2378.816650390625,98.81666564941406,Percentage,unit,"Both sexes, All age groups, Seasonally adjusted",61.0,65.46666717529297,6.800000190734863,Number,unit,Total of all violations-Actual incidents,34373.17
British Columbia,2016-01,"Index, 201612=100",units,94.53333333333335,99.3,95.96666666666668,Dollars,units,"Median total income,Both sexes,All age groups",2800.0,Dollars,unit,Average expenditure per household,761.58,1193.83,7.25,529.33,1439.58,364.5,1617.17,7153.75,21.5,Persons,unit,930259.0,1382095.0,Persons,thousands,"Both sexes, All age groups, Seasonally adjusted",1488.300048828125,1188.7166748046875,1589.816650390625,299.5666809082031,2374.333251953125,101.51667022705078,Percentage,unit,"Both sexes, All age groups, Seasonally adjusted",60.56666564941406,65.18333435058594,7.0333333015441895,Number,unit,Total of all violations-Actual incidents,34373.17
New Brunswick,1985-03,"Index, 201612=100",units,74.1,54.4,69.4,,,,,,,,,,,,,,,,,Persons,unit,398189.0,574391.0,Persons,thousands,"Both sexes, All age groups, Seasonally adjusted",160.8000030517578,137.14999389648438,191.4166717529297,23.649999618530273,327.3666687011719,30.649999618530273,Percentage,unit,"Both sexes, All age groups, Seasonally adjusted",46.0,55.08333206176758,15.683333396911621,,,,
New Brunswick,1985-04,"Index, 201612=100",units,74.4,54.8,69.7,,,,,,,,,,,,,,,,,Persons,unit,397290.0,568863.0,Persons,thousands,"Both sexes, All age groups, Seasonally adjusted",164.3333282470703,137.6666717529297,192.01666259765625,26.649999618530273,327.6000061035156,27.683332443237305,Percentage,unit,"Both sexes, All age groups, Seasonally adjusted",47.04999923706055,55.33333206176758,14.166666984558105,,,,
New Brunswick,1985-12,"Index, 201612=100",units,75.1,56.0,70.6,,,,,,,,,,,,,,,,,Persons,unit,421798.0,601639.0,Persons,thousands,"Both sexes, All age groups, Seasonally adjusted",168.68333435058594,143.61666870117188,197.75,25.100000381469727,329.8166809082031,29.049999237060547,Percentage,unit,"Both sexes, All age groups, Seasonally adjusted",47.79999923706055,56.43333435058594,14.733333587646484,,,,
New Brunswick,1985-01,"Index, 201612=100",units,71.3,51.2,66.6,,,,,,,,,,,,,,,,,Persons,unit,334230.0,482184.0,Persons,thousands,"Both sexes, All age groups, Seasonally adjusted",160.56666564941406,136.0833282470703,188.81666564941406,24.5,326.75,28.233333587646484,Percentage,unit,"Both sexes, All age groups, Seasonally adjusted",45.96666717529297,54.349998474121094,14.550000190734863,,,,
New Brunswick,1985-09,"Index, 201612=100",units,75.1,55.7,70.6,,,,,,,,,,,,,,,,,Persons,unit,490288.0,716345.0,Persons,thousands,"Both sexes, All age groups, Seasonally adjusted",167.76666259765625,142.0,195.0500030517578,25.78333282470703,329.2166748046875,27.266666412353516,Percentage,unit,"Both sexes, All age groups, Seasonally adjusted",47.63333511352539,55.81666564941406,14.116666793823242,,,,
New Brunswick,1985-05,"Index, 201612=100",units,75.1,55.7,70.6,,,,,,,,,,,,,,,,,Persons,unit,454691.0,650620.0,Persons,thousands,"Both sexes, All age groups, Seasonally adjusted",163.25,137.60000610351562,190.5500030517578,25.649999618530273,327.9666748046875,27.299999237060547,Percentage,unit,"Both sexes, All age groups, Seasonally adjusted",46.58333206176758,54.78333282470703,14.283333778381348,,,,
New Brunswick,1985-06,"Index, 201612=100",units,75.1,55.7,70.6,,,,,,,,,,,,,,,,,Persons,unit,478141.0,704452.0,Persons,thousands,"Both sexes, All age groups, Seasonally adjusted",162.96665954589844,136.39999389648438,191.73333740234375,26.566667556762695,328.3166809082031,28.799999237060547,Percentage,unit,"Both sexes, All age groups, Seasonally adjusted",46.483333587646484,55.11666488647461,14.916666984558105,,,,
New Brunswick,1985-10,"Index, 201612=100",units,75.1,55.7,70.6,,,,,,,,,,,,,,,,,Persons,unit,462807.0,659712.0,Persons,thousands,"Both sexes, All age groups, Seasonally adjusted",166.39999389648438,141.14999389648438,194.0833282470703,25.25,329.4166564941406,27.66666603088379,Percentage,unit,"Both sexes, All age groups, Seasonally adjusted",47.16666793823242,55.38333511352539,14.399999618530273,,,,
New Brunswick,1985-02,"Index, 201612=100",units,72.0,52.5,67.4,,,,,,,,,,,,,,,,,Persons,unit,331238.0,474922.0,Persons,thousands,"Both sexes, All age groups, Seasonally adjusted",159.89999389648438,136.81666564941406,188.5,23.08333396911621,327.0,28.600000381469727,Percentage,unit,"Both sexes, All age groups, Seasonally adjusted",45.75,54.29999923706055,15.083333015441895,,,,
New Brunswick,1985-11,"Index, 201612=100",units,75.1,56.0,70.6,,,,,,,,,,,,,,,,,Persons,unit,416584.0,585032.0,Persons,thousands,"Both sexes, All age groups, Seasonally adjusted",167.0,142.1666717529297,195.88333129882812,24.816667556762695,329.5833435058594,28.899999618530273,Percentage,unit,"Both sexes, All age groups, Seasonally adjusted",47.25,55.83333206176758,14.75,,,,
New Brunswick,1985-08,"Index, 201612=100",units,75.1,55.7,70.6,,,,,,,,,,,,,,,,,Persons,unit,583332.0,899436.0,Persons,thousands,"Both sexes, All age groups, Seasonally adjusted",164.0833282470703,138.18333435058594,192.5500030517578,25.883333206176758,328.8333435058594,28.46666717529297,Percentage,unit,"Both sexes, All age groups, Seasonally adjusted",46.71666717529297,55.21666717529297,14.850000381469727,,,,
New Brunswick,1985-07,"Index, 201612=100",units,75.1,55.7,70.6,,,,,,,,,,,,,,,,,Persons,unit,559334.0,895105.0,Persons,thousands,"Both sexes, All age groups, Seasonally adjusted",165.5,138.73333740234375,193.51666259765625,26.766666412353516,328.6333312988281,28.03333282470703,Percentage,unit,"Both sexes, All age groups, Seasonally adjusted",47.18333435058594,55.56666564941406,14.350000381469727,,,,
Newfoundland and Labrador,2007-03,"Index, 201612=100",units,66.9,58.6,64.3,Dollars,units,"Median total income,Both sexes,All age groups",1858.33,,,,,,,,,,,,,Persons,unit,3256.0,10195.0,Persons,thousands,"Both sexes, All age groups, Seasonally adjusted",138.25,121.0999984741211,160.73333740234375,17.149999618530273,261.4333190917969,22.483333587646484,Percentage,unit,"Both sexes, All age groups, Seasonally adjusted",49.70000076293945,58.16666793823242,14.699999809265137,Number,unit,Total of all violations-Actual incidents,2975.92
Newfoundland and Labrador,2007-09,"Index, 201612=100",units,70.6,59.8,67.3,Dollars,units,"Median total income,Both sexes,All age groups",1858.33,,,,,,,,,,,,,Persons,unit,2090.0,18070.0,Persons,thousands,"Both sexes, All age groups, Seasonally adjusted",139.9166717529297,121.4000015258789,161.56666564941406,18.53333282470703,261.8500061035156,21.633333206176758,Percentage,unit,"Both sexes, All age groups, Seasonally adjusted",50.150001525878906,58.36666488647461,14.316666603088379,Number,unit,Total of all violations-Actual incidents,2975.92
Newfoundland and Labrador,2007-07,"Index, 201612=100",units,68.4,60.3,65.9,Dollars,units,"Median total income,Both sexes,All age groups",1858.33,,,,,,,,,,,,,Persons,unit,4727.0,21633.0,Persons,thousands,"Both sexes, All age groups, Seasonally adjusted",139.6666717529297,120.48332977294922,160.14999389648438,19.200000762939453,261.4333190917969,20.483333587646484,Percentage,unit,"Both sexes, All age groups, Seasonally adjusted",50.18333435058594,57.91666793823242,13.5,Number,unit,Total of all violations-Actual incidents,2975.92
Newfoundland and Labrador,2007-12,"Index, 201612=100",units,72.6,61.3,69.2,Dollars,units,"Median total income,Both sexes,All age groups",1858.33,,,,,,,,,,,,,Persons,unit,608.0,7806.0,Persons,thousands,"Both sexes, All age groups, Seasonally adjusted",141.10000610351562,122.93333435058594,160.68333435058594,18.133333206176758,262.4166564941406,19.58333396911621,Percentage,unit,"Both sexes, All age groups, Seasonally adjusted",50.45000076293945,57.983333587646484,13.350000381469727,Number,unit,Total of all violations-Actual incidents,2975.92
Newfoundland and Labrador,2007-10,"Index, 201612=100",units,71.1,60.3,67.9,Dollars,units,"Median total income,Both sexes,All age groups",1858.33,,,,,,,,,,,,,Persons,unit,964.0,11894.0,Persons,thousands,"Both sexes, All age groups, Seasonally adjusted",140.0833282470703,121.81666564941406,162.0500030517578,18.266666412353516,262.04998779296875,21.950000762939453,Percentage,unit,"Both sexes, All age groups, Seasonally adjusted",50.21666717529297,58.56666564941406,14.283333778381348,Number,unit,Total of all violations-Actual incidents,2975.92
Newfoundland and Labrador,2007-11,"Index, 201612=100",units,71.8,60.3,68.3,Dollars,units,"Median total income,Both sexes,All age groups",1858.33,,,,,,,,,,,,,Persons,unit,874.0,8810.0,Persons,thousands,"Both sexes, All age groups, Seasonally adjusted",139.51666259765625,121.0999984741211,159.5500030517578,18.399999618530273,262.26666259765625,20.066667556762695,Percentage,unit,"Both sexes, All age groups, Seasonally adjusted",49.88333511352539,57.75,13.800000190734863,Number,unit,Total of all violations-Actual incidents,2975.92
Newfoundland and Labrador,2007-01,"Index, 201612=100",units,66.7,58.1,64.1,Dollars,units,"Median total income,Both sexes,All age groups",1858.33,,,,,,,,,,,,,Persons,unit,445.0,7408.0,Persons,thousands,"Both sexes, All age groups, Seasonally adjusted",137.98333740234375,118.76667022705078,162.23333740234375,19.25,261.8166809082031,24.25,Percentage,unit,"Both sexes, All age groups, Seasonally adjusted",49.41666793823242,58.61666488647461,15.783333778381348,Number,unit,Total of all violations-Actual incidents,2975.92
Newfoundland and Labrador,2007-04,"Index, 201612=100",units,66.9,58.1,64.2,Dollars,units,"Median total income,Both sexes,All age groups",1858.33,,,,,,,,,,,,,Persons,unit,6254.0,14051.0,Persons,thousands,"Both sexes, All age groups, Seasonally adjusted",138.98333740234375,120.46666717529297,159.81666564941406,18.516666412353516,261.0833435058594,20.816667556762695,Percentage,unit,"Both sexes, All age groups, Seasonally adjusted",49.81666564941406,57.91666793823242,14.283333778381348,Number,unit,Total of all violations-Actual incidents,2975.92
Newfoundland and Labrador,2007-08,"Index, 201612=100",units,69.5,60.3,66.7,Dollars,units,"Median total income,Both sexes,All age groups",1858.33,,,,,,,,,,,,,Persons,unit,4401.0,20511.0,Persons,thousands,"Both sexes, All age groups, Seasonally adjusted",139.88333129882812,121.13333129882812,161.3333282470703,18.733333587646484,261.6000061035156,21.450000762939453,Percentage,unit,"Both sexes, All age groups, Seasonally adjusted",50.18333435058594,58.56666564941406,14.699999809265137,Number,unit,Total of all violations-Actual incidents,2975.92
Newfoundland and Labrador,2007-02,"Index, 201612=100",units,66.7,58.1,64.1,Dollars,units,"Median total income,Both sexes,All age groups",1858.33,,,,,,,,,,,,,Persons,unit,1082.0,6904.0,Persons,thousands,"Both sexes, All age groups, Seasonally adjusted",138.96665954589844,119.91666412353516,161.51666259765625,19.03333282470703,261.70001220703125,22.566667556762695,Percentage,unit,"Both sexes, All age groups, Seasonally adjusted",50.06666564941406,58.56666564941406,14.766666412353516,Number,unit,Total of all violations-Actual incidents,2975.92
Newfoundland and Labrador,2007-06,"Index, 201612=100",units,67.7,59.2,65.1,Dollars,units,"Median total income,Both sexes,All age groups",1858.33,,,,,,,,,,,,,Persons,unit,2730.0,15008.0,Persons,thousands,"Both sexes, All age groups, Seasonally adjusted",138.56666564941406,117.6500015258789,159.64999389648438,20.883333206176758,261.2166748046875,21.066667556762695,Percentage,unit,"Both sexes, All age groups, Seasonally adjusted",49.849998474121094,57.983333587646484,14.149999618530273,Number,unit,Total of all violations-Actual incidents,2975.92
Newfoundland and Labrador,2007-05,"Index, 201612=100",units,67.7,59.2,65.1,Dollars,units,"Median total income,Both sexes,All age groups",1858.33,,,,,,,,,,,,,Persons,unit,4722.0,13873.0,Persons,thousands,"Both sexes, All age groups, Seasonally adjusted",139.38333129882812,119.86666870117188,160.0833282470703,19.58333396911621,261.0833435058594,20.700000762939453,Percentage,unit,"Both sexes, All age groups, Seasonally adjusted",50.13333511352539,58.04999923706055,13.883333206176758,Number,unit,Total of all violations-Actual incidents,2975.92
Prairie Region,1993-03,"Index, 201612=100",units,38.9,37.9,38.4,,,,,,,,,,,,,,,,,,,,,,,,,,,,,,,,,,,,,,,
Prairie Region,1993-08,"Index, 201612=100",units,38.3,37.9,37.9,,,,,,,,,,,,,,,,,,,,,,,,,,,,,,,,,,,,,,,
Prairie Region,1993-01,"Index, 201612=100",units,37.2,37.7,37.1,,,,,,,,,,,,,,,,,,,,,,,,,,,,,,,,,,,,,,,
Prairie Region,1993-10,"Index, 201612=100",units,38.4,37.8,37.9,,,,,,,,,,,,,,,,,,,,,,,,,,,,,,,,,,,,,,,
Prairie Region,1993-12,"Index, 201612=100",units,38.7,37.9,38.2,,,,,,,,,,,,,,,,,,,,,,,,,,,,,,,,,,,,,,,
Prairie Region,1993-02,"Index, 201612=100",units,37.7,37.8,37.5,,,,,,,,,,,,,,,,,,,,,,,,,,,,,,,,,,,,,,,
Prairie Region,1993-06,"Index, 201612=100",units,38.3,37.9,37.9,,,,,,,,,,,,,,,,,,,,,,,,,,,,,,,,,,,,,,,
Prairie Region,1993-07,"Index, 201612=100",units,38.3,37.9,37.9,,,,,,,,,,,,,,,,,,,,,,,,,,,,,,,,,,,,,,,
Prairie Region,1993-05,"Index, 201612=100",units,38.8,37.9,38.3,,,,,,,,,,,,,,,,,,,,,,,,,,,,,,,,,,,,,,,
Prairie Region,1993-09,"Index, 201612=100",units,38.3,37.9,37.9,,,,,,,,,,,,,,,,,,,,,,,,,,,,,,,,,,,,,,,
Prairie Region,1993-11,"Index, 201612=100",units,38.5,37.8,38.0,,,,,,,,,,,,,,,,,,,,,,,,,,,,,,,,,,,,,,,
Prairie Region,1993-04,"Index, 201612=100",units,38.8,37.9,38.3,,,,,,,,,,,,,,,,,,,,,,,,,,,,,,,,,,,,,,,
Saskatchewan,2002-04,"Index, 201612=100",units,44.96666666666667,40.266666666666666,43.63333333333333,Dollars,units,"Median total income,Both sexes,All age groups",1758.33,,,,,,,,,,,,,Persons,unit,22311.0,42440.0,Persons,thousands,"Both sexes, All age groups, Seasonally adjusted",290.3666687011719,234.21665954589844,307.73333740234375,56.16666793823242,448.8999938964844,17.350000381469727,Percentage,unit,"Both sexes, All age groups, Seasonally adjusted",60.95000076293945,64.94999694824219,6.166666507720947,Number,unit,Total of all violations-Actual incidents,12863.5
Saskatchewan,2002-12,"Index, 201612=100",units,45.63333333333333,42.5,44.666666666666664,Dollars,units,"Median total income,Both sexes,All age groups",1758.33,,,,,,,,,,,,,Persons,unit,17226.0,38375.0,Persons,thousands,"Both sexes, All age groups, Seasonally adjusted",299.5333251953125,243.39999389648438,317.6000061035156,56.11666488647461,449.25,18.049999237060547,Percentage,unit,"Both sexes, All age groups, Seasonally adjusted",63.349998474121094,67.53333282470703,6.016666889190674,Number,unit,Total of all violations-Actual incidents,12863.5
Saskatchewan,2002-10,"Index, 201612=100",units,45.43333333333333,41.96666666666667,44.4,Dollars,units,"Median total income,Both sexes,All age groups",1758.33,,,,,,,,,,,,,Persons,unit,20001.0,46046.0,Persons,thousands,"Both sexes, All age groups, Seasonally adjusted",300.3999938964844,244.21665954589844,318.04998779296875,56.20000076293945,448.8999938964844,17.66666603088379,Percentage,unit,"Both sexes, All age groups, Seasonally adjusted",63.5,67.66666412353516,5.983333110809326,Number,unit,Total of all violations-Actual incidents,12863.5
Saskatchewan,2002-06,"Index, 201612=100",units,44.96666666666667,41.1,43.833333333333336,Dollars,units,"Median total income,Both sexes,All age groups",1758.33,,,,,,,,,,,,,Persons,unit,19176.0,54007.0,Persons,thousands,"Both sexes, All age groups, Seasonally adjusted",295.29998779296875,239.0,311.8833312988281,56.28333282470703,448.76666259765625,16.549999237060547,Percentage,unit,"Both sexes, All age groups, Seasonally adjusted",62.36666488647461,66.25,5.7166666984558105,Number,unit,Total of all violations-Actual incidents,12863.5
Saskatchewan,2002-05,"Index, 201612=100",units,44.96666666666667,40.266666666666666,43.63333333333333,Dollars,units,"Median total income,Both sexes,All age groups",1758.33,,,,,,,,,,,,,Persons,unit,19652.0,47299.0,Persons,thousands,"Both sexes, All age groups, Seasonally adjusted",294.1333312988281,236.23333740234375,311.8500061035156,57.93333435058594,448.79998779296875,17.71666717529297,Percentage,unit,"Both sexes, All age groups, Seasonally adjusted",62.03333282470703,66.21666717529297,6.233333110809326,Number,unit,Total of all violations-Actual incidents,12863.5
Saskatchewan,2002-08,"Index, 201612=100",units,45.4,41.73333333333334,44.29999999999999,Dollars,units,"Median total income,Both sexes,All age groups",1758.33,,,,,,,,,,,,,Persons,unit,30252.0,65133.0,Persons,thousands,"Both sexes, All age groups, Seasonally adjusted",298.8500061035156,242.28334045410156,314.4666748046875,56.56666564941406,448.70001220703125,15.583333015441895,Percentage,unit,"Both sexes, All age groups, Seasonally adjusted",63.20000076293945,66.83333587646484,5.366666793823242,Number,unit,Total of all violations-Actual incidents,12863.5
Saskatchewan,2002-03,"Index, 201612=100",units,44.96666666666667,40.266666666666666,43.63333333333333,Dollars,units,"Median total income,Both sexes,All age groups",1758.33,,,,,,,,,,,,,Persons,unit,22162.0,40830.0,Persons,thousands,"Both sexes, All age groups, Seasonally adjusted",291.6333312988281,234.14999389648438,308.7166748046875,57.483333587646484,448.95001220703125,17.100000381469727,Percentage,unit,"Both sexes, All age groups, Seasonally adjusted",61.28333282470703,65.18333435058594,5.949999809265137,Number,unit,Total of all violations-Actual incidents,12863.5
Saskatchewan,2002-01,"Index, 201612=100",units,44.63333333333333,39.7,43.23333333333333,Dollars,units,"Median total income,Both sexes,All age groups",1758.33,,,,,,,,,,,,,Persons,unit,19528.0,37098.0,Persons,thousands,"Both sexes, All age groups, Seasonally adjusted",289.1333312988281,234.06666564941406,305.8666687011719,55.06666564941406,448.8999938964844,16.733333587646484,Percentage,unit,"Both sexes, All age groups, Seasonally adjusted",60.70000076293945,64.58333587646484,5.983333110809326,Number,unit,Total of all violations-Actual incidents,12863.5
Saskatchewan,2002-09,"Index, 201612=100",units,45.4,41.733333333333334,44.29999999999999,Dollars,units,"Median total income,Both sexes,All age groups",1758.33,,,,,,,,,,,,,Persons,unit,19573.0,46527.0,Persons,thousands,"Both sexes, All age groups, Seasonally adjusted",299.8833312988281,244.61666870117188,316.0666809082031,55.28333282470703,448.79998779296875,16.183332443237305,Percentage,unit,"Both sexes, All age groups, Seasonally adjusted",63.43333435058594,67.23332977294922,5.433333396911621,Number,unit,Total of all violations-Actual incidents,12863.5
Saskatchewan,2002-02,"Index, 201612=100",units,44.76666666666667,40.0,43.4,Dollars,units,"Median total income,Both sexes,All age groups",1758.33,,,,,,,,,,,,,Persons,unit,20064.0,37041.0,Persons,thousands,"Both sexes, All age groups, Seasonally adjusted",292.25,235.56666564941406,308.76666259765625,56.650001525878906,448.8999938964844,16.516666412353516,Percentage,unit,"Both sexes, All age groups, Seasonally adjusted",61.266666412353516,65.05000305175781,5.7166666984558105,Number,unit,Total of all violations-Actual incidents,12863.5
Saskatchewan,2002-11,"Index, 201612=100",units,45.63333333333333,42.5,44.666666666666664,Dollars,units,"Median total income,Both sexes,All age groups",1758.33,,,,,,,,,,,,,Persons,unit,17013.0,40665.0,Persons,thousands,"Both sexes, All age groups, Seasonally adjusted",300.6166687011719,244.25,318.20001220703125,56.36666488647461,449.04998779296875,17.58333396911621,Percentage,unit,"Both sexes, All age groups, Seasonally adjusted",63.650001525878906,67.73332977294922,5.800000190734863,Number,unit,Total of all violations-Actual incidents,12863.5
Saskatchewan,2002-07,"Index, 201612=100",units,45.300000000000004,41.1,44.1,Dollars,units,"Median total income,Both sexes,All age groups",1758.33,,,,,,,,,,,,,Persons,unit,29644.0,67616.0,Persons,thousands,"Both sexes, All age groups, Seasonally adjusted",295.6499938964844,239.9166717529297,311.6499938964844,55.70000076293945,448.70001220703125,16.016666412353516,Percentage,unit,"Both sexes, All age groups, Seasonally adjusted",62.46666717529297,66.25,5.566666603088379,Number,unit,Total of all violations-Actual incidents,12863.5
