province,REF_DATE,uom_houseindex,scalar_houseindex,avg_house_only,avg_land_only,avg_totalhouseland,uom_income,scalar_income,statistic_income,avg_income,uom_expenditure,scalar_expenditure,statistic_expenditure,avg_food_expenditures,avg_income_taxes,avg_mortageinsurance,avg_mortagePaid,avg_accomodation,avg_rent,avg_shelter,avg_total_expenditure,avg_taxes_landregfees,uom_tourist,scalar_tourist,avg_international_tourism,avg_domestic_tourism,uom_labourforce,scalar_labourforce,statistic_labourforce,avg_employment,avg_fulltime,avg_labourforce,avg_parttime,avg_population,avg_unemployment,uom_lfperc,scalar_lfperc,statistic_labourforceperc,avg_employment_rate,avg_participationrate,avg_unemploymentrate,uom_crime,scalar_crime,statistic_crime,avg_crime_incidents
Saskatchewan,2014-10,"Index, 201612=100",units,103.76666666666665,98.7,102.43333333333334,Dollars,units,"Median total income,Both sexes,All age groups",3072.5,Dollars,unit,Average expenditure per household,725.67,1289.25,10.5,403.92,1210.25,267.08,1353.17,7121.33,1.75,Persons,unit,39665.0,69513.0,Persons,thousands,"Both sexes, All age groups, Seasonally adjusted",364.29998779296875,305.70001220703125,377.6000061035156,58.63333511352539,522.2166748046875,13.316666603088379,Percentage,unit,"Both sexes, All age groups, Seasonally adjusted",67.38333129882812,70.11666870117188,3.9000000953674316,Number,unit,Total of all violations-Actual incidents,11335.67
Saskatchewan,2014-06,"Index, 201612=100",units,104.06666666666666,98.5,102.60000000000001,Dollars,units,"Median total income,Both sexes,All age groups",3072.5,Dollars,unit,Average expenditure per household,725.67,1289.25,10.5,403.92,1210.25,267.08,1353.17,7121.33,1.75,Persons,unit,36891.0,71922.0,Persons,thousands,"Both sexes, All age groups, Seasonally adjusted",360.1000061035156,302.95001220703125,373.6499938964844,57.16666793823242,520.0333251953125,13.5,Percentage,unit,"Both sexes, All age groups, Seasonally adjusted",66.63333129882812,69.43333435058594,3.9666666984558105,Number,unit,Total of all violations-Actual incidents,11335.67
Saskatchewan,2014-11,"Index, 201612=100",units,103.73333333333335,98.60000000000001,102.40000000000002,Dollars,units,"Median total income,Both sexes,All age groups",3072.5,Dollars,unit,Average expenditure per household,725.67,1289.25,10.5,403.92,1210.25,267.08,1353.17,7121.33,1.75,Persons,unit,45136.0,69885.0,Persons,thousands,"Both sexes, All age groups, Seasonally adjusted",361.95001220703125,302.76666259765625,374.54998779296875,59.18333435058594,522.6333618164062,12.616666793823242,Percentage,unit,"Both sexes, All age groups, Seasonally adjusted",66.58333587646484,69.19999694824219,3.7666666507720947,Number,unit,Total of all violations-Actual incidents,11335.67
Saskatchewan,2014-03,"Index, 201612=100",units,104.13333333333333,98.13333333333334,102.53333333333335,Dollars,units,"Median total income,Both sexes,All age groups",3072.5,Dollars,unit,Average expenditure per household,725.67,1289.25,10.5,403.92,1210.25,267.08,1353.17,7121.33,1.75,Persons,unit,63093.0,87898.0,Persons,thousands,"Both sexes, All age groups, Seasonally adjusted",358.8500061035156,298.8833312988281,375.26666259765625,59.96666717529297,517.816650390625,16.399999618530273,Percentage,unit,"Both sexes, All age groups, Seasonally adjusted",66.6500015258789,70.08333587646484,4.833333492279053,Number,unit,Total of all violations-Actual incidents,11335.67
Saskatchewan,2014-01,"Index, 201612=100",units,104.06666666666666,98.23333333333333,102.5,Dollars,units,"Median total income,Both sexes,All age groups",3072.5,Dollars,unit,Average expenditure per household,725.67,1289.25,10.5,403.92,1210.25,267.08,1353.17,7121.33,1.75,Persons,unit,62124.0,82240.0,Persons,thousands,"Both sexes, All age groups, Seasonally adjusted",359.1833190917969,301.9333190917969,374.6666564941406,57.25,516.5166625976562,15.483333587646484,Percentage,unit,"Both sexes, All age groups, Seasonally adjusted",66.93333435058594,70.0999984741211,4.516666889190674,Number,unit,Total of all violations-Actual incidents,11335.67
Saskatchewan,2014-04,"Index, 201612=100",units,103.86666666666667,98.26666666666665,102.36666666666667,Dollars,units,"Median total income,Both sexes,All age groups",3072.5,Dollars,unit,Average expenditure per household,725.67,1289.25,10.5,403.92,1210.25,267.08,1353.17,7121.33,1.75,Persons,unit,58220.0,84241.0,Persons,thousands,"Both sexes, All age groups, Seasonally adjusted",359.51666259765625,296.9666748046875,372.2833251953125,62.58333206176758,518.5499877929688,12.766666412353516,Percentage,unit,"Both sexes, All age groups, Seasonally adjusted",66.76667022705078,69.23332977294922,3.616666555404663,Number,unit,Total of all violations-Actual incidents,11335.67
Saskatchewan,2014-02,"Index, 201612=100",units,104.2,98.23333333333333,102.60000000000001,Dollars,units,"Median total income,Both sexes,All age groups",3072.5,Dollars,unit,Average expenditure per household,725.67,1289.25,10.5,403.92,1210.25,267.08,1353.17,7121.33,1.75,Persons,unit,63108.0,83221.0,Persons,thousands,"Both sexes, All age groups, Seasonally adjusted",359.25,299.7166748046875,373.4333190917969,59.56666564941406,517.183349609375,14.149999618530273,Percentage,unit,"Both sexes, All age groups, Seasonally adjusted",66.75,69.76667022705078,4.333333492279053,Number,unit,Total of all violations-Actual incidents,11335.67
Saskatchewan,2014-05,"Index, 201612=100",units,104.10000000000001,98.3,102.53333333333335,Dollars,units,"Median total income,Both sexes,All age groups",3072.5,Dollars,unit,Average expenditure per household,725.67,1289.25,10.5,403.92,1210.25,267.08,1353.17,7121.33,1.75,Persons,unit,43515.0,73350.0,Persons,thousands,"Both sexes, All age groups, Seasonally adjusted",360.76666259765625,301.7166748046875,374.6166687011719,59.04999923706055,519.2333374023438,13.850000381469727,Percentage,unit,"Both sexes, All age groups, Seasonally adjusted",66.93333435058594,69.83333587646484,4.116666793823242,Number,unit,Total of all violations-Actual incidents,11335.67
Saskatchewan,2014-07,"Index, 201612=100",units,104.0,98.5,102.56666666666668,Dollars,units,"Median total income,Both sexes,All age groups",3072.5,Dollars,unit,Average expenditure per household,725.67,1289.25,10.5,403.92,1210.25,267.08,1353.17,7121.33,1.75,Persons,unit,52881.0,90944.0,Persons,thousands,"Both sexes, All age groups, Seasonally adjusted",362.2833251953125,304.8500061035156,374.1499938964844,57.46666717529297,520.7333374023438,11.833333015441895,Percentage,unit,"Both sexes, All age groups, Seasonally adjusted",66.91666412353516,69.3499984741211,3.549999952316284,Number,unit,Total of all violations-Actual incidents,11335.67
Saskatchewan,2014-09,"Index, 201612=100",units,103.73333333333335,98.7,102.40000000000002,Dollars,units,"Median total income,Both sexes,All age groups",3072.5,Dollars,unit,Average expenditure per household,725.67,1289.25,10.5,403.92,1210.25,267.08,1353.17,7121.33,1.75,Persons,unit,37081.0,65828.0,Persons,thousands,"Both sexes, All age groups, Seasonally adjusted",363.0333251953125,305.54998779296875,375.8166809082031,57.46666717529297,521.816650390625,12.783333778381348,Percentage,unit,"Both sexes, All age groups, Seasonally adjusted",67.05000305175781,69.66666412353516,3.75,Number,unit,Total of all violations-Actual incidents,11335.67
Saskatchewan,2014-08,"Index, 201612=100",units,103.90000000000002,98.7,102.53333333333335,Dollars,units,"Median total income,Both sexes,All age groups",3072.5,Dollars,unit,Average expenditure per household,725.67,1289.25,10.5,403.92,1210.25,267.08,1353.17,7121.33,1.75,Persons,unit,62246.0,94152.0,Persons,thousands,"Both sexes, All age groups, Seasonally adjusted",361.6333312988281,306.3166809082031,377.4333190917969,55.31666564941406,521.25,15.766666412353516,Percentage,unit,"Both sexes, All age groups, Seasonally adjusted",66.75,70.0,4.5333333015441895,Number,unit,Total of all violations-Actual incidents,11335.67
Saskatchewan,2014-12,"Index, 201612=100",units,103.63333333333333,98.60000000000001,102.33333333333333,Dollars,units,"Median total income,Both sexes,All age groups",3072.5,Dollars,unit,Average expenditure per household,725.67,1289.25,10.5,403.92,1210.25,267.08,1353.17,7121.33,1.75,Persons,unit,48893.0,72843.0,Persons,thousands,"Both sexes, All age groups, Seasonally adjusted",363.25,306.01666259765625,377.6166687011719,57.25,523.1666870117188,14.383333206176758,Percentage,unit,"Both sexes, All age groups, Seasonally adjusted",66.8499984741211,69.81666564941406,4.199999809265137,Number,unit,Total of all violations-Actual incidents,11335.67
