province,REF_DATE,uom_houseindex,scalar_houseindex,avg_house_only,avg_land_only,avg_totalhouseland,uom_income,scalar_income,statistic_income,avg_income,uom_expenditure,scalar_expenditure,statistic_expenditure,avg_food_expenditures,avg_income_taxes,avg_mortageinsurance,avg_mortagePaid,avg_accomodation,avg_rent,avg_shelter,avg_total_expenditure,avg_taxes_landregfees,uom_tourist,scalar_tourist,avg_international_tourism,avg_domestic_tourism,uom_labourforce,scalar_labourforce,statistic_labourforce,avg_employment,avg_fulltime,avg_labourforce,avg_parttime,avg_population,avg_unemployment,uom_lfperc,scalar_lfperc,statistic_labourforceperc,avg_employment_rate,avg_participationrate,avg_unemploymentrate,uom_crime,scalar_crime,statistic_crime,avg_crime_incidents
Alberta,2001-02,"Index, 201612=100",units,48.73333333333333,43.9,46.833333333333336,Dollars,units,"Median total income,Both sexes,All age groups",2041.67,,,,,,,,,,,,,Persons,unit,111929.0,183463.0,Persons,thousands,"Both sexes, All age groups, Seasonally adjusted",1028.0333251953125,849.7666625976562,1077.2166748046875,178.28334045410156,1437.38330078125,49.16666793823242,Percentage,unit,"Both sexes, All age groups, Seasonally adjusted",66.51667022705078,70.01667022705078,4.849999904632568,Number,unit,Total of all violations-Actual incidents,25564.42
Alberta,2001-03,"Index, 201612=100",units,48.833333333333336,43.96666666666666,46.9,Dollars,units,"Median total income,Both sexes,All age groups",2041.67,,,,,,,,,,,,,Persons,unit,127453.0,217617.0,Persons,thousands,"Both sexes, All age groups, Seasonally adjusted",1021.3333129882812,845.5333251953125,1072.7332763671875,175.78334045410156,1440.1500244140625,51.38333511352539,Percentage,unit,"Both sexes, All age groups, Seasonally adjusted",66.06666564941406,69.55000305175781,4.849999904632568,Number,unit,Total of all violations-Actual incidents,25564.42
Alberta,2001-10,"Index, 201612=100",units,49.833333333333336,44.73333333333333,47.86666666666667,Dollars,units,"Median total income,Both sexes,All age groups",2041.67,,,,,,,,,,,,,Persons,unit,76706.0,147095.0,Persons,thousands,"Both sexes, All age groups, Seasonally adjusted",1041.566650390625,867.5,1088.7332763671875,174.0833282470703,1463.13330078125,47.150001525878906,Percentage,unit,"Both sexes, All age groups, Seasonally adjusted",66.30000305175781,69.69999694824219,4.7833333015441895,Number,unit,Total of all violations-Actual incidents,25564.42
Alberta,2001-06,"Index, 201612=100",units,49.26666666666666,44.4,47.36666666666667,Dollars,units,"Median total income,Both sexes,All age groups",2041.67,,,,,,,,,,,,,Persons,unit,79475.0,235452.0,Persons,thousands,"Both sexes, All age groups, Seasonally adjusted",1038.2667236328125,863.4166870117188,1086.0,174.88333129882812,1449.63330078125,47.71666717529297,Percentage,unit,"Both sexes, All age groups, Seasonally adjusted",66.5999984741211,69.93333435058594,4.666666507720947,Number,unit,Total of all violations-Actual incidents,25564.42
Alberta,2001-07,"Index, 201612=100",units,49.56666666666666,44.43333333333334,47.6,Dollars,units,"Median total income,Both sexes,All age groups",2041.67,,,,,,,,,,,,,Persons,unit,109736.0,321084.0,Persons,thousands,"Both sexes, All age groups, Seasonally adjusted",1032.0167236328125,848.1500244140625,1080.5333251953125,183.86666870117188,1453.11669921875,48.516666412353516,Percentage,unit,"Both sexes, All age groups, Seasonally adjusted",66.03333282470703,69.5,4.900000095367432,Number,unit,Total of all violations-Actual incidents,25564.42
Alberta,2001-01,"Index, 201612=100",units,48.666666666666664,43.833333333333336,46.76666666666667,Dollars,units,"Median total income,Both sexes,All age groups",2041.67,,,,,,,,,,,,,Persons,unit,113428.0,183041.0,Persons,thousands,"Both sexes, All age groups, Seasonally adjusted",1022.1166381835938,843.9666748046875,1076.4000244140625,178.14999389648438,1434.86669921875,54.28333282470703,Percentage,unit,"Both sexes, All age groups, Seasonally adjusted",66.28333282470703,70.08333587646484,5.2833333015441895,Number,unit,Total of all violations-Actual incidents,25564.42
Alberta,2001-11,"Index, 201612=100",units,50.20000000000001,44.866666666666674,48.13333333333333,Dollars,units,"Median total income,Both sexes,All age groups",2041.67,,,,,,,,,,,,,Persons,unit,67616.0,125509.0,Persons,thousands,"Both sexes, All age groups, Seasonally adjusted",1042.4832763671875,869.25,1088.75,173.26666259765625,1466.1500244140625,46.266666412353516,Percentage,unit,"Both sexes, All age groups, Seasonally adjusted",66.16666412353516,69.41666412353516,4.516666889190674,Number,unit,Total of all violations-Actual incidents,25564.42
Alberta,2001-09,"Index, 201612=100",units,49.79999999999999,44.73333333333333,47.800000000000004,Dollars,units,"Median total income,Both sexes,All age groups",2041.67,,,,,,,,,,,,,Persons,unit,68467.0,177504.0,Persons,thousands,"Both sexes, All age groups, Seasonally adjusted",1037.36669921875,859.6666870117188,1080.2166748046875,177.68333435058594,1460.0167236328125,42.849998474121094,Percentage,unit,"Both sexes, All age groups, Seasonally adjusted",66.28333282470703,69.31666564941406,4.25,Number,unit,Total of all violations-Actual incidents,25564.42
Alberta,2001-12,"Index, 201612=100",units,50.333333333333336,44.866666666666674,48.199999999999996,Dollars,units,"Median total income,Both sexes,All age groups",2041.67,,,,,,,,,,,,,Persons,unit,71691.0,150248.0,Persons,thousands,"Both sexes, All age groups, Seasonally adjusted",1041.63330078125,871.2000122070312,1096.5,170.4499969482422,1468.933349609375,54.86666488647461,Percentage,unit,"Both sexes, All age groups, Seasonally adjusted",66.01667022705078,69.9000015258789,5.316666603088379,Number,unit,Total of all violations-Actual incidents,25564.42
Alberta,2001-08,"Index, 201612=100",units,49.63333333333333,44.63333333333333,47.666666666666664,Dollars,units,"Median total income,Both sexes,All age groups",2041.67,,,,,,,,,,,,,Persons,unit,119972.0,305724.0,Persons,thousands,"Both sexes, All age groups, Seasonally adjusted",1033.8333740234375,855.7000122070312,1078.449951171875,178.11666870117188,1456.699951171875,44.63333511352539,Percentage,unit,"Both sexes, All age groups, Seasonally adjusted",66.0,69.3499984741211,4.7833333015441895,Number,unit,Total of all violations-Actual incidents,25564.42
Alberta,2001-04,"Index, 201612=100",units,48.96666666666667,44.06666666666666,47.0,Dollars,units,"Median total income,Both sexes,All age groups",2041.67,,,,,,,,,,,,,Persons,unit,118402.0,194959.0,Persons,thousands,"Both sexes, All age groups, Seasonally adjusted",1028.5167236328125,850.4166870117188,1080.13330078125,178.0500030517578,1443.88330078125,51.63333511352539,Percentage,unit,"Both sexes, All age groups, Seasonally adjusted",66.36666870117188,69.91666412353516,4.916666507720947,Number,unit,Total of all violations-Actual incidents,25564.42
Alberta,2001-05,"Index, 201612=100",units,48.96666666666667,44.166666666666664,47.03333333333333,Dollars,units,"Median total income,Both sexes,All age groups",2041.67,,,,,,,,,,,,,Persons,unit,90094.0,192646.0,Persons,thousands,"Both sexes, All age groups, Seasonally adjusted",1033.7166748046875,855.433349609375,1080.8499755859375,178.3000030517578,1446.7166748046875,47.08333206176758,Percentage,unit,"Both sexes, All age groups, Seasonally adjusted",66.46666717529297,69.81666564941406,4.616666793823242,Number,unit,Total of all violations-Actual incidents,25564.42
Atlantic Region,2001-04,"Index, 201612=100",units,65.6,59.1,64.1,,,,,,,,,,,,,,,,,,,,,,,,,,,,,,,,,,,,,,,
Atlantic Region,2001-01,"Index, 201612=100",units,65.7,59.1,64.2,,,,,,,,,,,,,,,,,,,,,,,,,,,,,,,,,,,,,,,
Atlantic Region,2001-05,"Index, 201612=100",units,65.9,59.4,64.4,,,,,,,,,,,,,,,,,,,,,,,,,,,,,,,,,,,,,,,
Atlantic Region,2001-07,"Index, 201612=100",units,66.2,59.5,64.7,,,,,,,,,,,,,,,,,,,,,,,,,,,,,,,,,,,,,,,
Atlantic Region,2001-06,"Index, 201612=100",units,65.8,59.3,64.2,,,,,,,,,,,,,,,,,,,,,,,,,,,,,,,,,,,,,,,
Atlantic Region,2001-02,"Index, 201612=100",units,65.5,59.1,64.1,,,,,,,,,,,,,,,,,,,,,,,,,,,,,,,,,,,,,,,
Atlantic Region,2001-11,"Index, 201612=100",units,66.8,60.0,65.2,,,,,,,,,,,,,,,,,,,,,,,,,,,,,,,,,,,,,,,
Atlantic Region,2001-03,"Index, 201612=100",units,65.6,59.1,64.1,,,,,,,,,,,,,,,,,,,,,,,,,,,,,,,,,,,,,,,
Atlantic Region,2001-08,"Index, 201612=100",units,66.5,59.7,64.8,,,,,,,,,,,,,,,,,,,,,,,,,,,,,,,,,,,,,,,
Atlantic Region,2001-12,"Index, 201612=100",units,66.9,60.0,65.3,,,,,,,,,,,,,,,,,,,,,,,,,,,,,,,,,,,,,,,
Atlantic Region,2001-10,"Index, 201612=100",units,66.7,59.8,65.1,,,,,,,,,,,,,,,,,,,,,,,,,,,,,,,,,,,,,,,
Atlantic Region,2001-09,"Index, 201612=100",units,66.5,59.7,64.9,,,,,,,,,,,,,,,,,,,,,,,,,,,,,,,,,,,,,,,
Canada,1995-12,"Index, 201612=100",units,51.3,66.4,55.7,,,,,,,,,,,,,,,,,Persons,unit,3936823.0,7037421.0,Persons,thousands,"Both sexes, All age groups, Seasonally adjusted",6033.388671875,6988.41650390625,6655.533203125,1538.2166748046875,10040.6552734375,622.1555786132812,Percentage,unit,"Both sexes, All age groups, Seasonally adjusted",54.0444450378418,60.66666793823242,10.833333015441895,,,,
Canada,1995-11,"Index, 201612=100",units,51.3,66.4,55.6,,,,,,,,,,,,,,,,,Persons,unit,3982072.0,7022707.0,Persons,thousands,"Both sexes, All age groups, Seasonally adjusted",6016.06689453125,6988.9501953125,6629.27783203125,1513.066650390625,10031.4775390625,613.2333374023438,Percentage,unit,"Both sexes, All age groups, Seasonally adjusted",53.93333435058594,60.38888931274414,10.644444465637207,,,,
Canada,1995-02,"Index, 201612=100",units,52.2,67.4,56.7,,,,,,,,,,,,,,,,,Persons,unit,3469316.0,6087648.0,Persons,thousands,"Both sexes, All age groups, Seasonally adjusted",5991.98876953125,6990.9833984375,6624.15576171875,1465.9832763671875,9934.1669921875,632.1555786132812,Percentage,unit,"Both sexes, All age groups, Seasonally adjusted",54.55555725097656,61.122222900390625,10.666666984558105,,,,
Canada,1995-04,"Index, 201612=100",units,52.1,67.4,56.5,,,,,,,,,,,,,,,,,Persons,unit,4712307.0,8032500.0,Persons,thousands,"Both sexes, All age groups, Seasonally adjusted",5993.48876953125,6983.13330078125,6620.36669921875,1479.2332763671875,9954.56640625,626.888916015625,Percentage,unit,"Both sexes, All age groups, Seasonally adjusted",54.400001525878906,61.022220611572266,10.833333015441895,,,,
Canada,1995-10,"Index, 201612=100",units,51.4,66.6,55.9,,,,,,,,,,,,,,,,,Persons,unit,4609001.0,8406927.0,Persons,thousands,"Both sexes, All age groups, Seasonally adjusted",6030.611328125,7020.7001953125,6649.0556640625,1498.699951171875,10021.7333984375,618.4444580078125,Percentage,unit,"Both sexes, All age groups, Seasonally adjusted",54.233333587646484,60.766666412353516,10.711111068725586,,,,
Canada,1995-05,"Index, 201612=100",units,52.0,67.2,56.4,,,,,,,,,,,,,,,,,Persons,unit,4750692.0,8935523.0,Persons,thousands,"Both sexes, All age groups, Seasonally adjusted",5991.06689453125,6960.5,6620.7333984375,1498.8333740234375,9967.7333984375,629.6333618164062,Percentage,unit,"Both sexes, All age groups, Seasonally adjusted",54.27777862548828,60.877777099609375,10.733333587646484,,,,
Canada,1995-06,"Index, 201612=100",units,51.8,67.0,56.3,,,,,,,,,,,,,,,,,Persons,unit,4674466.0,9850777.0,Persons,thousands,"Both sexes, All age groups, Seasonally adjusted",5998.533203125,6972.466796875,6628.64453125,1496.75,9978.255859375,630.111083984375,Percentage,unit,"Both sexes, All age groups, Seasonally adjusted",54.344444274902344,61.0,10.833333015441895,,,,
Canada,1995-03,"Index, 201612=100",units,52.2,67.4,56.6,,,,,,,,,,,,,,,,,Persons,unit,4685167.0,7668644.0,Persons,thousands,"Both sexes, All age groups, Seasonally adjusted",6004.06689453125,7008.283203125,6648.9111328125,1466.36669921875,9944.033203125,644.8555297851562,Percentage,unit,"Both sexes, All age groups, Seasonally adjusted",54.588890075683594,61.36666488647461,10.95555591583252,,,,
Canada,1995-08,"Index, 201612=100",units,51.8,67.0,56.2,,,,,,,,,,,,,,,,,Persons,unit,6045779.0,1.2629445E7,Persons,thousands,"Both sexes, All age groups, Seasonally adjusted",6006.77783203125,6992.35009765625,6640.43310546875,1492.1500244140625,10001.7666015625,633.6555786132812,Percentage,unit,"Both sexes, All age groups, Seasonally adjusted",54.16666793823242,60.85555648803711,10.88888931274414,,,,
Canada,1995-07,"Index, 201612=100",units,51.8,66.9,56.2,,,,,,,,,,,,,,,,,Persons,unit,6063281.0,1.2765577E7,Persons,thousands,"Both sexes, All age groups, Seasonally adjusted",5998.0224609375,6980.4833984375,6638.57763671875,1491.0999755859375,9988.8330078125,640.5555419921875,Percentage,unit,"Both sexes, All age groups, Seasonally adjusted",54.17777633666992,60.9555549621582,11.066666603088379,,,,
Canada,1995-01,"Index, 201612=100",units,52.3,67.6,56.8,,,,,,,,,,,,,,,,,Persons,unit,3990314.0,6582915.0,Persons,thousands,"Both sexes, All age groups, Seasonally adjusted",5994.0888671875,6981.93310546875,6629.25537109375,1474.683349609375,9925.078125,635.2000122070312,Percentage,unit,"Both sexes, All age groups, Seasonally adjusted",54.75555419921875,61.400001525878906,10.855555534362793,,,,
Canada,1995-09,"Index, 201612=100",units,51.7,66.9,56.2,,,,,,,,,,,,,,,,,Persons,unit,4777430.0,9658507.0,Persons,thousands,"Both sexes, All age groups, Seasonally adjusted",6021.388671875,7002.25,6633.1220703125,1509.550048828125,10011.5107421875,611.7111206054688,Percentage,unit,"Both sexes, All age groups, Seasonally adjusted",53.96666717529297,60.488887786865234,10.699999809265137,,,,
