province,REF_DATE,uom_houseindex,scalar_houseindex,avg_house_only,avg_land_only,avg_totalhouseland,uom_income,scalar_income,statistic_income,avg_income,uom_expenditure,scalar_expenditure,statistic_expenditure,avg_food_expenditures,avg_income_taxes,avg_mortageinsurance,avg_mortagePaid,avg_accomodation,avg_rent,avg_shelter,avg_total_expenditure,avg_taxes_landregfees,uom_tourist,scalar_tourist,avg_international_tourism,avg_domestic_tourism,uom_labourforce,scalar_labourforce,statistic_labourforce,avg_employment,avg_fulltime,avg_labourforce,avg_parttime,avg_population,avg_unemployment,uom_lfperc,scalar_lfperc,statistic_labourforceperc,avg_employment_rate,avg_participationrate,avg_unemploymentrate,uom_crime,scalar_crime,statistic_crime,avg_crime_incidents
Canada,1999-05,"Index, 201612=100",units,52.6,66.5,56.4,,,,,,,,,,,,,,,,,Persons,unit,4043463.0,9084094.0,Persons,thousands,"Both sexes, All age groups, Seasonally adjusted",6494.07763671875,7597.16650390625,7054.22216796875,1573.949951171875,10459.2109375,560.1555786132812,Percentage,unit,"Both sexes, All age groups, Seasonally adjusted",56.03333282470703,62.099998474121094,9.766666412353516,,,,
Canada,1999-09,"Index, 201612=100",units,53.2,66.7,56.8,,,,,,,,,,,,,,,,,Persons,unit,3968360.0,9490608.0,Persons,thousands,"Both sexes, All age groups, Seasonally adjusted",6551.35546875,7649.75,7079.0888671875,1595.300048828125,10506.3330078125,527.7555541992188,Percentage,unit,"Both sexes, All age groups, Seasonally adjusted",56.477779388427734,62.17777633666992,9.144444465637207,,,,
Canada,1999-06,"Index, 201612=100",units,52.7,66.6,56.4,,,,,,,,,,,,,,,,,Persons,unit,3692079.0,9601126.0,Persons,thousands,"Both sexes, All age groups, Seasonally adjusted",6503.07763671875,7591.0166015625,7035.7109375,1591.2667236328125,10472.6884765625,532.6333618164062,Percentage,unit,"Both sexes, All age groups, Seasonally adjusted",56.088890075683594,61.733333587646484,9.11111068725586,,,,
Canada,1999-01,"Index, 201612=100",units,52.3,66.6,56.3,,,,,,,,,,,,,,,,,Persons,unit,3192112.0,6233665.0,Persons,thousands,"Both sexes, All age groups, Seasonally adjusted",6455.888671875,7507.2666015625,7008.9775390625,1610.88330078125,10418.2333984375,553.0999755859375,Percentage,unit,"Both sexes, All age groups, Seasonally adjusted",55.911109924316406,61.83333206176758,9.577777862548828,,,,
Canada,1999-10,"Index, 201612=100",units,53.3,66.8,56.9,,,,,,,,,,,,,,,,,Persons,unit,3893004.0,8491037.0,Persons,thousands,"Both sexes, All age groups, Seasonally adjusted",6570.39990234375,7681.35009765625,7078.39990234375,1590.550048828125,10517.2890625,508.0,Percentage,unit,"Both sexes, All age groups, Seasonally adjusted",56.55555725097656,62.088890075683594,8.811111450195312,,,,
Canada,1999-11,"Index, 201612=100",units,53.6,66.8,57.1,,,,,,,,,,,,,,,,,Persons,unit,3463230.0,7308022.0,Persons,thousands,"Both sexes, All age groups, Seasonally adjusted",6586.7998046875,7716.43310546875,7076.51123046875,1577.050048828125,10527.921875,489.72222900390625,Percentage,unit,"Both sexes, All age groups, Seasonally adjusted",56.71111297607422,61.92222213745117,8.411110877990723,,,,
Canada,1999-12,"Index, 201612=100",units,53.7,66.8,57.2,,,,,,,,,,,,,,,,,Persons,unit,3330375.0,7088052.0,Persons,thousands,"Both sexes, All age groups, Seasonally adjusted",6615.533203125,7752.966796875,7093.85546875,1578.4166259765625,10538.0,478.3333435058594,Percentage,unit,"Both sexes, All age groups, Seasonally adjusted",56.977779388427734,62.13333511352539,8.244444847106934,,,,
Canada,1999-02,"Index, 201612=100",units,52.4,66.6,56.3,,,,,,,,,,,,,,,,,Persons,unit,3078184.0,6511223.0,Persons,thousands,"Both sexes, All age groups, Seasonally adjusted",6450.15576171875,7522.0,7001.45556640625,1591.7166748046875,10428.27734375,551.2666625976562,Percentage,unit,"Both sexes, All age groups, Seasonally adjusted",55.70000076293945,61.588890075683594,9.588889122009277,,,,
Canada,1999-04,"Index, 201612=100",units,52.6,66.6,56.4,,,,,,,,,,,,,,,,,Persons,unit,3901872.0,8038871.0,Persons,thousands,"Both sexes, All age groups, Seasonally adjusted",6478.7890625,7573.64990234375,7055.93310546875,1575.9832763671875,10448.388671875,577.1444702148438,Percentage,unit,"Both sexes, All age groups, Seasonally adjusted",55.94444274902344,62.18888854980469,10.04444408416748,,,,
Canada,1999-08,"Index, 201612=100",units,53.0,66.6,56.7,,,,,,,,,,,,,,,,,Persons,unit,5131970.0,1.2448136E7,Persons,thousands,"Both sexes, All age groups, Seasonally adjusted",6539.42236328125,7619.91650390625,7063.31103515625,1611.63330078125,10495.4892578125,523.888916015625,Percentage,unit,"Both sexes, All age groups, Seasonally adjusted",56.32222366333008,61.83333206176758,8.966666221618652,,,,
Canada,1999-07,"Index, 201612=100",units,52.8,66.6,56.5,,,,,,,,,,,,,,,,,Persons,unit,4852035.0,1.2637192E7,Persons,thousands,"Both sexes, All age groups, Seasonally adjusted",6528.93310546875,7611.66650390625,7061.7998046875,1605.5833740234375,10483.078125,532.8444213867188,Percentage,unit,"Both sexes, All age groups, Seasonally adjusted",56.31111145019531,62.022220611572266,9.166666984558105,,,,
Canada,1999-03,"Index, 201612=100",units,52.5,66.6,56.4,,,,,,,,,,,,,,,,,Persons,unit,3901401.0,7680479.0,Persons,thousands,"Both sexes, All age groups, Seasonally adjusted",6458.2666015625,7538.9501953125,7008.33349609375,1583.1500244140625,10438.1337890625,550.066650390625,Percentage,unit,"Both sexes, All age groups, Seasonally adjusted",55.82222366333008,61.68888854980469,9.577777862548828,,,,
Newfoundland and Labrador,1998-09,"Index, 201612=100",units,48.7,45.1,47.7,,,,,,,,,,,,,,,,,Persons,unit,1029.0,16191.0,Persons,thousands,"Both sexes, All age groups, Seasonally adjusted",122.69999694824219,105.68333435058594,150.76666259765625,17.016666412353516,265.4333190917969,28.03333282470703,Percentage,unit,"Both sexes, All age groups, Seasonally adjusted",41.28333282470703,51.21666717529297,19.233333587646484,Number,unit,Total of all violations-Actual incidents,2908.67
Newfoundland and Labrador,1998-01,"Index, 201612=100",units,49.3,45.1,48.1,,,,,,,,,,,,,,,,,Persons,unit,546.0,8119.0,Persons,thousands,"Both sexes, All age groups, Seasonally adjusted",123.48332977294922,103.18333435058594,148.68333435058594,20.316667556762695,267.9333190917969,25.16666603088379,Percentage,unit,"Both sexes, All age groups, Seasonally adjusted",41.06666564941406,49.766666412353516,17.200000762939453,Number,unit,Total of all violations-Actual incidents,2908.67
Newfoundland and Labrador,1998-08,"Index, 201612=100",units,48.7,45.1,47.7,,,,,,,,,,,,,,,,,Persons,unit,3679.0,20174.0,Persons,thousands,"Both sexes, All age groups, Seasonally adjusted",121.61666870117188,102.23332977294922,150.9166717529297,19.366666793823242,265.5833435058594,29.316667556762695,Percentage,unit,"Both sexes, All age groups, Seasonally adjusted",41.099998474121094,51.400001525878906,20.049999237060547,Number,unit,Total of all violations-Actual incidents,2908.67
Newfoundland and Labrador,1998-04,"Index, 201612=100",units,49.1,45.1,48.0,,,,,,,,,,,,,,,,,Persons,unit,1857.0,10930.0,Persons,thousands,"Both sexes, All age groups, Seasonally adjusted",123.66666412353516,102.73332977294922,148.35000610351562,20.933332443237305,266.6333312988281,24.700000762939453,Percentage,unit,"Both sexes, All age groups, Seasonally adjusted",41.63333511352539,50.400001525878906,17.100000381469727,Number,unit,Total of all violations-Actual incidents,2908.67
Newfoundland and Labrador,1998-12,"Index, 201612=100",units,48.3,45.1,47.4,,,,,,,,,,,,,,,,,Persons,unit,830.0,8575.0,Persons,thousands,"Both sexes, All age groups, Seasonally adjusted",127.01667022705078,109.19999694824219,153.75,17.816667556762695,265.3833312988281,26.733333587646484,Percentage,unit,"Both sexes, All age groups, Seasonally adjusted",42.58333206176758,52.25,18.616666793823242,Number,unit,Total of all violations-Actual incidents,2908.67
Newfoundland and Labrador,1998-07,"Index, 201612=100",units,48.7,45.1,47.7,,,,,,,,,,,,,,,,,Persons,unit,3156.0,19389.0,Persons,thousands,"Both sexes, All age groups, Seasonally adjusted",123.98332977294922,105.88333129882812,149.98333740234375,18.116666793823242,265.76666259765625,25.96666717529297,Percentage,unit,"Both sexes, All age groups, Seasonally adjusted",41.88333511352539,51.266666412353516,18.299999237060547,Number,unit,Total of all violations-Actual incidents,2908.67
Newfoundland and Labrador,1998-03,"Index, 201612=100",units,49.3,45.1,48.1,,,,,,,,,,,,,,,,,Persons,unit,679.0,8580.0,Persons,thousands,"Both sexes, All age groups, Seasonally adjusted",123.16666412353516,103.48332977294922,146.8333282470703,19.700000762939453,267.0666809082031,23.649999618530273,Percentage,unit,"Both sexes, All age groups, Seasonally adjusted",41.31666564941406,49.63333511352539,16.316667556762695,Number,unit,Total of all violations-Actual incidents,2908.67
Newfoundland and Labrador,1998-11,"Index, 201612=100",units,48.6,45.1,47.6,,,,,,,,,,,,,,,,,Persons,unit,784.0,9436.0,Persons,thousands,"Both sexes, All age groups, Seasonally adjusted",128.86666870117188,109.75,155.1999969482422,19.100000381469727,265.3999938964844,26.350000381469727,Percentage,unit,"Both sexes, All age groups, Seasonally adjusted",43.29999923706055,52.733333587646484,17.649999618530273,Number,unit,Total of all violations-Actual incidents,2908.67
Newfoundland and Labrador,1998-10,"Index, 201612=100",units,48.7,45.1,47.7,,,,,,,,,,,,,,,,,Persons,unit,1021.0,11419.0,Persons,thousands,"Both sexes, All age groups, Seasonally adjusted",127.94999694824219,108.11666870117188,155.25,19.83333396911621,265.4333190917969,27.28333282470703,Percentage,unit,"Both sexes, All age groups, Seasonally adjusted",43.03333282470703,52.88333511352539,18.78333282470703,Number,unit,Total of all violations-Actual incidents,2908.67
Newfoundland and Labrador,1998-05,"Index, 201612=100",units,48.8,45.1,47.8,,,,,,,,,,,,,,,,,Persons,unit,2995.0,15183.0,Persons,thousands,"Both sexes, All age groups, Seasonally adjusted",122.86666870117188,102.06666564941406,147.5500030517578,20.766666412353516,266.3500061035156,24.700000762939453,Percentage,unit,"Both sexes, All age groups, Seasonally adjusted",41.16666793823242,49.95000076293945,17.183332443237305,Number,unit,Total of all violations-Actual incidents,2908.67
Newfoundland and Labrador,1998-06,"Index, 201612=100",units,48.7,45.1,47.7,,,,,,,,,,,,,,,,,Persons,unit,2240.0,16642.0,Persons,thousands,"Both sexes, All age groups, Seasonally adjusted",124.08333587646484,103.96666717529297,149.43333435058594,20.116666793823242,266.0666809082031,25.316667556762695,Percentage,unit,"Both sexes, All age groups, Seasonally adjusted",41.766666412353516,51.06666564941406,18.399999618530273,Number,unit,Total of all violations-Actual incidents,2908.67
Newfoundland and Labrador,1998-02,"Index, 201612=100",units,49.3,45.1,48.1,,,,,,,,,,,,,,,,,Persons,unit,364.0,7619.0,Persons,thousands,"Both sexes, All age groups, Seasonally adjusted",122.63333129882812,102.73332977294922,148.28334045410156,19.899999618530273,267.5666809082031,25.633333206176758,Percentage,unit,"Both sexes, All age groups, Seasonally adjusted",40.96666717529297,50.03333282470703,17.883333206176758,Number,unit,Total of all violations-Actual incidents,2908.67
