province,REF_DATE,uom_houseindex,scalar_houseindex,avg_house_only,avg_land_only,avg_totalhouseland,uom_income,scalar_income,statistic_income,avg_income,uom_expenditure,scalar_expenditure,statistic_expenditure,avg_food_expenditures,avg_income_taxes,avg_mortageinsurance,avg_mortagePaid,avg_accomodation,avg_rent,avg_shelter,avg_total_expenditure,avg_taxes_landregfees,uom_tourist,scalar_tourist,avg_international_tourism,avg_domestic_tourism,uom_labourforce,scalar_labourforce,statistic_labourforce,avg_employment,avg_fulltime,avg_labourforce,avg_parttime,avg_population,avg_unemployment,uom_lfperc,scalar_lfperc,statistic_labourforceperc,avg_employment_rate,avg_participationrate,avg_unemploymentrate,uom_crime,scalar_crime,statistic_crime,avg_crime_incidents
Saskatchewan,2009-01,"Index, 201612=100",units,94.53333333333335,77.43333333333332,90.06666666666666,Dollars,units,"Median total income,Both sexes,All age groups",2535.83,,,,,,,,,,,,,Persons,unit,42393.0,58752.0,Persons,thousands,"Both sexes, All age groups, Seasonally adjusted",332.79998779296875,272.1666564941406,346.9666748046875,60.61666488647461,473.1666564941406,14.183333396911621,Percentage,unit,"Both sexes, All age groups, Seasonally adjusted",67.61666870117188,70.86666870117188,4.4666666984558105,Number,unit,Total of all violations-Actual incidents,12381.17
Saskatchewan,2009-05,"Index, 201612=100",units,91.63333333333333,78.93333333333332,88.39999999999999,Dollars,units,"Median total income,Both sexes,All age groups",2535.83,,,,,,,,,,,,,Persons,unit,32695.0,54846.0,Persons,thousands,"Both sexes, All age groups, Seasonally adjusted",332.3333435058594,274.3666687011719,349.5,57.96666717529297,476.23333740234375,17.16666603088379,Percentage,unit,"Both sexes, All age groups, Seasonally adjusted",67.11666870117188,71.0,5.233333110809326,Number,unit,Total of all violations-Actual incidents,12381.17
Saskatchewan,2009-10,"Index, 201612=100",units,92.73333333333333,79.7,89.40000000000002,Dollars,units,"Median total income,Both sexes,All age groups",2535.83,,,,,,,,,,,,,Persons,unit,36243.0,61524.0,Persons,thousands,"Both sexes, All age groups, Seasonally adjusted",331.0833435058594,272.25,348.25,58.81666564941406,480.29998779296875,17.16666603088379,Percentage,unit,"Both sexes, All age groups, Seasonally adjusted",66.16666412353516,69.98332977294922,5.416666507720947,Number,unit,Total of all violations-Actual incidents,12381.17
Saskatchewan,2009-11,"Index, 201612=100",units,92.66666666666667,79.7,89.39999999999999,Dollars,units,"Median total income,Both sexes,All age groups",2535.83,,,,,,,,,,,,,Persons,unit,35611.0,57446.0,Persons,thousands,"Both sexes, All age groups, Seasonally adjusted",333.8500061035156,275.7166748046875,351.9666748046875,58.13333511352539,480.98333740234375,18.116666793823242,Percentage,unit,"Both sexes, All age groups, Seasonally adjusted",66.55000305175781,70.56666564941406,5.633333206176758,Number,unit,Total of all violations-Actual incidents,12381.17
Saskatchewan,2009-07,"Index, 201612=100",units,92.0,78.93333333333332,88.63333333333333,Dollars,units,"Median total income,Both sexes,All age groups",2535.83,,,,,,,,,,,,,Persons,unit,40595.0,72168.0,Persons,thousands,"Both sexes, All age groups, Seasonally adjusted",332.8999938964844,270.73333740234375,348.9333190917969,62.18333435058594,478.1000061035156,16.016666412353516,Percentage,unit,"Both sexes, All age groups, Seasonally adjusted",66.9000015258789,70.41666412353516,4.883333206176758,Number,unit,Total of all violations-Actual incidents,12381.17
Saskatchewan,2009-03,"Index, 201612=100",units,92.7,78.93333333333332,89.13333333333333,Dollars,units,"Median total income,Both sexes,All age groups",2535.83,,,,,,,,,,,,,Persons,unit,39764.0,57570.0,Persons,thousands,"Both sexes, All age groups, Seasonally adjusted",331.6499938964844,272.0333251953125,347.79998779296875,59.66666793823242,474.70001220703125,16.116666793823242,Percentage,unit,"Both sexes, All age groups, Seasonally adjusted",67.1500015258789,70.8499984741211,5.116666793823242,Number,unit,Total of all violations-Actual incidents,12381.17
Saskatchewan,2009-09,"Index, 201612=100",units,92.36666666666667,80.13333333333334,89.26666666666665,Dollars,units,"Median total income,Both sexes,All age groups",2535.83,,,,,,,,,,,,,Persons,unit,31052.0,57234.0,Persons,thousands,"Both sexes, All age groups, Seasonally adjusted",332.0333251953125,273.9333190917969,347.75,58.099998474121094,479.70001220703125,15.699999809265137,Percentage,unit,"Both sexes, All age groups, Seasonally adjusted",66.4000015258789,69.86666870117188,4.866666793823242,Number,unit,Total of all violations-Actual incidents,12381.17
Saskatchewan,2009-06,"Index, 201612=100",units,92.0,78.93333333333332,88.63333333333333,Dollars,units,"Median total income,Both sexes,All age groups",2535.83,,,,,,,,,,,,,Persons,unit,26302.0,53639.0,Persons,thousands,"Both sexes, All age groups, Seasonally adjusted",334.23333740234375,275.1166687011719,349.7166748046875,59.13333511352539,477.2833251953125,15.466666221618652,Percentage,unit,"Both sexes, All age groups, Seasonally adjusted",67.25,70.75,4.849999904632568,Number,unit,Total of all violations-Actual incidents,12381.17
Saskatchewan,2009-02,"Index, 201612=100",units,93.13333333333333,78.93333333333332,89.43333333333334,Dollars,units,"Median total income,Both sexes,All age groups",2535.83,,,,,,,,,,,,,Persons,unit,44217.0,59803.0,Persons,thousands,"Both sexes, All age groups, Seasonally adjusted",333.1499938964844,271.9333190917969,349.3166809082031,61.21666717529297,473.95001220703125,16.133333206176758,Percentage,unit,"Both sexes, All age groups, Seasonally adjusted",67.51667022705078,71.30000305175781,5.183333396911621,Number,unit,Total of all violations-Actual incidents,12381.17
Saskatchewan,2009-04,"Index, 201612=100",units,92.43333333333334,78.93333333333332,88.96666666666665,Dollars,units,"Median total income,Both sexes,All age groups",2535.83,,,,,,,,,,,,,Persons,unit,38492.0,57310.0,Persons,thousands,"Both sexes, All age groups, Seasonally adjusted",330.5833435058594,271.45001220703125,347.1000061035156,59.11666488647461,475.5,16.549999237060547,Percentage,unit,"Both sexes, All age groups, Seasonally adjusted",66.91666412353516,70.69999694824219,5.366666793823242,Number,unit,Total of all violations-Actual incidents,12381.17
Saskatchewan,2009-12,"Index, 201612=100",units,92.83333333333333,79.83333333333333,89.53333333333335,Dollars,units,"Median total income,Both sexes,All age groups",2535.83,,,,,,,,,,,,,Persons,unit,36764.0,57267.0,Persons,thousands,"Both sexes, All age groups, Seasonally adjusted",333.6166687011719,275.48333740234375,350.2833251953125,58.13333511352539,481.6333312988281,16.700000762939453,Percentage,unit,"Both sexes, All age groups, Seasonally adjusted",66.38333129882812,70.05000305175781,5.233333110809326,Number,unit,Total of all violations-Actual incidents,12381.17
Saskatchewan,2009-08,"Index, 201612=100",units,92.10000000000001,80.13333333333334,89.06666666666666,Dollars,units,"Median total income,Both sexes,All age groups",2535.83,,,,,,,,,,,,,Persons,unit,49730.0,76598.0,Persons,thousands,"Both sexes, All age groups, Seasonally adjusted",330.4666748046875,269.0333251953125,346.3833312988281,61.43333435058594,478.8500061035156,15.899999618530273,Percentage,unit,"Both sexes, All age groups, Seasonally adjusted",66.38333129882812,69.83333587646484,4.849999904632568,Number,unit,Total of all violations-Actual incidents,12381.17
