province,REF_DATE,uom_houseindex,scalar_houseindex,avg_house_only,avg_land_only,avg_totalhouseland,uom_income,scalar_income,statistic_income,avg_income,uom_expenditure,scalar_expenditure,statistic_expenditure,avg_food_expenditures,avg_income_taxes,avg_mortageinsurance,avg_mortagePaid,avg_accomodation,avg_rent,avg_shelter,avg_total_expenditure,avg_taxes_landregfees,uom_tourist,scalar_tourist,avg_international_tourism,avg_domestic_tourism,uom_labourforce,scalar_labourforce,statistic_labourforce,avg_employment,avg_fulltime,avg_labourforce,avg_parttime,avg_population,avg_unemployment,uom_lfperc,scalar_lfperc,statistic_labourforceperc,avg_employment_rate,avg_participationrate,avg_unemploymentrate,uom_crime,scalar_crime,statistic_crime,avg_crime_incidents
Quebec,2008-12,"Index, 201612=100",units,91.33333333333333,84.03333333333333,88.90000000000002,Dollars,units,"Median total income,Both sexes,All age groups",2242.5,,,,,,,,,,,,,Persons,unit,395631.0,681682.0,Persons,thousands,"Both sexes, All age groups, Seasonally adjusted",2474.0,2035.699951171875,2676.533447265625,438.29998779296875,3937.13330078125,202.51666259765625,Percentage,unit,"Both sexes, All age groups, Seasonally adjusted",59.81666564941406,65.25,8.399999618530273,Number,unit,Total of all violations-Actual incidents,38431.25
Quebec,2008-08,"Index, 201612=100",units,91.10000000000001,82.63333333333333,88.3,Dollars,units,"Median total income,Both sexes,All age groups",2242.5,,,,,,,,,,,,,Persons,unit,948991.0,1466073.0,Persons,thousands,"Both sexes, All age groups, Seasonally adjusted",2472.716552734375,2043.4666748046875,2666.166748046875,429.23333740234375,3921.7666015625,193.46665954589844,Percentage,unit,"Both sexes, All age groups, Seasonally adjusted",60.16666793823242,65.19999694824219,7.666666507720947,Number,unit,Total of all violations-Actual incidents,38431.25
Quebec,2008-03,"Index, 201612=100",units,89.06666666666668,79.46666666666667,86.0,Dollars,units,"Median total income,Both sexes,All age groups",2242.5,,,,,,,,,,,,,Persons,unit,661238.0,932904.0,Persons,thousands,"Both sexes, All age groups, Seasonally adjusted",2480.300048828125,2042.63330078125,2663.39990234375,437.6666564941406,3901.666748046875,183.10000610351562,Percentage,unit,"Both sexes, All age groups, Seasonally adjusted",60.56666564941406,65.4000015258789,7.383333206176758,Number,unit,Total of all violations-Actual incidents,38431.25
Quebec,2008-07,"Index, 201612=100",units,90.36666666666667,81.36666666666667,87.5,Dollars,units,"Median total income,Both sexes,All age groups",2242.5,,,,,,,,,,,,,Persons,unit,773044.0,1273600.0,Persons,thousands,"Both sexes, All age groups, Seasonally adjusted",2473.716552734375,2043.199951171875,2661.316650390625,430.51666259765625,3917.783447265625,187.5500030517578,Percentage,unit,"Both sexes, All age groups, Seasonally adjusted",60.28333282470703,65.18333435058594,7.366666793823242,Number,unit,Total of all violations-Actual incidents,38431.25
Quebec,2008-05,"Index, 201612=100",units,90.13333333333333,81.33333333333333,87.3,Dollars,units,"Median total income,Both sexes,All age groups",2242.5,,,,,,,,,,,,,Persons,unit,540408.0,886813.0,Persons,thousands,"Both sexes, All age groups, Seasonally adjusted",2469.666748046875,2043.0167236328125,2657.433349609375,426.6333312988281,3908.88330078125,187.73333740234375,Percentage,unit,"Both sexes, All age groups, Seasonally adjusted",60.13333511352539,65.16666412353516,7.7166666984558105,Number,unit,Total of all violations-Actual incidents,38431.25
Quebec,2008-09,"Index, 201612=100",units,91.0,82.63333333333333,88.23333333333335,Dollars,units,"Median total income,Both sexes,All age groups",2242.5,,,,,,,,,,,,,Persons,unit,541037.0,916238.0,Persons,thousands,"Both sexes, All age groups, Seasonally adjusted",2482.85009765625,2042.7667236328125,2672.466552734375,440.1000061035156,3926.166748046875,189.63333129882812,Percentage,unit,"Both sexes, All age groups, Seasonally adjusted",60.400001525878906,65.41666412353516,7.7833333015441895,Number,unit,Total of all violations-Actual incidents,38431.25
Quebec,2008-01,"Index, 201612=100",units,88.73333333333333,77.96666666666667,85.3,Dollars,units,"Median total income,Both sexes,All age groups",2242.5,,,,,,,,,,,,,Persons,unit,566141.0,808766.0,Persons,thousands,"Both sexes, All age groups, Seasonally adjusted",2487.300048828125,2046.9166259765625,2665.38330078125,440.3999938964844,3895.316650390625,178.06666564941406,Percentage,unit,"Both sexes, All age groups, Seasonally adjusted",60.70000076293945,65.4000015258789,7.116666793823242,Number,unit,Total of all violations-Actual incidents,38431.25
Quebec,2008-10,"Index, 201612=100",units,91.03333333333335,82.63333333333333,88.26666666666665,Dollars,units,"Median total income,Both sexes,All age groups",2242.5,,,,,,,,,,,,,Persons,unit,486519.0,821939.0,Persons,thousands,"Both sexes, All age groups, Seasonally adjusted",2480.183349609375,2035.0167236328125,2669.86669921875,445.20001220703125,3930.083251953125,189.68333435058594,Percentage,unit,"Both sexes, All age groups, Seasonally adjusted",60.233333587646484,65.30000305175781,7.833333492279053,Number,unit,Total of all violations-Actual incidents,38431.25
Quebec,2008-04,"Index, 201612=100",units,88.96666666666665,80.63333333333334,86.26666666666665,Dollars,units,"Median total income,Both sexes,All age groups",2242.5,,,,,,,,,,,,,Persons,unit,552116.0,841018.0,Persons,thousands,"Both sexes, All age groups, Seasonally adjusted",2468.449951171875,2041.699951171875,2660.449951171875,426.75,3905.566650390625,191.96665954589844,Percentage,unit,"Both sexes, All age groups, Seasonally adjusted",60.08333206176758,65.33333587646484,7.900000095367432,Number,unit,Total of all violations-Actual incidents,38431.25
Quebec,2008-11,"Index, 201612=100",units,91.33333333333333,84.03333333333333,88.93333333333334,Dollars,units,"Median total income,Both sexes,All age groups",2242.5,,,,,,,,,,,,,Persons,unit,389055.0,630841.0,Persons,thousands,"Both sexes, All age groups, Seasonally adjusted",2476.683349609375,2048.050048828125,2675.300048828125,428.6333312988281,3933.61669921875,198.63333129882812,Percentage,unit,"Both sexes, All age groups, Seasonally adjusted",60.04999923706055,65.38333129882812,8.233333587646484,Number,unit,Total of all violations-Actual incidents,38431.25
Quebec,2008-02,"Index, 201612=100",units,89.13333333333333,79.46666666666667,86.0,Dollars,units,"Median total income,Both sexes,All age groups",2242.5,,,,,,,,,,,,,Persons,unit,464207.0,737549.0,Persons,thousands,"Both sexes, All age groups, Seasonally adjusted",2487.2333984375,2053.89990234375,2671.666748046875,433.3666687011719,3898.2666015625,184.4499969482422,Percentage,unit,"Both sexes, All age groups, Seasonally adjusted",60.733333587646484,65.6500015258789,7.449999809265137,Number,unit,Total of all violations-Actual incidents,38431.25
Quebec,2008-06,"Index, 201612=100",units,90.3,81.36666666666667,87.43333333333334,Dollars,units,"Median total income,Both sexes,All age groups",2242.5,,,,,,,,,,,,,Persons,unit,551155.0,946631.0,Persons,thousands,"Both sexes, All age groups, Seasonally adjusted",2475.949951171875,2043.61669921875,2662.666748046875,432.3333435058594,3913.39990234375,186.6999969482422,Percentage,unit,"Both sexes, All age groups, Seasonally adjusted",60.233333587646484,65.28333282470703,7.633333206176758,Number,unit,Total of all violations-Actual incidents,38431.25
