province,REF_DATE,uom_houseindex,scalar_houseindex,avg_house_only,avg_land_only,avg_totalhouseland,uom_income,scalar_income,statistic_income,avg_income,uom_expenditure,scalar_expenditure,statistic_expenditure,avg_food_expenditures,avg_income_taxes,avg_mortageinsurance,avg_mortagePaid,avg_accomodation,avg_rent,avg_shelter,avg_total_expenditure,avg_taxes_landregfees,uom_tourist,scalar_tourist,avg_international_tourism,avg_domestic_tourism,uom_labourforce,scalar_labourforce,statistic_labourforce,avg_employment,avg_fulltime,avg_labourforce,avg_parttime,avg_population,avg_unemployment,uom_lfperc,scalar_lfperc,statistic_labourforceperc,avg_employment_rate,avg_participationrate,avg_unemploymentrate,uom_crime,scalar_crime,statistic_crime,avg_crime_incidents
Canada,1987-01,"Index, 201612=100",units,44.8,41.1,44.4,,,,,,,,,,,,,,,,,Persons,unit,2946674.0,5132600.0,Persons,thousands,"Both sexes, All age groups, Seasonally adjusted",5477.677734375,6402.61669921875,6053.51123046875,1211.949951171875,8963.1669921875,575.8778076171875,Percentage,unit,"Both sexes, All age groups, Seasonally adjusted",56.63333511352539,63.400001525878906,10.411110877990723,,,,
Canada,1987-07,"Index, 201612=100",units,48.8,43.9,48.0,,,,,,,,,,,,,,,,,Persons,unit,5349884.0,1.1983933E7,Persons,thousands,"Both sexes, All age groups, Seasonally adjusted",5585.93310546875,6553.60009765625,6119.16650390625,1218.2833251953125,9019.2001953125,533.2333374023438,Percentage,unit,"Both sexes, All age groups, Seasonally adjusted",57.511112213134766,63.766666412353516,9.577777862548828,,,,
Canada,1987-12,"Index, 201612=100",units,49.5,46.1,49.1,,,,,,,,,,,,,,,,,Persons,unit,3293153.0,5939571.0,Persons,thousands,"Both sexes, All age groups, Seasonally adjusted",5696.033203125,6681.216796875,6192.85546875,1245.933349609375,9063.455078125,496.8222351074219,Percentage,unit,"Both sexes, All age groups, Seasonally adjusted",58.55555725097656,64.31111145019531,8.766666412353516,,,,
Canada,1987-06,"Index, 201612=100",units,48.6,43.6,47.7,,,,,,,,,,,,,,,,,Persons,unit,3995019.0,8799103.0,Persons,thousands,"Both sexes, All age groups, Seasonally adjusted",5572.98876953125,6530.7666015625,6116.677734375,1222.5333251953125,9010.2998046875,543.6889038085938,Percentage,unit,"Both sexes, All age groups, Seasonally adjusted",57.42222213745117,63.77777862548828,9.733333587646484,,,,
Canada,1987-04,"Index, 201612=100",units,48.0,43.1,47.1,,,,,,,,,,,,,,,,,Persons,unit,3923192.0,6850939.0,Persons,thousands,"Both sexes, All age groups, Seasonally adjusted",5537.7109375,6487.783203125,6096.7890625,1210.88330078125,8989.822265625,559.0888671875,Percentage,unit,"Both sexes, All age groups, Seasonally adjusted",57.21111297607422,63.766666412353516,10.077777862548828,,,,
Canada,1987-09,"Index, 201612=100",units,49.2,45.4,48.7,,,,,,,,,,,,,,,,,Persons,unit,4022023.0,8345525.0,Persons,thousands,"Both sexes, All age groups, Seasonally adjusted",5621.64453125,6609.9833984375,6140.2666015625,1211.0333251953125,9039.0,518.6444702148438,Percentage,unit,"Both sexes, All age groups, Seasonally adjusted",57.900001525878906,63.844444274902344,9.088889122009277,,,,
Canada,1987-05,"Index, 201612=100",units,48.3,43.5,47.5,,,,,,,,,,,,,,,,,Persons,unit,4081266.0,8089272.0,Persons,thousands,"Both sexes, All age groups, Seasonally adjusted",5562.43310546875,6508.41650390625,6104.56689453125,1226.949951171875,8998.7890625,542.111083984375,Percentage,unit,"Both sexes, All age groups, Seasonally adjusted",57.38888931274414,63.766666412353516,9.788888931274414,,,,
Canada,1987-02,"Index, 201612=100",units,45.9,41.3,45.2,,,,,,,,,,,,,,,,,Persons,unit,2886219.0,5104082.0,Persons,thousands,"Both sexes, All age groups, Seasonally adjusted",5493.27783203125,6424.9833984375,6068.13330078125,1210.2332763671875,8972.7666015625,574.8555297851562,Percentage,unit,"Both sexes, All age groups, Seasonally adjusted",56.82222366333008,63.588890075683594,10.333333015441895,,,,
Canada,1987-10,"Index, 201612=100",units,49.3,45.6,48.9,,,,,,,,,,,,,,,,,Persons,unit,3886749.0,7224713.0,Persons,thousands,"Both sexes, All age groups, Seasonally adjusted",5649.5224609375,6639.7333984375,6161.888671875,1221.7667236328125,9047.35546875,512.4000244140625,Percentage,unit,"Both sexes, All age groups, Seasonally adjusted",58.13333511352539,64.13333129882812,9.100000381469727,,,,
Canada,1987-08,"Index, 201612=100",units,49.0,44.2,48.2,,,,,,,,,,,,,,,,,Persons,unit,5661781.0,1.2296163E7,Persons,thousands,"Both sexes, All age groups, Seasonally adjusted",5599.9443359375,6573.85009765625,6127.51123046875,1218.13330078125,9027.9111328125,527.566650390625,Percentage,unit,"Both sexes, All age groups, Seasonally adjusted",57.622222900390625,63.81111145019531,9.422222137451172,,,,
Canada,1987-03,"Index, 201612=100",units,47.3,42.7,46.6,,,,,,,,,,,,,,,,,Persons,unit,3902773.0,6488323.0,Persons,thousands,"Both sexes, All age groups, Seasonally adjusted",5516.95556640625,6474.0,6085.5888671875,1196.63330078125,8981.1220703125,568.6444702148438,Percentage,unit,"Both sexes, All age groups, Seasonally adjusted",56.9555549621582,63.67777633666992,10.344444274902344,,,,
Canada,1987-11,"Index, 201612=100",units,49.5,45.9,49.1,,,,,,,,,,,,,,,,,Persons,unit,3392045.0,6046645.0,Persons,thousands,"Both sexes, All age groups, Seasonally adjusted",5665.74462890625,6646.68310546875,6168.43310546875,1239.4000244140625,9055.6669921875,502.70001220703125,Percentage,unit,"Both sexes, All age groups, Seasonally adjusted",58.22222137451172,64.16666412353516,9.033333778381348,,,,
Manitoba,2016-06,"Index, 201612=100",units,98.4,99.5,98.7,Dollars,units,"Median total income,Both sexes,All age groups",2800.83,Dollars,unit,Average expenditure per household,694.83,1228.5,11.75,359.0,1119.83,285.42,1235.33,6636.08,5.92,Persons,unit,88035.0,163293.0,Persons,thousands,"Both sexes, All age groups, Seasonally adjusted",403.01666259765625,329.3333435058594,428.3333435058594,73.68333435058594,607.9000244140625,25.316667556762695,Percentage,unit,"Both sexes, All age groups, Seasonally adjusted",63.68333435058594,68.33333587646484,6.650000095367432,Number,unit,Total of all violations-Actual incidents,10412.17
Manitoba,2016-05,"Index, 201612=100",units,98.1,99.5,98.5,Dollars,units,"Median total income,Both sexes,All age groups",2800.83,Dollars,unit,Average expenditure per household,694.83,1228.5,11.75,359.0,1119.83,285.42,1235.33,6636.08,5.92,Persons,unit,105914.0,163619.0,Persons,thousands,"Both sexes, All age groups, Seasonally adjusted",403.29998779296875,332.23333740234375,427.6833190917969,71.06666564941406,607.316650390625,24.399999618530273,Percentage,unit,"Both sexes, All age groups, Seasonally adjusted",63.78333282470703,68.23332977294922,6.5333333015441895,Number,unit,Total of all violations-Actual incidents,10412.17
Manitoba,2016-11,"Index, 201612=100",units,100.0,100.0,100.0,Dollars,units,"Median total income,Both sexes,All age groups",2800.83,Dollars,unit,Average expenditure per household,694.83,1228.5,11.75,359.0,1119.83,285.42,1235.33,6636.08,5.92,Persons,unit,89876.0,133448.0,Persons,thousands,"Both sexes, All age groups, Seasonally adjusted",401.73333740234375,326.1499938964844,426.1666564941406,75.58333587646484,610.8499755859375,24.46666717529297,Percentage,unit,"Both sexes, All age groups, Seasonally adjusted",63.233333587646484,67.63333129882812,6.366666793823242,Number,unit,Total of all violations-Actual incidents,10412.17
Manitoba,2016-07,"Index, 201612=100",units,98.6,99.5,98.9,Dollars,units,"Median total income,Both sexes,All age groups",2800.83,Dollars,unit,Average expenditure per household,694.83,1228.5,11.75,359.0,1119.83,285.42,1235.33,6636.08,5.92,Persons,unit,137336.0,216508.0,Persons,thousands,"Both sexes, All age groups, Seasonally adjusted",402.8333435058594,330.48333740234375,428.8833312988281,72.33333587646484,608.8666381835938,26.049999237060547,Percentage,unit,"Both sexes, All age groups, Seasonally adjusted",63.53333282470703,68.30000305175781,6.900000095367432,Number,unit,Total of all violations-Actual incidents,10412.17
Manitoba,2016-09,"Index, 201612=100",units,99.2,99.8,99.4,Dollars,units,"Median total income,Both sexes,All age groups",2800.83,Dollars,unit,Average expenditure per household,694.83,1228.5,11.75,359.0,1119.83,285.42,1235.33,6636.08,5.92,Persons,unit,105560.0,165189.0,Persons,thousands,"Both sexes, All age groups, Seasonally adjusted",401.2166748046875,326.5333251953125,427.5333251953125,74.68333435058594,610.1166381835938,26.316667556762695,Percentage,unit,"Both sexes, All age groups, Seasonally adjusted",63.233333587646484,67.91666412353516,6.7833333015441895,Number,unit,Total of all violations-Actual incidents,10412.17
Manitoba,2016-01,"Index, 201612=100",units,97.2,99.5,97.9,Dollars,units,"Median total income,Both sexes,All age groups",2800.83,Dollars,unit,Average expenditure per household,694.83,1228.5,11.75,359.0,1119.83,285.42,1235.33,6636.08,5.92,Persons,unit,103610.0,147163.0,Persons,thousands,"Both sexes, All age groups, Seasonally adjusted",399.0666809082031,327.2166748046875,423.26666259765625,71.83333587646484,604.433349609375,24.21666717529297,Percentage,unit,"Both sexes, All age groups, Seasonally adjusted",63.349998474121094,67.75,6.449999809265137,Number,unit,Total of all violations-Actual incidents,10412.17
Manitoba,2016-12,"Index, 201612=100",units,100.0,100.0,100.0,Dollars,units,"Median total income,Both sexes,All age groups",2800.83,Dollars,unit,Average expenditure per household,694.83,1228.5,11.75,359.0,1119.83,285.42,1235.33,6636.08,5.92,Persons,unit,80163.0,121987.0,Persons,thousands,"Both sexes, All age groups, Seasonally adjusted",402.23333740234375,329.6499938964844,427.0333251953125,72.58333587646484,611.2833251953125,24.799999237060547,Percentage,unit,"Both sexes, All age groups, Seasonally adjusted",63.349998474121094,67.80000305175781,6.4666666984558105,Number,unit,Total of all violations-Actual incidents,10412.17
Manitoba,2016-04,"Index, 201612=100",units,97.8,99.5,98.3,Dollars,units,"Median total income,Both sexes,All age groups",2800.83,Dollars,unit,Average expenditure per household,694.83,1228.5,11.75,359.0,1119.83,285.42,1235.33,6636.08,5.92,Persons,unit,108074.0,154734.0,Persons,thousands,"Both sexes, All age groups, Seasonally adjusted",401.6499938964844,332.1666564941406,426.9666748046875,69.51667022705078,606.5499877929688,25.316667556762695,Percentage,unit,"Both sexes, All age groups, Seasonally adjusted",63.70000076293945,68.18333435058594,6.5333333015441895,Number,unit,Total of all violations-Actual incidents,10412.17
Manitoba,2016-10,"Index, 201612=100",units,99.9,99.8,99.9,Dollars,units,"Median total income,Both sexes,All age groups",2800.83,Dollars,unit,Average expenditure per household,694.83,1228.5,11.75,359.0,1119.83,285.42,1235.33,6636.08,5.92,Persons,unit,92057.0,146665.0,Persons,thousands,"Both sexes, All age groups, Seasonally adjusted",400.8666687011719,326.1499938964844,427.5833435058594,74.75,610.4166870117188,26.700000762939453,Percentage,unit,"Both sexes, All age groups, Seasonally adjusted",63.11666488647461,67.83333587646484,6.883333206176758,Number,unit,Total of all violations-Actual incidents,10412.17
Manitoba,2016-03,"Index, 201612=100",units,97.5,99.5,98.1,Dollars,units,"Median total income,Both sexes,All age groups",2800.83,Dollars,unit,Average expenditure per household,694.83,1228.5,11.75,359.0,1119.83,285.42,1235.33,6636.08,5.92,Persons,unit,111077.0,163484.0,Persons,thousands,"Both sexes, All age groups, Seasonally adjusted",402.98333740234375,330.98333740234375,427.98333740234375,72.0,605.9000244140625,25.0,Percentage,unit,"Both sexes, All age groups, Seasonally adjusted",63.88333511352539,68.36666870117188,6.5,Number,unit,Total of all violations-Actual incidents,10412.17
Manitoba,2016-08,"Index, 201612=100",units,98.9,99.5,99.0,Dollars,units,"Median total income,Both sexes,All age groups",2800.83,Dollars,unit,Average expenditure per household,694.83,1228.5,11.75,359.0,1119.83,285.42,1235.33,6636.08,5.92,Persons,unit,143315.0,211469.0,Persons,thousands,"Both sexes, All age groups, Seasonally adjusted",401.3500061035156,328.98333740234375,426.6333312988281,72.36666870117188,609.6166381835938,25.28333282470703,Percentage,unit,"Both sexes, All age groups, Seasonally adjusted",63.21666717529297,67.8499984741211,6.766666889190674,Number,unit,Total of all violations-Actual incidents,10412.17
Manitoba,2016-02,"Index, 201612=100",units,97.2,99.5,97.9,Dollars,units,"Median total income,Both sexes,All age groups",2800.83,Dollars,unit,Average expenditure per household,694.83,1228.5,11.75,359.0,1119.83,285.42,1235.33,6636.08,5.92,Persons,unit,95676.0,139747.0,Persons,thousands,"Both sexes, All age groups, Seasonally adjusted",400.2833251953125,327.8666687011719,424.8666687011719,72.4000015258789,605.1666870117188,24.616666793823242,Percentage,unit,"Both sexes, All age groups, Seasonally adjusted",63.5,67.91666412353516,6.433333396911621,Number,unit,Total of all violations-Actual incidents,10412.17
Quebec,1987-10,"Index, 201612=100",units,50.199999999999996,39.93333333333333,47.20000000000001,,,,,,,,,,,,,,,,,Persons,unit,505515.0,886116.0,Persons,thousands,"Both sexes, All age groups, Seasonally adjusted",1927.800048828125,1653.5167236328125,2127.36669921875,274.2833251953125,3257.466552734375,199.56666564941406,Percentage,unit,"Both sexes, All age groups, Seasonally adjusted",55.16666793823242,61.150001525878906,9.566666603088379,,,,
Quebec,1987-12,"Index, 201612=100",units,50.76666666666667,40.300000000000004,47.666666666666664,,,,,,,,,,,,,,,,,Persons,unit,395572.0,689870.0,Persons,thousands,"Both sexes, All age groups, Seasonally adjusted",1935.2667236328125,1663.800048828125,2144.13330078125,271.45001220703125,3262.816650390625,208.86666870117188,Percentage,unit,"Both sexes, All age groups, Seasonally adjusted",55.233333587646484,61.53333282470703,10.166666984558105,,,,
Quebec,1987-06,"Index, 201612=100",units,48.6,37.06666666666667,45.366666666666674,,,,,,,,,,,,,,,,,Persons,unit,610606.0,1034925.0,Persons,thousands,"Both sexes, All age groups, Seasonally adjusted",1912.63330078125,1632.5,2125.816650390625,280.1499938964844,3246.050048828125,213.1666717529297,Percentage,unit,"Both sexes, All age groups, Seasonally adjusted",54.95000076293945,61.33333206176758,10.233333587646484,,,,
Quebec,1987-08,"Index, 201612=100",units,49.366666666666674,38.733333333333334,46.23333333333333,,,,,,,,,,,,,,,,,Persons,unit,1002600.0,1600700.0,Persons,thousands,"Both sexes, All age groups, Seasonally adjusted",1915.2166748046875,1644.1500244140625,2124.25,271.1000061035156,3251.35009765625,209.03334045410156,Percentage,unit,"Both sexes, All age groups, Seasonally adjusted",55.06666564941406,61.29999923706055,9.866666793823242,,,,
Quebec,1987-05,"Index, 201612=100",units,48.300000000000004,36.9,45.1,,,,,,,,,,,,,,,,,Persons,unit,548625.0,945819.0,Persons,thousands,"Both sexes, All age groups, Seasonally adjusted",1905.550048828125,1624.800048828125,2114.066650390625,280.73333740234375,3242.61669921875,208.51666259765625,Percentage,unit,"Both sexes, All age groups, Seasonally adjusted",54.766666412353516,61.03333282470703,10.083333015441895,,,,
Quebec,1987-09,"Index, 201612=100",units,49.833333333333336,39.53333333333333,46.76666666666667,,,,,,,,,,,,,,,,,Persons,unit,582585.0,1021040.0,Persons,thousands,"Both sexes, All age groups, Seasonally adjusted",1917.4166259765625,1652.4000244140625,2123.550048828125,264.98333740234375,3254.89990234375,206.14999389648438,Percentage,unit,"Both sexes, All age groups, Seasonally adjusted",54.900001525878906,61.0,9.75,,,,
Quebec,1987-07,"Index, 201612=100",units,48.76666666666667,37.4,45.53333333333334,,,,,,,,,,,,,,,,,Persons,unit,1116234.0,1701410.0,Persons,thousands,"Both sexes, All age groups, Seasonally adjusted",1918.5167236328125,1647.6500244140625,2134.2666015625,270.8666687011719,3248.64990234375,215.75,Percentage,unit,"Both sexes, All age groups, Seasonally adjusted",55.04999923706055,61.61666488647461,10.399999618530273,,,,
Quebec,1987-04,"Index, 201612=100",units,48.0,36.1,44.666666666666664,,,,,,,,,,,,,,,,,Persons,unit,513344.0,814807.0,Persons,thousands,"Both sexes, All age groups, Seasonally adjusted",1905.1500244140625,1636.316650390625,2119.816650390625,268.8333435058594,3239.800048828125,214.64999389648438,Percentage,unit,"Both sexes, All age groups, Seasonally adjusted",54.86666488647461,61.33333206176758,10.366666793823242,,,,
Quebec,1987-02,"Index, 201612=100",units,46.79999999999999,35.266666666666666,43.5,,,,,,,,,,,,,,,,,Persons,unit,400865.0,662731.0,Persons,thousands,"Both sexes, All age groups, Seasonally adjusted",1882.4166259765625,1621.683349609375,2108.533447265625,260.75,3233.949951171875,226.13333129882812,Percentage,unit,"Both sexes, All age groups, Seasonally adjusted",54.28333282470703,61.08333206176758,10.716666221618652,,,,
Quebec,1987-03,"Index, 201612=100",units,47.5,35.6,44.166666666666664,,,,,,,,,,,,,,,,,Persons,unit,565820.0,834407.0,Persons,thousands,"Both sexes, All age groups, Seasonally adjusted",1894.0167236328125,1639.316650390625,2111.583251953125,254.71665954589844,3236.916748046875,217.5833282470703,Percentage,unit,"Both sexes, All age groups, Seasonally adjusted",54.516666412353516,61.13333511352539,10.466666221618652,,,,
Quebec,1987-11,"Index, 201612=100",units,50.56666666666666,40.00000000000001,47.43333333333334,,,,,,,,,,,,,,,,,Persons,unit,404142.0,680691.0,Persons,thousands,"Both sexes, All age groups, Seasonally adjusted",1922.800048828125,1647.9000244140625,2118.64990234375,274.8999938964844,3260.166748046875,195.88333129882812,Percentage,unit,"Both sexes, All age groups, Seasonally adjusted",54.849998474121094,60.79999923706055,9.633333206176758,,,,
Quebec,1987-01,"Index, 201612=100",units,46.43333333333334,34.56666666666666,43.06666666666666,,,,,,,,,,,,,,,,,Persons,unit,437499.0,680612.0,Persons,thousands,"Both sexes, All age groups, Seasonally adjusted",1876.5167236328125,1608.5833740234375,2097.11669921875,267.9333190917969,3230.283447265625,220.63333129882812,Percentage,unit,"Both sexes, All age groups, Seasonally adjusted",54.150001525878906,60.75,10.633333206176758,,,,
