province,REF_DATE,uom_houseindex,scalar_houseindex,avg_house_only,avg_land_only,avg_totalhouseland,uom_income,scalar_income,statistic_income,avg_income,uom_expenditure,scalar_expenditure,statistic_expenditure,avg_food_expenditures,avg_income_taxes,avg_mortageinsurance,avg_mortagePaid,avg_accomodation,avg_rent,avg_shelter,avg_total_expenditure,avg_taxes_landregfees,uom_tourist,scalar_tourist,avg_international_tourism,avg_domestic_tourism,uom_labourforce,scalar_labourforce,statistic_labourforce,avg_employment,avg_fulltime,avg_labourforce,avg_parttime,avg_population,avg_unemployment,uom_lfperc,scalar_lfperc,statistic_labourforceperc,avg_employment_rate,avg_participationrate,avg_unemploymentrate,uom_crime,scalar_crime,statistic_crime,avg_crime_incidents
Atlantic Region,2014-12,"Index, 201612=100",units,99.2,98.8,99.1,,,,,Dollars,unit,Average expenditure per household,648.25,1002.67,9.25,319.92,997.0,190.08,1105.17,5940.0,2.83,,,,,,,,,,,,,,,,,,,,,,,
Atlantic Region,2014-11,"Index, 201612=100",units,99.2,98.8,99.1,,,,,Dollars,unit,Average expenditure per household,648.25,1002.67,9.25,319.92,997.0,190.08,1105.17,5940.0,2.83,,,,,,,,,,,,,,,,,,,,,,,
Atlantic Region,2014-01,"Index, 201612=100",units,99.2,98.5,99.0,,,,,Dollars,unit,Average expenditure per household,648.25,1002.67,9.25,319.92,997.0,190.08,1105.17,5940.0,2.83,,,,,,,,,,,,,,,,,,,,,,,
Atlantic Region,2014-08,"Index, 201612=100",units,99.0,98.6,98.9,,,,,Dollars,unit,Average expenditure per household,648.25,1002.67,9.25,319.92,997.0,190.08,1105.17,5940.0,2.83,,,,,,,,,,,,,,,,,,,,,,,
Atlantic Region,2014-09,"Index, 201612=100",units,99.1,98.7,99.0,,,,,Dollars,unit,Average expenditure per household,648.25,1002.67,9.25,319.92,997.0,190.08,1105.17,5940.0,2.83,,,,,,,,,,,,,,,,,,,,,,,
Atlantic Region,2014-07,"Index, 201612=100",units,99.0,98.6,98.9,,,,,Dollars,unit,Average expenditure per household,648.25,1002.67,9.25,319.92,997.0,190.08,1105.17,5940.0,2.83,,,,,,,,,,,,,,,,,,,,,,,
Atlantic Region,2014-02,"Index, 201612=100",units,99.1,98.4,99.0,,,,,Dollars,unit,Average expenditure per household,648.25,1002.67,9.25,319.92,997.0,190.08,1105.17,5940.0,2.83,,,,,,,,,,,,,,,,,,,,,,,
Atlantic Region,2014-06,"Index, 201612=100",units,99.1,98.6,99.0,,,,,Dollars,unit,Average expenditure per household,648.25,1002.67,9.25,319.92,997.0,190.08,1105.17,5940.0,2.83,,,,,,,,,,,,,,,,,,,,,,,
Atlantic Region,2014-04,"Index, 201612=100",units,99.3,98.5,99.1,,,,,Dollars,unit,Average expenditure per household,648.25,1002.67,9.25,319.92,997.0,190.08,1105.17,5940.0,2.83,,,,,,,,,,,,,,,,,,,,,,,
Atlantic Region,2014-10,"Index, 201612=100",units,99.1,98.7,99.0,,,,,Dollars,unit,Average expenditure per household,648.25,1002.67,9.25,319.92,997.0,190.08,1105.17,5940.0,2.83,,,,,,,,,,,,,,,,,,,,,,,
Atlantic Region,2014-05,"Index, 201612=100",units,99.2,98.6,99.1,,,,,Dollars,unit,Average expenditure per household,648.25,1002.67,9.25,319.92,997.0,190.08,1105.17,5940.0,2.83,,,,,,,,,,,,,,,,,,,,,,,
Atlantic Region,2014-03,"Index, 201612=100",units,99.3,98.5,99.1,,,,,Dollars,unit,Average expenditure per household,648.25,1002.67,9.25,319.92,997.0,190.08,1105.17,5940.0,2.83,,,,,,,,,,,,,,,,,,,,,,,
New Brunswick,1992-06,"Index, 201612=100",units,85.3,78.6,83.5,,,,,,,,,,,,,,,,,Persons,unit,939801.0,1162491.0,Persons,thousands,"Both sexes, All age groups, Seasonally adjusted",189.3333282470703,158.11666870117188,217.0,31.233333587646484,353.5,27.649999618530273,Percentage,unit,"Both sexes, All age groups, Seasonally adjusted",49.38333511352539,57.016666412353516,12.699999809265137,,,,
New Brunswick,1992-04,"Index, 201612=100",units,85.4,77.8,83.4,,,,,,,,,,,,,,,,,Persons,unit,839072.0,993767.0,Persons,thousands,"Both sexes, All age groups, Seasonally adjusted",185.75,156.78334045410156,213.0833282470703,28.96666717529297,353.1166687011719,27.33333396911621,Percentage,unit,"Both sexes, All age groups, Seasonally adjusted",48.25,55.88333511352539,13.233333587646484,,,,
New Brunswick,1992-08,"Index, 201612=100",units,84.9,78.6,83.1,,,,,,,,,,,,,,,,,Persons,unit,1008940.0,1301957.0,Persons,thousands,"Both sexes, All age groups, Seasonally adjusted",190.21665954589844,158.68333435058594,218.14999389648438,31.53333282470703,353.6166687011719,27.899999618530273,Percentage,unit,"Both sexes, All age groups, Seasonally adjusted",49.68333435058594,57.516666412353516,13.133333206176758,,,,
New Brunswick,1992-01,"Index, 201612=100",units,84.2,77.4,82.4,,,,,,,,,,,,,,,,,Persons,unit,735245.0,880424.0,Persons,thousands,"Both sexes, All age groups, Seasonally adjusted",184.68333435058594,156.39999389648438,211.8000030517578,28.299999237060547,352.4166564941406,27.116666793823242,Percentage,unit,"Both sexes, All age groups, Seasonally adjusted",48.16666793823242,55.81666564941406,13.199999809265137,,,,
New Brunswick,1992-02,"Index, 201612=100",units,84.9,77.6,83.0,,,,,,,,,,,,,,,,,Persons,unit,711631.0,856375.0,Persons,thousands,"Both sexes, All age groups, Seasonally adjusted",186.3333282470703,158.48333740234375,213.03334045410156,27.866666793823242,352.6000061035156,26.683332443237305,Percentage,unit,"Both sexes, All age groups, Seasonally adjusted",48.54999923706055,56.06666564941406,12.800000190734863,,,,
New Brunswick,1992-05,"Index, 201612=100",units,85.4,78.6,83.6,,,,,,,,,,,,,,,,,Persons,unit,972143.0,1170778.0,Persons,thousands,"Both sexes, All age groups, Seasonally adjusted",186.89999389648438,157.60000610351562,215.35000610351562,29.299999237060547,353.3833312988281,28.46666717529297,Percentage,unit,"Both sexes, All age groups, Seasonally adjusted",48.650001525878906,56.650001525878906,13.516666412353516,,,,
New Brunswick,1992-07,"Index, 201612=100",units,85.3,78.6,83.5,,,,,,,,,,,,,,,,,Persons,unit,1043331.0,1351849.0,Persons,thousands,"Both sexes, All age groups, Seasonally adjusted",189.53334045410156,157.75,216.0,31.78333282470703,353.6333312988281,26.5,Percentage,unit,"Both sexes, All age groups, Seasonally adjusted",49.483333587646484,56.71666717529297,12.0,,,,
New Brunswick,1992-09,"Index, 201612=100",units,85.1,78.6,83.4,,,,,,,,,,,,,,,,,Persons,unit,804468.0,1015155.0,Persons,thousands,"Both sexes, All age groups, Seasonally adjusted",193.01666259765625,161.81666564941406,219.03334045410156,31.149999618530273,353.73333740234375,26.0,Percentage,unit,"Both sexes, All age groups, Seasonally adjusted",50.45000076293945,57.58333206176758,11.766666412353516,,,,
New Brunswick,1992-10,"Index, 201612=100",units,85.1,78.6,83.4,,,,,,,,,,,,,,,,,Persons,unit,801255.0,993045.0,Persons,thousands,"Both sexes, All age groups, Seasonally adjusted",189.5833282470703,159.6666717529297,214.96665954589844,29.933332443237305,353.8833312988281,25.399999618530273,Percentage,unit,"Both sexes, All age groups, Seasonally adjusted",49.516666412353516,56.599998474121094,12.133333206176758,,,,
New Brunswick,1992-03,"Index, 201612=100",units,85.4,77.8,83.4,,,,,,,,,,,,,,,,,Persons,unit,843100.0,1001657.0,Persons,thousands,"Both sexes, All age groups, Seasonally adjusted",186.61666870117188,158.25,215.21665954589844,28.366666793823242,352.9166564941406,28.616666793823242,Percentage,unit,"Both sexes, All age groups, Seasonally adjusted",48.650001525878906,56.63333511352539,13.600000381469727,,,,
New Brunswick,1992-11,"Index, 201612=100",units,85.5,78.6,83.7,,,,,,,,,,,,,,,,,Persons,unit,692540.0,848766.0,Persons,thousands,"Both sexes, All age groups, Seasonally adjusted",190.8000030517578,160.0500030517578,219.13333129882812,30.75,353.9666748046875,28.33333396911621,Percentage,unit,"Both sexes, All age groups, Seasonally adjusted",49.766666412353516,57.599998474121094,13.033333778381348,,,,
New Brunswick,1992-12,"Index, 201612=100",units,85.1,78.4,83.3,,,,,,,,,,,,,,,,,Persons,unit,679586.0,847526.0,Persons,thousands,"Both sexes, All age groups, Seasonally adjusted",189.23333740234375,159.96665954589844,214.5833282470703,29.25,354.1666564941406,25.350000381469727,Percentage,unit,"Both sexes, All age groups, Seasonally adjusted",49.16666793823242,56.349998474121094,12.216666221618652,,,,
