province,REF_DATE,uom_houseindex,scalar_houseindex,avg_house_only,avg_land_only,avg_totalhouseland,uom_income,scalar_income,statistic_income,avg_income,uom_expenditure,scalar_expenditure,statistic_expenditure,avg_food_expenditures,avg_income_taxes,avg_mortageinsurance,avg_mortagePaid,avg_accomodation,avg_rent,avg_shelter,avg_total_expenditure,avg_taxes_landregfees,uom_tourist,scalar_tourist,avg_international_tourism,avg_domestic_tourism,uom_labourforce,scalar_labourforce,statistic_labourforce,avg_employment,avg_fulltime,avg_labourforce,avg_parttime,avg_population,avg_unemployment,uom_lfperc,scalar_lfperc,statistic_labourforceperc,avg_employment_rate,avg_participationrate,avg_unemploymentrate,uom_crime,scalar_crime,statistic_crime,avg_crime_incidents
Newfoundland and Labrador,2017-10,"Index, 201612=100",units,98.6,99.8,98.9,,,,,,,,,,,,,,,,,Persons,unit,7508.0,20143.0,Persons,thousands,"Both sexes, All age groups, Seasonally adjusted",143.86666870117188,124.78333282470703,167.63333129882812,19.066667556762695,270.8166809082031,23.766666412353516,Percentage,unit,"Both sexes, All age groups, Seasonally adjusted",52.400001525878906,61.349998474121094,15.050000190734863,Number,unit,Total of all violations-Actual incidents,2648.42
Newfoundland and Labrador,2017-06,"Index, 201612=100",units,99.1,100.0,99.4,,,,,,,,,,,,,,,,,Persons,unit,7229.0,18727.0,Persons,thousands,"Both sexes, All age groups, Seasonally adjusted",143.10000610351562,124.76667022705078,168.4499969482422,18.33333396911621,271.26666259765625,25.316667556762695,Percentage,unit,"Both sexes, All age groups, Seasonally adjusted",52.03333282470703,61.29999923706055,15.433333396911621,Number,unit,Total of all violations-Actual incidents,2648.42
Newfoundland and Labrador,2017-09,"Index, 201612=100",units,98.6,99.8,98.9,,,,,,,,,,,,,,,,,Persons,unit,8884.0,44793.0,Persons,thousands,"Both sexes, All age groups, Seasonally adjusted",141.89999389648438,123.48332977294922,166.89999389648438,18.41666603088379,270.9666748046875,25.0,Percentage,unit,"Both sexes, All age groups, Seasonally adjusted",51.599998474121094,60.83333206176758,15.833333015441895,Number,unit,Total of all violations-Actual incidents,2648.42
Newfoundland and Labrador,2017-08,"Index, 201612=100",units,98.6,99.8,98.9,,,,,,,,,,,,,,,,,Persons,unit,8528.0,26651.0,Persons,thousands,"Both sexes, All age groups, Seasonally adjusted",141.18333435058594,123.26667022705078,166.14999389648438,17.91666603088379,271.1833190917969,24.96666717529297,Percentage,unit,"Both sexes, All age groups, Seasonally adjusted",51.06666564941406,60.31666564941406,15.75,Number,unit,Total of all violations-Actual incidents,2648.42
Newfoundland and Labrador,2017-12,"Index, 201612=100",units,98.8,99.8,99.0,,,,,,,,,,,,,,,,,Persons,unit,1604.0,5943.0,Persons,thousands,"Both sexes, All age groups, Seasonally adjusted",144.1999969482422,124.0999984741211,169.0,20.116666793823242,270.51666259765625,24.816667556762695,Percentage,unit,"Both sexes, All age groups, Seasonally adjusted",52.28333282470703,61.53333282470703,15.316666603088379,Number,unit,Total of all violations-Actual incidents,2648.42
Newfoundland and Labrador,2017-05,"Index, 201612=100",units,99.2,100.0,99.5,,,,,,,,,,,,,,,,,Persons,unit,9938.0,17988.0,Persons,thousands,"Both sexes, All age groups, Seasonally adjusted",143.75,124.88333129882812,168.48333740234375,18.866666793823242,271.2833251953125,24.700000762939453,Percentage,unit,"Both sexes, All age groups, Seasonally adjusted",52.099998474121094,61.400001525878906,15.5,Number,unit,Total of all violations-Actual incidents,2648.42
Newfoundland and Labrador,2017-03,"Index, 201612=100",units,99.3,100.0,99.5,,,,,,,,,,,,,,,,,Persons,unit,3318.0,7769.0,Persons,thousands,"Both sexes, All age groups, Seasonally adjusted",144.3000030517578,124.4000015258789,169.26666259765625,19.883333206176758,271.23333740234375,24.96666717529297,Percentage,unit,"Both sexes, All age groups, Seasonally adjusted",52.28333282470703,61.71666717529297,15.633333206176758,Number,unit,Total of all violations-Actual incidents,2648.42
Newfoundland and Labrador,2017-07,"Index, 201612=100",units,99.3,99.8,99.4,,,,,,,,,,,,,,,,,Persons,unit,7240.0,23353.0,Persons,thousands,"Both sexes, All age groups, Seasonally adjusted",140.89999389648438,122.25,167.0,18.649999618530273,271.23333740234375,26.066667556762695,Percentage,unit,"Both sexes, All age groups, Seasonally adjusted",50.900001525878906,60.58333206176758,16.133333206176758,Number,unit,Total of all violations-Actual incidents,2648.42
Newfoundland and Labrador,2017-11,"Index, 201612=100",units,98.8,99.8,99.0,,,,,,,,,,,,,,,,,Persons,unit,1526.0,7067.0,Persons,thousands,"Both sexes, All age groups, Seasonally adjusted",143.71665954589844,123.0999984741211,168.3000030517578,20.58333396911621,270.6000061035156,24.58333396911621,Percentage,unit,"Both sexes, All age groups, Seasonally adjusted",52.18333435058594,61.41666793823242,15.333333015441895,Number,unit,Total of all violations-Actual incidents,2648.42
Newfoundland and Labrador,2017-01,"Index, 201612=100",units,99.5,100.0,99.6,,,,,,,,,,,,,,,,,Persons,unit,1345.0,5470.0,Persons,thousands,"Both sexes, All age groups, Seasonally adjusted",145.98333740234375,123.88333129882812,169.25,22.116666793823242,271.04998779296875,23.28333282470703,Percentage,unit,"Both sexes, All age groups, Seasonally adjusted",52.71666717529297,61.63333511352539,14.833333015441895,Number,unit,Total of all violations-Actual incidents,2648.42
Newfoundland and Labrador,2017-02,"Index, 201612=100",units,99.5,100.0,99.6,,,,,,,,,,,,,,,,,Persons,unit,1031.0,5773.0,Persons,thousands,"Both sexes, All age groups, Seasonally adjusted",144.35000610351562,123.55000305175781,168.56666564941406,20.816667556762695,271.1499938964844,24.200000762939453,Percentage,unit,"Both sexes, All age groups, Seasonally adjusted",52.03333282470703,61.11666488647461,15.266666412353516,Number,unit,Total of all violations-Actual incidents,2648.42
Newfoundland and Labrador,2017-04,"Index, 201612=100",units,99.2,100.0,99.5,,,,,,,,,,,,,,,,,Persons,unit,7637.0,13214.0,Persons,thousands,"Both sexes, All age groups, Seasonally adjusted",144.51666259765625,125.1500015258789,168.3000030517578,19.350000381469727,271.25,23.799999237060547,Percentage,unit,"Both sexes, All age groups, Seasonally adjusted",52.599998474121094,61.43333435058594,14.783333778381348,Number,unit,Total of all violations-Actual incidents,2648.42
Prince Edward Island,2005-12,"Index, 201612=100",units,97.9,83.4,95.1,Dollars,units,"Median total income,Both sexes,All age groups",1866.67,,,,,,,,,,,,,Persons,unit,0.0,4.0,Persons,thousands,"Both sexes, All age groups, Seasonally adjusted",43.349998474121094,37.20000076293945,48.5,6.150000095367432,68.1500015258789,5.133333206176758,Percentage,unit,"Both sexes, All age groups, Seasonally adjusted",60.849998474121094,68.30000305175781,10.766666412353516,Number,unit,Total of all violations-Actual incidents,956.33
Prince Edward Island,2005-07,"Index, 201612=100",units,97.1,82.9,94.4,Dollars,units,"Median total income,Both sexes,All age groups",1866.67,,,,,,,,,,,,,Persons,unit,105.0,1445.0,Persons,thousands,"Both sexes, All age groups, Seasonally adjusted",43.06666564941406,35.81666564941406,48.20000076293945,7.266666889190674,68.05000305175781,5.133333206176758,Percentage,unit,"Both sexes, All age groups, Seasonally adjusted",60.70000076293945,68.46666717529297,11.333333015441895,Number,unit,Total of all violations-Actual incidents,956.33
Prince Edward Island,2005-01,"Index, 201612=100",units,94.3,80.6,91.7,Dollars,units,"Median total income,Both sexes,All age groups",1866.67,,,,,,,,,,,,,Persons,unit,2.0,35.0,Persons,thousands,"Both sexes, All age groups, Seasonally adjusted",43.20000076293945,36.66666793823242,48.150001525878906,6.5333333015441895,67.71666717529297,4.900000095367432,Percentage,unit,"Both sexes, All age groups, Seasonally adjusted",60.61666488647461,68.13333129882812,11.066666603088379,Number,unit,Total of all violations-Actual incidents,956.33
Prince Edward Island,2005-08,"Index, 201612=100",units,97.9,83.4,95.1,Dollars,units,"Median total income,Both sexes,All age groups",1866.67,,,,,,,,,,,,,Persons,unit,101.0,2921.0,Persons,thousands,"Both sexes, All age groups, Seasonally adjusted",42.78333282470703,35.86666488647461,48.150001525878906,6.900000095367432,68.13333129882812,5.383333206176758,Percentage,unit,"Both sexes, All age groups, Seasonally adjusted",60.29999923706055,68.28333282470703,11.683333396911621,Number,unit,Total of all violations-Actual incidents,956.33
Prince Edward Island,2005-11,"Index, 201612=100",units,98.4,83.4,95.5,Dollars,units,"Median total income,Both sexes,All age groups",1866.67,,,,,,,,,,,,,Persons,unit,10.0,59.0,Persons,thousands,"Both sexes, All age groups, Seasonally adjusted",43.516666412353516,36.91666793823242,48.41666793823242,6.599999904632568,68.1500015258789,4.883333206176758,Percentage,unit,"Both sexes, All age groups, Seasonally adjusted",61.04999923706055,68.23332977294922,10.683333396911621,Number,unit,Total of all violations-Actual incidents,956.33
Prince Edward Island,2005-02,"Index, 201612=100",units,95.6,80.6,92.7,Dollars,units,"Median total income,Both sexes,All age groups",1866.67,,,,,,,,,,,,,Persons,unit,3.0,8.0,Persons,thousands,"Both sexes, All age groups, Seasonally adjusted",43.099998474121094,35.983333587646484,48.04999923706055,7.099999904632568,67.76667022705078,4.916666507720947,Percentage,unit,"Both sexes, All age groups, Seasonally adjusted",60.21666717529297,67.86666870117188,11.350000381469727,Number,unit,Total of all violations-Actual incidents,956.33
Prince Edward Island,2005-03,"Index, 201612=100",units,95.4,81.5,92.7,Dollars,units,"Median total income,Both sexes,All age groups",1866.67,,,,,,,,,,,,,Persons,unit,6.0,10.0,Persons,thousands,"Both sexes, All age groups, Seasonally adjusted",42.96666717529297,36.68333435058594,48.099998474121094,6.316666603088379,67.8499984741211,5.099999904632568,Percentage,unit,"Both sexes, All age groups, Seasonally adjusted",60.04999923706055,67.93333435058594,11.800000190734863,Number,unit,Total of all violations-Actual incidents,956.33
Prince Edward Island,2005-10,"Index, 201612=100",units,98.4,83.4,95.5,Dollars,units,"Median total income,Both sexes,All age groups",1866.67,,,,,,,,,,,,,Persons,unit,53.0,350.0,Persons,thousands,"Both sexes, All age groups, Seasonally adjusted",43.31666564941406,37.0,48.36666488647461,6.333333492279053,68.16666412353516,5.066666603088379,Percentage,unit,"Both sexes, All age groups, Seasonally adjusted",60.61666488647461,68.18333435058594,11.233333587646484,Number,unit,Total of all violations-Actual incidents,956.33
Prince Edward Island,2005-04,"Index, 201612=100",units,95.9,81.5,93.2,Dollars,units,"Median total income,Both sexes,All age groups",1866.67,,,,,,,,,,,,,Persons,unit,3.0,31.0,Persons,thousands,"Both sexes, All age groups, Seasonally adjusted",42.66666793823242,35.66666793823242,47.81666564941406,6.983333110809326,67.88333129882812,5.166666507720947,Percentage,unit,"Both sexes, All age groups, Seasonally adjusted",59.53333282470703,67.28333282470703,11.850000381469727,Number,unit,Total of all violations-Actual incidents,956.33
Prince Edward Island,2005-06,"Index, 201612=100",units,97.1,82.9,94.4,Dollars,units,"Median total income,Both sexes,All age groups",1866.67,,,,,,,,,,,,,Persons,unit,15.0,205.0,Persons,thousands,"Both sexes, All age groups, Seasonally adjusted",42.63333511352539,35.53333282470703,48.233333587646484,7.083333492279053,68.0,5.599999904632568,Percentage,unit,"Both sexes, All age groups, Seasonally adjusted",59.75,68.44999694824219,12.899999618530273,Number,unit,Total of all violations-Actual incidents,956.33
Prince Edward Island,2005-09,"Index, 201612=100",units,98.6,83.4,95.7,Dollars,units,"Median total income,Both sexes,All age groups",1866.67,,,,,,,,,,,,,Persons,unit,109.0,900.0,Persons,thousands,"Both sexes, All age groups, Seasonally adjusted",43.03333282470703,36.43333435058594,48.38333511352539,6.599999904632568,68.1500015258789,5.349999904632568,Percentage,unit,"Both sexes, All age groups, Seasonally adjusted",60.45000076293945,68.19999694824219,11.5,Number,unit,Total of all violations-Actual incidents,956.33
Prince Edward Island,2005-05,"Index, 201612=100",units,96.6,82.9,94.0,Dollars,units,"Median total income,Both sexes,All age groups",1866.67,,,,,,,,,,,,,Persons,unit,0.0,6.0,Persons,thousands,"Both sexes, All age groups, Seasonally adjusted",42.483333587646484,35.483333587646484,47.88333511352539,6.983333110809326,67.91666412353516,5.383333206176758,Percentage,unit,"Both sexes, All age groups, Seasonally adjusted",59.46666717529297,67.66666412353516,12.350000381469727,Number,unit,Total of all violations-Actual incidents,956.33
Prince Edward Island,2009-04,"Index, 201612=100",units,101.5,91.4,99.5,Dollars,units,"Median total income,Both sexes,All age groups",2200.0,,,,,,,,,,,,,Persons,unit,374.0,428.0,Persons,thousands,"Both sexes, All age groups, Seasonally adjusted",42.70000076293945,36.516666412353516,48.75,6.183333396911621,69.63333129882812,6.050000190734863,Percentage,unit,"Both sexes, All age groups, Seasonally adjusted",58.86666488647461,67.66666412353516,13.033333778381348,Number,unit,Total of all violations-Actual incidents,831.58
Prince Edward Island,2009-08,"Index, 201612=100",units,102.1,92.0,100.1,Dollars,units,"Median total income,Both sexes,All age groups",2200.0,,,,,,,,,,,,,Persons,unit,203.0,1708.0,Persons,thousands,"Both sexes, All age groups, Seasonally adjusted",42.91666793823242,35.53333282470703,49.150001525878906,7.400000095367432,70.0,6.25,Percentage,unit,"Both sexes, All age groups, Seasonally adjusted",59.016666412353516,68.19999694824219,13.533333778381348,Number,unit,Total of all violations-Actual incidents,831.58
Prince Edward Island,2009-03,"Index, 201612=100",units,101.5,91.4,99.5,Dollars,units,"Median total income,Both sexes,All age groups",2200.0,,,,,,,,,,,,,Persons,unit,382.0,408.0,Persons,thousands,"Both sexes, All age groups, Seasonally adjusted",42.83333206176758,36.599998474121094,48.54999923706055,6.25,69.5,5.699999809265137,Percentage,unit,"Both sexes, All age groups, Seasonally adjusted",59.28333282470703,67.69999694824219,12.449999809265137,Number,unit,Total of all violations-Actual incidents,831.58
Prince Edward Island,2009-05,"Index, 201612=100",units,102.1,91.4,100.0,Dollars,units,"Median total income,Both sexes,All age groups",2200.0,,,,,,,,,,,,,Persons,unit,82.0,118.0,Persons,thousands,"Both sexes, All age groups, Seasonally adjusted",43.20000076293945,36.68333435058594,49.06666564941406,6.5333333015441895,69.69999694824219,5.883333206176758,Percentage,unit,"Both sexes, All age groups, Seasonally adjusted",59.483333587646484,68.33333587646484,12.983333587646484,Number,unit,Total of all violations-Actual incidents,831.58
Prince Edward Island,2009-12,"Index, 201612=100",units,101.3,92.0,99.5,Dollars,units,"Median total income,Both sexes,All age groups",2200.0,,,,,,,,,,,,,Persons,unit,8.0,44.0,Persons,thousands,"Both sexes, All age groups, Seasonally adjusted",44.13333511352539,36.86666488647461,49.233333587646484,7.2833333015441895,70.31666564941406,5.099999904632568,Percentage,unit,"Both sexes, All age groups, Seasonally adjusted",60.349998474121094,67.96666717529297,11.016666412353516,Number,unit,Total of all violations-Actual incidents,831.58
Prince Edward Island,2009-01,"Index, 201612=100",units,101.4,88.2,98.8,Dollars,units,"Median total income,Both sexes,All age groups",2200.0,,,,,,,,,,,,,Persons,unit,6.0,67.0,Persons,thousands,"Both sexes, All age groups, Seasonally adjusted",42.483333587646484,36.33333206176758,48.36666488647461,6.150000095367432,69.43333435058594,5.866666793823242,Percentage,unit,"Both sexes, All age groups, Seasonally adjusted",58.41666793823242,67.26667022705078,13.300000190734863,Number,unit,Total of all violations-Actual incidents,831.58
Prince Edward Island,2009-06,"Index, 201612=100",units,102.1,91.4,100.0,Dollars,units,"Median total income,Both sexes,All age groups",2200.0,,,,,,,,,,,,,Persons,unit,50.0,592.0,Persons,thousands,"Both sexes, All age groups, Seasonally adjusted",43.28333282470703,35.53333282470703,49.04999923706055,7.733333110809326,69.80000305175781,5.766666889190674,Percentage,unit,"Both sexes, All age groups, Seasonally adjusted",59.849998474121094,68.03333282470703,12.183333396911621,Number,unit,Total of all violations-Actual incidents,831.58
Prince Edward Island,2009-07,"Index, 201612=100",units,102.1,91.4,100.0,Dollars,units,"Median total income,Both sexes,All age groups",2200.0,,,,,,,,,,,,,Persons,unit,173.0,2327.0,Persons,thousands,"Both sexes, All age groups, Seasonally adjusted",42.95000076293945,35.71666717529297,48.86666488647461,7.233333110809326,69.93333435058594,5.949999809265137,Percentage,unit,"Both sexes, All age groups, Seasonally adjusted",59.21666717529297,67.69999694824219,12.783333778381348,Number,unit,Total of all violations-Actual incidents,831.58
Prince Edward Island,2009-02,"Index, 201612=100",units,102.0,91.4,99.9,Dollars,units,"Median total income,Both sexes,All age groups",2200.0,,,,,,,,,,,,,Persons,unit,108.0,139.0,Persons,thousands,"Both sexes, All age groups, Seasonally adjusted",42.81666564941406,36.766666412353516,48.88333511352539,6.0333333015441895,69.44999694824219,6.083333492279053,Percentage,unit,"Both sexes, All age groups, Seasonally adjusted",59.33333206176758,68.46666717529297,13.449999809265137,Number,unit,Total of all violations-Actual incidents,831.58
Prince Edward Island,2009-10,"Index, 201612=100",units,101.3,92.0,99.5,Dollars,units,"Median total income,Both sexes,All age groups",2200.0,,,,,,,,,,,,,Persons,unit,17.0,46.0,Persons,thousands,"Both sexes, All age groups, Seasonally adjusted",44.25,36.650001525878906,49.53333282470703,7.566666603088379,70.19999694824219,5.2833333015441895,Percentage,unit,"Both sexes, All age groups, Seasonally adjusted",60.63333511352539,68.66666412353516,11.866666793823242,Number,unit,Total of all violations-Actual incidents,831.58
Prince Edward Island,2009-11,"Index, 201612=100",units,101.3,92.0,99.5,Dollars,units,"Median total income,Both sexes,All age groups",2200.0,,,,,,,,,,,,,Persons,unit,7.0,71.0,Persons,thousands,"Both sexes, All age groups, Seasonally adjusted",44.650001525878906,37.20000076293945,49.516666412353516,7.4666666984558105,70.23332977294922,4.883333206176758,Percentage,unit,"Both sexes, All age groups, Seasonally adjusted",61.11666488647461,68.36666870117188,10.533333778381348,Number,unit,Total of all violations-Actual incidents,831.58
Prince Edward Island,2009-09,"Index, 201612=100",units,102.1,92.0,100.1,Dollars,units,"Median total income,Both sexes,All age groups",2200.0,,,,,,,,,,,,,Persons,unit,39.0,3201.0,Persons,thousands,"Both sexes, All age groups, Seasonally adjusted",43.5,36.71666717529297,49.03333282470703,6.833333492279053,70.1500015258789,5.5333333015441895,Percentage,unit,"Both sexes, All age groups, Seasonally adjusted",59.71666717529297,67.98332977294922,12.366666793823242,Number,unit,Total of all violations-Actual incidents,831.58
Quebec,1998-08,"Index, 201612=100",units,57.43333333333333,51.46666666666666,55.166666666666664,,,,,,,,,,,,,,,,,Persons,unit,684559.0,1307495.0,Persons,thousands,"Both sexes, All age groups, Seasonally adjusted",2107.816650390625,1761.13330078125,2337.85009765625,346.6499938964844,3572.833251953125,230.0500030517578,Percentage,unit,"Both sexes, All age groups, Seasonally adjusted",54.06666564941406,60.53333282470703,10.75,Number,unit,Total of all violations-Actual incidents,42115.67
Quebec,1998-06,"Index, 201612=100",units,57.4,51.633333333333326,55.166666666666664,,,,,,,,,,,,,,,,,Persons,unit,484444.0,955517.0,Persons,thousands,"Both sexes, All age groups, Seasonally adjusted",2080.316650390625,1734.7667236328125,2315.833251953125,345.54998779296875,3570.5,235.5,Percentage,unit,"Both sexes, All age groups, Seasonally adjusted",53.25,59.83333206176758,10.949999809265137,Number,unit,Total of all violations-Actual incidents,42115.67
Quebec,1998-07,"Index, 201612=100",units,57.4,51.633333333333326,55.166666666666664,,,,,,,,,,,,,,,,,Persons,unit,687589.0,1291800.0,Persons,thousands,"Both sexes, All age groups, Seasonally adjusted",2094.11669921875,1740.75,2332.75,353.4166564941406,3571.583251953125,238.61666870117188,Percentage,unit,"Both sexes, All age groups, Seasonally adjusted",53.63333511352539,60.36666488647461,11.233333587646484,Number,unit,Total of all violations-Actual incidents,42115.67
Quebec,1998-04,"Index, 201612=100",units,57.5,51.366666666666674,55.166666666666664,,,,,,,,,,,,,,,,,Persons,unit,483973.0,823356.0,Persons,thousands,"Both sexes, All age groups, Seasonally adjusted",2075.5166015625,1725.800048828125,2305.550048828125,349.7166748046875,3567.13330078125,230.03334045410156,Percentage,unit,"Both sexes, All age groups, Seasonally adjusted",53.150001525878906,59.58333206176758,10.933333396911621,Number,unit,Total of all violations-Actual incidents,42115.67
Quebec,1998-09,"Index, 201612=100",units,57.26666666666667,51.5,55.03333333333333,,,,,,,,,,,,,,,,,Persons,unit,451383.0,941103.0,Persons,thousands,"Both sexes, All age groups, Seasonally adjusted",2111.083251953125,1769.4000244140625,2344.5,341.70001220703125,3575.050048828125,233.38333129882812,Percentage,unit,"Both sexes, All age groups, Seasonally adjusted",54.25,60.766666412353516,10.583333015441895,Number,unit,Total of all violations-Actual incidents,42115.67
Quebec,1998-03,"Index, 201612=100",units,57.46666666666667,51.46666666666667,55.199999999999996,,,,,,,,,,,,,,,,,Persons,unit,499941.0,792746.0,Persons,thousands,"Both sexes, All age groups, Seasonally adjusted",2075.833251953125,1725.11669921875,2304.316650390625,350.73333740234375,3565.666748046875,228.48333740234375,Percentage,unit,"Both sexes, All age groups, Seasonally adjusted",53.13333511352539,59.58333206176758,10.983333587646484,Number,unit,Total of all violations-Actual incidents,42115.67
Quebec,1998-05,"Index, 201612=100",units,57.4,51.46666666666667,55.133333333333326,,,,,,,,,,,,,,,,,Persons,unit,513651.0,916563.0,Persons,thousands,"Both sexes, All age groups, Seasonally adjusted",2076.11669921875,1733.5999755859375,2310.10009765625,342.48333740234375,3568.63330078125,234.0,Percentage,unit,"Both sexes, All age groups, Seasonally adjusted",53.16666793823242,59.70000076293945,10.766666412353516,Number,unit,Total of all violations-Actual incidents,42115.67
Quebec,1998-01,"Index, 201612=100",units,57.26666666666667,51.46666666666667,55.06666666666666,,,,,,,,,,,,,,,,,Persons,unit,445031.0,684918.0,Persons,thousands,"Both sexes, All age groups, Seasonally adjusted",2038.699951171875,1708.9000244140625,2291.033447265625,329.8166809082031,3562.566650390625,252.35000610351562,Percentage,unit,"Both sexes, All age groups, Seasonally adjusted",52.04999923706055,59.150001525878906,12.066666603088379,Number,unit,Total of all violations-Actual incidents,42115.67
Quebec,1998-12,"Index, 201612=100",units,57.4,51.46666666666666,55.133333333333326,,,,,,,,,,,,,,,,,Persons,unit,327786.0,685704.0,Persons,thousands,"Both sexes, All age groups, Seasonally adjusted",2115.11669921875,1755.683349609375,2350.89990234375,359.3999938964844,3581.10009765625,235.78334045410156,Percentage,unit,"Both sexes, All age groups, Seasonally adjusted",54.33333206176758,60.849998474121094,10.716666221618652,Number,unit,Total of all violations-Actual incidents,42115.67
Quebec,1998-10,"Index, 201612=100",units,57.4,51.46666666666666,55.13333333333333,,,,,,,,,,,,,,,,,Persons,unit,424766.0,879169.0,Persons,thousands,"Both sexes, All age groups, Seasonally adjusted",2107.166748046875,1769.38330078125,2330.60009765625,337.7833251953125,3577.083251953125,223.4166717529297,Percentage,unit,"Both sexes, All age groups, Seasonally adjusted",54.016666412353516,60.21666717529297,10.366666793823242,Number,unit,Total of all violations-Actual incidents,42115.67
Quebec,1998-11,"Index, 201612=100",units,57.4,51.46666666666666,55.133333333333326,,,,,,,,,,,,,,,,,Persons,unit,343499.0,672819.0,Persons,thousands,"Both sexes, All age groups, Seasonally adjusted",2112.066650390625,1768.0833740234375,2340.033447265625,343.9333190917969,3579.14990234375,228.01666259765625,Percentage,unit,"Both sexes, All age groups, Seasonally adjusted",54.233333587646484,60.599998474121094,10.466666221618652,Number,unit,Total of all violations-Actual incidents,42115.67
Quebec,1998-02,"Index, 201612=100",units,57.46666666666667,51.46666666666667,55.199999999999996,,,,,,,,,,,,,,,,,Persons,unit,371406.0,662696.0,Persons,thousands,"Both sexes, All age groups, Seasonally adjusted",2060.699951171875,1726.066650390625,2300.949951171875,334.6333312988281,3564.11669921875,240.26666259765625,Percentage,unit,"Both sexes, All age groups, Seasonally adjusted",52.66666793823242,59.38333511352539,11.483333587646484,Number,unit,Total of all violations-Actual incidents,42115.67
