province,REF_DATE,uom_houseindex,scalar_houseindex,avg_house_only,avg_land_only,avg_totalhouseland,uom_income,scalar_income,statistic_income,avg_income,uom_expenditure,scalar_expenditure,statistic_expenditure,avg_food_expenditures,avg_income_taxes,avg_mortageinsurance,avg_mortagePaid,avg_accomodation,avg_rent,avg_shelter,avg_total_expenditure,avg_taxes_landregfees,uom_tourist,scalar_tourist,avg_international_tourism,avg_domestic_tourism,uom_labourforce,scalar_labourforce,statistic_labourforce,avg_employment,avg_fulltime,avg_labourforce,avg_parttime,avg_population,avg_unemployment,uom_lfperc,scalar_lfperc,statistic_labourforceperc,avg_employment_rate,avg_participationrate,avg_unemploymentrate,uom_crime,scalar_crime,statistic_crime,avg_crime_incidents
Manitoba,1996-12,"Index, 201612=100",units,46.3,35.2,43.0,,,,,,,,,,,,,,,,,Persons,unit,75091.0,122787.0,Persons,thousands,"Both sexes, All age groups, Seasonally adjusted",329.6000061035156,261.8166809082031,354.8166809082031,67.78333282470703,512.8499755859375,25.200000762939453,Percentage,unit,"Both sexes, All age groups, Seasonally adjusted",60.21666717529297,65.25,7.566666603088379,,,,
Manitoba,1996-01,"Index, 201612=100",units,45.4,34.8,42.2,,,,,,,,,,,,,,,,,Persons,unit,87040.0,133277.0,Persons,thousands,"Both sexes, All age groups, Seasonally adjusted",325.8833312988281,262.0833435058594,352.0333251953125,63.78333282470703,510.8833312988281,26.16666603088379,Percentage,unit,"Both sexes, All age groups, Seasonally adjusted",60.0,65.1500015258789,7.7833333015441895,,,,
Manitoba,1996-05,"Index, 201612=100",units,45.6,35.1,42.5,,,,,,,,,,,,,,,,,Persons,unit,110520.0,188187.0,Persons,thousands,"Both sexes, All age groups, Seasonally adjusted",328.8666687011719,261.6166687011719,354.48333740234375,67.23332977294922,511.5333251953125,25.633333206176758,Percentage,unit,"Both sexes, All age groups, Seasonally adjusted",60.28333282470703,65.56666564941406,7.933333396911621,,,,
Manitoba,1996-02,"Index, 201612=100",units,45.5,34.8,42.3,,,,,,,,,,,,,,,,,Persons,unit,90858.0,140221.0,Persons,thousands,"Both sexes, All age groups, Seasonally adjusted",328.8166809082031,262.6333312988281,353.79998779296875,66.18333435058594,511.0333251953125,24.96666717529297,Percentage,unit,"Both sexes, All age groups, Seasonally adjusted",60.31666564941406,65.36666870117188,7.400000095367432,,,,
Manitoba,1996-08,"Index, 201612=100",units,45.7,35.1,42.6,,,,,,,,,,,,,,,,,Persons,unit,189240.0,308894.0,Persons,thousands,"Both sexes, All age groups, Seasonally adjusted",327.79998779296875,263.4166564941406,351.3999938964844,64.38333129882812,511.98333740234375,23.600000381469727,Percentage,unit,"Both sexes, All age groups, Seasonally adjusted",60.150001525878906,64.78333282470703,7.099999904632568,,,,
Manitoba,1996-10,"Index, 201612=100",units,45.9,35.2,42.7,,,,,,,,,,,,,,,,,Persons,unit,106883.0,176051.0,Persons,thousands,"Both sexes, All age groups, Seasonally adjusted",329.6833190917969,261.45001220703125,353.1499938964844,68.25,512.3333129882812,23.433332443237305,Percentage,unit,"Both sexes, All age groups, Seasonally adjusted",60.54999923706055,65.0999984741211,6.866666793823242,,,,
Manitoba,1996-04,"Index, 201612=100",units,45.5,35.1,42.4,,,,,,,,,,,,,,,,,Persons,unit,104882.0,162820.0,Persons,thousands,"Both sexes, All age groups, Seasonally adjusted",328.4166564941406,263.45001220703125,352.79998779296875,64.98332977294922,511.29998779296875,24.383333206176758,Percentage,unit,"Both sexes, All age groups, Seasonally adjusted",60.33333206176758,65.26667022705078,7.2166666984558105,,,,
Manitoba,1996-06,"Index, 201612=100",units,45.7,35.1,42.6,,,,,,,,,,,,,,,,,Persons,unit,111265.0,222621.0,Persons,thousands,"Both sexes, All age groups, Seasonally adjusted",327.3500061035156,261.98333740234375,352.70001220703125,65.33333587646484,511.6166687011719,25.350000381469727,Percentage,unit,"Both sexes, All age groups, Seasonally adjusted",60.016666412353516,65.05000305175781,7.766666889190674,,,,
Manitoba,1996-11,"Index, 201612=100",units,45.9,35.2,42.7,,,,,,,,,,,,,,,,,Persons,unit,88464.0,140710.0,Persons,thousands,"Both sexes, All age groups, Seasonally adjusted",328.98333740234375,259.9666748046875,354.98333740234375,69.01667022705078,512.5,25.983333587646484,Percentage,unit,"Both sexes, All age groups, Seasonally adjusted",60.25,65.38333129882812,7.733333110809326,,,,
Manitoba,1996-09,"Index, 201612=100",units,45.7,35.1,42.6,,,,,,,,,,,,,,,,,Persons,unit,123660.0,203902.0,Persons,thousands,"Both sexes, All age groups, Seasonally adjusted",327.70001220703125,265.75,350.7833251953125,61.96666717529297,512.1500244140625,23.049999237060547,Percentage,unit,"Both sexes, All age groups, Seasonally adjusted",59.900001525878906,64.44999694824219,6.949999809265137,,,,
Manitoba,1996-03,"Index, 201612=100",units,45.5,34.9,42.3,,,,,,,,,,,,,,,,,Persons,unit,122610.0,182740.0,Persons,thousands,"Both sexes, All age groups, Seasonally adjusted",328.3500061035156,263.3666687011719,352.8166809082031,64.98332977294922,511.1666564941406,24.450000762939453,Percentage,unit,"Both sexes, All age groups, Seasonally adjusted",60.29999923706055,65.23332977294922,7.516666889190674,,,,
Manitoba,1996-07,"Index, 201612=100",units,45.7,35.1,42.6,,,,,,,,,,,,,,,,,Persons,unit,174889.0,296906.0,Persons,thousands,"Both sexes, All age groups, Seasonally adjusted",329.1000061035156,263.5666809082031,354.6666564941406,65.51667022705078,511.8166809082031,25.58333396911621,Percentage,unit,"Both sexes, All age groups, Seasonally adjusted",60.43333435058594,65.58333587646484,7.650000095367432,,,,
New Brunswick,2012-03,"Index, 201612=100",units,98.2,98.6,98.1,Dollars,units,"Median total income,Both sexes,All age groups",2353.33,Dollars,unit,Average expenditure per household,604.83,812.58,8.67,241.17,840.17,177.42,926.0,5371.08,0.58,Persons,unit,326895.0,398808.0,Persons,thousands,"Both sexes, All age groups, Seasonally adjusted",222.53334045410156,190.5500030517578,246.6999969482422,31.950000762939453,380.0,24.21666717529297,Percentage,unit,"Both sexes, All age groups, Seasonally adjusted",56.31666564941406,63.04999923706055,10.733333587646484,Number,unit,Total of all violations-Actual incidents,3958.17
New Brunswick,2012-07,"Index, 201612=100",units,97.7,99.1,97.8,Dollars,units,"Median total income,Both sexes,All age groups",2353.33,Dollars,unit,Average expenditure per household,604.83,812.58,8.67,241.17,840.17,177.42,926.0,5371.08,0.58,Persons,unit,379863.0,553201.0,Persons,thousands,"Both sexes, All age groups, Seasonally adjusted",227.46665954589844,193.5833282470703,253.11666870117188,33.91666793823242,380.0666809082031,25.66666603088379,Percentage,unit,"Both sexes, All age groups, Seasonally adjusted",57.599998474121094,64.91666412353516,11.333333015441895,Number,unit,Total of all violations-Actual incidents,3958.17
New Brunswick,2012-12,"Index, 201612=100",units,97.8,100.0,98.1,Dollars,units,"Median total income,Both sexes,All age groups",2353.33,Dollars,unit,Average expenditure per household,604.83,812.58,8.67,241.17,840.17,177.42,926.0,5371.08,0.58,Persons,unit,295496.0,365030.0,Persons,thousands,"Both sexes, All age groups, Seasonally adjusted",225.06666564941406,192.01666259765625,250.61666870117188,33.04999923706055,379.7166748046875,25.53333282470703,Percentage,unit,"Both sexes, All age groups, Seasonally adjusted",57.03333282470703,64.01667022705078,11.050000190734863,Number,unit,Total of all violations-Actual incidents,3958.17
New Brunswick,2012-01,"Index, 201612=100",units,98.7,98.6,98.4,Dollars,units,"Median total income,Both sexes,All age groups",2353.33,Dollars,unit,Average expenditure per household,604.83,812.58,8.67,241.17,840.17,177.42,926.0,5371.08,0.58,Persons,unit,249303.0,310441.0,Persons,thousands,"Both sexes, All age groups, Seasonally adjusted",228.56666564941406,194.5833282470703,251.51666259765625,33.983333587646484,380.1666564941406,22.933332443237305,Percentage,unit,"Both sexes, All age groups, Seasonally adjusted",57.83333206176758,64.31666564941406,10.133333206176758,Number,unit,Total of all violations-Actual incidents,3958.17
New Brunswick,2012-10,"Index, 201612=100",units,98.1,100.0,98.3,Dollars,units,"Median total income,Both sexes,All age groups",2353.33,Dollars,unit,Average expenditure per household,604.83,812.58,8.67,241.17,840.17,177.42,926.0,5371.08,0.58,Persons,unit,328292.0,443588.0,Persons,thousands,"Both sexes, All age groups, Seasonally adjusted",224.81666564941406,190.14999389648438,253.3333282470703,34.63333511352539,379.79998779296875,28.53333282470703,Percentage,unit,"Both sexes, All age groups, Seasonally adjusted",56.79999923706055,64.66666412353516,12.316666603088379,Number,unit,Total of all violations-Actual incidents,3958.17
New Brunswick,2012-06,"Index, 201612=100",units,97.9,99.1,97.9,Dollars,units,"Median total income,Both sexes,All age groups",2353.33,Dollars,unit,Average expenditure per household,604.83,812.58,8.67,241.17,840.17,177.42,926.0,5371.08,0.58,Persons,unit,329329.0,464682.0,Persons,thousands,"Both sexes, All age groups, Seasonally adjusted",228.0500030517578,194.4166717529297,251.6666717529297,33.650001525878906,379.95001220703125,23.58333396911621,Percentage,unit,"Both sexes, All age groups, Seasonally adjusted",57.86666488647461,64.51667022705078,10.399999618530273,Number,unit,Total of all violations-Actual incidents,3958.17
New Brunswick,2012-04,"Index, 201612=100",units,98.1,99.1,98.1,Dollars,units,"Median total income,Both sexes,All age groups",2353.33,Dollars,unit,Average expenditure per household,604.83,812.58,8.67,241.17,840.17,177.42,926.0,5371.08,0.58,Persons,unit,331773.0,403981.0,Persons,thousands,"Both sexes, All age groups, Seasonally adjusted",227.81666564941406,195.85000610351562,250.9166717529297,31.96666717529297,380.0,23.08333396911621,Percentage,unit,"Both sexes, All age groups, Seasonally adjusted",57.75,64.31666564941406,10.183333396911621,Number,unit,Total of all violations-Actual incidents,3958.17
New Brunswick,2012-05,"Index, 201612=100",units,97.9,99.1,97.9,Dollars,units,"Median total income,Both sexes,All age groups",2353.33,Dollars,unit,Average expenditure per household,604.83,812.58,8.67,241.17,840.17,177.42,926.0,5371.08,0.58,Persons,unit,334926.0,424826.0,Persons,thousands,"Both sexes, All age groups, Seasonally adjusted",228.5500030517578,195.9499969482422,252.28334045410156,32.58333206176758,380.0333251953125,23.766666412353516,Percentage,unit,"Both sexes, All age groups, Seasonally adjusted",57.95000076293945,64.53333282470703,10.266666412353516,Number,unit,Total of all violations-Actual incidents,3958.17
New Brunswick,2012-02,"Index, 201612=100",units,98.2,98.6,98.1,Dollars,units,"Median total income,Both sexes,All age groups",2353.33,Dollars,unit,Average expenditure per household,604.83,812.58,8.67,241.17,840.17,177.42,926.0,5371.08,0.58,Persons,unit,245926.0,310234.0,Persons,thousands,"Both sexes, All age groups, Seasonally adjusted",225.18333435058594,192.76666259765625,249.38333129882812,32.41666793823242,380.1166687011719,24.21666717529297,Percentage,unit,"Both sexes, All age groups, Seasonally adjusted",57.016666412353516,63.83333206176758,10.833333015441895,Number,unit,Total of all violations-Actual incidents,3958.17
New Brunswick,2012-09,"Index, 201612=100",units,98.0,100.0,98.3,Dollars,units,"Median total income,Both sexes,All age groups",2353.33,Dollars,unit,Average expenditure per household,604.83,812.58,8.67,241.17,840.17,177.42,926.0,5371.08,0.58,Persons,unit,334212.0,483294.0,Persons,thousands,"Both sexes, All age groups, Seasonally adjusted",225.14999389648438,192.10000610351562,252.23333740234375,33.04999923706055,379.8999938964844,27.08333396911621,Percentage,unit,"Both sexes, All age groups, Seasonally adjusted",57.0,64.53333282470703,11.683333396911621,Number,unit,Total of all violations-Actual incidents,3958.17
New Brunswick,2012-11,"Index, 201612=100",units,97.8,100.0,98.1,Dollars,units,"Median total income,Both sexes,All age groups",2353.33,Dollars,unit,Average expenditure per household,604.83,812.58,8.67,241.17,840.17,177.42,926.0,5371.08,0.58,Persons,unit,330072.0,400874.0,Persons,thousands,"Both sexes, All age groups, Seasonally adjusted",224.63333129882812,191.46665954589844,252.36666870117188,33.18333435058594,379.8166809082031,27.75,Percentage,unit,"Both sexes, All age groups, Seasonally adjusted",56.78333282470703,64.63333129882812,12.399999618530273,Number,unit,Total of all violations-Actual incidents,3958.17
New Brunswick,2012-08,"Index, 201612=100",units,97.8,99.1,97.9,Dollars,units,"Median total income,Both sexes,All age groups",2353.33,Dollars,unit,Average expenditure per household,604.83,812.58,8.67,241.17,840.17,177.42,926.0,5371.08,0.58,Persons,unit,405088.0,578681.0,Persons,thousands,"Both sexes, All age groups, Seasonally adjusted",225.68333435058594,191.75,252.28334045410156,33.96666717529297,379.8500061035156,26.58333396911621,Percentage,unit,"Both sexes, All age groups, Seasonally adjusted",57.0,64.36666870117188,11.366666793823242,Number,unit,Total of all violations-Actual incidents,3958.17
Newfoundland and Labrador,2009-12,"Index, 201612=100",units,91.4,86.1,89.9,Dollars,units,"Median total income,Both sexes,All age groups",2045.83,,,,,,,,,,,,,Persons,unit,1403.0,9173.0,Persons,thousands,"Both sexes, All age groups, Seasonally adjusted",138.38333129882812,119.9000015258789,163.53334045410156,18.53333282470703,267.4166564941406,25.116666793823242,Percentage,unit,"Both sexes, All age groups, Seasonally adjusted",48.96666717529297,58.75,17.16666603088379,Number,unit,Total of all violations-Actual incidents,3127.58
Newfoundland and Labrador,2009-04,"Index, 201612=100",units,91.0,78.2,87.3,Dollars,units,"Median total income,Both sexes,All age groups",2045.83,,,,,,,,,,,,,Persons,unit,9576.0,18715.0,Persons,thousands,"Both sexes, All age groups, Seasonally adjusted",136.88333129882812,119.80000305175781,161.01666259765625,17.08333396911621,264.8333435058594,24.133333206176758,Percentage,unit,"Both sexes, All age groups, Seasonally adjusted",48.95000076293945,58.18333435058594,16.41666603088379,Number,unit,Total of all violations-Actual incidents,3127.58
Newfoundland and Labrador,2009-08,"Index, 201612=100",units,89.6,86.1,88.7,Dollars,units,"Median total income,Both sexes,All age groups",2045.83,,,,,,,,,,,,,Persons,unit,4059.0,21012.0,Persons,thousands,"Both sexes, All age groups, Seasonally adjusted",139.03334045410156,121.63333129882812,163.61666870117188,17.399999618530273,266.20001220703125,24.566667556762695,Percentage,unit,"Both sexes, All age groups, Seasonally adjusted",49.29999923706055,58.766666412353516,16.950000762939453,Number,unit,Total of all violations-Actual incidents,3127.58
Newfoundland and Labrador,2009-01,"Index, 201612=100",units,90.7,76.9,86.8,Dollars,units,"Median total income,Both sexes,All age groups",2045.83,,,,,,,,,,,,,Persons,unit,1309.0,10319.0,Persons,thousands,"Both sexes, All age groups, Seasonally adjusted",138.43333435058594,120.61666870117188,161.86666870117188,17.83333396911621,264.23333740234375,23.433332443237305,Percentage,unit,"Both sexes, All age groups, Seasonally adjusted",49.43333435058594,58.56666564941406,15.766666412353516,Number,unit,Total of all violations-Actual incidents,3127.58
Newfoundland and Labrador,2009-05,"Index, 201612=100",units,91.0,78.2,87.3,Dollars,units,"Median total income,Both sexes,All age groups",2045.83,,,,,,,,,,,,,Persons,unit,5533.0,16470.0,Persons,thousands,"Both sexes, All age groups, Seasonally adjusted",134.8333282470703,117.33333587646484,160.03334045410156,17.46666717529297,265.1166687011719,25.21666717529297,Percentage,unit,"Both sexes, All age groups, Seasonally adjusted",48.13333511352539,57.68333435058594,17.299999237060547,Number,unit,Total of all violations-Actual incidents,3127.58
Newfoundland and Labrador,2009-11,"Index, 201612=100",units,90.5,86.1,89.3,Dollars,units,"Median total income,Both sexes,All age groups",2045.83,,,,,,,,,,,,,Persons,unit,1701.0,10675.0,Persons,thousands,"Both sexes, All age groups, Seasonally adjusted",139.26666259765625,119.56666564941406,164.4499969482422,19.700000762939453,267.1833190917969,25.183332443237305,Percentage,unit,"Both sexes, All age groups, Seasonally adjusted",49.33333206176758,58.93333435058594,16.683332443237305,Number,unit,Total of all violations-Actual incidents,3127.58
Newfoundland and Labrador,2009-10,"Index, 201612=100",units,89.6,86.1,88.7,Dollars,units,"Median total income,Both sexes,All age groups",2045.83,,,,,,,,,,,,,Persons,unit,1955.0,14794.0,Persons,thousands,"Both sexes, All age groups, Seasonally adjusted",137.6999969482422,118.68333435058594,165.14999389648438,19.03333282470703,266.8999938964844,27.450000762939453,Percentage,unit,"Both sexes, All age groups, Seasonally adjusted",48.75,59.11666488647461,18.100000381469727,Number,unit,Total of all violations-Actual incidents,3127.58
Newfoundland and Labrador,2009-03,"Index, 201612=100",units,91.1,76.9,87.1,Dollars,units,"Median total income,Both sexes,All age groups",2045.83,,,,,,,,,,,,,Persons,unit,4894.0,11427.0,Persons,thousands,"Both sexes, All age groups, Seasonally adjusted",138.26666259765625,120.11666870117188,161.39999389648438,18.133333206176758,264.5833435058594,23.133333206176758,Percentage,unit,"Both sexes, All age groups, Seasonally adjusted",49.516666412353516,58.43333435058594,15.416666984558105,Number,unit,Total of all violations-Actual incidents,3127.58
Newfoundland and Labrador,2009-07,"Index, 201612=100",units,90.7,80.4,87.7,Dollars,units,"Median total income,Both sexes,All age groups",2045.83,,,,,,,,,,,,,Persons,unit,3562.0,20288.0,Persons,thousands,"Both sexes, All age groups, Seasonally adjusted",138.28334045410156,120.23332977294922,165.0500030517578,18.049999237060547,265.8833312988281,26.78333282470703,Percentage,unit,"Both sexes, All age groups, Seasonally adjusted",49.25,59.349998474121094,17.46666717529297,Number,unit,Total of all violations-Actual incidents,3127.58
Newfoundland and Labrador,2009-06,"Index, 201612=100",units,90.7,80.4,87.7,Dollars,units,"Median total income,Both sexes,All age groups",2045.83,,,,,,,,,,,,,Persons,unit,2276.0,13339.0,Persons,thousands,"Both sexes, All age groups, Seasonally adjusted",139.6999969482422,121.05000305175781,165.06666564941406,18.700000762939453,265.54998779296875,25.350000381469727,Percentage,unit,"Both sexes, All age groups, Seasonally adjusted",49.79999923706055,59.29999923706055,16.78333282470703,Number,unit,Total of all violations-Actual incidents,3127.58
Newfoundland and Labrador,2009-02,"Index, 201612=100",units,90.6,76.9,86.7,Dollars,units,"Median total income,Both sexes,All age groups",2045.83,,,,,,,,,,,,,Persons,unit,2434.0,9236.0,Persons,thousands,"Both sexes, All age groups, Seasonally adjusted",137.81666564941406,119.11666870117188,163.3333282470703,18.71666717529297,264.3999938964844,25.5,Percentage,unit,"Both sexes, All age groups, Seasonally adjusted",49.03333282470703,59.06666564941406,17.433332443237305,Number,unit,Total of all violations-Actual incidents,3127.58
Newfoundland and Labrador,2009-09,"Index, 201612=100",units,89.6,86.1,88.7,Dollars,units,"Median total income,Both sexes,All age groups",2045.83,,,,,,,,,,,,,Persons,unit,1830.0,14885.0,Persons,thousands,"Both sexes, All age groups, Seasonally adjusted",140.14999389648438,120.61666870117188,165.13333129882812,19.53333282470703,266.6166687011719,25.03333282470703,Percentage,unit,"Both sexes, All age groups, Seasonally adjusted",49.66666793823242,59.21666717529297,16.983333587646484,Number,unit,Total of all violations-Actual incidents,3127.58
Prairie Region,2004-06,"Index, 201612=100",units,58.0,48.8,54.7,,,,,,,,,,,,,,,,,,,,,,,,,,,,,,,,,,,,,,,
Prairie Region,2004-04,"Index, 201612=100",units,57.1,48.4,54.0,,,,,,,,,,,,,,,,,,,,,,,,,,,,,,,,,,,,,,,
Prairie Region,2004-02,"Index, 201612=100",units,56.6,47.8,53.5,,,,,,,,,,,,,,,,,,,,,,,,,,,,,,,,,,,,,,,
Prairie Region,2004-03,"Index, 201612=100",units,56.8,48.3,53.8,,,,,,,,,,,,,,,,,,,,,,,,,,,,,,,,,,,,,,,
Prairie Region,2004-05,"Index, 201612=100",units,57.5,48.5,54.3,,,,,,,,,,,,,,,,,,,,,,,,,,,,,,,,,,,,,,,
Prairie Region,2004-09,"Index, 201612=100",units,58.6,49.4,55.3,,,,,,,,,,,,,,,,,,,,,,,,,,,,,,,,,,,,,,,
Prairie Region,2004-10,"Index, 201612=100",units,58.9,49.4,55.5,,,,,,,,,,,,,,,,,,,,,,,,,,,,,,,,,,,,,,,
Prairie Region,2004-12,"Index, 201612=100",units,58.9,49.9,55.7,,,,,,,,,,,,,,,,,,,,,,,,,,,,,,,,,,,,,,,
Prairie Region,2004-11,"Index, 201612=100",units,58.9,49.8,55.6,,,,,,,,,,,,,,,,,,,,,,,,,,,,,,,,,,,,,,,
Prairie Region,2004-07,"Index, 201612=100",units,58.1,48.9,54.9,,,,,,,,,,,,,,,,,,,,,,,,,,,,,,,,,,,,,,,
Prairie Region,2004-08,"Index, 201612=100",units,58.2,49.1,55.0,,,,,,,,,,,,,,,,,,,,,,,,,,,,,,,,,,,,,,,
Prairie Region,2004-01,"Index, 201612=100",units,56.6,47.7,53.4,,,,,,,,,,,,,,,,,,,,,,,,,,,,,,,,,,,,,,,
