province,REF_DATE,uom_houseindex,scalar_houseindex,avg_house_only,avg_land_only,avg_totalhouseland,uom_income,scalar_income,statistic_income,avg_income,uom_expenditure,scalar_expenditure,statistic_expenditure,avg_food_expenditures,avg_income_taxes,avg_mortageinsurance,avg_mortagePaid,avg_accomodation,avg_rent,avg_shelter,avg_total_expenditure,avg_taxes_landregfees,uom_tourist,scalar_tourist,avg_international_tourism,avg_domestic_tourism,uom_labourforce,scalar_labourforce,statistic_labourforce,avg_employment,avg_fulltime,avg_labourforce,avg_parttime,avg_population,avg_unemployment,uom_lfperc,scalar_lfperc,statistic_labourforceperc,avg_employment_rate,avg_participationrate,avg_unemploymentrate,uom_crime,scalar_crime,statistic_crime,avg_crime_incidents
Alberta,2000-12,"Index, 201612=100",units,48.6,43.76666666666667,46.699999999999996,Dollars,units,"Median total income,Both sexes,All age groups",1891.67,,,,,,,,,,,,,Persons,unit,88468.0,170384.0,Persons,thousands,"Both sexes, All age groups, Seasonally adjusted",1021.5333251953125,841.4500122070312,1072.7332763671875,180.06666564941406,1434.4000244140625,51.20000076293945,Percentage,unit,"Both sexes, All age groups, Seasonally adjusted",66.21666717529297,69.81666564941406,5.083333492279053,Number,unit,Total of all violations-Actual incidents,23898.92
Alberta,2000-10,"Index, 201612=100",units,48.6,43.699999999999996,46.666666666666664,Dollars,units,"Median total income,Both sexes,All age groups",1891.67,,,,,,,,,,,,,Persons,unit,88261.0,168545.0,Persons,thousands,"Both sexes, All age groups, Seasonally adjusted",1012.683349609375,841.433349609375,1060.566650390625,171.28334045410156,1429.1500244140625,47.849998474121094,Percentage,unit,"Both sexes, All age groups, Seasonally adjusted",65.71666717529297,69.28333282470703,5.099999904632568,Number,unit,Total of all violations-Actual incidents,23898.92
Alberta,2000-03,"Index, 201612=100",units,48.333333333333336,42.866666666666674,46.26666666666667,Dollars,units,"Median total income,Both sexes,All age groups",1891.67,,,,,,,,,,,,,Persons,unit,119328.0,208133.0,Persons,thousands,"Both sexes, All age groups, Seasonally adjusted",1002.8333129882812,825.0333251953125,1052.433349609375,177.81666564941406,1408.8333740234375,49.56666564941406,Percentage,unit,"Both sexes, All age groups, Seasonally adjusted",66.11666870117188,69.96666717529297,5.366666793823242,Number,unit,Total of all violations-Actual incidents,23898.92
Alberta,2000-04,"Index, 201612=100",units,48.300000000000004,42.866666666666674,46.26666666666667,Dollars,units,"Median total income,Both sexes,All age groups",1891.67,,,,,,,,,,,,,Persons,unit,131164.0,206134.0,Persons,thousands,"Both sexes, All age groups, Seasonally adjusted",1004.5833129882812,824.3333129882812,1052.8499755859375,180.25,1411.86669921875,48.29999923706055,Percentage,unit,"Both sexes, All age groups, Seasonally adjusted",65.98332977294922,69.66666412353516,5.199999809265137,Number,unit,Total of all violations-Actual incidents,23898.92
Alberta,2000-02,"Index, 201612=100",units,48.20000000000001,42.866666666666674,46.166666666666664,Dollars,units,"Median total income,Both sexes,All age groups",1891.67,,,,,,,,,,,,,Persons,unit,109842.0,181648.0,Persons,thousands,"Both sexes, All age groups, Seasonally adjusted",999.4166870117188,823.1666870117188,1047.86669921875,176.25,1405.9000244140625,48.483333587646484,Percentage,unit,"Both sexes, All age groups, Seasonally adjusted",66.0,69.69999694824219,5.150000095367432,Number,unit,Total of all violations-Actual incidents,23898.92
Alberta,2000-08,"Index, 201612=100",units,48.699999999999996,43.53333333333333,46.666666666666664,Dollars,units,"Median total income,Both sexes,All age groups",1891.67,,,,,,,,,,,,,Persons,unit,118453.0,295932.0,Persons,thousands,"Both sexes, All age groups, Seasonally adjusted",1000.7000122070312,830.9666748046875,1053.5333251953125,169.73333740234375,1423.8333740234375,52.83333206176758,Percentage,unit,"Both sexes, All age groups, Seasonally adjusted",65.01667022705078,68.94999694824219,5.75,Number,unit,Total of all violations-Actual incidents,23898.92
Alberta,2000-05,"Index, 201612=100",units,48.63333333333333,42.96666666666667,46.5,Dollars,units,"Median total income,Both sexes,All age groups",1891.67,,,,,,,,,,,,,Persons,unit,96854.0,197661.0,Persons,thousands,"Both sexes, All age groups, Seasonally adjusted",1004.5833129882812,830.1333618164062,1052.2833251953125,174.48333740234375,1415.5333251953125,47.68333435058594,Percentage,unit,"Both sexes, All age groups, Seasonally adjusted",65.8499984741211,69.33333587646484,4.949999809265137,Number,unit,Total of all violations-Actual incidents,23898.92
Alberta,2000-06,"Index, 201612=100",units,48.53333333333333,43.03333333333333,46.46666666666667,Dollars,units,"Median total income,Both sexes,All age groups",1891.67,,,,,,,,,,,,,Persons,unit,80099.0,239163.0,Persons,thousands,"Both sexes, All age groups, Seasonally adjusted",1000.6333618164062,827.25,1049.7332763671875,173.39999389648438,1418.2332763671875,49.08333206176758,Percentage,unit,"Both sexes, All age groups, Seasonally adjusted",65.3499984741211,69.01667022705078,5.133333206176758,Number,unit,Total of all violations-Actual incidents,23898.92
Alberta,2000-07,"Index, 201612=100",units,48.666666666666664,43.03333333333333,46.53333333333333,Dollars,units,"Median total income,Both sexes,All age groups",1891.67,,,,,,,,,,,,,Persons,unit,110874.0,320158.0,Persons,thousands,"Both sexes, All age groups, Seasonally adjusted",999.3833618164062,825.3666381835938,1051.5167236328125,174.0500030517578,1420.9832763671875,52.13333511352539,Percentage,unit,"Both sexes, All age groups, Seasonally adjusted",64.98332977294922,68.83333587646484,5.483333110809326,Number,unit,Total of all violations-Actual incidents,23898.92
Alberta,2000-01,"Index, 201612=100",units,48.13333333333333,42.866666666666674,46.166666666666664,Dollars,units,"Median total income,Both sexes,All age groups",1891.67,,,,,,,,,,,,,Persons,unit,96112.0,162583.0,Persons,thousands,"Both sexes, All age groups, Seasonally adjusted",995.6333618164062,816.433349609375,1044.2332763671875,179.1999969482422,1402.816650390625,48.61666488647461,Percentage,unit,"Both sexes, All age groups, Seasonally adjusted",65.9000015258789,69.58333587646484,5.183333396911621,Number,unit,Total of all violations-Actual incidents,23898.92
Alberta,2000-09,"Index, 201612=100",units,48.53333333333333,43.53333333333333,46.56666666666666,Dollars,units,"Median total income,Both sexes,All age groups",1891.67,,,,,,,,,,,,,Persons,unit,82327.0,207165.0,Persons,thousands,"Both sexes, All age groups, Seasonally adjusted",1007.75,834.2999877929688,1056.5999755859375,173.4499969482422,1426.3499755859375,48.83333206176758,Percentage,unit,"Both sexes, All age groups, Seasonally adjusted",65.53333282470703,69.0999984741211,5.166666507720947,Number,unit,Total of all violations-Actual incidents,23898.92
Alberta,2000-11,"Index, 201612=100",units,48.6,43.76666666666667,46.699999999999996,Dollars,units,"Median total income,Both sexes,All age groups",1891.67,,,,,,,,,,,,,Persons,unit,83790.0,146784.0,Persons,thousands,"Both sexes, All age groups, Seasonally adjusted",1018.6333618164062,843.9666748046875,1069.0833740234375,174.6666717529297,1431.816650390625,50.46666717529297,Percentage,unit,"Both sexes, All age groups, Seasonally adjusted",66.13333129882812,69.8499984741211,5.2833333015441895,Number,unit,Total of all violations-Actual incidents,23898.92
British Columbia,2007-01,"Index, 201612=100",units,107.83333333333333,93.10000000000001,101.26666666666667,Dollars,units,"Median total income,Both sexes,All age groups",2306.67,,,,,,,,,,,,,Persons,unit,631813.0,1032353.0,Persons,thousands,"Both sexes, All age groups, Seasonally adjusted",1397.699951171875,1123.8333740234375,1457.13330078125,273.8666687011719,2124.39990234375,59.43333435058594,Percentage,unit,"Both sexes, All age groups, Seasonally adjusted",62.733333587646484,65.78333282470703,4.599999904632568,Number,unit,Total of all violations-Actual incidents,42025.5
British Columbia,2007-03,"Index, 201612=100",units,108.83333333333333,93.3,102.10000000000001,Dollars,units,"Median total income,Both sexes,All age groups",2306.67,,,,,,,,,,,,,Persons,unit,740441.0,1232541.0,Persons,thousands,"Both sexes, All age groups, Seasonally adjusted",1404.5167236328125,1125.300048828125,1462.2667236328125,279.1833190917969,2128.800048828125,57.766666412353516,Percentage,unit,"Both sexes, All age groups, Seasonally adjusted",62.83333206176758,65.75,4.449999809265137,Number,unit,Total of all violations-Actual incidents,42025.5
British Columbia,2007-08,"Index, 201612=100",units,109.16666666666667,99.7,104.96666666666665,Dollars,units,"Median total income,Both sexes,All age groups",2306.67,,,,,,,,,,,,,Persons,unit,1006880.0,2147003.0,Persons,thousands,"Both sexes, All age groups, Seasonally adjusted",1402.3333740234375,1136.4166259765625,1460.2332763671875,265.9333190917969,2144.416748046875,57.93333435058594,Percentage,unit,"Both sexes, All age groups, Seasonally adjusted",62.733333587646484,65.46666717529297,4.099999904632568,Number,unit,Total of all violations-Actual incidents,42025.5
British Columbia,2007-02,"Index, 201612=100",units,107.60000000000001,93.26666666666667,101.23333333333335,Dollars,units,"Median total income,Both sexes,All age groups",2306.67,,,,,,,,,,,,,Persons,unit,556063.0,995485.0,Persons,thousands,"Both sexes, All age groups, Seasonally adjusted",1396.86669921875,1126.300048828125,1455.4166259765625,270.5666809082031,2126.416748046875,58.54999923706055,Percentage,unit,"Both sexes, All age groups, Seasonally adjusted",62.650001525878906,65.63333129882812,4.583333492279053,Number,unit,Total of all violations-Actual incidents,42025.5
British Columbia,2007-05,"Index, 201612=100",units,108.36666666666667,98.93333333333332,104.10000000000001,Dollars,units,"Median total income,Both sexes,All age groups",2306.67,,,,,,,,,,,,,Persons,unit,770342.0,1542839.0,Persons,thousands,"Both sexes, All age groups, Seasonally adjusted",1403.0833740234375,1137.5999755859375,1464.183349609375,265.4666748046875,2134.25,61.08333206176758,Percentage,unit,"Both sexes, All age groups, Seasonally adjusted",62.81666564941406,65.76667022705078,4.550000190734863,Number,unit,Total of all violations-Actual incidents,42025.5
British Columbia,2007-07,"Index, 201612=100",units,109.16666666666667,99.53333333333335,104.90000000000002,Dollars,units,"Median total income,Both sexes,All age groups",2306.67,,,,,,,,,,,,,Persons,unit,900009.0,2044177.0,Persons,thousands,"Both sexes, All age groups, Seasonally adjusted",1397.316650390625,1127.9832763671875,1458.4000244140625,269.3500061035156,2141.083251953125,61.11666488647461,Percentage,unit,"Both sexes, All age groups, Seasonally adjusted",62.45000076293945,65.43333435058594,4.449999809265137,Number,unit,Total of all violations-Actual incidents,42025.5
British Columbia,2007-09,"Index, 201612=100",units,109.03333333333335,99.7,104.89999999999999,Dollars,units,"Median total income,Both sexes,All age groups",2306.67,,,,,,,,,,,,,Persons,unit,816418.0,1652606.0,Persons,thousands,"Both sexes, All age groups, Seasonally adjusted",1405.63330078125,1141.0333251953125,1467.816650390625,264.5833435058594,2147.39990234375,62.18333435058594,Percentage,unit,"Both sexes, All age groups, Seasonally adjusted",62.83333206176758,65.86666870117188,4.516666889190674,Number,unit,Total of all violations-Actual incidents,42025.5
British Columbia,2007-04,"Index, 201612=100",units,109.33333333333333,92.96666666666665,102.16666666666667,Dollars,units,"Median total income,Both sexes,All age groups",2306.67,,,,,,,,,,,,,Persons,unit,736778.0,1213974.0,Persons,thousands,"Both sexes, All age groups, Seasonally adjusted",1395.7332763671875,1126.6500244140625,1459.4000244140625,269.0833435058594,2131.63330078125,63.650001525878906,Percentage,unit,"Both sexes, All age groups, Seasonally adjusted",62.29999923706055,65.51667022705078,4.933333396911621,Number,unit,Total of all violations-Actual incidents,42025.5
British Columbia,2007-06,"Index, 201612=100",units,109.36666666666667,99.16666666666667,104.8,Dollars,units,"Median total income,Both sexes,All age groups",2306.67,,,,,,,,,,,,,Persons,unit,695926.0,1681160.0,Persons,thousands,"Both sexes, All age groups, Seasonally adjusted",1402.5167236328125,1122.550048828125,1464.800048828125,279.9666748046875,2137.083251953125,62.28333282470703,Percentage,unit,"Both sexes, All age groups, Seasonally adjusted",62.75,65.81666564941406,4.583333492279053,Number,unit,Total of all violations-Actual incidents,42025.5
British Columbia,2007-12,"Index, 201612=100",units,110.0,100.09999999999998,105.66666666666667,Dollars,units,"Median total income,Both sexes,All age groups",2306.67,,,,,,,,,,,,,Persons,unit,762640.0,1228160.0,Persons,thousands,"Both sexes, All age groups, Seasonally adjusted",1420.7166748046875,1138.4666748046875,1478.5,282.25,2154.300048828125,57.766666412353516,Percentage,unit,"Both sexes, All age groups, Seasonally adjusted",63.13333511352539,66.03333282470703,4.316666603088379,Number,unit,Total of all violations-Actual incidents,42025.5
British Columbia,2007-11,"Index, 201612=100",units,110.03333333333335,100.10000000000001,105.66666666666667,Dollars,units,"Median total income,Both sexes,All age groups",2306.67,,,,,,,,,,,,,Persons,unit,816507.0,1199048.0,Persons,thousands,"Both sexes, All age groups, Seasonally adjusted",1418.0167236328125,1155.63330078125,1477.9666748046875,262.3833312988281,2152.333251953125,59.96666717529297,Percentage,unit,"Both sexes, All age groups, Seasonally adjusted",63.13333511352539,66.08333587646484,4.366666793823242,Number,unit,Total of all violations-Actual incidents,42025.5
British Columbia,2007-10,"Index, 201612=100",units,109.46666666666668,99.96666666666665,105.26666666666665,Dollars,units,"Median total income,Both sexes,All age groups",2306.67,,,,,,,,,,,,,Persons,unit,778803.0,1250092.0,Persons,thousands,"Both sexes, All age groups, Seasonally adjusted",1409.4000244140625,1137.449951171875,1472.0167236328125,271.9666748046875,2150.033447265625,62.61666488647461,Percentage,unit,"Both sexes, All age groups, Seasonally adjusted",62.81666564941406,65.88333129882812,4.566666603088379,Number,unit,Total of all violations-Actual incidents,42025.5
Nova Scotia,2018-01,"Index, 201612=100",units,101.3,99.9,101.0,,,,,,,,,,,,,,,,,Persons,unit,12307.0,18768.0,Persons,thousands,"Both sexes, All age groups, Seasonally adjusted",288.98333740234375,239.76666259765625,313.75,49.20000076293945,481.6666564941406,24.766666412353516,Percentage,unit,"Both sexes, All age groups, Seasonally adjusted",58.58333206176758,64.48332977294922,9.133333206176758,,,,
Nova Scotia,2018-07,"Index, 201612=100",units,102.5,100.2,102.0,,,,,,,,,,,,,,,,,Persons,unit,19248.0,68965.0,Persons,thousands,"Both sexes, All age groups, Seasonally adjusted",288.8666687011719,239.8333282470703,312.9166564941406,49.03333282470703,483.3166809082031,24.016666412353516,Percentage,unit,"Both sexes, All age groups, Seasonally adjusted",58.78333282470703,64.31666564941406,8.533333778381348,,,,
Nova Scotia,2018-03,"Index, 201612=100",units,101.8,100.2,101.5,,,,,,,,,,,,,,,,,Persons,unit,37660.0,45383.0,Persons,thousands,"Both sexes, All age groups, Seasonally adjusted",289.8833312988281,242.26666259765625,311.8833312988281,47.61666488647461,482.1499938964844,21.983333587646484,Percentage,unit,"Both sexes, All age groups, Seasonally adjusted",58.83333206176758,64.05000305175781,8.100000381469727,,,,
Nova Scotia,2018-08,"Index, 201612=100",units,102.5,100.2,102.0,,,,,,,,,,,,,,,,,Persons,unit,19211.0,65419.0,Persons,thousands,"Both sexes, All age groups, Seasonally adjusted",289.3666687011719,243.1999969482422,314.6666564941406,46.16666793823242,483.9166564941406,25.316667556762695,Percentage,unit,"Both sexes, All age groups, Seasonally adjusted",58.96666717529297,64.88333129882812,9.116666793823242,,,,
Nova Scotia,2018-06,"Index, 201612=100",units,102.2,100.2,101.8,,,,,,,,,,,,,,,,,Persons,unit,16044.0,55359.0,Persons,thousands,"Both sexes, All age groups, Seasonally adjusted",288.3500061035156,240.88333129882812,312.01666259765625,47.45000076293945,482.8666687011719,23.683332443237305,Percentage,unit,"Both sexes, All age groups, Seasonally adjusted",58.483333587646484,64.06666564941406,8.733333587646484,,,,
Nova Scotia,2018-05,"Index, 201612=100",units,102.2,100.2,101.8,,,,,,,,,,,,,,,,,Persons,unit,25450.0,49676.0,Persons,thousands,"Both sexes, All age groups, Seasonally adjusted",289.3666687011719,241.93333435058594,310.9333190917969,47.43333435058594,482.6166687011719,21.566667556762695,Percentage,unit,"Both sexes, All age groups, Seasonally adjusted",58.766666412353516,63.849998474121094,7.9666666984558105,,,,
Nova Scotia,2018-04,"Index, 201612=100",units,102.3,100.2,101.9,,,,,,,,,,,,,,,,,Persons,unit,43147.0,59419.0,Persons,thousands,"Both sexes, All age groups, Seasonally adjusted",291.6499938964844,243.25,311.4333190917969,48.43333435058594,482.3666687011719,19.766666412353516,Percentage,unit,"Both sexes, All age groups, Seasonally adjusted",59.13333511352539,63.96666717529297,7.550000190734863,,,,
Nova Scotia,2018-09,"Index, 201612=100",units,102.2,100.2,101.7,,,,,,,,,,,,,,,,,Persons,unit,19111.0,114703.0,Persons,thousands,"Both sexes, All age groups, Seasonally adjusted",290.1333312988281,241.60000610351562,313.51666259765625,48.53333282470703,484.4166564941406,23.383333206176758,Percentage,unit,"Both sexes, All age groups, Seasonally adjusted",59.06666564941406,64.6500015258789,8.433333396911621,,,,
Nova Scotia,2018-02,"Index, 201612=100",units,101.3,99.9,101.0,,,,,,,,,,,,,,,,,Persons,unit,19510.0,25553.0,Persons,thousands,"Both sexes, All age groups, Seasonally adjusted",290.73333740234375,242.76666259765625,314.2833251953125,47.95000076293945,481.9166564941406,23.549999237060547,Percentage,unit,"Both sexes, All age groups, Seasonally adjusted",58.849998474121094,64.56666564941406,8.899999618530273,,,,
Quebec,2011-12,"Index, 201612=100",units,97.10000000000001,97.40000000000002,96.96666666666665,Dollars,units,"Median total income,Both sexes,All age groups",2390.83,Dollars,unit,Average expenditure per household,621.25,906.42,7.17,297.42,935.5,254.42,1015.5,5385.42,8.33,Persons,unit,471868.0,751265.0,Persons,thousands,"Both sexes, All age groups, Seasonally adjusted",2512.86669921875,2071.36669921875,2746.316650390625,441.5,4074.14990234375,233.4499969482422,Percentage,unit,"Both sexes, All age groups, Seasonally adjusted",59.099998474121094,65.11666870117188,9.333333015441895,Number,unit,Total of all violations-Actual incidents,35336.67
Quebec,2011-09,"Index, 201612=100",units,96.5,96.43333333333332,96.23333333333333,Dollars,units,"Median total income,Both sexes,All age groups",2390.83,Dollars,unit,Average expenditure per household,621.25,906.42,7.17,297.42,935.5,254.42,1015.5,5385.42,8.33,Persons,unit,628110.0,1005693.0,Persons,thousands,"Both sexes, All age groups, Seasonally adjusted",2546.36669921875,2092.783447265625,2749.64990234375,453.5833435058594,4065.39990234375,203.3000030517578,Percentage,unit,"Both sexes, All age groups, Seasonally adjusted",60.016666412353516,65.33333587646484,8.066666603088379,Number,unit,Total of all violations-Actual incidents,35336.67
Quebec,2011-05,"Index, 201612=100",units,96.36666666666667,95.93333333333332,95.96666666666665,Dollars,units,"Median total income,Both sexes,All age groups",2390.83,Dollars,unit,Average expenditure per household,621.25,906.42,7.17,297.42,935.5,254.42,1015.5,5385.42,8.33,Persons,unit,592105.0,902163.0,Persons,thousands,"Both sexes, All age groups, Seasonally adjusted",2549.716552734375,2080.0166015625,2750.11669921875,469.7166748046875,4051.0,200.36666870117188,Percentage,unit,"Both sexes, All age groups, Seasonally adjusted",60.400001525878906,65.61666870117188,8.066666603088379,Number,unit,Total of all violations-Actual incidents,35336.67
Quebec,2011-04,"Index, 201612=100",units,96.09999999999998,95.5,95.66666666666667,Dollars,units,"Median total income,Both sexes,All age groups",2390.83,Dollars,unit,Average expenditure per household,621.25,906.42,7.17,297.42,935.5,254.42,1015.5,5385.42,8.33,Persons,unit,681102.0,957531.0,Persons,thousands,"Both sexes, All age groups, Seasonally adjusted",2543.033447265625,2086.9833984375,2754.11669921875,456.0333251953125,4046.966552734375,211.06666564941406,Percentage,unit,"Both sexes, All age groups, Seasonally adjusted",60.28333282470703,65.80000305175781,8.383333206176758,Number,unit,Total of all violations-Actual incidents,35336.67
Quebec,2011-06,"Index, 201612=100",units,96.3,96.16666666666667,96.0,Dollars,units,"Median total income,Both sexes,All age groups",2390.83,Dollars,unit,Average expenditure per household,621.25,906.42,7.17,297.42,935.5,254.42,1015.5,5385.42,8.33,Persons,unit,580625.0,972919.0,Persons,thousands,"Both sexes, All age groups, Seasonally adjusted",2542.783447265625,2086.683349609375,2756.38330078125,456.0333251953125,4054.083251953125,213.60000610351562,Percentage,unit,"Both sexes, All age groups, Seasonally adjusted",60.08333206176758,65.6500015258789,8.550000190734863,Number,unit,Total of all violations-Actual incidents,35336.67
Quebec,2011-08,"Index, 201612=100",units,96.46666666666665,96.23333333333335,96.16666666666667,Dollars,units,"Median total income,Both sexes,All age groups",2390.83,Dollars,unit,Average expenditure per household,621.25,906.42,7.17,297.42,935.5,254.42,1015.5,5385.42,8.33,Persons,unit,1030983.0,1487237.0,Persons,thousands,"Both sexes, All age groups, Seasonally adjusted",2552.75,2101.300048828125,2757.683349609375,451.4333190917969,4062.199951171875,204.93333435058594,Percentage,unit,"Both sexes, All age groups, Seasonally adjusted",60.266666412353516,65.56666564941406,8.149999618530273,Number,unit,Total of all violations-Actual incidents,35336.67
Quebec,2011-10,"Index, 201612=100",units,96.56666666666666,96.43333333333334,96.26666666666665,Dollars,units,"Median total income,Both sexes,All age groups",2390.83,Dollars,unit,Average expenditure per household,621.25,906.42,7.17,297.42,935.5,254.42,1015.5,5385.42,8.33,Persons,unit,581368.0,903998.0,Persons,thousands,"Both sexes, All age groups, Seasonally adjusted",2537.38330078125,2096.60009765625,2750.5,440.75,4068.5166015625,213.1666717529297,Percentage,unit,"Both sexes, All age groups, Seasonally adjusted",59.733333587646484,65.3499984741211,8.583333015441895,Number,unit,Total of all violations-Actual incidents,35336.67
Quebec,2011-07,"Index, 201612=100",units,96.23333333333333,96.16666666666667,95.96666666666668,Dollars,units,"Median total income,Both sexes,All age groups",2390.83,Dollars,unit,Average expenditure per household,621.25,906.42,7.17,297.42,935.5,254.42,1015.5,5385.42,8.33,Persons,unit,927550.0,1416841.0,Persons,thousands,"Both sexes, All age groups, Seasonally adjusted",2552.39990234375,2092.066650390625,2743.966552734375,460.3333435058594,4057.86669921875,191.56666564941406,Percentage,unit,"Both sexes, All age groups, Seasonally adjusted",60.25,65.31666564941406,7.7833333015441895,Number,unit,Total of all violations-Actual incidents,35336.67
Quebec,2011-11,"Index, 201612=100",units,97.10000000000001,96.7,96.76666666666665,Dollars,units,"Median total income,Both sexes,All age groups",2390.83,Dollars,unit,Average expenditure per household,621.25,906.42,7.17,297.42,935.5,254.42,1015.5,5385.42,8.33,Persons,unit,459917.0,700687.0,Persons,thousands,"Both sexes, All age groups, Seasonally adjusted",2524.466552734375,2084.800048828125,2740.85009765625,439.6499938964844,4071.283447265625,216.35000610351562,Percentage,unit,"Both sexes, All age groups, Seasonally adjusted",59.349998474121094,65.0,8.733333587646484,Number,unit,Total of all violations-Actual incidents,35336.67
Quebec,2011-01,"Index, 201612=100",units,95.3,96.0,95.23333333333333,Dollars,units,"Median total income,Both sexes,All age groups",2390.83,Dollars,unit,Average expenditure per household,621.25,906.42,7.17,297.42,935.5,254.42,1015.5,5385.42,8.33,Persons,unit,636587.0,855820.0,Persons,thousands,"Both sexes, All age groups, Seasonally adjusted",2535.533447265625,2077.966552734375,2742.566650390625,457.5833435058594,4037.88330078125,207.06666564941406,Percentage,unit,"Both sexes, All age groups, Seasonally adjusted",60.21666717529297,65.6500015258789,8.283333778381348,Number,unit,Total of all violations-Actual incidents,35336.67
Quebec,2011-02,"Index, 201612=100",units,95.7,96.26666666666667,95.63333333333333,Dollars,units,"Median total income,Both sexes,All age groups",2390.83,Dollars,unit,Average expenditure per household,621.25,906.42,7.17,297.42,935.5,254.42,1015.5,5385.42,8.33,Persons,unit,494465.0,726990.0,Persons,thousands,"Both sexes, All age groups, Seasonally adjusted",2541.066650390625,2056.683349609375,2745.2333984375,484.3999938964844,4040.833251953125,204.14999389648438,Percentage,unit,"Both sexes, All age groups, Seasonally adjusted",60.31666564941406,65.6500015258789,8.166666984558105,Number,unit,Total of all violations-Actual incidents,35336.67
Quebec,2011-03,"Index, 201612=100",units,95.76666666666667,95.5,95.46666666666665,Dollars,units,"Median total income,Both sexes,All age groups",2390.83,Dollars,unit,Average expenditure per household,621.25,906.42,7.17,297.42,935.5,254.42,1015.5,5385.42,8.33,Persons,unit,681884.0,928751.0,Persons,thousands,"Both sexes, All age groups, Seasonally adjusted",2536.0,2072.333251953125,2743.466552734375,463.6333312988281,4043.7666015625,207.5,Percentage,unit,"Both sexes, All age groups, Seasonally adjusted",60.03333282470703,65.46666717529297,8.316666603088379,Number,unit,Total of all violations-Actual incidents,35336.67
