province,REF_DATE,uom_houseindex,scalar_houseindex,avg_house_only,avg_land_only,avg_totalhouseland,uom_income,scalar_income,statistic_income,avg_income,uom_expenditure,scalar_expenditure,statistic_expenditure,avg_food_expenditures,avg_income_taxes,avg_mortageinsurance,avg_mortagePaid,avg_accomodation,avg_rent,avg_shelter,avg_total_expenditure,avg_taxes_landregfees,uom_tourist,scalar_tourist,avg_international_tourism,avg_domestic_tourism,uom_labourforce,scalar_labourforce,statistic_labourforce,avg_employment,avg_fulltime,avg_labourforce,avg_parttime,avg_population,avg_unemployment,uom_lfperc,scalar_lfperc,statistic_labourforceperc,avg_employment_rate,avg_participationrate,avg_unemploymentrate,uom_crime,scalar_crime,statistic_crime,avg_crime_incidents
Alberta,2012-06,"Index, 201612=100",units,94.16666666666667,94.16666666666667,94.13333333333333,Dollars,units,"Median total income,Both sexes,All age groups",3265.83,Dollars,unit,Average expenditure per household,704.83,1616.75,10.58,550.67,1430.25,290.0,1608.42,8115.58,0.67,Persons,unit,173981.0,318391.0,Persons,thousands,"Both sexes, All age groups, Seasonally adjusted",1380.683349609375,1160.566650390625,1443.2667236328125,220.11666870117188,1907.75,62.599998474121094,Percentage,unit,"Both sexes, All age groups, Seasonally adjusted",68.5999984741211,72.11666870117188,4.883333206176758,Number,unit,Total of all violations-Actual incidents,26529.67
Alberta,2012-08,"Index, 201612=100",units,94.40000000000002,93.96666666666668,94.23333333333333,Dollars,units,"Median total income,Both sexes,All age groups",3265.83,Dollars,unit,Average expenditure per household,704.83,1616.75,10.58,550.67,1430.25,290.0,1608.42,8115.58,0.67,Persons,unit,248881.0,403483.0,Persons,thousands,"Both sexes, All age groups, Seasonally adjusted",1388.300048828125,1178.300048828125,1448.4166259765625,210.01666259765625,1917.63330078125,60.08333206176758,Percentage,unit,"Both sexes, All age groups, Seasonally adjusted",68.58333587646484,71.98332977294922,4.7833333015441895,Number,unit,Total of all violations-Actual incidents,26529.67
Alberta,2012-05,"Index, 201612=100",units,93.86666666666667,94.0,93.86666666666667,Dollars,units,"Median total income,Both sexes,All age groups",3265.83,Dollars,unit,Average expenditure per household,704.83,1616.75,10.58,550.67,1430.25,290.0,1608.42,8115.58,0.67,Persons,unit,225897.0,324283.0,Persons,thousands,"Both sexes, All age groups, Seasonally adjusted",1383.86669921875,1164.1500244140625,1446.11669921875,219.73333740234375,1903.4666748046875,62.25,Percentage,unit,"Both sexes, All age groups, Seasonally adjusted",69.05000305175781,72.5,4.800000190734863,Number,unit,Total of all violations-Actual incidents,26529.67
Alberta,2012-07,"Index, 201612=100",units,94.26666666666665,94.10000000000001,94.16666666666667,Dollars,units,"Median total income,Both sexes,All age groups",3265.83,Dollars,unit,Average expenditure per household,704.83,1616.75,10.58,550.67,1430.25,290.0,1608.42,8115.58,0.67,Persons,unit,219476.0,399758.0,Persons,thousands,"Both sexes, All age groups, Seasonally adjusted",1383.6500244140625,1172.949951171875,1447.11669921875,210.71665954589844,1913.3499755859375,63.45000076293945,Percentage,unit,"Both sexes, All age groups, Seasonally adjusted",68.55000305175781,72.05000305175781,4.883333206176758,Number,unit,Total of all violations-Actual incidents,26529.67
Alberta,2012-04,"Index, 201612=100",units,93.76666666666667,93.86666666666667,93.76666666666667,Dollars,units,"Median total income,Both sexes,All age groups",3265.83,Dollars,unit,Average expenditure per household,704.83,1616.75,10.58,550.67,1430.25,290.0,1608.42,8115.58,0.67,Persons,unit,321431.0,398486.0,Persons,thousands,"Both sexes, All age groups, Seasonally adjusted",1378.3333740234375,1156.86669921875,1442.699951171875,221.4499969482422,1899.050048828125,64.36666870117188,Percentage,unit,"Both sexes, All age groups, Seasonally adjusted",68.96666717529297,72.53333282470703,4.949999809265137,Number,unit,Total of all violations-Actual incidents,26529.67
Alberta,2012-01,"Index, 201612=100",units,93.2,93.2,93.2,Dollars,units,"Median total income,Both sexes,All age groups",3265.83,Dollars,unit,Average expenditure per household,704.83,1616.75,10.58,550.67,1430.25,290.0,1608.42,8115.58,0.67,Persons,unit,268160.0,333880.0,Persons,thousands,"Both sexes, All age groups, Seasonally adjusted",1362.38330078125,1156.4000244140625,1430.25,205.98333740234375,1883.699951171875,67.88333129882812,Percentage,unit,"Both sexes, All age groups, Seasonally adjusted",68.73332977294922,72.55000305175781,5.300000190734863,Number,unit,Total of all violations-Actual incidents,26529.67
Alberta,2012-10,"Index, 201612=100",units,94.86666666666667,94.16666666666667,94.56666666666666,Dollars,units,"Median total income,Both sexes,All age groups",3265.83,Dollars,unit,Average expenditure per household,704.83,1616.75,10.58,550.67,1430.25,290.0,1608.42,8115.58,0.67,Persons,unit,207754.0,290408.0,Persons,thousands,"Both sexes, All age groups, Seasonally adjusted",1398.6500244140625,1188.6666259765625,1461.199951171875,210.01666259765625,1926.38330078125,62.54999923706055,Percentage,unit,"Both sexes, All age groups, Seasonally adjusted",68.83333587646484,72.31666564941406,4.833333492279053,Number,unit,Total of all violations-Actual incidents,26529.67
Alberta,2012-12,"Index, 201612=100",units,95.33333333333333,94.2,94.89999999999999,Dollars,units,"Median total income,Both sexes,All age groups",3265.83,Dollars,unit,Average expenditure per household,704.83,1616.75,10.58,550.67,1430.25,290.0,1608.42,8115.58,0.67,Persons,unit,229505.0,312689.0,Persons,thousands,"Both sexes, All age groups, Seasonally adjusted",1399.7667236328125,1190.7667236328125,1463.5333251953125,209.03334045410156,1934.800048828125,63.75,Percentage,unit,"Both sexes, All age groups, Seasonally adjusted",68.43333435058594,71.86666870117188,4.883333206176758,Number,unit,Total of all violations-Actual incidents,26529.67
Alberta,2012-11,"Index, 201612=100",units,94.83333333333333,94.16666666666667,94.60000000000001,Dollars,units,"Median total income,Both sexes,All age groups",3265.83,Dollars,unit,Average expenditure per household,704.83,1616.75,10.58,550.67,1430.25,290.0,1608.42,8115.58,0.67,Persons,unit,215057.0,283385.0,Persons,thousands,"Both sexes, All age groups, Seasonally adjusted",1400.63330078125,1178.5999755859375,1461.0167236328125,222.0,1930.7332763671875,60.38333511352539,Percentage,unit,"Both sexes, All age groups, Seasonally adjusted",68.69999694824219,72.0,4.599999904632568,Number,unit,Total of all violations-Actual incidents,26529.67
Alberta,2012-03,"Index, 201612=100",units,93.60000000000001,93.56666666666666,93.56666666666666,Dollars,units,"Median total income,Both sexes,All age groups",3265.83,Dollars,unit,Average expenditure per household,704.83,1616.75,10.58,550.67,1430.25,290.0,1608.42,8115.58,0.67,Persons,unit,295186.0,374758.0,Persons,thousands,"Both sexes, All age groups, Seasonally adjusted",1368.5833740234375,1153.183349609375,1438.4166259765625,215.39999389648438,1893.2833251953125,69.83333587646484,Percentage,unit,"Both sexes, All age groups, Seasonally adjusted",68.71666717529297,72.58333587646484,5.300000190734863,Number,unit,Total of all violations-Actual incidents,26529.67
Alberta,2012-02,"Index, 201612=100",units,93.09999999999998,93.46666666666665,93.2,Dollars,units,"Median total income,Both sexes,All age groups",3265.83,Dollars,unit,Average expenditure per household,704.83,1616.75,10.58,550.67,1430.25,290.0,1608.42,8115.58,0.67,Persons,unit,255752.0,324407.0,Persons,thousands,"Both sexes, All age groups, Seasonally adjusted",1358.2332763671875,1147.6666259765625,1429.8499755859375,210.5500030517578,1888.433349609375,71.63333129882812,Percentage,unit,"Both sexes, All age groups, Seasonally adjusted",68.26667022705078,72.18333435058594,5.5333333015441895,Number,unit,Total of all violations-Actual incidents,26529.67
Alberta,2012-09,"Index, 201612=100",units,94.66666666666667,94.10000000000001,94.39999999999999,Dollars,units,"Median total income,Both sexes,All age groups",3265.83,Dollars,unit,Average expenditure per household,704.83,1616.75,10.58,550.67,1430.25,290.0,1608.42,8115.58,0.67,Persons,unit,193404.0,313997.0,Persons,thousands,"Both sexes, All age groups, Seasonally adjusted",1391.63330078125,1179.2667236328125,1453.7667236328125,212.39999389648438,1922.066650390625,62.150001525878906,Percentage,unit,"Both sexes, All age groups, Seasonally adjusted",68.44999694824219,71.98332977294922,4.983333110809326,Number,unit,Total of all violations-Actual incidents,26529.67
Newfoundland and Labrador,1989-06,"Index, 201612=100",units,45.6,38.5,44.0,,,,,,,,,,,,,,,,,Persons,unit,2122.0,12054.0,Persons,thousands,"Both sexes, All age groups, Seasonally adjusted",133.11666870117188,117.68333435058594,154.61666870117188,15.433333396911621,264.1833190917969,21.516666412353516,Percentage,unit,"Both sexes, All age groups, Seasonally adjusted",45.70000076293945,53.53333282470703,14.333333015441895,,,,
Newfoundland and Labrador,1989-05,"Index, 201612=100",units,45.6,38.5,44.0,,,,,,,,,,,,,,,,,Persons,unit,3105.0,12648.0,Persons,thousands,"Both sexes, All age groups, Seasonally adjusted",132.8333282470703,117.63333129882812,154.13333129882812,15.199999809265137,264.1833190917969,21.28333282470703,Percentage,unit,"Both sexes, All age groups, Seasonally adjusted",45.54999923706055,53.20000076293945,13.933333396911621,,,,
Newfoundland and Labrador,1989-09,"Index, 201612=100",units,47.1,40.6,45.7,,,,,,,,,,,,,,,,,Persons,unit,2091.0,14332.0,Persons,thousands,"Both sexes, All age groups, Seasonally adjusted",129.8333282470703,114.63333129882812,154.9499969482422,15.183333396911621,264.3666687011719,25.133333206176758,Percentage,unit,"Both sexes, All age groups, Seasonally adjusted",44.66666793823242,53.61666488647461,16.483333587646484,,,,
Newfoundland and Labrador,1989-03,"Index, 201612=100",units,45.2,38.5,43.7,,,,,,,,,,,,,,,,,Persons,unit,351.0,5888.0,Persons,thousands,"Both sexes, All age groups, Seasonally adjusted",129.36666870117188,114.4000015258789,151.5,15.0,263.5666809082031,22.133333206176758,Percentage,unit,"Both sexes, All age groups, Seasonally adjusted",44.53333282470703,52.53333282470703,15.133333206176758,,,,
Newfoundland and Labrador,1989-12,"Index, 201612=100",units,47.1,40.6,45.7,,,,,,,,,,,,,,,,,Persons,unit,472.0,7216.0,Persons,thousands,"Both sexes, All age groups, Seasonally adjusted",130.1999969482422,114.6500015258789,155.51666259765625,15.533333778381348,265.26666259765625,25.366666793823242,Percentage,unit,"Both sexes, All age groups, Seasonally adjusted",44.63333511352539,53.58333206176758,16.21666717529297,,,,
Newfoundland and Labrador,1989-07,"Index, 201612=100",units,45.6,38.5,44.0,,,,,,,,,,,,,,,,,Persons,unit,4504.0,14878.0,Persons,thousands,"Both sexes, All age groups, Seasonally adjusted",132.5500030517578,117.58333587646484,154.14999389648438,14.933333396911621,264.1499938964844,21.600000381469727,Percentage,unit,"Both sexes, All age groups, Seasonally adjusted",45.483333587646484,53.25,14.083333015441895,,,,
Newfoundland and Labrador,1989-01,"Index, 201612=100",units,44.0,38.5,43.0,,,,,,,,,,,,,,,,,Persons,unit,324.0,5587.0,Persons,thousands,"Both sexes, All age groups, Seasonally adjusted",128.0500030517578,113.41666412353516,149.93333435058594,14.633333206176758,262.8500061035156,21.899999618530273,Percentage,unit,"Both sexes, All age groups, Seasonally adjusted",44.03333282470703,51.983333587646484,15.016666412353516,,,,
Newfoundland and Labrador,1989-04,"Index, 201612=100",units,45.2,38.5,43.7,,,,,,,,,,,,,,,,,Persons,unit,1952.0,10273.0,Persons,thousands,"Both sexes, All age groups, Seasonally adjusted",132.1666717529297,116.98332977294922,153.6666717529297,15.183333396911621,263.98333740234375,21.5,Percentage,unit,"Both sexes, All age groups, Seasonally adjusted",45.31666564941406,53.06666564941406,14.449999809265137,,,,
Newfoundland and Labrador,1989-10,"Index, 201612=100",units,47.1,40.6,45.7,,,,,,,,,,,,,,,,,Persons,unit,913.0,11907.0,Persons,thousands,"Both sexes, All age groups, Seasonally adjusted",129.8333282470703,114.66666412353516,154.3333282470703,15.183333396911621,264.73333740234375,24.483333587646484,Percentage,unit,"Both sexes, All age groups, Seasonally adjusted",44.61666488647461,53.349998474121094,16.03333282470703,,,,
Newfoundland and Labrador,1989-02,"Index, 201612=100",units,45.1,38.5,43.7,,,,,,,,,,,,,,,,,Persons,unit,221.0,4817.0,Persons,thousands,"Both sexes, All age groups, Seasonally adjusted",129.39999389648438,113.93333435058594,151.28334045410156,15.449999809265137,263.20001220703125,21.866666793823242,Percentage,unit,"Both sexes, All age groups, Seasonally adjusted",44.45000076293945,52.38333511352539,14.949999809265137,,,,
Newfoundland and Labrador,1989-11,"Index, 201612=100",units,47.1,40.6,45.7,,,,,,,,,,,,,,,,,Persons,unit,430.0,8350.0,Persons,thousands,"Both sexes, All age groups, Seasonally adjusted",130.71665954589844,114.61666870117188,155.60000610351562,16.100000381469727,265.04998779296875,24.883333206176758,Percentage,unit,"Both sexes, All age groups, Seasonally adjusted",44.70000076293945,53.5,16.28333282470703,,,,
Newfoundland and Labrador,1989-08,"Index, 201612=100",units,45.6,38.5,44.0,,,,,,,,,,,,,,,,,Persons,unit,4989.0,18343.0,Persons,thousands,"Both sexes, All age groups, Seasonally adjusted",132.38333129882812,114.78333282470703,155.43333435058594,17.600000381469727,264.1166687011719,23.066667556762695,Percentage,unit,"Both sexes, All age groups, Seasonally adjusted",45.41666793823242,53.66666793823242,15.0,,,,
Prince Edward Island,1997-08,"Index, 201612=100",units,89.2,62.0,83.8,,,,,,,,,,,,,,,,,Persons,unit,21.0,94.0,Persons,thousands,"Both sexes, All age groups, Seasonally adjusted",37.599998474121094,31.483333587646484,44.21666717529297,6.099999904632568,64.28333282470703,6.633333206176758,Percentage,unit,"Both sexes, All age groups, Seasonally adjusted",54.5,64.3499984741211,15.716666221618652,,,,
Prince Edward Island,1997-11,"Index, 201612=100",units,85.6,62.0,81.0,,,,,,,,,,,,,,,,,Persons,unit,7.0,211.0,Persons,thousands,"Both sexes, All age groups, Seasonally adjusted",37.33333206176758,30.733333587646484,43.78333282470703,6.616666793823242,64.31666564941406,6.416666507720947,Percentage,unit,"Both sexes, All age groups, Seasonally adjusted",54.29999923706055,63.983333587646484,14.850000381469727,,,,
Prince Edward Island,1997-09,"Index, 201612=100",units,88.1,62.0,83.0,,,,,,,,,,,,,,,,,Persons,unit,14.0,123.0,Persons,thousands,"Both sexes, All age groups, Seasonally adjusted",37.766666412353516,31.866666793823242,43.95000076293945,5.933333396911621,64.28333282470703,6.199999809265137,Percentage,unit,"Both sexes, All age groups, Seasonally adjusted",54.86666488647461,64.13333129882812,14.300000190734863,,,,
Prince Edward Island,1997-05,"Index, 201612=100",units,88.4,60.7,82.9,,,,,,,,,,,,,,,,,Persons,unit,16.0,156.0,Persons,thousands,"Both sexes, All age groups, Seasonally adjusted",36.68333435058594,30.66666603088379,43.86666488647461,6.016666889190674,64.08333587646484,7.166666507720947,Percentage,unit,"Both sexes, All age groups, Seasonally adjusted",53.58333206176758,64.19999694824219,16.549999237060547,,,,
Prince Edward Island,1997-04,"Index, 201612=100",units,88.4,60.7,82.9,,,,,,,,,,,,,,,,,Persons,unit,6.0,31.0,Persons,thousands,"Both sexes, All age groups, Seasonally adjusted",36.61666488647461,30.649999618530273,43.45000076293945,5.983333110809326,64.06666564941406,6.816666603088379,Percentage,unit,"Both sexes, All age groups, Seasonally adjusted",53.61666488647461,63.81666564941406,15.433333396911621,,,,
Prince Edward Island,1997-02,"Index, 201612=100",units,88.4,60.7,82.9,,,,,,,,,,,,,,,,,Persons,unit,5.0,34.0,Persons,thousands,"Both sexes, All age groups, Seasonally adjusted",36.650001525878906,30.700000762939453,43.58333206176758,5.9666666984558105,64.0,6.916666507720947,Percentage,unit,"Both sexes, All age groups, Seasonally adjusted",53.93333435058594,64.25,15.466666221618652,,,,
Prince Edward Island,1997-10,"Index, 201612=100",units,86.7,62.0,81.9,,,,,,,,,,,,,,,,,Persons,unit,0.0,175.0,Persons,thousands,"Both sexes, All age groups, Seasonally adjusted",37.766666412353516,31.600000381469727,43.58333206176758,6.166666507720947,64.26667022705078,5.800000190734863,Percentage,unit,"Both sexes, All age groups, Seasonally adjusted",55.08333206176758,63.45000076293945,12.966666221618652,,,,
Prince Edward Island,1997-01,"Index, 201612=100",units,87.8,60.3,82.5,,,,,,,,,,,,,,,,,Persons,unit,0.0,157.0,Persons,thousands,"Both sexes, All age groups, Seasonally adjusted",36.63333511352539,30.066667556762695,43.483333587646484,6.550000190734863,63.95000076293945,6.866666793823242,Percentage,unit,"Both sexes, All age groups, Seasonally adjusted",54.099998474121094,64.28333282470703,15.5,,,,
Prince Edward Island,1997-06,"Index, 201612=100",units,88.5,62.0,83.3,,,,,,,,,,,,,,,,,Persons,unit,21.0,91.0,Persons,thousands,"Both sexes, All age groups, Seasonally adjusted",36.78333282470703,30.91666603088379,43.96666717529297,5.866666793823242,64.1500015258789,7.166666507720947,Percentage,unit,"Both sexes, All age groups, Seasonally adjusted",53.53333282470703,64.41666412353516,16.850000381469727,,,,
Prince Edward Island,1997-12,"Index, 201612=100",units,85.6,62.0,81.0,,,,,,,,,,,,,,,,,Persons,unit,0.0,225.0,Persons,thousands,"Both sexes, All age groups, Seasonally adjusted",37.400001525878906,31.233333587646484,43.66666793823242,6.150000095367432,64.28333282470703,6.300000190734863,Percentage,unit,"Both sexes, All age groups, Seasonally adjusted",54.46666717529297,63.71666717529297,14.216666221618652,,,,
Prince Edward Island,1997-03,"Index, 201612=100",units,88.4,60.7,82.9,,,,,,,,,,,,,,,,,Persons,unit,2.0,87.0,Persons,thousands,"Both sexes, All age groups, Seasonally adjusted",37.099998474121094,31.03333282470703,44.21666717529297,6.066666603088379,64.01667022705078,7.099999904632568,Percentage,unit,"Both sexes, All age groups, Seasonally adjusted",54.53333282470703,64.88333129882812,15.533333778381348,,,,
Prince Edward Island,1997-07,"Index, 201612=100",units,88.8,62.0,83.5,,,,,,,,,,,,,,,,,Persons,unit,20.0,38.0,Persons,thousands,"Both sexes, All age groups, Seasonally adjusted",37.150001525878906,31.53333282470703,44.03333282470703,5.633333206176758,64.26667022705078,6.883333206176758,Percentage,unit,"Both sexes, All age groups, Seasonally adjusted",53.83333206176758,64.03333282470703,15.983333587646484,,,,
Prince Edward Island,2000-01,"Index, 201612=100",units,88.2,67.8,84.2,Dollars,units,"Median total income,Both sexes,All age groups",1558.33,,,,,,,,,,,,,Persons,unit,0.0,133.0,Persons,thousands,"Both sexes, All age groups, Seasonally adjusted",39.93333435058594,33.95000076293945,45.400001525878906,6.016666889190674,65.16666412353516,5.449999809265137,Percentage,unit,"Both sexes, All age groups, Seasonally adjusted",57.86666488647461,65.8499984741211,11.983333587646484,Number,unit,Total of all violations-Actual incidents,870.92
Prince Edward Island,2000-03,"Index, 201612=100",units,88.2,67.8,84.2,Dollars,units,"Median total income,Both sexes,All age groups",1558.33,,,,,,,,,,,,,Persons,unit,19.0,108.0,Persons,thousands,"Both sexes, All age groups, Seasonally adjusted",39.96666717529297,33.31666564941406,45.41666793823242,6.650000095367432,65.16666412353516,5.433333396911621,Percentage,unit,"Both sexes, All age groups, Seasonally adjusted",58.16666793823242,66.21666717529297,11.716666221618652,Number,unit,Total of all violations-Actual incidents,870.92
Prince Edward Island,2000-11,"Index, 201612=100",units,89.5,68.9,85.5,Dollars,units,"Median total income,Both sexes,All age groups",1558.33,,,,,,,,,,,,,Persons,unit,3.0,85.0,Persons,thousands,"Both sexes, All age groups, Seasonally adjusted",39.08333206176758,33.28333282470703,45.28333282470703,5.7833333015441895,65.46666717529297,6.2166666984558105,Percentage,unit,"Both sexes, All age groups, Seasonally adjusted",55.88333511352539,65.41666412353516,14.850000381469727,Number,unit,Total of all violations-Actual incidents,870.92
Prince Edward Island,2000-06,"Index, 201612=100",units,88.2,67.8,84.2,Dollars,units,"Median total income,Both sexes,All age groups",1558.33,,,,,,,,,,,,,Persons,unit,25.0,215.0,Persons,thousands,"Both sexes, All age groups, Seasonally adjusted",39.599998474121094,33.43333435058594,44.900001525878906,6.183333396911621,65.3499984741211,5.300000190734863,Percentage,unit,"Both sexes, All age groups, Seasonally adjusted",56.81666564941406,64.68333435058594,11.699999809265137,Number,unit,Total of all violations-Actual incidents,870.92
Prince Edward Island,2000-05,"Index, 201612=100",units,88.2,67.8,84.2,Dollars,units,"Median total income,Both sexes,All age groups",1558.33,,,,,,,,,,,,,Persons,unit,9.0,42.0,Persons,thousands,"Both sexes, All age groups, Seasonally adjusted",40.233333587646484,34.266666412353516,45.31666564941406,5.933333396911621,65.26667022705078,5.083333492279053,Percentage,unit,"Both sexes, All age groups, Seasonally adjusted",58.03333282470703,65.51667022705078,11.233333587646484,Number,unit,Total of all violations-Actual incidents,870.92
Prince Edward Island,2000-04,"Index, 201612=100",units,88.2,67.8,84.2,Dollars,units,"Median total income,Both sexes,All age groups",1558.33,,,,,,,,,,,,,Persons,unit,18.0,57.0,Persons,thousands,"Both sexes, All age groups, Seasonally adjusted",40.28333282470703,33.91666793823242,45.650001525878906,6.333333492279053,65.21666717529297,5.383333206176758,Percentage,unit,"Both sexes, All age groups, Seasonally adjusted",58.56666564941406,66.18333435058594,11.616666793823242,Number,unit,Total of all violations-Actual incidents,870.92
Prince Edward Island,2000-12,"Index, 201612=100",units,89.4,68.9,85.4,Dollars,units,"Median total income,Both sexes,All age groups",1558.33,,,,,,,,,,,,,Persons,unit,10.0,116.0,Persons,thousands,"Both sexes, All age groups, Seasonally adjusted",40.21666717529297,34.31666564941406,45.46666717529297,5.916666507720947,65.53333282470703,5.25,Percentage,unit,"Both sexes, All age groups, Seasonally adjusted",57.28333282470703,65.5,12.933333396911621,Number,unit,Total of all violations-Actual incidents,870.92
Prince Edward Island,2000-08,"Index, 201612=100",units,89.5,68.9,85.5,Dollars,units,"Median total income,Both sexes,All age groups",1558.33,,,,,,,,,,,,,Persons,unit,1.0,128.0,Persons,thousands,"Both sexes, All age groups, Seasonally adjusted",39.5,33.11666488647461,45.13333511352539,6.416666507720947,65.38333129882812,5.633333206176758,Percentage,unit,"Both sexes, All age groups, Seasonally adjusted",56.71666717529297,65.06666564941406,12.433333396911621,Number,unit,Total of all violations-Actual incidents,870.92
Prince Edward Island,2000-07,"Index, 201612=100",units,88.2,67.8,84.2,Dollars,units,"Median total income,Both sexes,All age groups",1558.33,,,,,,,,,,,,,Persons,unit,16.0,160.0,Persons,thousands,"Both sexes, All age groups, Seasonally adjusted",39.70000076293945,33.70000076293945,45.21666717529297,6.016666889190674,65.3499984741211,5.516666889190674,Percentage,unit,"Both sexes, All age groups, Seasonally adjusted",56.849998474121094,65.13333129882812,12.466666221618652,Number,unit,Total of all violations-Actual incidents,870.92
Prince Edward Island,2000-09,"Index, 201612=100",units,89.5,68.9,85.5,Dollars,units,"Median total income,Both sexes,All age groups",1558.33,,,,,,,,,,,,,Persons,unit,19.0,50.0,Persons,thousands,"Both sexes, All age groups, Seasonally adjusted",40.38333511352539,33.983333587646484,45.56666564941406,6.383333206176758,65.4000015258789,5.183333396911621,Percentage,unit,"Both sexes, All age groups, Seasonally adjusted",58.13333511352539,65.8499984741211,11.783333778381348,Number,unit,Total of all violations-Actual incidents,870.92
Prince Edward Island,2000-02,"Index, 201612=100",units,88.2,67.8,84.2,Dollars,units,"Median total income,Both sexes,All age groups",1558.33,,,,,,,,,,,,,Persons,unit,2.0,27.0,Persons,thousands,"Both sexes, All age groups, Seasonally adjusted",39.70000076293945,33.70000076293945,44.93333435058594,5.983333110809326,65.18333435058594,5.233333110809326,Percentage,unit,"Both sexes, All age groups, Seasonally adjusted",57.54999923706055,65.23332977294922,11.616666793823242,Number,unit,Total of all violations-Actual incidents,870.92
Prince Edward Island,2000-10,"Index, 201612=100",units,89.7,68.9,85.7,Dollars,units,"Median total income,Both sexes,All age groups",1558.33,,,,,,,,,,,,,Persons,unit,68.0,1930.0,Persons,thousands,"Both sexes, All age groups, Seasonally adjusted",39.71666717529297,33.54999923706055,45.900001525878906,6.166666507720947,65.46666717529297,6.166666507720947,Percentage,unit,"Both sexes, All age groups, Seasonally adjusted",56.900001525878906,66.03333282470703,13.966666221618652,Number,unit,Total of all violations-Actual incidents,870.92
