province,REF_DATE,uom_houseindex,scalar_houseindex,avg_house_only,avg_land_only,avg_totalhouseland,uom_income,scalar_income,statistic_income,avg_income,uom_expenditure,scalar_expenditure,statistic_expenditure,avg_food_expenditures,avg_income_taxes,avg_mortageinsurance,avg_mortagePaid,avg_accomodation,avg_rent,avg_shelter,avg_total_expenditure,avg_taxes_landregfees,uom_tourist,scalar_tourist,avg_international_tourism,avg_domestic_tourism,uom_labourforce,scalar_labourforce,statistic_labourforce,avg_employment,avg_fulltime,avg_labourforce,avg_parttime,avg_population,avg_unemployment,uom_lfperc,scalar_lfperc,statistic_labourforceperc,avg_employment_rate,avg_participationrate,avg_unemploymentrate,uom_crime,scalar_crime,statistic_crime,avg_crime_incidents
Alberta,1991-12,"Index, 201612=100",units,37.63333333333333,39.06666666666666,37.86666666666667,,,,,,,,,,,,,,,,,Persons,unit,83013.0,122099.0,Persons,thousands,"Both sexes, All age groups, Seasonally adjusted",811.316650390625,674.7000122070312,890.9500122070312,136.61666870117188,1196.1666259765625,79.63333129882812,Percentage,unit,"Both sexes, All age groups, Seasonally adjusted",63.08333206176758,69.46666717529297,8.933333396911621,,,,
Alberta,1991-03,"Index, 201612=100",units,38.13333333333333,37.8,37.833333333333336,,,,,,,,,,,,,,,,,Persons,unit,110204.0,151684.0,Persons,thousands,"Both sexes, All age groups, Seasonally adjusted",810.816650390625,679.8833618164062,879.6333618164062,130.96665954589844,1180.933349609375,68.80000305175781,Percentage,unit,"Both sexes, All age groups, Seasonally adjusted",63.93333435058594,69.66666412353516,8.016666412353516,,,,
Alberta,1991-05,"Index, 201612=100",units,37.76666666666667,37.9,37.666666666666664,,,,,,,,,,,,,,,,,Persons,unit,97834.0,152043.0,Persons,thousands,"Both sexes, All age groups, Seasonally adjusted",814.2166748046875,681.3499755859375,885.1666870117188,132.88333129882812,1184.949951171875,70.91666412353516,Percentage,unit,"Both sexes, All age groups, Seasonally adjusted",63.91666793823242,69.75,8.183333396911621,,,,
Alberta,1991-10,"Index, 201612=100",units,37.800000000000004,38.46666666666666,37.833333333333336,,,,,,,,,,,,,,,,,Persons,unit,90829.0,132903.0,Persons,thousands,"Both sexes, All age groups, Seasonally adjusted",812.066650390625,679.6500244140625,886.683349609375,132.4166717529297,1193.3333740234375,74.61666870117188,Percentage,unit,"Both sexes, All age groups, Seasonally adjusted",63.349998474121094,69.31666564941406,8.416666984558105,,,,
Alberta,1991-09,"Index, 201612=100",units,37.833333333333336,38.43333333333333,37.800000000000004,,,,,,,,,,,,,,,,,Persons,unit,98509.0,174575.0,Persons,thousands,"Both sexes, All age groups, Seasonally adjusted",811.0999755859375,679.1500244140625,883.9666748046875,131.9499969482422,1192.11669921875,72.9000015258789,Percentage,unit,"Both sexes, All age groups, Seasonally adjusted",63.21666717529297,69.08333587646484,8.366666793823242,,,,
Alberta,1991-01,"Index, 201612=100",units,38.233333333333334,37.56666666666667,37.86666666666667,,,,,,,,,,,,,,,,,Persons,unit,89152.0,120204.0,Persons,thousands,"Both sexes, All age groups, Seasonally adjusted",808.3333129882812,676.7333374023438,875.0333251953125,131.5833282470703,1177.8333740234375,66.69999694824219,Percentage,unit,"Both sexes, All age groups, Seasonally adjusted",64.0,69.5,7.633333206176758,,,,
Alberta,1991-08,"Index, 201612=100",units,37.833333333333336,38.43333333333333,37.800000000000004,,,,,,,,,,,,,,,,,Persons,unit,166385.0,293556.0,Persons,thousands,"Both sexes, All age groups, Seasonally adjusted",814.8499755859375,678.75,884.5833129882812,136.10000610351562,1190.4832763671875,69.78333282470703,Percentage,unit,"Both sexes, All age groups, Seasonally adjusted",63.45000076293945,69.11666870117188,8.050000190734863,,,,
Alberta,1991-02,"Index, 201612=100",units,37.96666666666667,37.6,37.7,,,,,,,,,,,,,,,,,Persons,unit,96351.0,128575.0,Persons,thousands,"Both sexes, All age groups, Seasonally adjusted",812.3833618164062,678.933349609375,876.4833374023438,133.4499969482422,1179.300048828125,64.11666870117188,Percentage,unit,"Both sexes, All age groups, Seasonally adjusted",64.19999694824219,69.55000305175781,7.333333492279053,,,,
Alberta,1991-11,"Index, 201612=100",units,37.7,38.56666666666666,37.76666666666667,,,,,,,,,,,,,,,,,Persons,unit,80921.0,110902.0,Persons,thousands,"Both sexes, All age groups, Seasonally adjusted",805.75,674.2333374023438,884.3833618164062,131.48333740234375,1194.7332763671875,78.63333129882812,Percentage,unit,"Both sexes, All age groups, Seasonally adjusted",62.81666564941406,69.0999984741211,8.816666603088379,,,,
Alberta,1991-06,"Index, 201612=100",units,37.9,38.13333333333333,37.800000000000004,,,,,,,,,,,,,,,,,Persons,unit,90195.0,195328.0,Persons,thousands,"Both sexes, All age groups, Seasonally adjusted",815.2000122070312,681.566650390625,886.933349609375,133.6666717529297,1187.0167236328125,71.75,Percentage,unit,"Both sexes, All age groups, Seasonally adjusted",63.86666488647461,69.81666564941406,8.333333015441895,,,,
Alberta,1991-04,"Index, 201612=100",units,37.766666666666666,37.666666666666664,37.6,,,,,,,,,,,,,,,,,Persons,unit,114391.0,149038.0,Persons,thousands,"Both sexes, All age groups, Seasonally adjusted",814.9500122070312,678.5833129882812,883.183349609375,136.38333129882812,1182.9832763671875,68.21666717529297,Percentage,unit,"Both sexes, All age groups, Seasonally adjusted",64.30000305175781,69.91666412353516,7.833333492279053,,,,
Alberta,1991-07,"Index, 201612=100",units,37.699999999999996,38.03333333333333,37.63333333333333,,,,,,,,,,,,,,,,,Persons,unit,142339.0,289120.0,Persons,thousands,"Both sexes, All age groups, Seasonally adjusted",812.0499877929688,674.0166625976562,883.4833374023438,138.0,1189.1500244140625,71.48332977294922,Percentage,unit,"Both sexes, All age groups, Seasonally adjusted",63.45000076293945,69.33333587646484,8.283333778381348,,,,
Ontario,1997-10,"Index, 201612=100",units,58.566666666666656,79.5,63.43333333333333,,,,,,,,,,,,,,,,,Persons,unit,2137119.0,4895662.0,Persons,thousands,"Both sexes, All age groups, Seasonally adjusted",3423.39990234375,2818.14990234375,3709.2333984375,605.2333374023438,5422.89990234375,285.8333435058594,Percentage,unit,"Both sexes, All age groups, Seasonally adjusted",58.08333206176758,63.53333282470703,8.5,,,,
Ontario,1997-06,"Index, 201612=100",units,58.199999999999996,79.47777777777777,63.13333333333334,,,,,,,,,,,,,,,,,Persons,unit,2047330.0,5504948.0,Persons,thousands,"Both sexes, All age groups, Seasonally adjusted",3381.033447265625,2792.300048828125,3678.7333984375,588.7333374023438,5394.5498046875,297.6833190917969,Percentage,unit,"Both sexes, All age groups, Seasonally adjusted",57.66666793823242,63.400001525878906,8.983333587646484,,,,
Ontario,1997-09,"Index, 201612=100",units,58.42222222222222,79.5,63.344444444444434,,,,,,,,,,,,,,,,,Persons,unit,2065320.0,5054286.0,Persons,thousands,"Both sexes, All age groups, Seasonally adjusted",3421.466552734375,2819.39990234375,3703.216552734375,602.0499877929688,5416.66650390625,281.7833251953125,Percentage,unit,"Both sexes, All age groups, Seasonally adjusted",58.18333435058594,63.599998474121094,8.433333396911621,,,,
Ontario,1997-12,"Index, 201612=100",units,58.77777777777778,79.5,63.611111111111114,,,,,,,,,,,,,,,,,Persons,unit,1861837.0,4182452.0,Persons,thousands,"Both sexes, All age groups, Seasonally adjusted",3440.13330078125,2840.7666015625,3713.216552734375,599.3499755859375,5433.83349609375,273.1000061035156,Percentage,unit,"Both sexes, All age groups, Seasonally adjusted",58.28333282470703,63.483333587646484,8.016666412353516,,,,
Ontario,1997-05,"Index, 201612=100",units,58.02222222222221,79.47777777777777,63.022222222222226,,,,,,,,,,,,,,,,,Persons,unit,2249975.0,5324591.0,Persons,thousands,"Both sexes, All age groups, Seasonally adjusted",3361.283447265625,2759.60009765625,3664.60009765625,601.6500244140625,5386.36669921875,303.3166809082031,Percentage,unit,"Both sexes, All age groups, Seasonally adjusted",57.36666488647461,63.150001525878906,9.116666793823242,,,,
Ontario,1997-01,"Index, 201612=100",units,57.57777777777778,79.38888888888889,62.58888888888888,,,,,,,,,,,,,,,,,Persons,unit,1848205.0,3749646.0,Persons,thousands,"Both sexes, All age groups, Seasonally adjusted",3331.666748046875,2742.949951171875,3644.4833984375,588.75,5359.64990234375,312.79998779296875,Percentage,unit,"Both sexes, All age groups, Seasonally adjusted",57.31666564941406,63.400001525878906,9.399999618530273,,,,
Ontario,1997-04,"Index, 201612=100",units,57.955555555555556,79.4,62.95555555555555,,,,,,,,,,,,,,,,,Persons,unit,2144504.0,4566462.0,Persons,thousands,"Both sexes, All age groups, Seasonally adjusted",3338.63330078125,2741.783447265625,3655.35009765625,596.8499755859375,5379.4833984375,316.70001220703125,Percentage,unit,"Both sexes, All age groups, Seasonally adjusted",57.099998474121094,63.18333435058594,9.383333206176758,,,,
Ontario,1997-11,"Index, 201612=100",units,58.76666666666668,79.5,63.58888888888888,,,,,,,,,,,,,,,,,Persons,unit,1960237.0,4282823.0,Persons,thousands,"Both sexes, All age groups, Seasonally adjusted",3431.63330078125,2818.683349609375,3722.63330078125,612.9500122070312,5428.5498046875,291.01666259765625,Percentage,unit,"Both sexes, All age groups, Seasonally adjusted",58.233333587646484,63.81666564941406,8.600000381469727,,,,
Ontario,1997-02,"Index, 201612=100",units,57.699999999999996,79.47777777777779,62.72222222222222,,,,,,,,,,,,,,,,,Persons,unit,1802185.0,3819537.0,Persons,thousands,"Both sexes, All age groups, Seasonally adjusted",3330.699951171875,2731.75,3644.066650390625,598.9666748046875,5364.783203125,313.3833312988281,Percentage,unit,"Both sexes, All age groups, Seasonally adjusted",57.233333587646484,63.21666717529297,9.266666412353516,,,,
Ontario,1997-03,"Index, 201612=100",units,57.888888888888886,79.5888888888889,62.91111111111112,,,,,,,,,,,,,,,,,Persons,unit,2507469.0,4889312.0,Persons,thousands,"Both sexes, All age groups, Seasonally adjusted",3341.39990234375,2728.7666015625,3651.75,612.6333618164062,5371.18310546875,310.3333435058594,Percentage,unit,"Both sexes, All age groups, Seasonally adjusted",57.28333282470703,63.21666717529297,9.149999618530273,,,,
Ontario,1997-08,"Index, 201612=100",units,58.42222222222222,79.48888888888888,63.300000000000004,,,,,,,,,,,,,,,,,Persons,unit,2835003.0,7346909.0,Persons,thousands,"Both sexes, All age groups, Seasonally adjusted",3419.38330078125,2796.916748046875,3707.800048828125,622.4500122070312,5408.06689453125,288.4333190917969,Percentage,unit,"Both sexes, All age groups, Seasonally adjusted",58.20000076293945,63.78333282470703,8.483333587646484,,,,
Ontario,1997-07,"Index, 201612=100",units,58.333333333333336,79.47777777777777,63.23333333333335,,,,,,,,,,,,,,,,,Persons,unit,2485369.0,6831879.0,Persons,thousands,"Both sexes, All age groups, Seasonally adjusted",3396.683349609375,2773.11669921875,3682.7333984375,623.5333251953125,5401.0166015625,286.0666809082031,Percentage,unit,"Both sexes, All age groups, Seasonally adjusted",57.849998474121094,63.45000076293945,8.766666412353516,,,,
