province,REF_DATE,uom_houseindex,scalar_houseindex,avg_house_only,avg_land_only,avg_totalhouseland,uom_income,scalar_income,statistic_income,avg_income,uom_expenditure,scalar_expenditure,statistic_expenditure,avg_food_expenditures,avg_income_taxes,avg_mortageinsurance,avg_mortagePaid,avg_accomodation,avg_rent,avg_shelter,avg_total_expenditure,avg_taxes_landregfees,uom_tourist,scalar_tourist,avg_international_tourism,avg_domestic_tourism,uom_labourforce,scalar_labourforce,statistic_labourforce,avg_employment,avg_fulltime,avg_labourforce,avg_parttime,avg_population,avg_unemployment,uom_lfperc,scalar_lfperc,statistic_labourforceperc,avg_employment_rate,avg_participationrate,avg_unemploymentrate,uom_crime,scalar_crime,statistic_crime,avg_crime_incidents
Canada,1992-01,"Index, 201612=100",units,52.0,63.9,55.8,,,,,,,,,,,,,,,,,Persons,unit,6080395.0,8283712.0,Persons,thousands,"Both sexes, All age groups, Seasonally adjusted",5778.8779296875,6729.08349609375,6451.83349609375,1401.1666259765625,9570.455078125,672.9444580078125,Percentage,unit,"Both sexes, All age groups, Seasonally adjusted",55.088890075683594,62.511112213134766,11.633333206176758,,,,
Canada,1992-07,"Index, 201612=100",units,52.0,66.0,56.3,,,,,,,,,,,,,,,,,Persons,unit,8606997.0,1.4407954E7,Persons,thousands,"Both sexes, All age groups, Seasonally adjusted",5752.322265625,6689.88330078125,6483.2333984375,1412.2166748046875,9632.0107421875,730.933349609375,Percentage,unit,"Both sexes, All age groups, Seasonally adjusted",54.233333587646484,62.24444580078125,12.677778244018555,,,,
Canada,1992-06,"Index, 201612=100",units,52.0,65.1,56.2,,,,,,,,,,,,,,,,,Persons,unit,6725513.0,1.1210261E7,Persons,thousands,"Both sexes, All age groups, Seasonally adjusted",5746.822265625,6708.63330078125,6481.5888671875,1383.5833740234375,9622.255859375,734.7444458007812,Percentage,unit,"Both sexes, All age groups, Seasonally adjusted",54.28888702392578,62.411109924316406,12.788888931274414,,,,
Canada,1992-12,"Index, 201612=100",units,51.9,66.4,56.3,,,,,,,,,,,,,,,,,Persons,unit,4932803.0,7479725.0,Persons,thousands,"Both sexes, All age groups, Seasonally adjusted",5753.54443359375,6683.18310546875,6512.466796875,1422.4832763671875,9678.35546875,758.8778076171875,Percentage,unit,"Both sexes, All age groups, Seasonally adjusted",53.911109924316406,62.13333511352539,13.066666603088379,,,,
Canada,1992-05,"Index, 201612=100",units,51.9,64.9,56.0,,,,,,,,,,,,,,,,,Persons,unit,6956031.0,1.0655202E7,Persons,thousands,"Both sexes, All age groups, Seasonally adjusted",5755.8779296875,6698.4501953125,6461.35546875,1404.61669921875,9610.099609375,705.477783203125,Percentage,unit,"Both sexes, All age groups, Seasonally adjusted",54.488887786865234,62.27777862548828,12.199999809265137,,,,
Canada,1992-04,"Index, 201612=100",units,52.0,64.7,56.0,,,,,,,,,,,,,,,,,Persons,unit,6765593.0,9524543.0,Persons,thousands,"Both sexes, All age groups, Seasonally adjusted",5751.95556640625,6695.33349609375,6443.0224609375,1403.5167236328125,9599.966796875,691.066650390625,Percentage,unit,"Both sexes, All age groups, Seasonally adjusted",54.477779388427734,62.06666564941406,11.98888874053955,,,,
Canada,1992-03,"Index, 201612=100",units,51.9,64.3,55.9,,,,,,,,,,,,,,,,,Persons,unit,6966709.0,9452220.0,Persons,thousands,"Both sexes, All age groups, Seasonally adjusted",5756.75537109375,6695.33349609375,6461.84423828125,1407.36669921875,9590.2109375,705.066650390625,Percentage,unit,"Both sexes, All age groups, Seasonally adjusted",54.67777633666992,62.400001525878906,12.144444465637207,,,,
Canada,1992-08,"Index, 201612=100",units,51.9,65.9,56.3,,,,,,,,,,,,,,,,,Persons,unit,8990159.0,1.4744959E7,Persons,thousands,"Both sexes, All age groups, Seasonally adjusted",5734.98876953125,6646.4501953125,6489.2998046875,1431.0333251953125,9641.43359375,754.3110961914062,Percentage,unit,"Both sexes, All age groups, Seasonally adjusted",54.022220611572266,62.38888931274414,13.177778244018555,,,,
Canada,1992-11,"Index, 201612=100",units,52.0,66.3,56.3,,,,,,,,,,,,,,,,,Persons,unit,5418413.0,7930266.0,Persons,thousands,"Both sexes, All age groups, Seasonally adjusted",5746.10009765625,6687.86669921875,6535.51123046875,1405.4666748046875,9669.9892578125,789.4222412109375,Percentage,unit,"Both sexes, All age groups, Seasonally adjusted",53.94444274902344,62.42222213745117,13.422222137451172,,,,
Canada,1992-02,"Index, 201612=100",units,51.8,64.0,55.8,,,,,,,,,,,,,,,,,Persons,unit,5758208.0,8030515.0,Persons,thousands,"Both sexes, All age groups, Seasonally adjusted",5770.77783203125,6721.58349609375,6447.06689453125,1400.7332763671875,9577.93359375,676.2666625976562,Percentage,unit,"Both sexes, All age groups, Seasonally adjusted",54.844444274902344,62.24444580078125,11.655555725097656,,,,
Canada,1992-09,"Index, 201612=100",units,51.7,66.0,56.2,,,,,,,,,,,,,,,,,Persons,unit,6601252.0,1.0562644E7,Persons,thousands,"Both sexes, All age groups, Seasonally adjusted",5740.533203125,6672.89990234375,6489.24462890625,1410.7667236328125,9652.8447265625,748.7111206054688,Percentage,unit,"Both sexes, All age groups, Seasonally adjusted",54.05555725097656,62.233333587646484,12.933333396911621,,,,
Canada,1992-10,"Index, 201612=100",units,51.7,66.4,56.3,,,,,,,,,,,,,,,,,Persons,unit,6028043.0,9194991.0,Persons,thousands,"Both sexes, All age groups, Seasonally adjusted",5750.322265625,6679.91650390625,6486.4443359375,1416.3333740234375,9661.7001953125,736.1221923828125,Percentage,unit,"Both sexes, All age groups, Seasonally adjusted",54.155555725097656,62.0444450378418,12.588889122009277,,,,
Manitoba,1988-04,"Index, 201612=100",units,40.7,32.1,38.4,,,,,,,,,,,,,,,,,Persons,unit,102674.0,152499.0,Persons,thousands,"Both sexes, All age groups, Seasonally adjusted",318.76666259765625,258.1499938964844,344.3166809082031,60.61666488647461,498.48333740234375,25.566667556762695,Percentage,unit,"Both sexes, All age groups, Seasonally adjusted",60.56666564941406,65.80000305175781,7.699999809265137,,,,
Manitoba,1988-05,"Index, 201612=100",units,40.5,32.1,38.3,,,,,,,,,,,,,,,,,Persons,unit,98987.0,173259.0,Persons,thousands,"Both sexes, All age groups, Seasonally adjusted",318.5666809082031,257.23333740234375,343.70001220703125,61.349998474121094,498.6499938964844,25.149999618530273,Percentage,unit,"Both sexes, All age groups, Seasonally adjusted",60.54999923706055,65.80000305175781,7.7166666984558105,,,,
Manitoba,1988-08,"Index, 201612=100",units,40.5,32.2,38.3,,,,,,,,,,,,,,,,,Persons,unit,157804.0,260161.0,Persons,thousands,"Both sexes, All age groups, Seasonally adjusted",315.29998779296875,257.7166748046875,341.1833190917969,57.56666564941406,498.29998779296875,25.883333206176758,Percentage,unit,"Both sexes, All age groups, Seasonally adjusted",60.11666488647461,65.41666412353516,7.766666889190674,,,,
Manitoba,1988-07,"Index, 201612=100",units,40.5,32.2,38.3,,,,,,,,,,,,,,,,,Persons,unit,160863.0,282221.0,Persons,thousands,"Both sexes, All age groups, Seasonally adjusted",316.73333740234375,260.70001220703125,342.3166809082031,56.04999923706055,498.4333190917969,25.58333396911621,Percentage,unit,"Both sexes, All age groups, Seasonally adjusted",60.31666564941406,65.5999984741211,7.699999809265137,,,,
Manitoba,1988-10,"Index, 201612=100",units,40.6,32.3,38.4,,,,,,,,,,,,,,,,,Persons,unit,105019.0,160789.0,Persons,thousands,"Both sexes, All age groups, Seasonally adjusted",318.7166748046875,260.2833251953125,345.75,58.43333435058594,498.3999938964844,27.049999237060547,Percentage,unit,"Both sexes, All age groups, Seasonally adjusted",60.900001525878906,66.30000305175781,7.550000190734863,,,,
Manitoba,1988-03,"Index, 201612=100",units,40.7,31.8,38.3,,,,,,,,,,,,,,,,,Persons,unit,93941.0,140473.0,Persons,thousands,"Both sexes, All age groups, Seasonally adjusted",319.2166748046875,261.5,344.54998779296875,57.71666717529297,498.26666259765625,25.350000381469727,Percentage,unit,"Both sexes, All age groups, Seasonally adjusted",60.599998474121094,65.83333587646484,7.816666603088379,,,,
Manitoba,1988-11,"Index, 201612=100",units,40.5,32.3,38.3,,,,,,,,,,,,,,,,,Persons,unit,92414.0,135213.0,Persons,thousands,"Both sexes, All age groups, Seasonally adjusted",319.1499938964844,259.76666259765625,345.26666259765625,59.38333511352539,498.51666259765625,26.149999618530273,Percentage,unit,"Both sexes, All age groups, Seasonally adjusted",60.86666488647461,66.1500015258789,7.516666889190674,,,,
Manitoba,1988-12,"Index, 201612=100",units,40.3,32.6,38.2,,,,,,,,,,,,,,,,,Persons,unit,87676.0,130084.0,Persons,thousands,"Both sexes, All age groups, Seasonally adjusted",321.4666748046875,263.3833312988281,346.3999938964844,58.08333206176758,498.76666259765625,24.933332443237305,Percentage,unit,"Both sexes, All age groups, Seasonally adjusted",61.16666793823242,66.16666412353516,7.116666793823242,,,,
Manitoba,1988-01,"Index, 201612=100",units,40.6,31.8,38.2,,,,,,,,,,,,,,,,,Persons,unit,75034.0,108660.0,Persons,thousands,"Both sexes, All age groups, Seasonally adjusted",317.29998779296875,261.9166564941406,342.70001220703125,55.31666564941406,497.6000061035156,25.41666603088379,Percentage,unit,"Both sexes, All age groups, Seasonally adjusted",60.516666412353516,65.63333129882812,7.7166666984558105,,,,
Manitoba,1988-09,"Index, 201612=100",units,40.6,32.3,38.4,,,,,,,,,,,,,,,,,Persons,unit,107997.0,178867.0,Persons,thousands,"Both sexes, All age groups, Seasonally adjusted",316.1333312988281,258.2166748046875,343.70001220703125,57.88333511352539,498.26666259765625,27.549999237060547,Percentage,unit,"Both sexes, All age groups, Seasonally adjusted",60.349998474121094,65.91666412353516,8.083333015441895,,,,
Manitoba,1988-02,"Index, 201612=100",units,40.8,31.8,38.4,,,,,,,,,,,,,,,,,Persons,unit,73544.0,110325.0,Persons,thousands,"Both sexes, All age groups, Seasonally adjusted",319.1333312988281,262.4333190917969,344.6666564941406,56.66666793823242,498.01666259765625,25.549999237060547,Percentage,unit,"Both sexes, All age groups, Seasonally adjusted",60.75,66.01667022705078,7.733333110809326,,,,
Manitoba,1988-06,"Index, 201612=100",units,40.5,32.2,38.3,,,,,,,,,,,,,,,,,Persons,unit,99330.0,212021.0,Persons,thousands,"Both sexes, All age groups, Seasonally adjusted",317.2833251953125,259.8333435058594,341.75,57.45000076293945,498.6833190917969,24.450000762939453,Percentage,unit,"Both sexes, All age groups, Seasonally adjusted",60.43333435058594,65.36666870117188,7.233333110809326,,,,
Ontario,2000-11,"Index, 201612=100",units,62.71111111111111,80.8111111111111,67.05555555555556,Dollars,units,"Median total income,Both sexes,All age groups",2000.0,,,,,,,,,,,,,Persons,unit,1813289.0,4248324.0,Persons,thousands,"Both sexes, All age groups, Seasonally adjusted",3760.11669921875,3129.183349609375,3991.85009765625,630.933349609375,5698.0498046875,231.71665954589844,Percentage,unit,"Both sexes, All age groups, Seasonally adjusted",61.38333511352539,65.71666717529297,6.383333206176758,Number,unit,Total of all violations-Actual incidents,68765.58
Ontario,2000-07,"Index, 201612=100",units,61.91111111111112,80.61111111111111,66.34444444444443,Dollars,units,"Median total income,Both sexes,All age groups",2000.0,,,,,,,,,,,,,Persons,unit,2312667.0,6793835.0,Persons,thousands,"Both sexes, All age groups, Seasonally adjusted",3723.64990234375,3092.61669921875,3924.86669921875,631.0833129882812,5660.2666015625,201.1999969482422,Percentage,unit,"Both sexes, All age groups, Seasonally adjusted",61.03333282470703,64.80000305175781,5.7166666984558105,Number,unit,Total of all violations-Actual incidents,68765.58
Ontario,2000-08,"Index, 201612=100",units,62.066666666666656,80.74444444444444,66.48888888888888,Dollars,units,"Median total income,Both sexes,All age groups",2000.0,,,,,,,,,,,,,Persons,unit,2462112.0,6817880.0,Persons,thousands,"Both sexes, All age groups, Seasonally adjusted",3722.64990234375,3092.933349609375,3945.36669921875,629.7166748046875,5671.4501953125,222.76666259765625,Percentage,unit,"Both sexes, All age groups, Seasonally adjusted",61.0,65.1500015258789,6.116666793823242,Number,unit,Total of all violations-Actual incidents,68765.58
Ontario,2000-05,"Index, 201612=100",units,61.60000000000001,80.53333333333333,66.04444444444444,Dollars,units,"Median total income,Both sexes,All age groups",2000.0,,,,,,,,,,,,,Persons,unit,2081872.0,5253266.0,Persons,thousands,"Both sexes, All age groups, Seasonally adjusted",3693.783447265625,3078.550048828125,3901.88330078125,615.25,5640.966796875,208.10000610351562,Percentage,unit,"Both sexes, All age groups, Seasonally adjusted",60.766666412353516,64.66666412353516,6.066666603088379,Number,unit,Total of all violations-Actual incidents,68765.58
Ontario,2000-01,"Index, 201612=100",units,60.74444444444445,80.34444444444443,65.35555555555555,Dollars,units,"Median total income,Both sexes,All age groups",2000.0,,,,,,,,,,,,,Persons,unit,1783894.0,3923320.0,Persons,thousands,"Both sexes, All age groups, Seasonally adjusted",3662.533447265625,3063.89990234375,3876.583251953125,598.6333618164062,5602.9501953125,214.0833282470703,Percentage,unit,"Both sexes, All age groups, Seasonally adjusted",60.61666488647461,64.66666412353516,6.066666603088379,Number,unit,Total of all violations-Actual incidents,68765.58
Ontario,2000-02,"Index, 201612=100",units,61.28888888888889,80.48888888888888,65.8111111111111,Dollars,units,"Median total income,Both sexes,All age groups",2000.0,,,,,,,,,,,,,Persons,unit,1744288.0,3982641.0,Persons,thousands,"Both sexes, All age groups, Seasonally adjusted",3672.9833984375,3072.033447265625,3887.933349609375,600.9500122070312,5611.4833984375,214.9499969482422,Percentage,unit,"Both sexes, All age groups, Seasonally adjusted",60.650001525878906,64.71666717529297,6.266666889190674,Number,unit,Total of all violations-Actual incidents,68765.58
Ontario,2000-03,"Index, 201612=100",units,61.333333333333336,80.42222222222222,65.83333333333331,Dollars,units,"Median total income,Both sexes,All age groups",2000.0,,,,,,,,,,,,,Persons,unit,2277420.0,4811660.0,Persons,thousands,"Both sexes, All age groups, Seasonally adjusted",3689.14990234375,3089.949951171875,3899.10009765625,599.2000122070312,5620.0166015625,210.0,Percentage,unit,"Both sexes, All age groups, Seasonally adjusted",60.88333511352539,64.8499984741211,6.0333333015441895,Number,unit,Total of all violations-Actual incidents,68765.58
Ontario,2000-12,"Index, 201612=100",units,62.78888888888888,80.93333333333332,67.13333333333334,Dollars,units,"Median total income,Both sexes,All age groups",2000.0,,,,,,,,,,,,,Persons,unit,1692966.0,3999417.0,Persons,thousands,"Both sexes, All age groups, Seasonally adjusted",3767.10009765625,3147.466552734375,3999.0,619.6166381835938,5706.0166015625,231.93333435058594,Percentage,unit,"Both sexes, All age groups, Seasonally adjusted",61.400001525878906,65.68333435058594,6.300000190734863,Number,unit,Total of all violations-Actual incidents,68765.58
Ontario,2000-04,"Index, 201612=100",units,61.5,80.42222222222222,65.97777777777779,Dollars,units,"Median total income,Both sexes,All age groups",2000.0,,,,,,,,,,,,,Persons,unit,2130747.0,4864846.0,Persons,thousands,"Both sexes, All age groups, Seasonally adjusted",3694.966552734375,3078.916748046875,3905.166748046875,616.0499877929688,5629.2001953125,210.18333435058594,Percentage,unit,"Both sexes, All age groups, Seasonally adjusted",61.016666412353516,64.96666717529297,5.9666666984558105,Number,unit,Total of all violations-Actual incidents,68765.58
Ontario,2000-09,"Index, 201612=100",units,62.300000000000004,80.82222222222222,66.6888888888889,Dollars,units,"Median total income,Both sexes,All age groups",2000.0,,,,,,,,,,,,,Persons,unit,2025362.0,5421051.0,Persons,thousands,"Both sexes, All age groups, Seasonally adjusted",3730.699951171875,3093.75,3955.283447265625,636.9666748046875,5680.61669921875,224.5500030517578,Percentage,unit,"Both sexes, All age groups, Seasonally adjusted",61.099998474121094,65.30000305175781,6.366666793823242,Number,unit,Total of all violations-Actual incidents,68765.58
Ontario,2000-10,"Index, 201612=100",units,62.44444444444444,80.84444444444443,66.8111111111111,Dollars,units,"Median total income,Both sexes,All age groups",2000.0,,,,,,,,,,,,,Persons,unit,2038069.0,4971383.0,Persons,thousands,"Both sexes, All age groups, Seasonally adjusted",3750.800048828125,3115.11669921875,3977.333251953125,635.6666870117188,5689.466796875,226.56666564941406,Percentage,unit,"Both sexes, All age groups, Seasonally adjusted",61.33333206176758,65.61666870117188,6.449999809265137,Number,unit,Total of all violations-Actual incidents,68765.58
Ontario,2000-06,"Index, 201612=100",units,61.72222222222222,80.53333333333333,66.15555555555555,Dollars,units,"Median total income,Both sexes,All age groups",2000.0,,,,,,,,,,,,,Persons,unit,1860271.0,5518333.0,Persons,thousands,"Both sexes, All age groups, Seasonally adjusted",3703.683349609375,3080.466552734375,3913.64990234375,623.2333374023438,5650.9501953125,210.0,Percentage,unit,"Both sexes, All age groups, Seasonally adjusted",60.83333206176758,64.76667022705078,6.050000190734863,Number,unit,Total of all violations-Actual incidents,68765.58
Ontario,2016-10,"Index, 201612=100",units,99.24444444444445,99.57777777777777,99.32222222222222,Dollars,units,"Median total income,Both sexes,All age groups",2881.67,Dollars,unit,Average expenditure per household,728.92,1302.25,5.92,535.92,1560.08,322.08,1702.83,7412.75,19.5,Persons,unit,2166280.0,3777112.0,Persons,thousands,"Both sexes, All age groups, Seasonally adjusted",4478.283203125,3670.7333984375,4768.966796875,807.566650390625,7046.4833984375,290.6499938964844,Percentage,unit,"Both sexes, All age groups, Seasonally adjusted",60.733333587646484,65.21666717529297,6.916666507720947,Number,unit,Total of all violations-Actual incidents,47302.25
Ontario,2016-01,"Index, 201612=100",units,95.35555555555555,98.28888888888888,96.1888888888889,Dollars,units,"Median total income,Both sexes,All age groups",2881.67,Dollars,unit,Average expenditure per household,728.92,1302.25,5.92,535.92,1560.08,322.08,1702.83,7412.75,19.5,Persons,unit,2083281.0,3154449.0,Persons,thousands,"Both sexes, All age groups, Seasonally adjusted",4445.9501953125,3689.4833984375,4756.783203125,756.4666748046875,6978.2001953125,310.8500061035156,Percentage,unit,"Both sexes, All age groups, Seasonally adjusted",60.766666412353516,65.5,7.333333492279053,Number,unit,Total of all violations-Actual incidents,47302.25
Ontario,2016-08,"Index, 201612=100",units,98.25555555555555,98.71111111111111,98.35555555555555,Dollars,units,"Median total income,Both sexes,All age groups",2881.67,Dollars,unit,Average expenditure per household,728.92,1302.25,5.92,535.92,1560.08,322.08,1702.83,7412.75,19.5,Persons,unit,2616632.0,5040268.0,Persons,thousands,"Both sexes, All age groups, Seasonally adjusted",4452.66650390625,3674.9833984375,4760.66650390625,777.683349609375,7032.5498046875,308.0,Percentage,unit,"Both sexes, All age groups, Seasonally adjusted",60.46666717529297,65.25,7.416666507720947,Number,unit,Total of all violations-Actual incidents,47302.25
Ontario,2016-12,"Index, 201612=100",units,100.0,100.0,100.0,Dollars,units,"Median total income,Both sexes,All age groups",2881.67,Dollars,unit,Average expenditure per household,728.92,1302.25,5.92,535.92,1560.08,322.08,1702.83,7412.75,19.5,Persons,unit,2003489.0,3383651.0,Persons,thousands,"Both sexes, All age groups, Seasonally adjusted",4489.533203125,3686.166748046875,4782.43310546875,803.3666381835938,7058.91650390625,292.9333190917969,Percentage,unit,"Both sexes, All age groups, Seasonally adjusted",60.71666717529297,65.26667022705078,7.0333333015441895,Number,unit,Total of all violations-Actual incidents,47302.25
Ontario,2016-04,"Index, 201612=100",units,96.32222222222224,98.31111111111112,96.86666666666666,Dollars,units,"Median total income,Both sexes,All age groups",2881.67,Dollars,unit,Average expenditure per household,728.92,1302.25,5.92,535.92,1560.08,322.08,1702.83,7412.75,19.5,Persons,unit,2189673.0,3536787.0,Persons,thousands,"Both sexes, All age groups, Seasonally adjusted",4454.966796875,3660.699951171875,4778.35009765625,794.2666625976562,6997.88330078125,323.3999938964844,Percentage,unit,"Both sexes, All age groups, Seasonally adjusted",60.733333587646484,65.78333282470703,7.683333396911621,Number,unit,Total of all violations-Actual incidents,47302.25
Ontario,2016-05,"Index, 201612=100",units,97.1,98.43333333333334,97.44444444444446,Dollars,units,"Median total income,Both sexes,All age groups",2881.67,Dollars,unit,Average expenditure per household,728.92,1302.25,5.92,535.92,1560.08,322.08,1702.83,7412.75,19.5,Persons,unit,2235415.0,3966242.0,Persons,thousands,"Both sexes, All age groups, Seasonally adjusted",4463.033203125,3680.333251953125,4759.9501953125,782.7166748046875,7006.75,296.8833312988281,Percentage,unit,"Both sexes, All age groups, Seasonally adjusted",60.78333282470703,65.36666870117188,7.050000190734863,Number,unit,Total of all violations-Actual incidents,47302.25
Ontario,2016-03,"Index, 201612=100",units,95.95555555555556,98.27777777777777,96.62222222222222,Dollars,units,"Median total income,Both sexes,All age groups",2881.67,Dollars,unit,Average expenditure per household,728.92,1302.25,5.92,535.92,1560.08,322.08,1702.83,7412.75,19.5,Persons,unit,2382045.0,3667093.0,Persons,thousands,"Both sexes, All age groups, Seasonally adjusted",4451.2666015625,3672.449951171875,4757.85009765625,778.816650390625,6992.14990234375,306.5833435058594,Percentage,unit,"Both sexes, All age groups, Seasonally adjusted",60.71666717529297,65.46666717529297,7.300000190734863,Number,unit,Total of all violations-Actual incidents,47302.25
Ontario,2016-06,"Index, 201612=100",units,97.51111111111112,98.61111111111111,97.82222222222222,Dollars,units,"Median total income,Both sexes,All age groups",2881.67,Dollars,unit,Average expenditure per household,728.92,1302.25,5.92,535.92,1560.08,322.08,1702.83,7412.75,19.5,Persons,unit,1922737.0,4076215.0,Persons,thousands,"Both sexes, All age groups, Seasonally adjusted",4467.2001953125,3682.60009765625,4756.39990234375,784.5833129882812,7014.39990234375,289.23333740234375,Percentage,unit,"Both sexes, All age groups, Seasonally adjusted",60.81666564941406,65.30000305175781,6.883333206176758,Number,unit,Total of all violations-Actual incidents,47302.25
Ontario,2016-11,"Index, 201612=100",units,99.65555555555554,99.88888888888889,99.73333333333333,Dollars,units,"Median total income,Both sexes,All age groups",2881.67,Dollars,unit,Average expenditure per household,728.92,1302.25,5.92,535.92,1560.08,322.08,1702.83,7412.75,19.5,Persons,unit,1980670.0,3257301.0,Persons,thousands,"Both sexes, All age groups, Seasonally adjusted",4483.2666015625,3673.38330078125,4772.61669921875,809.9000244140625,7053.11669921875,289.3333435058594,Percentage,unit,"Both sexes, All age groups, Seasonally adjusted",60.71666717529297,65.19999694824219,6.849999904632568,Number,unit,Total of all violations-Actual incidents,47302.25
Ontario,2016-02,"Index, 201612=100",units,95.71111111111112,98.27777777777777,96.42222222222223,Dollars,units,"Median total income,Both sexes,All age groups",2881.67,Dollars,unit,Average expenditure per household,728.92,1302.25,5.92,535.92,1560.08,322.08,1702.83,7412.75,19.5,Persons,unit,1819334.0,2903422.0,Persons,thousands,"Both sexes, All age groups, Seasonally adjusted",4441.283203125,3649.949951171875,4750.64990234375,791.3333129882812,6985.0498046875,309.3999938964844,Percentage,unit,"Both sexes, All age groups, Seasonally adjusted",60.56666564941406,65.3499984741211,7.349999904632568,Number,unit,Total of all violations-Actual incidents,47302.25
Ontario,2016-09,"Index, 201612=100",units,98.53333333333333,99.16666666666667,98.72222222222221,Dollars,units,"Median total income,Both sexes,All age groups",2881.67,Dollars,unit,Average expenditure per household,728.92,1302.25,5.92,535.92,1560.08,322.08,1702.83,7412.75,19.5,Persons,unit,2123942.0,4030335.0,Persons,thousands,"Both sexes, All age groups, Seasonally adjusted",4463.5,3672.61669921875,4766.5498046875,790.8666381835938,7039.56689453125,303.0666809082031,Percentage,unit,"Both sexes, All age groups, Seasonally adjusted",60.56666564941406,65.30000305175781,7.2833333015441895,Number,unit,Total of all violations-Actual incidents,47302.25
Ontario,2016-07,"Index, 201612=100",units,97.88888888888887,98.65555555555555,98.08888888888889,Dollars,units,"Median total income,Both sexes,All age groups",2881.67,Dollars,unit,Average expenditure per household,728.92,1302.25,5.92,535.92,1560.08,322.08,1702.83,7412.75,19.5,Persons,unit,2352382.0,5048584.0,Persons,thousands,"Both sexes, All age groups, Seasonally adjusted",4446.16650390625,3671.333251953125,4737.36669921875,774.8333129882812,7023.9833984375,291.20001220703125,Percentage,unit,"Both sexes, All age groups, Seasonally adjusted",60.41666793823242,64.94999694824219,7.016666889190674,Number,unit,Total of all violations-Actual incidents,47302.25
Saskatchewan,2007-11,"Index, 201612=100",units,87.10000000000001,64.76666666666667,81.16666666666667,Dollars,units,"Median total income,Both sexes,All age groups",2289.17,,,,,,,,,,,,,Persons,unit,41330.0,62266.0,Persons,thousands,"Both sexes, All age groups, Seasonally adjusted",322.5666809082031,264.45001220703125,335.98333740234375,58.11666488647461,463.1499938964844,13.366666793823242,Percentage,unit,"Both sexes, All age groups, Seasonally adjusted",66.96666717529297,70.08333587646484,4.383333206176758,Number,unit,Total of all violations-Actual incidents,12606.25
Saskatchewan,2007-01,"Index, 201612=100",units,62.26666666666667,53.666666666666664,59.93333333333334,Dollars,units,"Median total income,Both sexes,All age groups",2289.17,,,,,,,,,,,,,Persons,unit,33263.0,49846.0,Persons,thousands,"Both sexes, All age groups, Seasonally adjusted",317.8833312988281,260.6000061035156,331.6000061035156,57.25,456.3999938964844,13.716666221618652,Percentage,unit,"Both sexes, All age groups, Seasonally adjusted",67.0999984741211,70.30000305175781,4.4666666984558105,Number,unit,Total of all violations-Actual incidents,12606.25
Saskatchewan,2007-08,"Index, 201612=100",units,86.3,63.73333333333333,80.33333333333334,Dollars,units,"Median total income,Both sexes,All age groups",2289.17,,,,,,,,,,,,,Persons,unit,44038.0,71389.0,Persons,thousands,"Both sexes, All age groups, Seasonally adjusted",317.5,264.73333740234375,332.04998779296875,52.766666412353516,461.20001220703125,14.566666603088379,Percentage,unit,"Both sexes, All age groups, Seasonally adjusted",66.01667022705078,69.33333587646484,4.800000190734863,Number,unit,Total of all violations-Actual incidents,12606.25
Saskatchewan,2007-05,"Index, 201612=100",units,76.5,59.1,71.86666666666667,Dollars,units,"Median total income,Both sexes,All age groups",2289.17,,,,,,,,,,,,,Persons,unit,26757.0,50825.0,Persons,thousands,"Both sexes, All age groups, Seasonally adjusted",317.5333251953125,259.45001220703125,331.9666748046875,58.099998474121094,458.6333312988281,14.416666984558105,Percentage,unit,"Both sexes, All age groups, Seasonally adjusted",66.55000305175781,69.86666870117188,4.599999904632568,Number,unit,Total of all violations-Actual incidents,12606.25
Saskatchewan,2007-10,"Index, 201612=100",units,86.66666666666667,64.76666666666667,80.83333333333333,Dollars,units,"Median total income,Both sexes,All age groups",2289.17,,,,,,,,,,,,,Persons,unit,38469.0,63007.0,Persons,thousands,"Both sexes, All age groups, Seasonally adjusted",321.29998779296875,266.98333740234375,335.01666259765625,54.31666564941406,462.54998779296875,13.75,Percentage,unit,"Both sexes, All age groups, Seasonally adjusted",66.71666717529297,69.9000015258789,4.516666889190674,Number,unit,Total of all violations-Actual incidents,12606.25
Saskatchewan,2007-06,"Index, 201612=100",units,80.96666666666667,62.6,76.06666666666668,Dollars,units,"Median total income,Both sexes,All age groups",2289.17,,,,,,,,,,,,,Persons,unit,25267.0,54561.0,Persons,thousands,"Both sexes, All age groups, Seasonally adjusted",316.3333435058594,260.8333435058594,330.6666564941406,55.5,459.26666259765625,14.316666603088379,Percentage,unit,"Both sexes, All age groups, Seasonally adjusted",66.16666412353516,69.43333435058594,4.599999904632568,Number,unit,Total of all violations-Actual incidents,12606.25
Saskatchewan,2007-07,"Index, 201612=100",units,83.23333333333333,63.333333333333336,77.96666666666667,Dollars,units,"Median total income,Both sexes,All age groups",2289.17,,,,,,,,,,,,,Persons,unit,41025.0,70461.0,Persons,thousands,"Both sexes, All age groups, Seasonally adjusted",319.0333251953125,262.8333435058594,333.3333435058594,56.25,460.3333435058594,14.266666412353516,Percentage,unit,"Both sexes, All age groups, Seasonally adjusted",66.6500015258789,69.9000015258789,4.583333492279053,Number,unit,Total of all violations-Actual incidents,12606.25
Saskatchewan,2007-04,"Index, 201612=100",units,69.83333333333333,57.96666666666666,66.66666666666667,Dollars,units,"Median total income,Both sexes,All age groups",2289.17,,,,,,,,,,,,,Persons,unit,29846.0,49505.0,Persons,thousands,"Both sexes, All age groups, Seasonally adjusted",317.5333251953125,257.98333740234375,330.25,59.56666564941406,457.9666748046875,12.716666221618652,Percentage,unit,"Both sexes, All age groups, Seasonally adjusted",66.68333435058594,69.61666870117188,4.150000095367432,Number,unit,Total of all violations-Actual incidents,12606.25
Saskatchewan,2007-12,"Index, 201612=100",units,87.46666666666665,65.43333333333334,81.63333333333334,Dollars,units,"Median total income,Both sexes,All age groups",2289.17,,,,,,,,,,,,,Persons,unit,33285.0,52035.0,Persons,thousands,"Both sexes, All age groups, Seasonally adjusted",321.8666687011719,264.98333740234375,334.73333740234375,56.91666793823242,463.76666259765625,12.850000381469727,Percentage,unit,"Both sexes, All age groups, Seasonally adjusted",66.71666717529297,69.6500015258789,4.183333396911621,Number,unit,Total of all violations-Actual incidents,12606.25
Saskatchewan,2007-02,"Index, 201612=100",units,63.86666666666667,54.03333333333334,61.23333333333333,Dollars,units,"Median total income,Both sexes,All age groups",2289.17,,,,,,,,,,,,,Persons,unit,33063.0,48554.0,Persons,thousands,"Both sexes, All age groups, Seasonally adjusted",316.8666687011719,258.01666259765625,329.7166748046875,58.86666488647461,456.73333740234375,12.866666793823242,Percentage,unit,"Both sexes, All age groups, Seasonally adjusted",66.73332977294922,69.80000305175781,4.349999904632568,Number,unit,Total of all violations-Actual incidents,12606.25
Saskatchewan,2007-03,"Index, 201612=100",units,69.06666666666666,55.0,65.3,Dollars,units,"Median total income,Both sexes,All age groups",2289.17,,,,,,,,,,,,,Persons,unit,30932.0,50943.0,Persons,thousands,"Both sexes, All age groups, Seasonally adjusted",318.4166564941406,258.5333251953125,331.1000061035156,59.88333511352539,457.2166748046875,12.666666984558105,Percentage,unit,"Both sexes, All age groups, Seasonally adjusted",67.0999984741211,69.96666717529297,3.950000047683716,Number,unit,Total of all violations-Actual incidents,12606.25
Saskatchewan,2007-09,"Index, 201612=100",units,86.36666666666667,64.4,80.53333333333333,Dollars,units,"Median total income,Both sexes,All age groups",2289.17,,,,,,,,,,,,,Persons,unit,30789.0,56161.0,Persons,thousands,"Both sexes, All age groups, Seasonally adjusted",320.3166809082031,264.3500061035156,332.76666259765625,55.96666717529297,461.79998779296875,12.416666984558105,Percentage,unit,"Both sexes, All age groups, Seasonally adjusted",66.55000305175781,69.33333587646484,3.933333396911621,Number,unit,Total of all violations-Actual incidents,12606.25
