province,REF_DATE,uom_houseindex,scalar_houseindex,avg_house_only,avg_land_only,avg_totalhouseland,uom_income,scalar_income,statistic_income,avg_income,uom_expenditure,scalar_expenditure,statistic_expenditure,avg_food_expenditures,avg_income_taxes,avg_mortageinsurance,avg_mortagePaid,avg_accomodation,avg_rent,avg_shelter,avg_total_expenditure,avg_taxes_landregfees,uom_tourist,scalar_tourist,avg_international_tourism,avg_domestic_tourism,uom_labourforce,scalar_labourforce,statistic_labourforce,avg_employment,avg_fulltime,avg_labourforce,avg_parttime,avg_population,avg_unemployment,uom_lfperc,scalar_lfperc,statistic_labourforceperc,avg_employment_rate,avg_participationrate,avg_unemploymentrate,uom_crime,scalar_crime,statistic_crime,avg_crime_incidents
Canada,2013-01,"Index, 201612=100",units,91.8,95.0,92.8,Dollars,units,"Median total income,Both sexes,All age groups",2668.33,Dollars,unit,Average expenditure per household,661.17,1169.83,9.42,448.75,1240.92,262.67,1363.42,6591.5,10.5,Persons,unit,5006112.0,6799945.0,Persons,thousands,"Both sexes, All age groups, Seasonally adjusted",8064.72216796875,9237.31640625,8676.7109375,1995.9166259765625,12599.578125,611.977783203125,Percentage,unit,"Both sexes, All age groups, Seasonally adjusted",59.78888702392578,65.54444122314453,9.088889122009277,,,,
Canada,2013-05,"Index, 201612=100",units,92.4,95.4,93.4,Dollars,units,"Median total income,Both sexes,All age groups",2668.33,Dollars,unit,Average expenditure per household,661.17,1169.83,9.42,448.75,1240.92,262.67,1363.42,6591.5,10.5,Persons,unit,5497336.0,8386692.0,Persons,thousands,"Both sexes, All age groups, Seasonally adjusted",8095.18896484375,9295.349609375,8701.677734375,1979.3499755859375,12649.611328125,606.4888916015625,Percentage,unit,"Both sexes, All age groups, Seasonally adjusted",59.77777862548828,65.5,8.977777481079102,,,,
Canada,2013-10,"Index, 201612=100",units,92.9,95.7,93.8,Dollars,units,"Median total income,Both sexes,All age groups",2668.33,Dollars,unit,Average expenditure per household,661.17,1169.83,9.42,448.75,1240.92,262.67,1363.42,6591.5,10.5,Persons,unit,5037365.0,7528478.0,Persons,thousands,"Both sexes, All age groups, Seasonally adjusted",8113.89990234375,9311.1669921875,8729.4443359375,1987.88330078125,12715.744140625,615.5555419921875,Percentage,unit,"Both sexes, All age groups, Seasonally adjusted",59.67777633666992,65.43333435058594,9.100000381469727,,,,
Canada,2013-03,"Index, 201612=100",units,92.0,95.2,93.0,Dollars,units,"Median total income,Both sexes,All age groups",2668.33,Dollars,unit,Average expenditure per household,661.17,1169.83,9.42,448.75,1240.92,262.67,1363.42,6591.5,10.5,Persons,unit,6253761.0,8370101.0,Persons,thousands,"Both sexes, All age groups, Seasonally adjusted",8059.3779296875,9226.18359375,8691.35546875,1999.9000244140625,12620.533203125,631.95556640625,Percentage,unit,"Both sexes, All age groups, Seasonally adjusted",59.64444351196289,65.66666412353516,9.466666221618652,,,,
Canada,2013-07,"Index, 201612=100",units,92.7,95.6,93.6,Dollars,units,"Median total income,Both sexes,All age groups",2668.33,Dollars,unit,Average expenditure per household,661.17,1169.83,9.42,448.75,1240.92,262.67,1363.42,6591.5,10.5,Persons,unit,6286640.0,1.0584985E7,Persons,thousands,"Both sexes, All age groups, Seasonally adjusted",8094.611328125,9270.7333984375,8717.6552734375,2004.11669921875,12679.7890625,623.066650390625,Percentage,unit,"Both sexes, All age groups, Seasonally adjusted",59.63333511352539,65.52222442626953,9.266666412353516,,,,
Canada,2013-06,"Index, 201612=100",units,92.5,95.5,93.5,Dollars,units,"Median total income,Both sexes,All age groups",2668.33,Dollars,unit,Average expenditure per household,661.17,1169.83,9.42,448.75,1240.92,262.67,1363.42,6591.5,10.5,Persons,unit,5119513.0,8782859.0,Persons,thousands,"Both sexes, All age groups, Seasonally adjusted",8095.27783203125,9277.25,8718.3662109375,1996.550048828125,12663.611328125,623.0888671875,Percentage,unit,"Both sexes, All age groups, Seasonally adjusted",59.79999923706055,65.74444580078125,9.333333015441895,,,,
Canada,2013-08,"Index, 201612=100",units,92.8,95.7,93.7,Dollars,units,"Median total income,Both sexes,All age groups",2668.33,Dollars,unit,Average expenditure per household,661.17,1169.83,9.42,448.75,1240.92,262.67,1363.42,6591.5,10.5,Persons,unit,7121378.0,1.1497709E7,Persons,thousands,"Both sexes, All age groups, Seasonally adjusted",8110.86669921875,9276.0,8729.35546875,2018.949951171875,12691.2333984375,618.4888916015625,Percentage,unit,"Both sexes, All age groups, Seasonally adjusted",59.75555419921875,65.5888900756836,9.166666984558105,,,,
Canada,2013-09,"Index, 201612=100",units,92.8,95.7,93.8,Dollars,units,"Median total income,Both sexes,All age groups",2668.33,Dollars,unit,Average expenditure per household,661.17,1169.83,9.42,448.75,1240.92,262.67,1363.42,6591.5,10.5,Persons,unit,5325054.0,8399893.0,Persons,thousands,"Both sexes, All age groups, Seasonally adjusted",8111.0556640625,9296.400390625,8718.9892578125,1999.4666748046875,12704.744140625,607.933349609375,Percentage,unit,"Both sexes, All age groups, Seasonally adjusted",59.72222137451172,65.30000305175781,8.800000190734863,,,,
Canada,2013-12,"Index, 201612=100",units,93.0,95.8,93.9,Dollars,units,"Median total income,Both sexes,All age groups",2668.33,Dollars,unit,Average expenditure per household,661.17,1169.83,9.42,448.75,1240.92,262.67,1363.42,6591.5,10.5,Persons,unit,4984693.0,7143218.0,Persons,thousands,"Both sexes, All age groups, Seasonally adjusted",8113.63330078125,9263.0498046875,8742.2001953125,2033.800048828125,12736.3115234375,628.5888671875,Percentage,unit,"Both sexes, All age groups, Seasonally adjusted",59.622222900390625,65.46666717529297,9.188888549804688,,,,
Canada,2013-02,"Index, 201612=100",units,91.9,95.2,93.0,Dollars,units,"Median total income,Both sexes,All age groups",2668.33,Dollars,unit,Average expenditure per household,661.17,1169.83,9.42,448.75,1240.92,262.67,1363.42,6591.5,10.5,Persons,unit,4660669.0,6428014.0,Persons,thousands,"Both sexes, All age groups, Seasonally adjusted",8075.2001953125,9255.9169921875,8687.1337890625,1991.8499755859375,12608.921875,611.9000244140625,Percentage,unit,"Both sexes, All age groups, Seasonally adjusted",59.844444274902344,65.5999984741211,9.066666603088379,,,,
Canada,2013-11,"Index, 201612=100",units,92.9,95.8,93.9,Dollars,units,"Median total income,Both sexes,All age groups",2668.33,Dollars,unit,Average expenditure per household,661.17,1169.83,9.42,448.75,1240.92,262.67,1363.42,6591.5,10.5,Persons,unit,4912469.0,6874619.0,Persons,thousands,"Both sexes, All age groups, Seasonally adjusted",8119.2109375,9295.4833984375,8727.43359375,2012.4000244140625,12726.078125,608.2222290039062,Percentage,unit,"Both sexes, All age groups, Seasonally adjusted",59.588890075683594,65.33333587646484,9.05555534362793,,,,
Canada,2013-04,"Index, 201612=100",units,92.2,95.3,93.2,Dollars,units,"Median total income,Both sexes,All age groups",2668.33,Dollars,unit,Average expenditure per household,661.17,1169.83,9.42,448.75,1240.92,262.67,1363.42,6591.5,10.5,Persons,unit,5592842.0,7714408.0,Persons,thousands,"Both sexes, All age groups, Seasonally adjusted",8074.77783203125,9253.033203125,8694.111328125,1995.199951171875,12636.27734375,619.3222045898438,Percentage,unit,"Both sexes, All age groups, Seasonally adjusted",59.66666793823242,65.56666564941406,9.244444847106934,,,,
Prairie Region,2005-05,"Index, 201612=100",units,60.3,50.6,56.9,,,,,,,,,,,,,,,,,,,,,,,,,,,,,,,,,,,,,,,
Prairie Region,2005-01,"Index, 201612=100",units,59.1,50.0,55.9,,,,,,,,,,,,,,,,,,,,,,,,,,,,,,,,,,,,,,,
Prairie Region,2005-03,"Index, 201612=100",units,59.8,50.2,56.4,,,,,,,,,,,,,,,,,,,,,,,,,,,,,,,,,,,,,,,
Prairie Region,2005-07,"Index, 201612=100",units,61.2,51.7,57.9,,,,,,,,,,,,,,,,,,,,,,,,,,,,,,,,,,,,,,,
Prairie Region,2005-09,"Index, 201612=100",units,62.6,52.5,59.1,,,,,,,,,,,,,,,,,,,,,,,,,,,,,,,,,,,,,,,
Prairie Region,2005-04,"Index, 201612=100",units,60.1,50.4,56.7,,,,,,,,,,,,,,,,,,,,,,,,,,,,,,,,,,,,,,,
Prairie Region,2005-02,"Index, 201612=100",units,59.5,50.1,56.2,,,,,,,,,,,,,,,,,,,,,,,,,,,,,,,,,,,,,,,
Prairie Region,2005-11,"Index, 201612=100",units,65.9,54.1,61.8,,,,,,,,,,,,,,,,,,,,,,,,,,,,,,,,,,,,,,,
Prairie Region,2005-12,"Index, 201612=100",units,68.3,55.0,63.8,,,,,,,,,,,,,,,,,,,,,,,,,,,,,,,,,,,,,,,
Prairie Region,2005-06,"Index, 201612=100",units,61.1,51.5,57.7,,,,,,,,,,,,,,,,,,,,,,,,,,,,,,,,,,,,,,,
Prairie Region,2005-10,"Index, 201612=100",units,64.3,53.0,60.5,,,,,,,,,,,,,,,,,,,,,,,,,,,,,,,,,,,,,,,
Prairie Region,2005-08,"Index, 201612=100",units,61.5,51.9,58.1,,,,,,,,,,,,,,,,,,,,,,,,,,,,,,,,,,,,,,,
