province,REF_DATE,uom_houseindex,scalar_houseindex,avg_house_only,avg_land_only,avg_totalhouseland,uom_income,scalar_income,statistic_income,avg_income,uom_expenditure,scalar_expenditure,statistic_expenditure,avg_food_expenditures,avg_income_taxes,avg_mortageinsurance,avg_mortagePaid,avg_accomodation,avg_rent,avg_shelter,avg_total_expenditure,avg_taxes_landregfees,uom_tourist,scalar_tourist,avg_international_tourism,avg_domestic_tourism,uom_labourforce,scalar_labourforce,statistic_labourforce,avg_employment,avg_fulltime,avg_labourforce,avg_parttime,avg_population,avg_unemployment,uom_lfperc,scalar_lfperc,statistic_labourforceperc,avg_employment_rate,avg_participationrate,avg_unemploymentrate,uom_crime,scalar_crime,statistic_crime,avg_crime_incidents
British Columbia,1991-07,"Index, 201612=100",units,116.56666666666666,67.46666666666667,92.40000000000002,,,,,,,,,,,,,,,,,Persons,unit,2005047.0,2932879.0,Persons,thousands,"Both sexes, All age groups, Seasonally adjusted",1002.933349609375,818.933349609375,1109.8333740234375,184.0,1605.566650390625,106.91666412353516,Percentage,unit,"Both sexes, All age groups, Seasonally adjusted",58.63333511352539,65.21666717529297,10.0,,,,
British Columbia,1991-06,"Index, 201612=100",units,116.26666666666667,66.03333333333335,91.63333333333333,,,,,,,,,,,,,,,,,Persons,unit,1618666.0,2301029.0,Persons,thousands,"Both sexes, All age groups, Seasonally adjusted",1005.5333251953125,818.7833251953125,1112.4000244140625,186.71665954589844,1600.5333251953125,106.88333129882812,Percentage,unit,"Both sexes, All age groups, Seasonally adjusted",58.95000076293945,65.73332977294922,10.183333396911621,,,,
British Columbia,1991-01,"Index, 201612=100",units,116.8,61.300000000000004,89.13333333333333,,,,,,,,,,,,,,,,,Persons,unit,1343995.0,1618357.0,Persons,thousands,"Both sexes, All age groups, Seasonally adjusted",990.9833374023438,813.183349609375,1096.183349609375,177.8000030517578,1583.9666748046875,105.25,Percentage,unit,"Both sexes, All age groups, Seasonally adjusted",58.5,65.30000305175781,10.199999809265137,,,,
British Columbia,1991-11,"Index, 201612=100",units,116.33333333333333,68.2,93.03333333333335,,,,,,,,,,,,,,,,,Persons,unit,1560591.0,1877426.0,Persons,thousands,"Both sexes, All age groups, Seasonally adjusted",1008.3499755859375,823.9666748046875,1117.4666748046875,184.36666870117188,1620.5999755859375,109.08333587646484,Percentage,unit,"Both sexes, All age groups, Seasonally adjusted",58.400001525878906,65.01667022705078,9.75,,,,
British Columbia,1991-04,"Index, 201612=100",units,116.36666666666667,63.36666666666667,90.06666666666666,,,,,,,,,,,,,,,,,Persons,unit,1700055.0,2085138.0,Persons,thousands,"Both sexes, All age groups, Seasonally adjusted",998.0166625976562,796.8333129882812,1102.7332763671875,201.1999969482422,1592.816650390625,104.69999694824219,Percentage,unit,"Both sexes, All age groups, Seasonally adjusted",58.68333435058594,65.4000015258789,10.283333778381348,,,,
British Columbia,1991-05,"Index, 201612=100",units,116.36666666666667,66.3,91.60000000000001,,,,,,,,,,,,,,,,,Persons,unit,1705270.0,2220034.0,Persons,thousands,"Both sexes, All age groups, Seasonally adjusted",998.1666870117188,816.2333374023438,1107.183349609375,181.93333435058594,1596.2166748046875,108.98332977294922,Percentage,unit,"Both sexes, All age groups, Seasonally adjusted",58.70000076293945,65.5999984741211,10.350000381469727,,,,
British Columbia,1991-08,"Index, 201612=100",units,116.33333333333333,67.7,92.39999999999999,,,,,,,,,,,,,,,,,Persons,unit,2118916.0,3117231.0,Persons,thousands,"Both sexes, All age groups, Seasonally adjusted",1003.566650390625,819.683349609375,1108.9166259765625,183.9166717529297,1609.683349609375,105.36666870117188,Percentage,unit,"Both sexes, All age groups, Seasonally adjusted",58.45000076293945,64.94999694824219,9.816666603088379,,,,
British Columbia,1991-03,"Index, 201612=100",units,117.0,61.46666666666667,89.53333333333335,,,,,,,,,,,,,,,,,Persons,unit,1522196.0,1901675.0,Persons,thousands,"Both sexes, All age groups, Seasonally adjusted",990.683349609375,802.1333618164062,1102.2166748046875,188.53334045410156,1589.36669921875,111.53333282470703,Percentage,unit,"Both sexes, All age groups, Seasonally adjusted",58.43333435058594,65.5,10.666666984558105,,,,
British Columbia,1991-12,"Index, 201612=100",units,115.63333333333334,68.43333333333334,92.86666666666667,,,,,,,,,,,,,,,,,Persons,unit,1456806.0,1802485.0,Persons,thousands,"Both sexes, All age groups, Seasonally adjusted",1007.1500244140625,828.2166748046875,1116.0333251953125,178.93333435058594,1623.7833251953125,108.88333129882812,Percentage,unit,"Both sexes, All age groups, Seasonally adjusted",58.099998474121094,64.80000305175781,10.083333015441895,,,,
British Columbia,1991-02,"Index, 201612=100",units,115.60000000000001,59.9,87.86666666666667,,,,,,,,,,,,,,,,,Persons,unit,1424854.0,1741977.0,Persons,thousands,"Both sexes, All age groups, Seasonally adjusted",991.2333374023438,807.5333251953125,1100.0333251953125,183.6999969482422,1586.566650390625,108.80000305175781,Percentage,unit,"Both sexes, All age groups, Seasonally adjusted",58.56666564941406,65.43333435058594,10.366666793823242,,,,
British Columbia,1991-10,"Index, 201612=100",units,116.23333333333335,67.7,92.5,,,,,,,,,,,,,,,,,Persons,unit,1620404.0,2039231.0,Persons,thousands,"Both sexes, All age groups, Seasonally adjusted",1015.6500244140625,836.2999877929688,1122.566650390625,179.3333282470703,1617.566650390625,106.93333435058594,Percentage,unit,"Both sexes, All age groups, Seasonally adjusted",58.849998474121094,65.5,9.783333778381348,,,,
British Columbia,1991-09,"Index, 201612=100",units,116.66666666666667,67.7,92.53333333333335,,,,,,,,,,,,,,,,,Persons,unit,1533840.0,2155495.0,Persons,thousands,"Both sexes, All age groups, Seasonally adjusted",1011.0499877929688,830.7999877929688,1118.8333740234375,180.3000030517578,1614.4000244140625,107.75,Percentage,unit,"Both sexes, All age groups, Seasonally adjusted",58.56666564941406,65.23332977294922,10.050000190734863,,,,
