province,REF_DATE,uom_houseindex,scalar_houseindex,avg_house_only,avg_land_only,avg_totalhouseland,uom_income,scalar_income,statistic_income,avg_income,uom_expenditure,scalar_expenditure,statistic_expenditure,avg_food_expenditures,avg_income_taxes,avg_mortageinsurance,avg_mortagePaid,avg_accomodation,avg_rent,avg_shelter,avg_total_expenditure,avg_taxes_landregfees,uom_tourist,scalar_tourist,avg_international_tourism,avg_domestic_tourism,uom_labourforce,scalar_labourforce,statistic_labourforce,avg_employment,avg_fulltime,avg_labourforce,avg_parttime,avg_population,avg_unemployment,uom_lfperc,scalar_lfperc,statistic_labourforceperc,avg_employment_rate,avg_participationrate,avg_unemploymentrate,uom_crime,scalar_crime,statistic_crime,avg_crime_incidents
Nova Scotia,1995-08,"Index, 201612=100",units,60.1,65.6,61.7,,,,,,,,,,,,,,,,,Persons,unit,10729.0,86781.0,Persons,thousands,"Both sexes, All age groups, Seasonally adjusted",239.8000030517578,191.60000610351562,272.54998779296875,48.16666793823242,440.75,32.766666412353516,Percentage,unit,"Both sexes, All age groups, Seasonally adjusted",50.28333282470703,57.88333511352539,12.766666412353516,,,,
Nova Scotia,1995-05,"Index, 201612=100",units,59.7,65.6,61.3,,,,,,,,,,,,,,,,,Persons,unit,11449.0,38611.0,Persons,thousands,"Both sexes, All age groups, Seasonally adjusted",237.06666564941406,191.56666564941406,271.6000061035156,45.5,439.6499938964844,34.5,Percentage,unit,"Both sexes, All age groups, Seasonally adjusted",49.86666488647461,57.58333206176758,12.866666793823242,,,,
Nova Scotia,1995-07,"Index, 201612=100",units,59.7,65.6,61.3,,,,,,,,,,,,,,,,,Persons,unit,11185.0,80193.0,Persons,thousands,"Both sexes, All age groups, Seasonally adjusted",237.85000610351562,190.5833282470703,272.54998779296875,47.266666412353516,440.2166748046875,34.70000076293945,Percentage,unit,"Both sexes, All age groups, Seasonally adjusted",49.88333511352539,57.95000076293945,13.783333778381348,,,,
Nova Scotia,1995-06,"Index, 201612=100",units,59.7,65.6,61.3,,,,,,,,,,,,,,,,,Persons,unit,7990.0,54308.0,Persons,thousands,"Both sexes, All age groups, Seasonally adjusted",236.78334045410156,191.48333740234375,271.6666564941406,45.28333282470703,439.9166564941406,34.91666793823242,Percentage,unit,"Both sexes, All age groups, Seasonally adjusted",49.71666717529297,57.66666793823242,13.466666221618652,,,,
Nova Scotia,1995-12,"Index, 201612=100",units,60.3,65.6,61.8,,,,,,,,,,,,,,,,,Persons,unit,5750.0,18348.0,Persons,thousands,"Both sexes, All age groups, Seasonally adjusted",242.75,195.8333282470703,271.5,46.900001525878906,441.6333312988281,28.75,Percentage,unit,"Both sexes, All age groups, Seasonally adjusted",51.08333206176758,57.599998474121094,11.083333015441895,,,,
Nova Scotia,1995-09,"Index, 201612=100",units,60.1,65.6,61.7,,,,,,,,,,,,,,,,,Persons,unit,8870.0,69483.0,Persons,thousands,"Both sexes, All age groups, Seasonally adjusted",241.39999389648438,193.36666870117188,271.6499938964844,48.06666564941406,440.95001220703125,30.25,Percentage,unit,"Both sexes, All age groups, Seasonally adjusted",50.78333282470703,57.68333435058594,11.5,,,,
Nova Scotia,1995-03,"Index, 201612=100",units,59.5,65.6,61.2,,,,,,,,,,,,,,,,,Persons,unit,12754.0,23030.0,Persons,thousands,"Both sexes, All age groups, Seasonally adjusted",239.11666870117188,195.38333129882812,272.2166748046875,43.733333587646484,439.26666259765625,33.099998474121094,Percentage,unit,"Both sexes, All age groups, Seasonally adjusted",50.31666564941406,57.766666412353516,12.233333587646484,,,,
Nova Scotia,1995-11,"Index, 201612=100",units,60.3,65.6,61.8,,,,,,,,,,,,,,,,,Persons,unit,5604.0,18729.0,Persons,thousands,"Both sexes, All age groups, Seasonally adjusted",240.36666870117188,194.9499969482422,270.9166564941406,45.41666793823242,441.4166564941406,30.566667556762695,Percentage,unit,"Both sexes, All age groups, Seasonally adjusted",50.400001525878906,57.29999923706055,11.949999809265137,,,,
Nova Scotia,1995-10,"Index, 201612=100",units,60.1,65.6,61.7,,,,,,,,,,,,,,,,,Persons,unit,8579.0,44983.0,Persons,thousands,"Both sexes, All age groups, Seasonally adjusted",240.93333435058594,194.0,271.5,46.93333435058594,441.25,30.53333282470703,Percentage,unit,"Both sexes, All age groups, Seasonally adjusted",50.599998474121094,57.61666488647461,12.066666603088379,,,,
Nova Scotia,1995-02,"Index, 201612=100",units,59.4,65.6,61.0,,,,,,,,,,,,,,,,,Persons,unit,7134.0,14502.0,Persons,thousands,"Both sexes, All age groups, Seasonally adjusted",240.06666564941406,198.14999389648438,271.75,41.91666793823242,439.1666564941406,31.683332443237305,Percentage,unit,"Both sexes, All age groups, Seasonally adjusted",50.54999923706055,57.58333206176758,11.933333396911621,,,,
Nova Scotia,1995-01,"Index, 201612=100",units,59.3,65.6,61.0,,,,,,,,,,,,,,,,,Persons,unit,5952.0,13623.0,Persons,thousands,"Both sexes, All age groups, Seasonally adjusted",239.38333129882812,198.26666259765625,273.0666809082031,41.099998474121094,439.01666259765625,33.75,Percentage,unit,"Both sexes, All age groups, Seasonally adjusted",50.56666564941406,58.11666488647461,12.633333206176758,,,,
Nova Scotia,1995-04,"Index, 201612=100",units,59.5,65.6,61.2,,,,,,,,,,,,,,,,,Persons,unit,12146.0,21018.0,Persons,thousands,"Both sexes, All age groups, Seasonally adjusted",238.9499969482422,194.53334045410156,269.6166687011719,44.38333511352539,439.4333190917969,30.66666603088379,Percentage,unit,"Both sexes, All age groups, Seasonally adjusted",50.25,57.03333282470703,11.800000190734863,,,,
Prairie Region,1988-07,"Index, 201612=100",units,33.4,29.1,32.2,,,,,,,,,,,,,,,,,,,,,,,,,,,,,,,,,,,,,,,
Prairie Region,1988-03,"Index, 201612=100",units,33.2,28.3,31.8,,,,,,,,,,,,,,,,,,,,,,,,,,,,,,,,,,,,,,,
Prairie Region,1988-05,"Index, 201612=100",units,33.4,28.7,32.0,,,,,,,,,,,,,,,,,,,,,,,,,,,,,,,,,,,,,,,
Prairie Region,1988-02,"Index, 201612=100",units,33.1,28.3,31.8,,,,,,,,,,,,,,,,,,,,,,,,,,,,,,,,,,,,,,,
Prairie Region,1988-12,"Index, 201612=100",units,33.5,30.1,32.6,,,,,,,,,,,,,,,,,,,,,,,,,,,,,,,,,,,,,,,
Prairie Region,1988-08,"Index, 201612=100",units,33.5,29.4,32.4,,,,,,,,,,,,,,,,,,,,,,,,,,,,,,,,,,,,,,,
Prairie Region,1988-01,"Index, 201612=100",units,33.1,28.0,31.7,,,,,,,,,,,,,,,,,,,,,,,,,,,,,,,,,,,,,,,
Prairie Region,1988-11,"Index, 201612=100",units,33.6,29.8,32.6,,,,,,,,,,,,,,,,,,,,,,,,,,,,,,,,,,,,,,,
Prairie Region,1988-09,"Index, 201612=100",units,33.5,29.4,32.4,,,,,,,,,,,,,,,,,,,,,,,,,,,,,,,,,,,,,,,
Prairie Region,1988-04,"Index, 201612=100",units,33.3,28.5,32.0,,,,,,,,,,,,,,,,,,,,,,,,,,,,,,,,,,,,,,,
Prairie Region,1988-10,"Index, 201612=100",units,33.6,29.5,32.5,,,,,,,,,,,,,,,,,,,,,,,,,,,,,,,,,,,,,,,
Prairie Region,1988-06,"Index, 201612=100",units,33.4,28.8,32.1,,,,,,,,,,,,,,,,,,,,,,,,,,,,,,,,,,,,,,,
