province,REF_DATE,uom_houseindex,scalar_houseindex,avg_house_only,avg_land_only,avg_totalhouseland,uom_income,scalar_income,statistic_income,avg_income,uom_expenditure,scalar_expenditure,statistic_expenditure,avg_food_expenditures,avg_income_taxes,avg_mortageinsurance,avg_mortagePaid,avg_accomodation,avg_rent,avg_shelter,avg_total_expenditure,avg_taxes_landregfees,uom_tourist,scalar_tourist,avg_international_tourism,avg_domestic_tourism,uom_labourforce,scalar_labourforce,statistic_labourforce,avg_employment,avg_fulltime,avg_labourforce,avg_parttime,avg_population,avg_unemployment,uom_lfperc,scalar_lfperc,statistic_labourforceperc,avg_employment_rate,avg_participationrate,avg_unemploymentrate,uom_crime,scalar_crime,statistic_crime,avg_crime_incidents
Atlantic Region,2003-03,"Index, 201612=100",units,69.6,63.4,68.1,,,,,,,,,,,,,,,,,,,,,,,,,,,,,,,,,,,,,,,
Atlantic Region,2003-11,"Index, 201612=100",units,71.2,64.1,69.5,,,,,,,,,,,,,,,,,,,,,,,,,,,,,,,,,,,,,,,
Atlantic Region,2003-05,"Index, 201612=100",units,70.6,63.6,68.9,,,,,,,,,,,,,,,,,,,,,,,,,,,,,,,,,,,,,,,
Atlantic Region,2003-01,"Index, 201612=100",units,69.4,63.2,68.0,,,,,,,,,,,,,,,,,,,,,,,,,,,,,,,,,,,,,,,
Atlantic Region,2003-07,"Index, 201612=100",units,70.7,63.8,69.0,,,,,,,,,,,,,,,,,,,,,,,,,,,,,,,,,,,,,,,
Atlantic Region,2003-02,"Index, 201612=100",units,69.6,63.2,68.0,,,,,,,,,,,,,,,,,,,,,,,,,,,,,,,,,,,,,,,
Atlantic Region,2003-12,"Index, 201612=100",units,71.6,64.3,69.9,,,,,,,,,,,,,,,,,,,,,,,,,,,,,,,,,,,,,,,
Atlantic Region,2003-08,"Index, 201612=100",units,70.9,63.8,69.2,,,,,,,,,,,,,,,,,,,,,,,,,,,,,,,,,,,,,,,
Atlantic Region,2003-06,"Index, 201612=100",units,70.6,63.8,69.0,,,,,,,,,,,,,,,,,,,,,,,,,,,,,,,,,,,,,,,
Atlantic Region,2003-10,"Index, 201612=100",units,71.2,64.0,69.5,,,,,,,,,,,,,,,,,,,,,,,,,,,,,,,,,,,,,,,
Atlantic Region,2003-04,"Index, 201612=100",units,70.2,63.4,68.6,,,,,,,,,,,,,,,,,,,,,,,,,,,,,,,,,,,,,,,
Atlantic Region,2003-09,"Index, 201612=100",units,71.2,63.9,69.5,,,,,,,,,,,,,,,,,,,,,,,,,,,,,,,,,,,,,,,
Saskatchewan,2001-11,"Index, 201612=100",units,44.5,39.56666666666667,43.13333333333333,Dollars,units,"Median total income,Both sexes,All age groups",1708.33,,,,,,,,,,,,,Persons,unit,16184.0,37997.0,Persons,thousands,"Both sexes, All age groups, Seasonally adjusted",287.0333251953125,234.11666870117188,304.8166809082031,52.91666793823242,448.73333740234375,17.78333282470703,Percentage,unit,"Both sexes, All age groups, Seasonally adjusted",60.349998474121094,64.43333435058594,6.2166666984558105,Number,unit,Total of all violations-Actual incidents,12954.0
Saskatchewan,2001-09,"Index, 201612=100",units,44.5,39.56666666666667,43.13333333333333,Dollars,units,"Median total income,Both sexes,All age groups",1708.33,,,,,,,,,,,,,Persons,unit,18936.0,44971.0,Persons,thousands,"Both sexes, All age groups, Seasonally adjusted",289.26666259765625,234.8000030517578,306.51666259765625,54.483333587646484,448.6666564941406,17.233333587646484,Percentage,unit,"Both sexes, All age groups, Seasonally adjusted",60.83333206176758,64.8499984741211,6.083333492279053,Number,unit,Total of all violations-Actual incidents,12954.0
Saskatchewan,2001-07,"Index, 201612=100",units,44.5,39.56666666666667,43.13333333333333,Dollars,units,"Median total income,Both sexes,All age groups",1708.33,,,,,,,,,,,,,Persons,unit,33635.0,73435.0,Persons,thousands,"Both sexes, All age groups, Seasonally adjusted",291.75,236.25,308.3833312988281,55.53333282470703,448.79998779296875,16.616666793823242,Percentage,unit,"Both sexes, All age groups, Seasonally adjusted",61.483333587646484,65.5,5.866666793823242,Number,unit,Total of all violations-Actual incidents,12954.0
Saskatchewan,2001-08,"Index, 201612=100",units,44.5,39.56666666666667,43.13333333333333,Dollars,units,"Median total income,Both sexes,All age groups",1708.33,,,,,,,,,,,,,Persons,unit,32665.0,70981.0,Persons,thousands,"Both sexes, All age groups, Seasonally adjusted",292.6666564941406,238.5833282470703,308.8500061035156,54.08333206176758,448.70001220703125,16.21666717529297,Percentage,unit,"Both sexes, All age groups, Seasonally adjusted",61.733333587646484,65.38333129882812,5.416666507720947,Number,unit,Total of all violations-Actual incidents,12954.0
Saskatchewan,2001-10,"Index, 201612=100",units,44.5,39.56666666666667,43.13333333333333,Dollars,units,"Median total income,Both sexes,All age groups",1708.33,,,,,,,,,,,,,Persons,unit,18610.0,43284.0,Persons,thousands,"Both sexes, All age groups, Seasonally adjusted",288.45001220703125,233.6999969482422,305.5333251953125,54.733333587646484,448.70001220703125,17.066667556762695,Percentage,unit,"Both sexes, All age groups, Seasonally adjusted",60.63333511352539,64.56666564941406,5.883333206176758,Number,unit,Total of all violations-Actual incidents,12954.0
Saskatchewan,2001-01,"Index, 201612=100",units,43.5,39.3,42.333333333333336,Dollars,units,"Median total income,Both sexes,All age groups",1708.33,,,,,,,,,,,,,Persons,unit,22904.0,41808.0,Persons,thousands,"Both sexes, All age groups, Seasonally adjusted",295.1499938964844,240.26666259765625,311.3333435058594,54.86666488647461,449.54998779296875,16.183332443237305,Percentage,unit,"Both sexes, All age groups, Seasonally adjusted",62.18333435058594,65.88333129882812,5.516666889190674,Number,unit,Total of all violations-Actual incidents,12954.0
Saskatchewan,2001-12,"Index, 201612=100",units,44.63333333333333,39.7,43.23333333333333,Dollars,units,"Median total income,Both sexes,All age groups",1708.33,,,,,,,,,,,,,Persons,unit,15476.0,36168.0,Persons,thousands,"Both sexes, All age groups, Seasonally adjusted",287.6666564941406,235.36666870117188,305.2833251953125,52.29999923706055,448.8833312988281,17.600000381469727,Percentage,unit,"Both sexes, All age groups, Seasonally adjusted",60.41666793823242,64.38333129882812,5.949999809265137,Number,unit,Total of all violations-Actual incidents,12954.0
Saskatchewan,2001-02,"Index, 201612=100",units,43.5,39.3,42.333333333333336,Dollars,units,"Median total income,Both sexes,All age groups",1708.33,,,,,,,,,,,,,Persons,unit,22620.0,40328.0,Persons,thousands,"Both sexes, All age groups, Seasonally adjusted",292.4666748046875,239.3333282470703,309.0666809082031,53.13333511352539,449.3999938964844,16.633333206176758,Percentage,unit,"Both sexes, All age groups, Seasonally adjusted",61.29999923706055,65.31666564941406,6.016666889190674,Number,unit,Total of all violations-Actual incidents,12954.0
Saskatchewan,2001-04,"Index, 201612=100",units,44.4,39.56666666666667,43.03333333333333,Dollars,units,"Median total income,Both sexes,All age groups",1708.33,,,,,,,,,,,,,Persons,unit,24232.0,46718.0,Persons,thousands,"Both sexes, All age groups, Seasonally adjusted",291.3333435058594,235.89999389648438,308.6833190917969,55.43333435058594,449.1833190917969,17.383333206176758,Percentage,unit,"Both sexes, All age groups, Seasonally adjusted",61.11666488647461,65.26667022705078,6.266666889190674,Number,unit,Total of all violations-Actual incidents,12954.0
Saskatchewan,2001-06,"Index, 201612=100",units,44.5,39.56666666666667,43.13333333333333,Dollars,units,"Median total income,Both sexes,All age groups",1708.33,,,,,,,,,,,,,Persons,unit,22439.0,60701.0,Persons,thousands,"Both sexes, All age groups, Seasonally adjusted",288.51666259765625,235.75,305.1666564941406,52.766666412353516,448.8333435058594,16.66666603088379,Percentage,unit,"Both sexes, All age groups, Seasonally adjusted",60.56666564941406,64.48332977294922,5.933333396911621,Number,unit,Total of all violations-Actual incidents,12954.0
Saskatchewan,2001-03,"Index, 201612=100",units,43.93333333333334,39.56666666666667,42.699999999999996,Dollars,units,"Median total income,Both sexes,All age groups",1708.33,,,,,,,,,,,,,Persons,unit,25270.0,47093.0,Persons,thousands,"Both sexes, All age groups, Seasonally adjusted",292.9666748046875,238.36666870117188,309.6166687011719,54.58333206176758,449.3500061035156,16.66666603088379,Percentage,unit,"Both sexes, All age groups, Seasonally adjusted",61.516666412353516,65.44999694824219,5.833333492279053,Number,unit,Total of all violations-Actual incidents,12954.0
Saskatchewan,2001-05,"Index, 201612=100",units,44.4,39.56666666666667,43.03333333333333,Dollars,units,"Median total income,Both sexes,All age groups",1708.33,,,,,,,,,,,,,Persons,unit,21103.0,48895.0,Persons,thousands,"Both sexes, All age groups, Seasonally adjusted",288.0833435058594,234.89999389648438,305.79998779296875,53.20000076293945,448.95001220703125,17.71666717529297,Percentage,unit,"Both sexes, All age groups, Seasonally adjusted",60.400001525878906,64.51667022705078,6.266666889190674,Number,unit,Total of all violations-Actual incidents,12954.0
