province,REF_DATE,uom_houseindex,scalar_houseindex,avg_house_only,avg_land_only,avg_totalhouseland,uom_income,scalar_income,statistic_income,avg_income,uom_expenditure,scalar_expenditure,statistic_expenditure,avg_food_expenditures,avg_income_taxes,avg_mortageinsurance,avg_mortagePaid,avg_accomodation,avg_rent,avg_shelter,avg_total_expenditure,avg_taxes_landregfees,uom_tourist,scalar_tourist,avg_international_tourism,avg_domestic_tourism,uom_labourforce,scalar_labourforce,statistic_labourforce,avg_employment,avg_fulltime,avg_labourforce,avg_parttime,avg_population,avg_unemployment,uom_lfperc,scalar_lfperc,statistic_labourforceperc,avg_employment_rate,avg_participationrate,avg_unemploymentrate,uom_crime,scalar_crime,statistic_crime,avg_crime_incidents
Alberta,1984-10,"Index, 201612=100",units,27.8,22.3,26.3,,,,,,,,,,,,,,,,,Persons,unit,53946.0,87384.0,Persons,thousands,"Both sexes, All age groups, Seasonally adjusted",712.6500244140625,590.2999877929688,803.2833251953125,122.36666870117188,1085.25,90.61666870117188,Percentage,unit,"Both sexes, All age groups, Seasonally adjusted",61.36666488647461,69.3499984741211,11.199999809265137,,,,
Alberta,1984-03,"Index, 201612=100",units,29.049999999999997,22.65,27.3,,,,,,,,,,,,,,,,,Persons,unit,90649.0,121953.0,Persons,thousands,"Both sexes, All age groups, Seasonally adjusted",703.7666625976562,593.4833374023438,791.816650390625,110.26667022705078,1084.683349609375,88.01667022705078,Percentage,unit,"Both sexes, All age groups, Seasonally adjusted",60.599998474121094,68.36666870117188,11.066666603088379,,,,
Alberta,1984-08,"Index, 201612=100",units,27.85,22.3,26.3,,,,,,,,,,,,,,,,,Persons,unit,93893.0,209277.0,Persons,thousands,"Both sexes, All age groups, Seasonally adjusted",713.8833618164062,593.7666625976562,803.2333374023438,120.1500015258789,1083.4000244140625,89.36666870117188,Percentage,unit,"Both sexes, All age groups, Seasonally adjusted",61.68333435058594,69.56666564941406,11.050000190734863,,,,
Alberta,1984-02,"Index, 201612=100",units,29.15,22.8,27.400000000000002,,,,,,,,,,,,,,,,,Persons,unit,85525.0,112032.0,Persons,thousands,"Both sexes, All age groups, Seasonally adjusted",709.3333129882812,599.0,790.75,110.33333587646484,1084.2833251953125,81.43333435058594,Percentage,unit,"Both sexes, All age groups, Seasonally adjusted",61.04999923706055,68.28333282470703,10.233333587646484,,,,
Alberta,1984-06,"Index, 201612=100",units,28.3,22.4,26.65,,,,,,,,,,,,,,,,,Persons,unit,62558.0,149755.0,Persons,thousands,"Both sexes, All age groups, Seasonally adjusted",710.683349609375,588.683349609375,801.4166870117188,121.96666717529297,1084.5167236328125,90.75,Percentage,unit,"Both sexes, All age groups, Seasonally adjusted",61.266666412353516,69.33333587646484,11.433333396911621,,,,
Alberta,1984-01,"Index, 201612=100",units,29.150000000000002,23.05,27.549999999999997,,,,,,,,,,,,,,,,,Persons,unit,81884.0,105515.0,Persons,thousands,"Both sexes, All age groups, Seasonally adjusted",706.2999877929688,594.2666625976562,789.6666870117188,112.01667022705078,1083.6500244140625,83.36666870117188,Percentage,unit,"Both sexes, All age groups, Seasonally adjusted",60.83333206176758,68.26667022705078,10.616666793823242,,,,
Alberta,1984-09,"Index, 201612=100",units,27.8,22.3,26.3,,,,,,,,,,,,,,,,,Persons,unit,59874.0,115846.0,Persons,thousands,"Both sexes, All age groups, Seasonally adjusted",712.066650390625,592.8666381835938,809.933349609375,119.18333435058594,1084.050048828125,97.8499984741211,Percentage,unit,"Both sexes, All age groups, Seasonally adjusted",61.41666793823242,70.0,12.050000190734863,,,,
Alberta,1984-05,"Index, 201612=100",units,28.700000000000003,22.55,27.0,,,,,,,,,,,,,,,,,Persons,unit,67739.0,112734.0,Persons,thousands,"Both sexes, All age groups, Seasonally adjusted",703.6333618164062,587.7666625976562,796.8333129882812,115.8499984741211,1084.9166259765625,93.19999694824219,Percentage,unit,"Both sexes, All age groups, Seasonally adjusted",60.58333206176758,68.83333587646484,11.766666412353516,,,,
Alberta,1984-07,"Index, 201612=100",units,28.0,22.2,26.4,,,,,,,,,,,,,,,,,Persons,unit,92673.0,227590.0,Persons,thousands,"Both sexes, All age groups, Seasonally adjusted",711.5166625976562,592.2000122070312,800.2999877929688,119.30000305175781,1083.75,88.76667022705078,Percentage,unit,"Both sexes, All age groups, Seasonally adjusted",61.33333206176758,69.25,11.233333587646484,,,,
Alberta,1984-04,"Index, 201612=100",units,29.049999999999997,22.65,27.35,,,,,,,,,,,,,,,,,Persons,unit,89145.0,121455.0,Persons,thousands,"Both sexes, All age groups, Seasonally adjusted",702.5833129882812,588.7833251953125,788.433349609375,113.81666564941406,1084.9166259765625,85.86666870117188,Percentage,unit,"Both sexes, All age groups, Seasonally adjusted",60.5,68.13333129882812,10.933333396911621,,,,
Alberta,1984-12,"Index, 201612=100",units,27.35,21.6,25.75,,,,,,,,,,,,,,,,,Persons,unit,48766.0,79517.0,Persons,thousands,"Both sexes, All age groups, Seasonally adjusted",718.433349609375,599.2166748046875,806.7000122070312,119.21666717529297,1087.5833740234375,88.28333282470703,Percentage,unit,"Both sexes, All age groups, Seasonally adjusted",61.83333206176758,69.6500015258789,10.916666984558105,,,,
Alberta,1984-11,"Index, 201612=100",units,27.35,21.6,25.75,,,,,,,,,,,,,,,,,Persons,unit,46222.0,71476.0,Persons,thousands,"Both sexes, All age groups, Seasonally adjusted",715.8833618164062,595.5,805.0833129882812,120.3499984741211,1086.5,89.21666717529297,Percentage,unit,"Both sexes, All age groups, Seasonally adjusted",61.63333511352539,69.51667022705078,11.133333206176758,,,,
Newfoundland and Labrador,1991-03,"Index, 201612=100",units,51.0,46.2,49.7,,,,,,,,,,,,,,,,,Persons,unit,531.0,6467.0,Persons,thousands,"Both sexes, All age groups, Seasonally adjusted",130.03334045410156,114.3499984741211,158.88333129882812,15.683333396911621,269.4166564941406,28.799999237060547,Percentage,unit,"Both sexes, All age groups, Seasonally adjusted",43.46666717529297,53.78333282470703,18.983333587646484,,,,
Newfoundland and Labrador,1991-08,"Index, 201612=100",units,50.8,46.0,49.6,,,,,,,,,,,,,,,,,Persons,unit,4121.0,16970.0,Persons,thousands,"Both sexes, All age groups, Seasonally adjusted",130.51666259765625,114.56666564941406,159.1999969482422,15.949999809265137,270.5,28.71666717529297,Percentage,unit,"Both sexes, All age groups, Seasonally adjusted",43.43333435058594,53.41666793823242,18.450000762939453,,,,
Newfoundland and Labrador,1991-07,"Index, 201612=100",units,50.8,46.0,49.6,,,,,,,,,,,,,,,,,Persons,unit,3773.0,15000.0,Persons,thousands,"Both sexes, All age groups, Seasonally adjusted",129.9166717529297,113.31666564941406,156.6999969482422,16.58333396911621,270.3666687011719,26.78333282470703,Percentage,unit,"Both sexes, All age groups, Seasonally adjusted",43.233333587646484,52.599998474121094,17.399999618530273,,,,
Newfoundland and Labrador,1991-06,"Index, 201612=100",units,50.8,46.0,49.6,,,,,,,,,,,,,,,,,Persons,unit,2267.0,11923.0,Persons,thousands,"Both sexes, All age groups, Seasonally adjusted",127.21666717529297,110.68333435058594,155.48333740234375,16.53333282470703,270.0,28.266666412353516,Percentage,unit,"Both sexes, All age groups, Seasonally adjusted",42.349998474121094,52.25,18.649999618530273,,,,
Newfoundland and Labrador,1991-09,"Index, 201612=100",units,50.8,46.0,49.6,,,,,,,,,,,,,,,,,Persons,unit,1869.0,12205.0,Persons,thousands,"Both sexes, All age groups, Seasonally adjusted",130.43333435058594,113.4000015258789,158.75,17.0,270.73333740234375,28.350000381469727,Percentage,unit,"Both sexes, All age groups, Seasonally adjusted",43.516666412353516,53.36666488647461,17.933332443237305,,,,
Newfoundland and Labrador,1991-10,"Index, 201612=100",units,50.8,46.0,49.6,,,,,,,,,,,,,,,,,Persons,unit,654.0,9433.0,Persons,thousands,"Both sexes, All age groups, Seasonally adjusted",131.46665954589844,114.44999694824219,158.35000610351562,17.03333282470703,270.8500061035156,26.866666793823242,Percentage,unit,"Both sexes, All age groups, Seasonally adjusted",43.81666564941406,53.21666717529297,17.066667556762695,,,,
Newfoundland and Labrador,1991-11,"Index, 201612=100",units,50.8,46.0,49.6,,,,,,,,,,,,,,,,,Persons,unit,565.0,5851.0,Persons,thousands,"Both sexes, All age groups, Seasonally adjusted",132.3333282470703,115.66666412353516,156.5500030517578,16.66666603088379,271.0333251953125,24.233333587646484,Percentage,unit,"Both sexes, All age groups, Seasonally adjusted",44.099998474121094,52.63333511352539,15.899999618530273,,,,
Newfoundland and Labrador,1991-01,"Index, 201612=100",units,46.8,44.8,46.7,,,,,,,,,,,,,,,,,Persons,unit,298.0,7711.0,Persons,thousands,"Both sexes, All age groups, Seasonally adjusted",130.96665954589844,114.88333129882812,158.4166717529297,16.066667556762695,268.8333435058594,27.450000762939453,Percentage,unit,"Both sexes, All age groups, Seasonally adjusted",43.900001525878906,53.75,18.366666793823242,,,,
Newfoundland and Labrador,1991-05,"Index, 201612=100",units,50.8,46.0,49.6,,,,,,,,,,,,,,,,,Persons,unit,2753.0,12551.0,Persons,thousands,"Both sexes, All age groups, Seasonally adjusted",128.61666870117188,110.78333282470703,157.39999389648438,17.816667556762695,270.1000061035156,28.78333282470703,Percentage,unit,"Both sexes, All age groups, Seasonally adjusted",42.900001525878906,53.099998474121094,18.950000762939453,,,,
Newfoundland and Labrador,1991-02,"Index, 201612=100",units,50.4,45.1,49.1,,,,,,,,,,,,,,,,,Persons,unit,234.0,5637.0,Persons,thousands,"Both sexes, All age groups, Seasonally adjusted",130.38333129882812,114.63333129882812,158.36666870117188,15.733333587646484,269.1499938964844,27.96666717529297,Percentage,unit,"Both sexes, All age groups, Seasonally adjusted",43.68333435058594,53.650001525878906,18.600000381469727,,,,
Newfoundland and Labrador,1991-12,"Index, 201612=100",units,50.8,46.0,49.6,,,,,,,,,,,,,,,,,Persons,unit,447.0,6586.0,Persons,thousands,"Both sexes, All age groups, Seasonally adjusted",130.5833282470703,114.81666564941406,155.01666259765625,15.783333778381348,271.23333740234375,24.399999618530273,Percentage,unit,"Both sexes, All age groups, Seasonally adjusted",43.599998474121094,52.18333435058594,15.566666603088379,,,,
Newfoundland and Labrador,1991-04,"Index, 201612=100",units,50.9,46.0,49.7,,,,,,,,,,,,,,,,,Persons,unit,2575.0,9964.0,Persons,thousands,"Both sexes, All age groups, Seasonally adjusted",128.46665954589844,111.98332977294922,157.9499969482422,16.46666717529297,269.7833251953125,29.516666412353516,Percentage,unit,"Both sexes, All age groups, Seasonally adjusted",42.93333435058594,53.349998474121094,19.450000762939453,,,,
Prince Edward Island,1999-03,"Index, 201612=100",units,86.9,65.9,82.9,,,,,,,,,,,,,,,,,Persons,unit,14.0,83.0,Persons,thousands,"Both sexes, All age groups, Seasonally adjusted",37.28333282470703,31.41666603088379,44.21666717529297,5.849999904632568,64.80000305175781,6.9666666984558105,Percentage,unit,"Both sexes, All age groups, Seasonally adjusted",53.96666717529297,64.6500015258789,16.75,Number,unit,Total of all violations-Actual incidents,901.08
Prince Edward Island,1999-09,"Index, 201612=100",units,87.5,65.9,83.4,,,,,,,,,,,,,,,,,Persons,unit,14.0,40.0,Persons,thousands,"Both sexes, All age groups, Seasonally adjusted",37.95000076293945,32.21666717529297,44.03333282470703,5.75,65.03333282470703,6.083333492279053,Percentage,unit,"Both sexes, All age groups, Seasonally adjusted",54.95000076293945,64.01667022705078,14.0,Number,unit,Total of all violations-Actual incidents,901.08
Prince Edward Island,1999-07,"Index, 201612=100",units,87.5,65.9,83.4,,,,,,,,,,,,,,,,,Persons,unit,7.0,115.0,Persons,thousands,"Both sexes, All age groups, Seasonally adjusted",38.650001525878906,32.81666564941406,44.266666412353516,5.849999904632568,64.91666412353516,5.633333206176758,Percentage,unit,"Both sexes, All age groups, Seasonally adjusted",55.83333206176758,64.3499984741211,13.316666603088379,Number,unit,Total of all violations-Actual incidents,901.08
Prince Edward Island,1999-02,"Index, 201612=100",units,86.9,65.9,82.9,,,,,,,,,,,,,,,,,Persons,unit,8.0,45.0,Persons,thousands,"Both sexes, All age groups, Seasonally adjusted",37.53333282470703,31.5,44.36666488647461,6.0,64.69999694824219,6.849999904632568,Percentage,unit,"Both sexes, All age groups, Seasonally adjusted",54.29999923706055,64.55000305175781,15.983333587646484,Number,unit,Total of all violations-Actual incidents,901.08
Prince Edward Island,1999-10,"Index, 201612=100",units,88.0,67.8,84.1,,,,,,,,,,,,,,,,,Persons,unit,9.0,74.0,Persons,thousands,"Both sexes, All age groups, Seasonally adjusted",38.86666488647461,32.983333587646484,44.63333511352539,5.900000095367432,65.05000305175781,5.766666889190674,Percentage,unit,"Both sexes, All age groups, Seasonally adjusted",56.233333587646484,64.91666412353516,13.166666984558105,Number,unit,Total of all violations-Actual incidents,901.08
Prince Edward Island,1999-12,"Index, 201612=100",units,88.2,67.8,84.2,,,,,,,,,,,,,,,,,Persons,unit,11.0,150.0,Persons,thousands,"Both sexes, All age groups, Seasonally adjusted",39.5,33.400001525878906,45.21666717529297,6.116666793823242,65.1500015258789,5.683333396911621,Percentage,unit,"Both sexes, All age groups, Seasonally adjusted",57.21666717529297,65.5999984741211,12.533333778381348,Number,unit,Total of all violations-Actual incidents,901.08
Prince Edward Island,1999-05,"Index, 201612=100",units,86.6,65.9,82.6,,,,,,,,,,,,,,,,,Persons,unit,0.0,45.0,Persons,thousands,"Both sexes, All age groups, Seasonally adjusted",37.83333206176758,31.516666412353516,44.46666717529297,6.333333492279053,64.91666412353516,6.616666793823242,Percentage,unit,"Both sexes, All age groups, Seasonally adjusted",54.68333435058594,64.75,15.600000381469727,Number,unit,Total of all violations-Actual incidents,901.08
Prince Edward Island,1999-08,"Index, 201612=100",units,87.5,65.9,83.4,,,,,,,,,,,,,,,,,Persons,unit,10.0,159.0,Persons,thousands,"Both sexes, All age groups, Seasonally adjusted",38.54999923706055,32.66666793823242,44.28333282470703,5.916666507720947,64.94999694824219,5.699999809265137,Percentage,unit,"Both sexes, All age groups, Seasonally adjusted",55.71666717529297,64.16666412353516,12.816666603088379,Number,unit,Total of all violations-Actual incidents,901.08
Prince Edward Island,1999-04,"Index, 201612=100",units,86.6,65.9,82.6,,,,,,,,,,,,,,,,,Persons,unit,11.0,71.0,Persons,thousands,"Both sexes, All age groups, Seasonally adjusted",37.75,31.399999618530273,44.36666488647461,6.366666793823242,64.86666870117188,6.599999904632568,Percentage,unit,"Both sexes, All age groups, Seasonally adjusted",54.83333206176758,65.01667022705078,15.633333206176758,Number,unit,Total of all violations-Actual incidents,901.08
Prince Edward Island,1999-11,"Index, 201612=100",units,88.2,67.8,84.2,,,,,,,,,,,,,,,,,Persons,unit,4.0,121.0,Persons,thousands,"Both sexes, All age groups, Seasonally adjusted",39.25,32.81666564941406,44.983333587646484,6.383333206176758,65.11666870117188,5.75,Percentage,unit,"Both sexes, All age groups, Seasonally adjusted",56.71666717529297,65.23332977294922,12.833333015441895,Number,unit,Total of all violations-Actual incidents,901.08
Prince Edward Island,1999-01,"Index, 201612=100",units,86.9,65.9,82.9,,,,,,,,,,,,,,,,,Persons,unit,6.0,139.0,Persons,thousands,"Both sexes, All age groups, Seasonally adjusted",37.58333206176758,31.316667556762695,44.46666717529297,6.25,64.68333435058594,6.916666507720947,Percentage,unit,"Both sexes, All age groups, Seasonally adjusted",54.29999923706055,64.5999984741211,16.350000381469727,Number,unit,Total of all violations-Actual incidents,901.08
Prince Edward Island,1999-06,"Index, 201612=100",units,86.6,65.9,82.6,,,,,,,,,,,,,,,,,Persons,unit,13.0,99.0,Persons,thousands,"Both sexes, All age groups, Seasonally adjusted",38.43333435058594,32.41666793823242,44.733333587646484,6.0,64.9000015258789,6.333333492279053,Percentage,unit,"Both sexes, All age groups, Seasonally adjusted",55.733333587646484,64.81666564941406,14.466666221618652,Number,unit,Total of all violations-Actual incidents,901.08
Prince Edward Island,2013-10,"Index, 201612=100",units,101.8,96.7,100.8,Dollars,units,"Median total income,Both sexes,All age groups",2490.83,Dollars,unit,Average expenditure per household,581.5,853.25,9.08,258.5,907.92,154.75,976.83,5279.0,NaN,Persons,unit,2.0,88.0,Persons,thousands,"Both sexes, All age groups, Seasonally adjusted",46.93333435058594,38.96666717529297,52.86666488647461,7.949999809265137,72.93333435058594,5.949999809265137,Percentage,unit,"Both sexes, All age groups, Seasonally adjusted",62.41666793823242,71.01667022705078,12.283333778381348,Number,unit,Total of all violations-Actual incidents,791.5
Prince Edward Island,2013-04,"Index, 201612=100",units,101.4,96.3,100.5,Dollars,units,"Median total income,Both sexes,All age groups",2490.83,Dollars,unit,Average expenditure per household,581.5,853.25,9.08,258.5,907.92,154.75,976.83,5279.0,NaN,Persons,unit,921.0,969.0,Persons,thousands,"Both sexes, All age groups, Seasonally adjusted",47.650001525878906,40.06666564941406,53.33333206176758,7.583333492279053,73.01667022705078,5.683333396911621,Percentage,unit,"Both sexes, All age groups, Seasonally adjusted",63.400001525878906,71.68333435058594,11.633333206176758,Number,unit,Total of all violations-Actual incidents,791.5
Prince Edward Island,2013-01,"Index, 201612=100",units,101.1,96.0,100.1,Dollars,units,"Median total income,Both sexes,All age groups",2490.83,Dollars,unit,Average expenditure per household,581.5,853.25,9.08,258.5,907.92,154.75,976.83,5279.0,NaN,Persons,unit,0.0,24.0,Persons,thousands,"Both sexes, All age groups, Seasonally adjusted",47.21666717529297,39.18333435058594,53.233333587646484,8.016666412353516,72.94999694824219,6.016666889190674,Percentage,unit,"Both sexes, All age groups, Seasonally adjusted",62.66666793823242,71.25,12.016666412353516,Number,unit,Total of all violations-Actual incidents,791.5
Prince Edward Island,2013-09,"Index, 201612=100",units,101.9,96.7,100.9,Dollars,units,"Median total income,Both sexes,All age groups",2490.83,Dollars,unit,Average expenditure per household,581.5,853.25,9.08,258.5,907.92,154.75,976.83,5279.0,NaN,Persons,unit,24.0,137.0,Persons,thousands,"Both sexes, All age groups, Seasonally adjusted",46.56666564941406,38.5,52.45000076293945,8.083333015441895,72.94999694824219,5.883333206176758,Percentage,unit,"Both sexes, All age groups, Seasonally adjusted",61.45000076293945,70.18333435058594,12.633333206176758,Number,unit,Total of all violations-Actual incidents,791.5
Prince Edward Island,2013-07,"Index, 201612=100",units,101.9,96.7,100.9,Dollars,units,"Median total income,Both sexes,All age groups",2490.83,Dollars,unit,Average expenditure per household,581.5,853.25,9.08,258.5,907.92,154.75,976.83,5279.0,NaN,Persons,unit,180.0,1434.0,Persons,thousands,"Both sexes, All age groups, Seasonally adjusted",46.86666488647461,39.13333511352539,52.91666793823242,7.733333110809326,73.01667022705078,6.083333492279053,Percentage,unit,"Both sexes, All age groups, Seasonally adjusted",62.43333435058594,71.16666412353516,12.350000381469727,Number,unit,Total of all violations-Actual incidents,791.5
Prince Edward Island,2013-02,"Index, 201612=100",units,101.1,96.0,100.1,Dollars,units,"Median total income,Both sexes,All age groups",2490.83,Dollars,unit,Average expenditure per household,581.5,853.25,9.08,258.5,907.92,154.75,976.83,5279.0,NaN,Persons,unit,336.0,384.0,Persons,thousands,"Both sexes, All age groups, Seasonally adjusted",47.86666488647461,39.83333206176758,53.79999923706055,8.050000190734863,73.01667022705078,5.933333396911621,Percentage,unit,"Both sexes, All age groups, Seasonally adjusted",63.63333511352539,72.11666870117188,12.0,Number,unit,Total of all violations-Actual incidents,791.5
Prince Edward Island,2013-06,"Index, 201612=100",units,101.8,96.7,100.8,Dollars,units,"Median total income,Both sexes,All age groups",2490.83,Dollars,unit,Average expenditure per household,581.5,853.25,9.08,258.5,907.92,154.75,976.83,5279.0,NaN,Persons,unit,6.0,93.0,Persons,thousands,"Both sexes, All age groups, Seasonally adjusted",46.483333587646484,38.81666564941406,52.099998474121094,7.666666507720947,73.03333282470703,5.599999904632568,Percentage,unit,"Both sexes, All age groups, Seasonally adjusted",61.849998474121094,69.81666564941406,11.399999618530273,Number,unit,Total of all violations-Actual incidents,791.5
Prince Edward Island,2013-11,"Index, 201612=100",units,101.8,96.7,100.8,Dollars,units,"Median total income,Both sexes,All age groups",2490.83,Dollars,unit,Average expenditure per household,581.5,853.25,9.08,258.5,907.92,154.75,976.83,5279.0,NaN,Persons,unit,1.0,21.0,Persons,thousands,"Both sexes, All age groups, Seasonally adjusted",46.54999923706055,39.13333511352539,52.733333587646484,7.416666507720947,72.9000015258789,6.166666507720947,Percentage,unit,"Both sexes, All age groups, Seasonally adjusted",62.03333282470703,70.69999694824219,12.5,Number,unit,Total of all violations-Actual incidents,791.5
Prince Edward Island,2013-03,"Index, 201612=100",units,101.1,96.0,100.1,Dollars,units,"Median total income,Both sexes,All age groups",2490.83,Dollars,unit,Average expenditure per household,581.5,853.25,9.08,258.5,907.92,154.75,976.83,5279.0,NaN,Persons,unit,687.0,727.0,Persons,thousands,"Both sexes, All age groups, Seasonally adjusted",47.61666488647461,39.88333511352539,53.71666717529297,7.7166666984558105,73.01667022705078,6.133333206176758,Percentage,unit,"Both sexes, All age groups, Seasonally adjusted",63.33333206176758,72.36666870117188,12.466666221618652,Number,unit,Total of all violations-Actual incidents,791.5
Prince Edward Island,2013-08,"Index, 201612=100",units,101.9,96.7,100.9,Dollars,units,"Median total income,Both sexes,All age groups",2490.83,Dollars,unit,Average expenditure per household,581.5,853.25,9.08,258.5,907.92,154.75,976.83,5279.0,NaN,Persons,unit,214.0,1270.0,Persons,thousands,"Both sexes, All age groups, Seasonally adjusted",47.06666564941406,38.93333435058594,52.71666717529297,8.149999618530273,73.01667022705078,5.633333206176758,Percentage,unit,"Both sexes, All age groups, Seasonally adjusted",62.45000076293945,70.55000305175781,11.433333396911621,Number,unit,Total of all violations-Actual incidents,791.5
Prince Edward Island,2013-12,"Index, 201612=100",units,101.8,96.7,100.8,Dollars,units,"Median total income,Both sexes,All age groups",2490.83,Dollars,unit,Average expenditure per household,581.5,853.25,9.08,258.5,907.92,154.75,976.83,5279.0,NaN,Persons,unit,5.0,29.0,Persons,thousands,"Both sexes, All age groups, Seasonally adjusted",46.63333511352539,39.43333435058594,52.56666564941406,7.233333110809326,73.0,5.949999809265137,Percentage,unit,"Both sexes, All age groups, Seasonally adjusted",62.016666412353516,70.41666412353516,12.149999618530273,Number,unit,Total of all violations-Actual incidents,791.5
Prince Edward Island,2013-05,"Index, 201612=100",units,101.5,96.7,100.6,Dollars,units,"Median total income,Both sexes,All age groups",2490.83,Dollars,unit,Average expenditure per household,581.5,853.25,9.08,258.5,907.92,154.75,976.83,5279.0,NaN,Persons,unit,158.0,179.0,Persons,thousands,"Both sexes, All age groups, Seasonally adjusted",47.11666488647461,39.733333587646484,53.150001525878906,7.383333206176758,73.06666564941406,6.0,Percentage,unit,"Both sexes, All age groups, Seasonally adjusted",62.516666412353516,71.06666564941406,12.016666412353516,Number,unit,Total of all violations-Actual incidents,791.5
