province,REF_DATE,uom_houseindex,scalar_houseindex,avg_house_only,avg_land_only,avg_totalhouseland,uom_income,scalar_income,statistic_income,avg_income,uom_expenditure,scalar_expenditure,statistic_expenditure,avg_food_expenditures,avg_income_taxes,avg_mortageinsurance,avg_mortagePaid,avg_accomodation,avg_rent,avg_shelter,avg_total_expenditure,avg_taxes_landregfees,uom_tourist,scalar_tourist,avg_international_tourism,avg_domestic_tourism,uom_labourforce,scalar_labourforce,statistic_labourforce,avg_employment,avg_fulltime,avg_labourforce,avg_parttime,avg_population,avg_unemployment,uom_lfperc,scalar_lfperc,statistic_labourforceperc,avg_employment_rate,avg_participationrate,avg_unemploymentrate,uom_crime,scalar_crime,statistic_crime,avg_crime_incidents
Alberta,2006-10,"Index, 201612=100",units,96.10000000000001,80.89999999999999,90.90000000000002,Dollars,units,"Median total income,Both sexes,All age groups",2616.67,,,,,,,,,,,,,Persons,unit,126465.0,209055.0,Persons,thousands,"Both sexes, All age groups, Seasonally adjusted",1231.2166748046875,1055.13330078125,1268.0833740234375,176.0833282470703,1676.683349609375,36.86666488647461,Percentage,unit,"Both sexes, All age groups, Seasonally adjusted",69.5,71.78333282470703,3.049999952316284,Number,unit,Total of all violations-Actual incidents,29003.0
Alberta,2006-06,"Index, 201612=100",units,88.2,69.03333333333333,81.63333333333334,Dollars,units,"Median total income,Both sexes,All age groups",2616.67,,,,,,,,,,,,,Persons,unit,94379.0,246966.0,Persons,thousands,"Both sexes, All age groups, Seasonally adjusted",1212.6666259765625,1027.2833251953125,1254.300048828125,185.39999389648438,1655.7166748046875,41.650001525878906,Percentage,unit,"Both sexes, All age groups, Seasonally adjusted",69.26667022705078,71.8499984741211,3.566666603088379,Number,unit,Total of all violations-Actual incidents,29003.0
Alberta,2006-08,"Index, 201612=100",units,94.2,77.8,88.63333333333333,Dollars,units,"Median total income,Both sexes,All age groups",2616.67,,,,,,,,,,,,,Persons,unit,155304.0,312567.0,Persons,thousands,"Both sexes, All age groups, Seasonally adjusted",1220.2166748046875,1036.1500244140625,1268.2166748046875,184.06666564941406,1667.6666259765625,47.983333587646484,Percentage,unit,"Both sexes, All age groups, Seasonally adjusted",69.23332977294922,72.28333282470703,4.166666507720947,Number,unit,Total of all violations-Actual incidents,29003.0
Alberta,2006-04,"Index, 201612=100",units,79.73333333333333,60.96666666666667,73.23333333333333,Dollars,units,"Median total income,Both sexes,All age groups",2616.67,,,,,,,,,,,,,Persons,unit,180528.0,254319.0,Persons,thousands,"Both sexes, All age groups, Seasonally adjusted",1197.433349609375,1013.9833374023438,1238.6666259765625,183.46665954589844,1645.9832763671875,41.25,Percentage,unit,"Both sexes, All age groups, Seasonally adjusted",68.61666870117188,71.19999694824219,3.5833332538604736,Number,unit,Total of all violations-Actual incidents,29003.0
Alberta,2006-07,"Index, 201612=100",units,90.46666666666665,72.7,84.39999999999999,Dollars,units,"Median total income,Both sexes,All age groups",2616.67,,,,,,,,,,,,,Persons,unit,135814.0,320647.0,Persons,thousands,"Both sexes, All age groups, Seasonally adjusted",1214.7332763671875,1030.0,1256.316650390625,184.71665954589844,1660.88330078125,41.58333206176758,Percentage,unit,"Both sexes, All age groups, Seasonally adjusted",69.16666412353516,71.83333587646484,3.75,Number,unit,Total of all violations-Actual incidents,29003.0
Alberta,2006-02,"Index, 201612=100",units,73.2,56.699999999999996,67.46666666666667,Dollars,units,"Median total income,Both sexes,All age groups",2616.67,,,,,,,,,,,,,Persons,unit,143594.0,209894.0,Persons,thousands,"Both sexes, All age groups, Seasonally adjusted",1190.050048828125,997.3333129882812,1227.566650390625,192.6999969482422,1637.5833740234375,37.46666717529297,Percentage,unit,"Both sexes, All age groups, Seasonally adjusted",68.56666564941406,70.94999694824219,3.2833333015441895,Number,unit,Total of all violations-Actual incidents,29003.0
Alberta,2006-09,"Index, 201612=100",units,95.66666666666667,79.80000000000001,90.2,Dollars,units,"Median total income,Both sexes,All age groups",2616.67,,,,,,,,,,,,,Persons,unit,120870.0,236365.0,Persons,thousands,"Both sexes, All age groups, Seasonally adjusted",1223.449951171875,1041.4666748046875,1264.4832763671875,182.0,1672.63330078125,41.03333282470703,Percentage,unit,"Both sexes, All age groups, Seasonally adjusted",69.06666564941406,71.6500015258789,3.5333333015441895,Number,unit,Total of all violations-Actual incidents,29003.0
Alberta,2006-12,"Index, 201612=100",units,96.23333333333333,84.76666666666667,92.16666666666667,Dollars,units,"Median total income,Both sexes,All age groups",2616.67,,,,,,,,,,,,,Persons,unit,139804.0,235354.0,Persons,thousands,"Both sexes, All age groups, Seasonally adjusted",1232.4832763671875,1052.3333740234375,1275.36669921875,180.1666717529297,1683.800048828125,42.88333511352539,Percentage,unit,"Both sexes, All age groups, Seasonally adjusted",69.11666870117188,71.78333282470703,3.6500000953674316,Number,unit,Total of all violations-Actual incidents,29003.0
Alberta,2006-05,"Index, 201612=100",units,83.33333333333333,65.33333333333333,77.10000000000001,Dollars,units,"Median total income,Both sexes,All age groups",2616.67,,,,,,,,,,,,,Persons,unit,129370.0,232472.0,Persons,thousands,"Both sexes, All age groups, Seasonally adjusted",1216.199951171875,1033.9000244140625,1257.5167236328125,182.25,1651.0,41.33333206176758,Percentage,unit,"Both sexes, All age groups, Seasonally adjusted",69.56666564941406,72.21666717529297,3.616666555404663,Number,unit,Total of all violations-Actual incidents,29003.0
Alberta,2006-11,"Index, 201612=100",units,96.96666666666668,83.39999999999999,92.33333333333333,Dollars,units,"Median total income,Both sexes,All age groups",2616.67,,,,,,,,,,,,,Persons,unit,126266.0,194259.0,Persons,thousands,"Both sexes, All age groups, Seasonally adjusted",1237.88330078125,1054.4000244140625,1277.5999755859375,183.5,1680.4832763671875,39.70000076293945,Percentage,unit,"Both sexes, All age groups, Seasonally adjusted",69.83333587646484,72.19999694824219,3.2166666984558105,Number,unit,Total of all violations-Actual incidents,29003.0
Alberta,2006-03,"Index, 201612=100",units,76.2,58.86666666666667,70.16666666666667,Dollars,units,"Median total income,Both sexes,All age groups",2616.67,,,,,,,,,,,,,Persons,unit,165997.0,249132.0,Persons,thousands,"Both sexes, All age groups, Seasonally adjusted",1194.433349609375,1004.4833374023438,1234.300048828125,189.9499969482422,1642.0833740234375,39.83333206176758,Percentage,unit,"Both sexes, All age groups, Seasonally adjusted",68.76667022705078,71.19999694824219,3.3499999046325684,Number,unit,Total of all violations-Actual incidents,29003.0
Alberta,2006-01,"Index, 201612=100",units,71.63333333333334,56.5,66.36666666666666,Dollars,units,"Median total income,Both sexes,All age groups",2616.67,,,,,,,,,,,,,Persons,unit,153178.0,224751.0,Persons,thousands,"Both sexes, All age groups, Seasonally adjusted",1175.300048828125,991.1333618164062,1218.1500244140625,184.18333435058594,1633.38330078125,42.849998474121094,Percentage,unit,"Both sexes, All age groups, Seasonally adjusted",67.73332977294922,70.53333282470703,3.9166667461395264,Number,unit,Total of all violations-Actual incidents,29003.0
New Brunswick,2017-10,"Index, 201612=100",units,100.5,100.0,100.5,,,,,,,,,,,,,,,,,Persons,unit,194248.0,319269.0,Persons,thousands,"Both sexes, All age groups, Seasonally adjusted",226.39999389648438,195.78334045410156,245.0833282470703,30.616666793823242,378.9166564941406,18.700000762939453,Percentage,unit,"Both sexes, All age groups, Seasonally adjusted",58.61666488647461,63.95000076293945,8.5,Number,unit,Total of all violations-Actual incidents,3659.08
New Brunswick,2017-08,"Index, 201612=100",units,100.5,100.0,100.5,,,,,,,,,,,,,,,,,Persons,unit,235048.0,389165.0,Persons,thousands,"Both sexes, All age groups, Seasonally adjusted",224.48333740234375,193.8000030517578,243.35000610351562,30.66666603088379,378.75,18.866666793823242,Percentage,unit,"Both sexes, All age groups, Seasonally adjusted",58.08333206176758,63.43333435058594,8.550000190734863,Number,unit,Total of all violations-Actual incidents,3659.08
New Brunswick,2017-11,"Index, 201612=100",units,100.9,100.0,100.8,,,,,,,,,,,,,,,,,Persons,unit,189818.0,252662.0,Persons,thousands,"Both sexes, All age groups, Seasonally adjusted",224.9499969482422,195.64999389648438,245.3333282470703,29.28333282470703,378.9166564941406,20.383333206176758,Percentage,unit,"Both sexes, All age groups, Seasonally adjusted",58.45000076293945,64.26667022705078,9.033333778381348,Number,unit,Total of all violations-Actual incidents,3659.08
New Brunswick,2017-07,"Index, 201612=100",units,100.5,100.0,100.5,,,,,,,,,,,,,,,,,Persons,unit,225563.0,373005.0,Persons,thousands,"Both sexes, All age groups, Seasonally adjusted",224.86666870117188,194.4499969482422,240.25,30.41666603088379,378.6833190917969,15.399999618530273,Percentage,unit,"Both sexes, All age groups, Seasonally adjusted",58.0,62.099998474121094,6.816666603088379,Number,unit,Total of all violations-Actual incidents,3659.08
New Brunswick,2017-01,"Index, 201612=100",units,100.2,100.0,100.2,,,,,,,,,,,,,,,,,Persons,unit,157043.0,213065.0,Persons,thousands,"Both sexes, All age groups, Seasonally adjusted",224.13333129882812,193.6666717529297,245.18333435058594,30.450000762939453,378.45001220703125,21.066667556762695,Percentage,unit,"Both sexes, All age groups, Seasonally adjusted",58.016666412353516,64.08333587646484,9.633333206176758,Number,unit,Total of all violations-Actual incidents,3659.08
New Brunswick,2017-04,"Index, 201612=100",units,100.0,100.0,100.1,,,,,,,,,,,,,,,,,Persons,unit,196106.0,261349.0,Persons,thousands,"Both sexes, All age groups, Seasonally adjusted",224.75,195.78334045410156,244.86666870117188,28.983333587646484,378.5,20.100000381469727,Percentage,unit,"Both sexes, All age groups, Seasonally adjusted",58.06666564941406,63.79999923706055,9.283333778381348,Number,unit,Total of all violations-Actual incidents,3659.08
New Brunswick,2017-06,"Index, 201612=100",units,100.0,100.0,100.1,,,,,,,,,,,,,,,,,Persons,unit,187731.0,299346.0,Persons,thousands,"Both sexes, All age groups, Seasonally adjusted",225.25,196.38333129882812,244.3000030517578,28.83333396911621,378.54998779296875,19.08333396911621,Percentage,unit,"Both sexes, All age groups, Seasonally adjusted",58.266666412353516,63.53333282470703,8.550000190734863,Number,unit,Total of all violations-Actual incidents,3659.08
New Brunswick,2017-02,"Index, 201612=100",units,100.0,100.0,100.1,,,,,,,,,,,,,,,,,Persons,unit,139975.0,192197.0,Persons,thousands,"Both sexes, All age groups, Seasonally adjusted",225.0,195.1999969482422,246.0,29.799999237060547,378.4333190917969,20.983333587646484,Percentage,unit,"Both sexes, All age groups, Seasonally adjusted",58.18333435058594,64.16666412353516,9.5,Number,unit,Total of all violations-Actual incidents,3659.08
New Brunswick,2017-05,"Index, 201612=100",units,100.0,100.0,100.1,,,,,,,,,,,,,,,,,Persons,unit,192237.0,269036.0,Persons,thousands,"Both sexes, All age groups, Seasonally adjusted",224.98333740234375,196.56666564941406,244.75,28.46666717529297,378.5833435058594,19.75,Percentage,unit,"Both sexes, All age groups, Seasonally adjusted",58.28333282470703,63.71666717529297,8.850000381469727,Number,unit,Total of all violations-Actual incidents,3659.08
New Brunswick,2017-12,"Index, 201612=100",units,101.1,100.0,101.0,,,,,,,,,,,,,,,,,Persons,unit,182434.0,244918.0,Persons,thousands,"Both sexes, All age groups, Seasonally adjusted",227.06666564941406,196.61666870117188,245.8000030517578,30.450000762939453,379.0,18.71666717529297,Percentage,unit,"Both sexes, All age groups, Seasonally adjusted",59.03333282470703,64.31666564941406,8.199999809265137,Number,unit,Total of all violations-Actual incidents,3659.08
New Brunswick,2017-09,"Index, 201612=100",units,100.5,100.0,100.5,,,,,,,,,,,,,,,,,Persons,unit,203456.0,360147.0,Persons,thousands,"Both sexes, All age groups, Seasonally adjusted",225.23333740234375,195.14999389648438,243.8000030517578,30.066667556762695,378.8333435058594,18.549999237060547,Percentage,unit,"Both sexes, All age groups, Seasonally adjusted",58.25,63.70000076293945,8.583333015441895,Number,unit,Total of all violations-Actual incidents,3659.08
New Brunswick,2017-03,"Index, 201612=100",units,100.0,100.0,100.1,,,,,,,,,,,,,,,,,Persons,unit,181220.0,240214.0,Persons,thousands,"Both sexes, All age groups, Seasonally adjusted",225.8000030517578,194.98333740234375,245.75,30.83333396911621,378.45001220703125,19.96666717529297,Percentage,unit,"Both sexes, All age groups, Seasonally adjusted",58.45000076293945,64.1500015258789,9.016666412353516,Number,unit,Total of all violations-Actual incidents,3659.08
Saskatchewan,1983-05,"Index, 201612=100",units,30.799999999999997,24.549999999999997,29.150000000000002,,,,,,,,,,,,,,,,,Persons,unit,35865.0,54669.0,Persons,thousands,"Both sexes, All age groups, Seasonally adjusted",270.75,217.76666259765625,292.3666687011719,53.0,437.2166748046875,21.633333206176758,Percentage,unit,"Both sexes, All age groups, Seasonally adjusted",59.29999923706055,64.43333435058594,7.616666793823242,,,,
Saskatchewan,1983-10,"Index, 201612=100",units,30.5,25.0,28.9,,,,,,,,,,,,,,,,,Persons,unit,38591.0,56368.0,Persons,thousands,"Both sexes, All age groups, Seasonally adjusted",273.2833251953125,219.38333129882812,295.3833312988281,53.88333511352539,440.1166687011719,22.08333396911621,Percentage,unit,"Both sexes, All age groups, Seasonally adjusted",59.45000076293945,64.55000305175781,7.4666666984558105,,,,
Saskatchewan,1983-01,"Index, 201612=100",units,30.25,24.4,28.650000000000002,,,,,,,,,,,,,,,,,Persons,unit,29969.0,41968.0,Persons,thousands,"Both sexes, All age groups, Seasonally adjusted",266.4166564941406,213.11666870117188,287.8666687011719,53.31666564941406,434.8166809082031,21.433332443237305,Percentage,unit,"Both sexes, All age groups, Seasonally adjusted",58.71666717529297,63.86666488647461,7.583333492279053,,,,
Saskatchewan,1983-12,"Index, 201612=100",units,30.55,24.9,28.9,,,,,,,,,,,,,,,,,Persons,unit,24335.0,35420.0,Persons,thousands,"Both sexes, All age groups, Seasonally adjusted",272.23333740234375,215.86666870117188,293.8666687011719,56.36666488647461,441.0833435058594,21.633333206176758,Percentage,unit,"Both sexes, All age groups, Seasonally adjusted",59.04999923706055,64.0999984741211,7.433333396911621,,,,
Saskatchewan,1983-08,"Index, 201612=100",units,30.4,25.1,28.85,,,,,,,,,,,,,,,,,Persons,unit,61289.0,91051.0,Persons,thousands,"Both sexes, All age groups, Seasonally adjusted",273.5,220.86666870117188,295.0833435058594,52.650001525878906,438.98333740234375,21.549999237060547,Percentage,unit,"Both sexes, All age groups, Seasonally adjusted",59.81666564941406,64.81666564941406,7.25,,,,
Saskatchewan,1983-11,"Index, 201612=100",units,30.55,24.9,28.9,,,,,,,,,,,,,,,,,Persons,unit,33927.0,46371.0,Persons,thousands,"Both sexes, All age groups, Seasonally adjusted",273.6166687011719,219.31666564941406,295.2166748046875,54.33333206176758,440.6000061035156,21.58333396911621,Percentage,unit,"Both sexes, All age groups, Seasonally adjusted",59.45000076293945,64.46666717529297,7.366666793823242,,,,
Saskatchewan,1983-09,"Index, 201612=100",units,30.4,25.1,28.85,,,,,,,,,,,,,,,,,Persons,unit,40681.0,61807.0,Persons,thousands,"Both sexes, All age groups, Seasonally adjusted",272.6666564941406,219.93333435058594,294.5333251953125,52.733333587646484,439.6000061035156,21.866666793823242,Percentage,unit,"Both sexes, All age groups, Seasonally adjusted",59.41666793823242,64.5,7.416666507720947,,,,
Saskatchewan,1983-03,"Index, 201612=100",units,30.35,24.45,28.75,,,,,,,,,,,,,,,,,Persons,unit,30998.0,43403.0,Persons,thousands,"Both sexes, All age groups, Seasonally adjusted",269.1166687011719,215.10000610351562,288.2833251953125,54.04999923706055,435.98333740234375,19.183332443237305,Percentage,unit,"Both sexes, All age groups, Seasonally adjusted",59.150001525878906,63.71666717529297,6.866666793823242,,,,
Saskatchewan,1983-04,"Index, 201612=100",units,30.8,24.549999999999997,29.099999999999998,,,,,,,,,,,,,,,,,Persons,unit,44677.0,58814.0,Persons,thousands,"Both sexes, All age groups, Seasonally adjusted",268.3500061035156,214.8000030517578,289.5333251953125,53.58333206176758,436.54998779296875,21.16666603088379,Percentage,unit,"Both sexes, All age groups, Seasonally adjusted",58.86666488647461,63.91666793823242,7.433333396911621,,,,
Saskatchewan,1983-02,"Index, 201612=100",units,30.35,24.25,28.75,,,,,,,,,,,,,,,,,Persons,unit,30221.0,41226.0,Persons,thousands,"Both sexes, All age groups, Seasonally adjusted",268.8333435058594,215.0,289.2833251953125,53.79999923706055,435.4666748046875,20.433332443237305,Percentage,unit,"Both sexes, All age groups, Seasonally adjusted",59.20000076293945,63.96666717529297,7.083333492279053,,,,
Saskatchewan,1983-06,"Index, 201612=100",units,30.799999999999997,24.549999999999997,29.150000000000002,,,,,,,,,,,,,,,,,Persons,unit,37292.0,68155.0,Persons,thousands,"Both sexes, All age groups, Seasonally adjusted",272.4333190917969,219.21665954589844,293.2833251953125,53.233333587646484,437.79998779296875,20.850000381469727,Percentage,unit,"Both sexes, All age groups, Seasonally adjusted",59.66666793823242,64.55000305175781,7.116666793823242,,,,
Saskatchewan,1983-07,"Index, 201612=100",units,30.299999999999997,24.6,28.75,,,,,,,,,,,,,,,,,Persons,unit,68909.0,108235.0,Persons,thousands,"Both sexes, All age groups, Seasonally adjusted",272.7166748046875,220.3333282470703,293.3999938964844,52.36666488647461,438.26666259765625,20.683332443237305,Percentage,unit,"Both sexes, All age groups, Seasonally adjusted",59.68333435058594,64.51667022705078,7.083333492279053,,,,
