province,REF_DATE,uom_houseindex,scalar_houseindex,avg_house_only,avg_land_only,avg_totalhouseland,uom_income,scalar_income,statistic_income,avg_income,uom_expenditure,scalar_expenditure,statistic_expenditure,avg_food_expenditures,avg_income_taxes,avg_mortageinsurance,avg_mortagePaid,avg_accomodation,avg_rent,avg_shelter,avg_total_expenditure,avg_taxes_landregfees,uom_tourist,scalar_tourist,avg_international_tourism,avg_domestic_tourism,uom_labourforce,scalar_labourforce,statistic_labourforce,avg_employment,avg_fulltime,avg_labourforce,avg_parttime,avg_population,avg_unemployment,uom_lfperc,scalar_lfperc,statistic_labourforceperc,avg_employment_rate,avg_participationrate,avg_unemploymentrate,uom_crime,scalar_crime,statistic_crime,avg_crime_incidents
Canada,2000-02,"Index, 201612=100",units,54.0,66.8,57.4,Dollars,units,"Median total income,Both sexes,All age groups",1800.0,,,,,,,,,,,,,Persons,unit,3321291.0,6818615.0,Persons,thousands,"Both sexes, All age groups, Seasonally adjusted",6644.7890625,7788.31689453125,7130.9443359375,1584.816650390625,10560.4443359375,486.1777648925781,Percentage,unit,"Both sexes, All age groups, Seasonally adjusted",57.088890075683594,62.33333206176758,8.411110877990723,,,,
Canada,2000-09,"Index, 201612=100",units,54.9,67.3,58.2,Dollars,units,"Median total income,Both sexes,All age groups",1800.0,,,,,,,,,,,,,Persons,unit,3962124.0,9561082.0,Persons,thousands,"Both sexes, All age groups, Seasonally adjusted",6706.22216796875,7818.18310546875,7206.2998046875,1632.199951171875,10649.8115234375,500.0777893066406,Percentage,unit,"Both sexes, All age groups, Seasonally adjusted",57.488887786865234,62.79999923706055,8.51111125946045,,,,
Canada,2000-11,"Index, 201612=100",units,55.3,67.4,58.5,Dollars,units,"Median total income,Both sexes,All age groups",1800.0,,,,,,,,,,,,,Persons,unit,3334321.0,7051580.0,Persons,thousands,"Both sexes, All age groups, Seasonally adjusted",6737.2890625,7897.75,7239.15576171875,1594.4000244140625,10674.322265625,501.8444519042969,Percentage,unit,"Both sexes, All age groups, Seasonally adjusted",57.622222900390625,62.88888931274414,8.300000190734863,,,,
Canada,2000-01,"Index, 201612=100",units,53.7,66.8,57.2,Dollars,units,"Median total income,Both sexes,All age groups",1800.0,,,,,,,,,,,,,Persons,unit,3349405.0,6615814.0,Persons,thousands,"Both sexes, All age groups, Seasonally adjusted",6635.611328125,7771.91650390625,7116.33349609375,1586.066650390625,10548.611328125,480.72222900390625,Percentage,unit,"Both sexes, All age groups, Seasonally adjusted",57.13333511352539,62.25555419921875,8.199999809265137,,,,
Canada,2000-03,"Index, 201612=100",units,54.1,66.9,57.5,Dollars,units,"Median total income,Both sexes,All age groups",1800.0,,,,,,,,,,,,,Persons,unit,4258293.0,8176940.0,Persons,thousands,"Both sexes, All age groups, Seasonally adjusted",6654.4775390625,7808.14990234375,7140.43310546875,1579.4000244140625,10571.7890625,485.95556640625,Percentage,unit,"Both sexes, All age groups, Seasonally adjusted",57.07777786254883,62.344444274902344,8.366666793823242,,,,
Canada,2000-06,"Index, 201612=100",units,54.4,67.0,57.8,Dollars,units,"Median total income,Both sexes,All age groups",1800.0,,,,,,,,,,,,,Persons,unit,3784132.0,9806955.0,Persons,thousands,"Both sexes, All age groups, Seasonally adjusted",6677.111328125,7814.68310546875,7158.2666015625,1601.949951171875,10611.255859375,481.1444396972656,Percentage,unit,"Both sexes, All age groups, Seasonally adjusted",57.155555725097656,62.266666412353516,8.199999809265137,,,,
Canada,2000-10,"Index, 201612=100",units,55.0,67.4,58.3,Dollars,units,"Median total income,Both sexes,All age groups",1800.0,,,,,,,,,,,,,Persons,unit,3830209.0,8306325.0,Persons,thousands,"Both sexes, All age groups, Seasonally adjusted",6720.0888671875,7855.16650390625,7227.85546875,1613.7166748046875,10662.2001953125,507.78887939453125,Percentage,unit,"Both sexes, All age groups, Seasonally adjusted",57.53333282470703,62.988887786865234,8.655555725097656,,,,
Canada,2000-04,"Index, 201612=100",units,54.2,66.9,57.6,Dollars,units,"Median total income,Both sexes,All age groups",1800.0,,,,,,,,,,,,,Persons,unit,4146486.0,8322096.0,Persons,thousands,"Both sexes, All age groups, Seasonally adjusted",6666.6220703125,7791.13330078125,7147.24462890625,1610.550048828125,10583.4892578125,480.6222229003906,Percentage,unit,"Both sexes, All age groups, Seasonally adjusted",57.22222137451172,62.411109924316406,8.277777671813965,,,,
Canada,2000-08,"Index, 201612=100",units,54.7,67.2,58.1,Dollars,units,"Median total income,Both sexes,All age groups",1800.0,,,,,,,,,,,,,Persons,unit,5089738.0,1.2300547E7,Persons,thousands,"Both sexes, All age groups, Seasonally adjusted",6690.4111328125,7820.283203125,7194.4775390625,1610.183349609375,10637.4892578125,504.0666809082031,Percentage,unit,"Both sexes, All age groups, Seasonally adjusted",57.266666412353516,62.64444351196289,8.633333206176758,,,,
Canada,2000-05,"Index, 201612=100",units,54.4,67.0,57.8,Dollars,units,"Median total income,Both sexes,All age groups",1800.0,,,,,,,,,,,,,Persons,unit,4013466.0,9047590.0,Persons,thousands,"Both sexes, All age groups, Seasonally adjusted",6673.24462890625,7814.83349609375,7147.0,1595.433349609375,10598.77734375,473.75555419921875,Percentage,unit,"Both sexes, All age groups, Seasonally adjusted",57.22222137451172,62.31111145019531,8.155555725097656,,,,
Canada,2000-07,"Index, 201612=100",units,54.5,67.1,57.9,Dollars,units,"Median total income,Both sexes,All age groups",1800.0,,,,,,,,,,,,,Persons,unit,4928918.0,1.238853E7,Persons,thousands,"Both sexes, All age groups, Seasonally adjusted",6680.611328125,7817.7333984375,7163.42236328125,1601.9666748046875,10623.06640625,482.78887939453125,Percentage,unit,"Both sexes, All age groups, Seasonally adjusted",57.16666793823242,62.28888702392578,8.188888549804688,,,,
Canada,2000-12,"Index, 201612=100",units,55.3,67.4,58.6,Dollars,units,"Median total income,Both sexes,All age groups",1800.0,,,,,,,,,,,,,Persons,unit,3163610.0,6849601.0,Persons,thousands,"Both sexes, All age groups, Seasonally adjusted",6759.14453125,7908.2001953125,7248.111328125,1610.9666748046875,10685.93359375,488.9444580078125,Percentage,unit,"Both sexes, All age groups, Seasonally adjusted",57.86666488647461,63.011112213134766,8.066666603088379,,,,
New Brunswick,1990-08,"Index, 201612=100",units,84.7,74.2,82.0,,,,,,,,,,,,,,,,,Persons,unit,951921.0,1302866.0,Persons,thousands,"Both sexes, All age groups, Seasonally adjusted",191.56666564941406,163.01666259765625,217.64999389648438,28.53333282470703,347.01666259765625,26.08333396911621,Percentage,unit,"Both sexes, All age groups, Seasonally adjusted",51.20000076293945,58.66666793823242,12.699999809265137,,,,
New Brunswick,1990-06,"Index, 201612=100",units,84.7,74.2,82.0,,,,,,,,,,,,,,,,,Persons,unit,831964.0,1105298.0,Persons,thousands,"Both sexes, All age groups, Seasonally adjusted",189.0500030517578,161.35000610351562,214.3333282470703,27.71666717529297,346.26666259765625,25.25,Percentage,unit,"Both sexes, All age groups, Seasonally adjusted",50.38333511352539,57.58333206176758,12.199999809265137,,,,
New Brunswick,1990-01,"Index, 201612=100",units,83.8,72.5,80.9,,,,,,,,,,,,,,,,,Persons,unit,564325.0,732584.0,Persons,thousands,"Both sexes, All age groups, Seasonally adjusted",190.6666717529297,163.71665954589844,216.28334045410156,26.950000762939453,344.51666259765625,25.616666793823242,Percentage,unit,"Both sexes, All age groups, Seasonally adjusted",51.150001525878906,58.58333206176758,12.233333587646484,,,,
New Brunswick,1990-12,"Index, 201612=100",units,84.7,74.5,82.1,,,,,,,,,,,,,,,,,Persons,unit,755777.0,945183.0,Persons,thousands,"Both sexes, All age groups, Seasonally adjusted",190.60000610351562,160.3333282470703,215.61666870117188,30.25,348.6499938964844,25.049999237060547,Percentage,unit,"Both sexes, All age groups, Seasonally adjusted",50.53333282470703,57.599998474121094,11.75,,,,
New Brunswick,1990-02,"Index, 201612=100",units,84.4,72.9,81.4,,,,,,,,,,,,,,,,,Persons,unit,545382.0,708192.0,Persons,thousands,"Both sexes, All age groups, Seasonally adjusted",189.63333129882812,160.76666259765625,216.51666259765625,28.850000381469727,344.8166809082031,26.850000381469727,Percentage,unit,"Both sexes, All age groups, Seasonally adjusted",50.96666717529297,58.63333511352539,12.483333587646484,,,,
New Brunswick,1990-04,"Index, 201612=100",units,84.3,72.9,81.4,,,,,,,,,,,,,,,,,Persons,unit,726249.0,920580.0,Persons,thousands,"Both sexes, All age groups, Seasonally adjusted",190.13333129882812,160.96665954589844,215.36666870117188,29.183332443237305,345.6333312988281,25.233333587646484,Percentage,unit,"Both sexes, All age groups, Seasonally adjusted",50.93333435058594,58.20000076293945,12.066666603088379,,,,
New Brunswick,1990-07,"Index, 201612=100",units,84.7,74.2,82.0,,,,,,,,,,,,,,,,,Persons,unit,943603.0,1307528.0,Persons,thousands,"Both sexes, All age groups, Seasonally adjusted",189.86666870117188,161.93333435058594,215.03334045410156,27.933332443237305,346.76666259765625,25.183332443237305,Percentage,unit,"Both sexes, All age groups, Seasonally adjusted",50.650001525878906,57.91666793823242,12.350000381469727,,,,
New Brunswick,1990-09,"Index, 201612=100",units,84.8,74.2,82.1,,,,,,,,,,,,,,,,,Persons,unit,792838.0,1043538.0,Persons,thousands,"Both sexes, All age groups, Seasonally adjusted",190.88333129882812,161.61666870117188,215.76666259765625,29.266666412353516,347.5,24.883333206176758,Percentage,unit,"Both sexes, All age groups, Seasonally adjusted",50.75,57.83333206176758,12.216666221618652,,,,
New Brunswick,1990-10,"Index, 201612=100",units,84.8,74.2,82.1,,,,,,,,,,,,,,,,,Persons,unit,767792.0,978469.0,Persons,thousands,"Both sexes, All age groups, Seasonally adjusted",191.26666259765625,161.75,217.1999969482422,29.53333282470703,347.9666748046875,25.933332443237305,Percentage,unit,"Both sexes, All age groups, Seasonally adjusted",50.71666717529297,58.18333435058594,12.399999618530273,,,,
New Brunswick,1990-05,"Index, 201612=100",units,84.7,74.2,82.0,,,,,,,,,,,,,,,,,Persons,unit,812084.0,1044943.0,Persons,thousands,"Both sexes, All age groups, Seasonally adjusted",189.5500030517578,161.43333435058594,212.43333435058594,28.116666793823242,345.9666748046875,22.899999618530273,Percentage,unit,"Both sexes, All age groups, Seasonally adjusted",50.78333282470703,57.21666717529297,11.066666603088379,,,,
New Brunswick,1990-03,"Index, 201612=100",units,84.4,72.9,81.4,,,,,,,,,,,,,,,,,Persons,unit,706134.0,892999.0,Persons,thousands,"Both sexes, All age groups, Seasonally adjusted",189.11666870117188,160.10000610351562,213.56666564941406,29.03333282470703,345.20001220703125,24.433332443237305,Percentage,unit,"Both sexes, All age groups, Seasonally adjusted",50.75,57.83333206176758,12.083333015441895,,,,
New Brunswick,1990-11,"Index, 201612=100",units,84.7,74.2,82.0,,,,,,,,,,,,,,,,,Persons,unit,730929.0,907170.0,Persons,thousands,"Both sexes, All age groups, Seasonally adjusted",190.13333129882812,161.31666564941406,215.63333129882812,28.799999237060547,348.3166809082031,25.483333587646484,Percentage,unit,"Both sexes, All age groups, Seasonally adjusted",50.45000076293945,57.66666793823242,11.949999809265137,,,,
Nova Scotia,2017-11,"Index, 201612=100",units,101.4,99.9,101.1,,,,,,,,,,,,,,,,,Persons,unit,8291.0,16079.0,Persons,thousands,"Both sexes, All age groups, Seasonally adjusted",286.3833312988281,237.3333282470703,312.4333190917969,49.04999923706055,481.23333740234375,26.049999237060547,Percentage,unit,"Both sexes, All age groups, Seasonally adjusted",58.099998474121094,64.31666564941406,9.816666603088379,Number,unit,Total of all violations-Actual incidents,4526.42
Nova Scotia,2017-08,"Index, 201612=100",units,100.9,99.9,100.7,,,,,,,,,,,,,,,,,Persons,unit,12848.0,59587.0,Persons,thousands,"Both sexes, All age groups, Seasonally adjusted",283.98333740234375,231.1999969482422,310.3666687011719,52.81666564941406,480.3333435058594,26.366666793823242,Percentage,unit,"Both sexes, All age groups, Seasonally adjusted",57.66666793823242,64.0,9.649999618530273,Number,unit,Total of all violations-Actual incidents,4526.42
Nova Scotia,2017-12,"Index, 201612=100",units,101.3,99.9,101.0,,,,,,,,,,,,,,,,,Persons,unit,7710.0,16567.0,Persons,thousands,"Both sexes, All age groups, Seasonally adjusted",289.51666259765625,239.1999969482422,313.75,50.31666564941406,481.4166564941406,24.233333587646484,Percentage,unit,"Both sexes, All age groups, Seasonally adjusted",58.66666793823242,64.33333587646484,8.833333015441895,Number,unit,Total of all violations-Actual incidents,4526.42
Nova Scotia,2017-06,"Index, 201612=100",units,100.6,99.9,100.4,,,,,,,,,,,,,,,,,Persons,unit,10946.0,56050.0,Persons,thousands,"Both sexes, All age groups, Seasonally adjusted",285.1833190917969,236.13333129882812,311.8500061035156,49.08333206176758,479.6333312988281,26.683332443237305,Percentage,unit,"Both sexes, All age groups, Seasonally adjusted",58.150001525878906,64.44999694824219,9.666666984558105,Number,unit,Total of all violations-Actual incidents,4526.42
Nova Scotia,2017-03,"Index, 201612=100",units,100.3,100.0,100.2,,,,,,,,,,,,,,,,,Persons,unit,41870.0,49704.0,Persons,thousands,"Both sexes, All age groups, Seasonally adjusted",286.45001220703125,235.35000610351562,312.3500061035156,51.08333206176758,479.0333251953125,25.899999618530273,Percentage,unit,"Both sexes, All age groups, Seasonally adjusted",58.46666717529297,64.41666412353516,9.199999809265137,Number,unit,Total of all violations-Actual incidents,4526.42
Nova Scotia,2017-02,"Index, 201612=100",units,100.2,100.0,100.2,,,,,,,,,,,,,,,,,Persons,unit,20021.0,25941.0,Persons,thousands,"Both sexes, All age groups, Seasonally adjusted",284.1666564941406,233.75,308.3666687011719,50.45000076293945,478.9166564941406,24.200000762939453,Percentage,unit,"Both sexes, All age groups, Seasonally adjusted",57.88333511352539,63.349998474121094,8.683333396911621,Number,unit,Total of all violations-Actual incidents,4526.42
Nova Scotia,2017-07,"Index, 201612=100",units,101.0,99.9,100.8,,,,,,,,,,,,,,,,,Persons,unit,11092.0,54040.0,Persons,thousands,"Both sexes, All age groups, Seasonally adjusted",286.0833435058594,235.6999969482422,310.29998779296875,50.36666488647461,479.8666687011719,24.200000762939453,Percentage,unit,"Both sexes, All age groups, Seasonally adjusted",58.28333282470703,63.95000076293945,8.699999809265137,Number,unit,Total of all violations-Actual incidents,4526.42
Nova Scotia,2017-01,"Index, 201612=100",units,100.2,100.0,100.2,,,,,,,,,,,,,,,,,Persons,unit,13540.0,20169.0,Persons,thousands,"Both sexes, All age groups, Seasonally adjusted",287.76666259765625,235.23333740234375,311.2166748046875,52.54999923706055,478.8166809082031,23.483333587646484,Percentage,unit,"Both sexes, All age groups, Seasonally adjusted",58.56666564941406,64.03333282470703,8.616666793823242,Number,unit,Total of all violations-Actual incidents,4526.42
Nova Scotia,2017-05,"Index, 201612=100",units,100.6,99.9,100.4,,,,,,,,,,,,,,,,,Persons,unit,23388.0,40223.0,Persons,thousands,"Both sexes, All age groups, Seasonally adjusted",286.48333740234375,236.56666564941406,310.6666564941406,49.95000076293945,479.48333740234375,24.149999618530273,Percentage,unit,"Both sexes, All age groups, Seasonally adjusted",58.41666793823242,64.0999984741211,8.683333396911621,Number,unit,Total of all violations-Actual incidents,4526.42
Nova Scotia,2017-04,"Index, 201612=100",units,100.0,99.9,100.0,,,,,,,,,,,,,,,,,Persons,unit,45562.0,56972.0,Persons,thousands,"Both sexes, All age groups, Seasonally adjusted",286.3333435058594,236.6666717529297,312.04998779296875,49.70000076293945,479.2833251953125,25.683332443237305,Percentage,unit,"Both sexes, All age groups, Seasonally adjusted",58.54999923706055,64.3499984741211,9.033333778381348,Number,unit,Total of all violations-Actual incidents,4526.42
Nova Scotia,2017-09,"Index, 201612=100",units,101.0,99.9,100.8,,,,,,,,,,,,,,,,,Persons,unit,12530.0,98934.0,Persons,thousands,"Both sexes, All age groups, Seasonally adjusted",285.45001220703125,234.56666564941406,312.48333740234375,50.83333206176758,480.6000061035156,27.03333282470703,Percentage,unit,"Both sexes, All age groups, Seasonally adjusted",58.150001525878906,64.53333282470703,9.850000381469727,Number,unit,Total of all violations-Actual incidents,4526.42
Nova Scotia,2017-10,"Index, 201612=100",units,101.4,99.9,101.1,,,,,,,,,,,,,,,,,Persons,unit,11685.0,88781.0,Persons,thousands,"Both sexes, All age groups, Seasonally adjusted",285.1666564941406,236.1999969482422,311.8333435058594,48.96666717529297,480.9666748046875,26.633333206176758,Percentage,unit,"Both sexes, All age groups, Seasonally adjusted",58.0,64.19999694824219,9.733333587646484,Number,unit,Total of all violations-Actual incidents,4526.42
