province,REF_DATE,uom_houseindex,scalar_houseindex,avg_house_only,avg_land_only,avg_totalhouseland,uom_income,scalar_income,statistic_income,avg_income,uom_expenditure,scalar_expenditure,statistic_expenditure,avg_food_expenditures,avg_income_taxes,avg_mortageinsurance,avg_mortagePaid,avg_accomodation,avg_rent,avg_shelter,avg_total_expenditure,avg_taxes_landregfees,uom_tourist,scalar_tourist,avg_international_tourism,avg_domestic_tourism,uom_labourforce,scalar_labourforce,statistic_labourforce,avg_employment,avg_fulltime,avg_labourforce,avg_parttime,avg_population,avg_unemployment,uom_lfperc,scalar_lfperc,statistic_labourforceperc,avg_employment_rate,avg_participationrate,avg_unemploymentrate,uom_crime,scalar_crime,statistic_crime,avg_crime_incidents
Alberta,2008-11,"Index, 201612=100",units,96.43333333333334,104.13333333333333,98.8,Dollars,units,"Median total income,Both sexes,All age groups",2962.5,,,,,,,,,,,,,Persons,unit,180913.0,251322.0,Persons,thousands,"Both sexes, All age groups, Seasonally adjusted",1314.25,1111.316650390625,1361.433349609375,202.9166717529297,1773.9666748046875,47.18333435058594,Percentage,unit,"Both sexes, All age groups, Seasonally adjusted",70.33333587646484,73.18333435058594,3.8333332538604736,Number,unit,Total of all violations-Actual incidents,30101.08
Alberta,2008-02,"Index, 201612=100",units,105.46666666666665,101.23333333333333,103.89999999999999,Dollars,units,"Median total income,Both sexes,All age groups",2962.5,,,,,,,,,,,,,Persons,unit,207673.0,286235.0,Persons,thousands,"Both sexes, All age groups, Seasonally adjusted",1285.63330078125,1092.050048828125,1333.5333251953125,193.61666870117188,1735.36669921875,47.88333511352539,Percentage,unit,"Both sexes, All age groups, Seasonally adjusted",70.31666564941406,73.19999694824219,3.8499999046325684,Number,unit,Total of all violations-Actual incidents,30101.08
Alberta,2008-05,"Index, 201612=100",units,101.8,101.16666666666667,101.40000000000002,Dollars,units,"Median total income,Both sexes,All age groups",2962.5,,,,,,,,,,,,,Persons,unit,175210.0,283122.0,Persons,thousands,"Both sexes, All age groups, Seasonally adjusted",1296.933349609375,1097.4666748046875,1342.4166259765625,199.46665954589844,1749.13330078125,45.53333282470703,Percentage,unit,"Both sexes, All age groups, Seasonally adjusted",70.26667022705078,73.03333282470703,3.7666666507720947,Number,unit,Total of all violations-Actual incidents,30101.08
Alberta,2008-06,"Index, 201612=100",units,100.90000000000002,101.53333333333332,100.93333333333334,Dollars,units,"Median total income,Both sexes,All age groups",2962.5,,,,,,,,,,,,,Persons,unit,129835.0,283538.0,Persons,thousands,"Both sexes, All age groups, Seasonally adjusted",1299.0167236328125,1098.0333251953125,1341.433349609375,200.96665954589844,1753.7166748046875,42.41666793823242,Percentage,unit,"Both sexes, All age groups, Seasonally adjusted",70.28333282470703,72.86666870117188,3.5,Number,unit,Total of all violations-Actual incidents,30101.08
Alberta,2008-12,"Index, 201612=100",units,95.5,103.63333333333333,98.0,Dollars,units,"Median total income,Both sexes,All age groups",2962.5,,,,,,,,,,,,,Persons,unit,179218.0,268884.0,Persons,thousands,"Both sexes, All age groups, Seasonally adjusted",1302.5,1094.4832763671875,1360.199951171875,208.03334045410156,1777.3499755859375,57.68333435058594,Percentage,unit,"Both sexes, All age groups, Seasonally adjusted",69.5,72.88333129882812,4.566666603088379,Number,unit,Total of all violations-Actual incidents,30101.08
Alberta,2008-07,"Index, 201612=100",units,100.53333333333332,101.83333333333333,100.73333333333333,Dollars,units,"Median total income,Both sexes,All age groups",2962.5,,,,,,,,,,,,,Persons,unit,164243.0,355701.0,Persons,thousands,"Both sexes, All age groups, Seasonally adjusted",1299.5333251953125,1099.86669921875,1344.683349609375,199.6666717529297,1757.5167236328125,45.13333511352539,Percentage,unit,"Both sexes, All age groups, Seasonally adjusted",70.0999984741211,72.81666564941406,3.7333333492279053,Number,unit,Total of all violations-Actual incidents,30101.08
Alberta,2008-04,"Index, 201612=100",units,103.56666666666666,101.96666666666665,102.86666666666667,Dollars,units,"Median total income,Both sexes,All age groups",2962.5,,,,,,,,,,,,,Persons,unit,229286.0,317452.0,Persons,thousands,"Both sexes, All age groups, Seasonally adjusted",1294.0833740234375,1101.5999755859375,1336.5167236328125,192.46665954589844,1744.6666259765625,42.45000076293945,Percentage,unit,"Both sexes, All age groups, Seasonally adjusted",70.43333435058594,73.01667022705078,3.4000000953674316,Number,unit,Total of all violations-Actual incidents,30101.08
Alberta,2008-08,"Index, 201612=100",units,99.90000000000002,101.8,100.3,Dollars,units,"Median total income,Both sexes,All age groups",2962.5,,,,,,,,,,,,,Persons,unit,204878.0,368564.0,Persons,thousands,"Both sexes, All age groups, Seasonally adjusted",1300.699951171875,1108.2667236328125,1345.0333251953125,192.43333435058594,1761.300048828125,44.33333206176758,Percentage,unit,"Both sexes, All age groups, Seasonally adjusted",70.0,72.71666717529297,3.7166666984558105,Number,unit,Total of all violations-Actual incidents,30101.08
Alberta,2008-01,"Index, 201612=100",units,106.39999999999999,101.33333333333333,104.56666666666666,Dollars,units,"Median total income,Both sexes,All age groups",2962.5,,,,,,,,,,,,,Persons,unit,209105.0,286900.0,Persons,thousands,"Both sexes, All age groups, Seasonally adjusted",1286.4666748046875,1094.2166748046875,1332.2667236328125,192.28334045410156,1731.88330078125,45.81666564941406,Percentage,unit,"Both sexes, All age groups, Seasonally adjusted",70.4000015258789,73.28333282470703,3.9000000953674316,Number,unit,Total of all violations-Actual incidents,30101.08
Alberta,2008-10,"Index, 201612=100",units,97.43333333333332,104.10000000000001,99.43333333333334,Dollars,units,"Median total income,Both sexes,All age groups",2962.5,,,,,,,,,,,,,Persons,unit,160499.0,246050.0,Persons,thousands,"Both sexes, All age groups, Seasonally adjusted",1322.9832763671875,1120.25,1365.4666748046875,202.73333740234375,1770.1500244140625,42.5,Percentage,unit,"Both sexes, All age groups, Seasonally adjusted",71.08333587646484,73.80000305175781,3.683333396911621,Number,unit,Total of all violations-Actual incidents,30101.08
Alberta,2008-09,"Index, 201612=100",units,99.89999999999999,102.63333333333334,100.56666666666668,Dollars,units,"Median total income,Both sexes,All age groups",2962.5,,,,,,,,,,,,,Persons,unit,143982.0,263313.0,Persons,thousands,"Both sexes, All age groups, Seasonally adjusted",1308.86669921875,1103.800048828125,1356.449951171875,205.0500030517578,1766.050048828125,47.599998474121094,Percentage,unit,"Both sexes, All age groups, Seasonally adjusted",70.58333587646484,73.43333435058594,3.8333332538604736,Number,unit,Total of all violations-Actual incidents,30101.08
Alberta,2008-03,"Index, 201612=100",units,104.73333333333335,101.83333333333333,103.56666666666666,Dollars,units,"Median total income,Both sexes,All age groups",2962.5,,,,,,,,,,,,,Persons,unit,246180.0,339215.0,Persons,thousands,"Both sexes, All age groups, Seasonally adjusted",1290.4000244140625,1100.3499755859375,1335.6500244140625,190.06666564941406,1739.5999755859375,45.233333587646484,Percentage,unit,"Both sexes, All age groups, Seasonally adjusted",70.48332977294922,73.26667022705078,3.7833333015441895,Number,unit,Total of all violations-Actual incidents,30101.08
Atlantic Region,2009-06,"Index, 201612=100",units,92.6,86.7,91.2,,,,,,,,,,,,,,,,,,,,,,,,,,,,,,,,,,,,,,,
Atlantic Region,2009-08,"Index, 201612=100",units,92.1,89.7,91.6,,,,,,,,,,,,,,,,,,,,,,,,,,,,,,,,,,,,,,,
Atlantic Region,2009-11,"Index, 201612=100",units,92.8,89.7,92.0,,,,,,,,,,,,,,,,,,,,,,,,,,,,,,,,,,,,,,,
Atlantic Region,2009-09,"Index, 201612=100",units,92.3,89.7,91.7,,,,,,,,,,,,,,,,,,,,,,,,,,,,,,,,,,,,,,,
Atlantic Region,2009-07,"Index, 201612=100",units,92.5,86.8,91.2,,,,,,,,,,,,,,,,,,,,,,,,,,,,,,,,,,,,,,,
Atlantic Region,2009-12,"Index, 201612=100",units,93.0,89.7,92.3,,,,,,,,,,,,,,,,,,,,,,,,,,,,,,,,,,,,,,,
Atlantic Region,2009-05,"Index, 201612=100",units,92.7,85.7,91.1,,,,,,,,,,,,,,,,,,,,,,,,,,,,,,,,,,,,,,,
Atlantic Region,2009-04,"Index, 201612=100",units,92.6,85.7,91.0,,,,,,,,,,,,,,,,,,,,,,,,,,,,,,,,,,,,,,,
Atlantic Region,2009-02,"Index, 201612=100",units,92.5,85.0,90.8,,,,,,,,,,,,,,,,,,,,,,,,,,,,,,,,,,,,,,,
Atlantic Region,2009-10,"Index, 201612=100",units,92.3,89.7,91.7,,,,,,,,,,,,,,,,,,,,,,,,,,,,,,,,,,,,,,,
Atlantic Region,2009-01,"Index, 201612=100",units,92.4,84.8,90.6,,,,,,,,,,,,,,,,,,,,,,,,,,,,,,,,,,,,,,,
Atlantic Region,2009-03,"Index, 201612=100",units,92.7,85.0,90.9,,,,,,,,,,,,,,,,,,,,,,,,,,,,,,,,,,,,,,,
Ontario,1982-05,"Index, 201612=100",units,37.525,45.775,39.95,,,,,,,,,,,,,,,,,Persons,unit,1400577.0,3692462.0,Persons,thousands,"Both sexes, All age groups, Seasonally adjusted",2654.933349609375,2266.966552734375,2896.10009765625,387.9666748046875,4174.64990234375,241.1666717529297,Percentage,unit,"Both sexes, All age groups, Seasonally adjusted",60.11666488647461,66.0,8.633333206176758,,,,
Ontario,1982-09,"Index, 201612=100",units,37.81249999999999,45.6375,40.1125,,,,,,,,,,,,,,,,,Persons,unit,1335795.0,3694756.0,Persons,thousands,"Both sexes, All age groups, Seasonally adjusted",2594.466552734375,2191.166748046875,2901.433349609375,403.2833251953125,4200.36669921875,306.9666748046875,Percentage,unit,"Both sexes, All age groups, Seasonally adjusted",58.33333206176758,65.69999694824219,10.850000381469727,,,,
Ontario,1982-04,"Index, 201612=100",units,37.675,45.7125,40.0125,,,,,,,,,,,,,,,,,Persons,unit,1375993.0,2922484.0,Persons,thousands,"Both sexes, All age groups, Seasonally adjusted",2654.816650390625,2256.583251953125,2883.683349609375,398.23333740234375,4168.7998046875,228.86666870117188,Percentage,unit,"Both sexes, All age groups, Seasonally adjusted",60.25,65.80000305175781,8.050000190734863,,,,
Ontario,1982-08,"Index, 201612=100",units,37.625,45.50000000000001,39.9375,,,,,,,,,,,,,,,,,Persons,unit,1747106.0,5773966.0,Persons,thousands,"Both sexes, All age groups, Seasonally adjusted",2603.4833984375,2182.550048828125,2894.5,420.95001220703125,4193.85009765625,291.01666259765625,Percentage,unit,"Both sexes, All age groups, Seasonally adjusted",58.66666793823242,65.6500015258789,10.300000190734863,,,,
Ontario,1982-06,"Index, 201612=100",units,37.775,45.50000000000001,40.0375,,,,,,,,,,,,,,,,,Persons,unit,1250954.0,4020978.0,Persons,thousands,"Both sexes, All age groups, Seasonally adjusted",2629.183349609375,2229.4833984375,2891.333251953125,399.70001220703125,4181.86669921875,262.1666564941406,Percentage,unit,"Both sexes, All age groups, Seasonally adjusted",59.41666793823242,65.73332977294922,9.333333015441895,,,,
Ontario,1982-11,"Index, 201612=100",units,37.7125,45.4375,39.949999999999996,,,,,,,,,,,,,,,,,Persons,unit,1105703.0,2466658.0,Persons,thousands,"Both sexes, All age groups, Seasonally adjusted",2579.800048828125,2170.666748046875,2922.61669921875,409.1666564941406,4213.81689453125,342.7833251953125,Percentage,unit,"Both sexes, All age groups, Seasonally adjusted",57.849998474121094,66.01667022705078,12.050000190734863,,,,
Ontario,1982-12,"Index, 201612=100",units,37.9625,45.175000000000004,40.025,,,,,,,,,,,,,,,,,Persons,unit,1146613.0,2465175.0,Persons,thousands,"Both sexes, All age groups, Seasonally adjusted",2579.333251953125,2163.316650390625,2926.333251953125,416.0666809082031,4219.88330078125,346.98333740234375,Percentage,unit,"Both sexes, All age groups, Seasonally adjusted",57.733333587646484,65.93333435058594,12.166666984558105,,,,
Ontario,1982-07,"Index, 201612=100",units,37.775,45.50000000000001,40.0375,,,,,,,,,,,,,,,,,Persons,unit,1591905.0,5790697.0,Persons,thousands,"Both sexes, All age groups, Seasonally adjusted",2619.916748046875,2205.0,2910.050048828125,414.8999938964844,4186.283203125,290.1666564941406,Percentage,unit,"Both sexes, All age groups, Seasonally adjusted",59.20000076293945,66.16666412353516,10.133333206176758,,,,
Ontario,1982-01,"Index, 201612=100",units,37.65,45.60000000000001,39.95,,,,,,,,,,,,,,,,,Persons,unit,1015416.0,2136774.0,Persons,thousands,"Both sexes, All age groups, Seasonally adjusted",2675.666748046875,2274.0166015625,2882.0166015625,401.6499938964844,4149.64990234375,206.36666870117188,Percentage,unit,"Both sexes, All age groups, Seasonally adjusted",60.95000076293945,66.08333587646484,7.5,,,,
Ontario,1982-10,"Index, 201612=100",units,37.625,45.60000000000001,40.0125,,,,,,,,,,,,,,,,,Persons,unit,1283221.0,3143655.0,Persons,thousands,"Both sexes, All age groups, Seasonally adjusted",2587.25,2179.966552734375,2917.14990234375,407.2833251953125,4207.216796875,329.9333190917969,Percentage,unit,"Both sexes, All age groups, Seasonally adjusted",58.03333282470703,65.93333435058594,11.616666793823242,,,,
Ontario,1982-03,"Index, 201612=100",units,37.775,45.712500000000006,40.0625,,,,,,,,,,,,,,,,,Persons,unit,1343505.0,2645647.0,Persons,thousands,"Both sexes, All age groups, Seasonally adjusted",2660.949951171875,2268.466552734375,2880.716552734375,392.5,4162.93310546875,219.75,Percentage,unit,"Both sexes, All age groups, Seasonally adjusted",60.41666793823242,65.78333282470703,7.800000190734863,,,,
Ontario,1982-02,"Index, 201612=100",units,37.75,45.575,40.012499999999996,,,,,,,,,,,,,,,,,Persons,unit,966966.0,2105052.0,Persons,thousands,"Both sexes, All age groups, Seasonally adjusted",2669.833251953125,2273.699951171875,2882.35009765625,396.1499938964844,4156.86669921875,212.51666259765625,Percentage,unit,"Both sexes, All age groups, Seasonally adjusted",60.766666412353516,65.93333435058594,7.583333492279053,,,,
