province,REF_DATE,uom_houseindex,scalar_houseindex,avg_house_only,avg_land_only,avg_totalhouseland,uom_income,scalar_income,statistic_income,avg_income,uom_expenditure,scalar_expenditure,statistic_expenditure,avg_food_expenditures,avg_income_taxes,avg_mortageinsurance,avg_mortagePaid,avg_accomodation,avg_rent,avg_shelter,avg_total_expenditure,avg_taxes_landregfees,uom_tourist,scalar_tourist,avg_international_tourism,avg_domestic_tourism,uom_labourforce,scalar_labourforce,statistic_labourforce,avg_employment,avg_fulltime,avg_labourforce,avg_parttime,avg_population,avg_unemployment,uom_lfperc,scalar_lfperc,statistic_labourforceperc,avg_employment_rate,avg_participationrate,avg_unemploymentrate,uom_crime,scalar_crime,statistic_crime,avg_crime_incidents
Alberta,1998-10,"Index, 201612=100",units,46.1,41.666666666666664,44.366666666666674,,,,,,,,,,,,,,,,,Persons,unit,84911.0,165774.0,Persons,thousands,"Both sexes, All age groups, Seasonally adjusted",963.7166748046875,778.4500122070312,1023.8666381835938,185.23333740234375,1366.3333740234375,60.16666793823242,Percentage,unit,"Both sexes, All age groups, Seasonally adjusted",65.43333435058594,69.98332977294922,6.366666793823242,Number,unit,Total of all violations-Actual incidents,24138.75
Alberta,1998-09,"Index, 201612=100",units,46.06666666666666,41.666666666666664,44.366666666666674,,,,,,,,,,,,,,,,,Persons,unit,72761.0,192980.0,Persons,thousands,"Both sexes, All age groups, Seasonally adjusted",965.5499877929688,787.066650390625,1027.3499755859375,178.48333740234375,1363.86669921875,61.79999923706055,Percentage,unit,"Both sexes, All age groups, Seasonally adjusted",65.68333435058594,70.23332977294922,6.316666603088379,Number,unit,Total of all violations-Actual incidents,24138.75
Alberta,1998-06,"Index, 201612=100",units,45.699999999999996,41.36666666666667,44.0,,,,,,,,,,,,,,,,,Persons,unit,74103.0,227252.0,Persons,thousands,"Both sexes, All age groups, Seasonally adjusted",954.4500122070312,785.566650390625,1007.4166870117188,168.86666870117188,1354.7833251953125,52.95000076293945,Percentage,unit,"Both sexes, All age groups, Seasonally adjusted",65.21666717529297,69.23332977294922,5.733333110809326,Number,unit,Total of all violations-Actual incidents,24138.75
Alberta,1998-02,"Index, 201612=100",units,44.76666666666667,40.56666666666666,43.1,,,,,,,,,,,,,,,,,Persons,unit,98643.0,160004.0,Persons,thousands,"Both sexes, All age groups, Seasonally adjusted",946.7999877929688,783.0999755859375,998.3333129882812,163.68333435058594,1339.36669921875,51.54999923706055,Percentage,unit,"Both sexes, All age groups, Seasonally adjusted",65.16666412353516,69.05000305175781,5.566666603088379,Number,unit,Total of all violations-Actual incidents,24138.75
Alberta,1998-11,"Index, 201612=100",units,46.199999999999996,41.833333333333336,44.5,,,,,,,,,,,,,,,,,Persons,unit,82802.0,139180.0,Persons,thousands,"Both sexes, All age groups, Seasonally adjusted",966.7333374023438,787.2666625976562,1027.2166748046875,179.4499969482422,1368.5999755859375,60.483333587646484,Percentage,unit,"Both sexes, All age groups, Seasonally adjusted",65.5,70.0,6.316666603088379,Number,unit,Total of all violations-Actual incidents,24138.75
Alberta,1998-08,"Index, 201612=100",units,45.93333333333334,41.56666666666666,44.26666666666666,,,,,,,,,,,,,,,,,Persons,unit,109869.0,288426.0,Persons,thousands,"Both sexes, All age groups, Seasonally adjusted",968.7999877929688,797.3666381835938,1021.0999755859375,171.43333435058594,1360.61669921875,52.266666412353516,Percentage,unit,"Both sexes, All age groups, Seasonally adjusted",66.03333282470703,69.98332977294922,5.516666889190674,Number,unit,Total of all violations-Actual incidents,24138.75
Alberta,1998-05,"Index, 201612=100",units,45.53333333333333,40.9,43.699999999999996,,,,,,,,,,,,,,,,,Persons,unit,91796.0,186151.0,Persons,thousands,"Both sexes, All age groups, Seasonally adjusted",955.0999755859375,786.6333618164062,1008.3499755859375,168.5,1350.7332763671875,53.25,Percentage,unit,"Both sexes, All age groups, Seasonally adjusted",65.55000305175781,69.48332977294922,5.550000190734863,Number,unit,Total of all violations-Actual incidents,24138.75
Alberta,1998-04,"Index, 201612=100",units,45.26666666666667,40.666666666666664,43.5,,,,,,,,,,,,,,,,,Persons,unit,115193.0,183275.0,Persons,thousands,"Both sexes, All age groups, Seasonally adjusted",959.6166381835938,786.683349609375,1009.066650390625,172.96665954589844,1346.8499755859375,49.483333587646484,Percentage,unit,"Both sexes, All age groups, Seasonally adjusted",65.9000015258789,69.6500015258789,5.316666603088379,Number,unit,Total of all violations-Actual incidents,24138.75
Alberta,1998-03,"Index, 201612=100",units,45.03333333333333,40.5,43.333333333333336,,,,,,,,,,,,,,,,,Persons,unit,109119.0,180827.0,Persons,thousands,"Both sexes, All age groups, Seasonally adjusted",946.9000244140625,781.8666381835938,998.7000122070312,165.03334045410156,1343.0167236328125,51.79999923706055,Percentage,unit,"Both sexes, All age groups, Seasonally adjusted",65.01667022705078,68.96666717529297,5.733333110809326,Number,unit,Total of all violations-Actual incidents,24138.75
Alberta,1998-01,"Index, 201612=100",units,44.63333333333333,40.56666666666666,43.03333333333333,,,,,,,,,,,,,,,,,Persons,unit,102089.0,157980.0,Persons,thousands,"Both sexes, All age groups, Seasonally adjusted",949.2833251953125,783.6500244140625,999.433349609375,165.64999389648438,1335.6666259765625,50.16666793823242,Percentage,unit,"Both sexes, All age groups, Seasonally adjusted",65.5,69.33333587646484,5.5,Number,unit,Total of all violations-Actual incidents,24138.75
Alberta,1998-12,"Index, 201612=100",units,46.333333333333336,42.333333333333336,44.73333333333333,,,,,,,,,,,,,,,,,Persons,unit,82907.0,158598.0,Persons,thousands,"Both sexes, All age groups, Seasonally adjusted",966.6333618164062,785.5333251953125,1024.5999755859375,181.10000610351562,1370.4832763671875,58.0,Percentage,unit,"Both sexes, All age groups, Seasonally adjusted",65.30000305175781,69.56666564941406,6.150000095367432,Number,unit,Total of all violations-Actual incidents,24138.75
Alberta,1998-07,"Index, 201612=100",units,45.93333333333334,41.4,44.166666666666664,,,,,,,,,,,,,,,,,Persons,unit,101111.0,307518.0,Persons,thousands,"Both sexes, All age groups, Seasonally adjusted",962.3833618164062,788.25,1014.1166381835938,174.13333129882812,1357.933349609375,51.733333587646484,Percentage,unit,"Both sexes, All age groups, Seasonally adjusted",65.81666564941406,69.63333129882812,5.366666793823242,Number,unit,Total of all violations-Actual incidents,24138.75
New Brunswick,1988-06,"Index, 201612=100",units,82.1,67.4,78.6,,,,,,,,,,,,,,,,,Persons,unit,661240.0,918833.0,Persons,thousands,"Both sexes, All age groups, Seasonally adjusted",182.03334045410156,153.63333129882812,205.1999969482422,28.383333206176758,338.1000061035156,23.183332443237305,Percentage,unit,"Both sexes, All age groups, Seasonally adjusted",50.08333206176758,56.95000076293945,11.683333396911621,,,,
New Brunswick,1988-09,"Index, 201612=100",units,82.1,67.4,78.6,,,,,,,,,,,,,,,,,Persons,unit,620449.0,875229.0,Persons,thousands,"Both sexes, All age groups, Seasonally adjusted",183.9166717529297,155.9499969482422,207.61666870117188,27.950000762939453,338.98333740234375,23.683332443237305,Percentage,unit,"Both sexes, All age groups, Seasonally adjusted",50.31666564941406,57.20000076293945,11.300000190734863,,,,
New Brunswick,1988-03,"Index, 201612=100",units,79.0,66.6,76.0,,,,,,,,,,,,,,,,,Persons,unit,494899.0,668921.0,Persons,thousands,"Both sexes, All age groups, Seasonally adjusted",181.46665954589844,153.25,206.68333435058594,28.233333587646484,336.8999938964844,25.21666717529297,Percentage,unit,"Both sexes, All age groups, Seasonally adjusted",50.28333282470703,57.483333587646484,12.100000381469727,,,,
New Brunswick,1988-05,"Index, 201612=100",units,82.1,66.6,78.4,,,,,,,,,,,,,,,,,Persons,unit,652027.0,879583.0,Persons,thousands,"Both sexes, All age groups, Seasonally adjusted",181.0833282470703,153.5833282470703,205.78334045410156,27.549999237060547,337.6833190917969,24.683332443237305,Percentage,unit,"Both sexes, All age groups, Seasonally adjusted",49.849998474121094,57.099998474121094,12.100000381469727,,,,
New Brunswick,1988-12,"Index, 201612=100",units,82.1,68.1,78.6,,,,,,,,,,,,,,,,,Persons,unit,614107.0,806899.0,Persons,thousands,"Both sexes, All age groups, Seasonally adjusted",187.81666564941406,159.9499969482422,210.1999969482422,27.883333206176758,339.8500061035156,22.383333206176758,Percentage,unit,"Both sexes, All age groups, Seasonally adjusted",51.31666564941406,57.766666412353516,10.866666793823242,,,,
New Brunswick,1988-02,"Index, 201612=100",units,79.0,66.6,76.0,,,,,,,,,,,,,,,,,Persons,unit,392450.0,543338.0,Persons,thousands,"Both sexes, All age groups, Seasonally adjusted",181.64999389648438,152.5833282470703,205.48333740234375,29.03333282470703,336.5833435058594,23.850000381469727,Percentage,unit,"Both sexes, All age groups, Seasonally adjusted",50.349998474121094,57.28333282470703,11.783333778381348,,,,
New Brunswick,1988-11,"Index, 201612=100",units,82.1,67.4,78.6,,,,,,,,,,,,,,,,,Persons,unit,561981.0,745958.0,Persons,thousands,"Both sexes, All age groups, Seasonally adjusted",185.88333129882812,158.43333435058594,209.21665954589844,27.46666717529297,339.54998779296875,23.366666793823242,Percentage,unit,"Both sexes, All age groups, Seasonally adjusted",50.81666564941406,57.58333206176758,11.216666221618652,,,,
New Brunswick,1988-10,"Index, 201612=100",units,82.1,67.4,78.6,,,,,,,,,,,,,,,,,Persons,unit,622694.0,838691.0,Persons,thousands,"Both sexes, All age groups, Seasonally adjusted",186.6666717529297,158.71665954589844,209.89999389648438,27.950000762939453,339.26666259765625,23.25,Percentage,unit,"Both sexes, All age groups, Seasonally adjusted",51.08333206176758,57.88333511352539,11.133333206176758,,,,
New Brunswick,1988-01,"Index, 201612=100",units,79.0,66.6,76.0,,,,,,,,,,,,,,,,,Persons,unit,408295.0,568581.0,Persons,thousands,"Both sexes, All age groups, Seasonally adjusted",180.71665954589844,152.6666717529297,206.14999389648438,28.100000381469727,336.29998779296875,25.450000762939453,Percentage,unit,"Both sexes, All age groups, Seasonally adjusted",50.150001525878906,57.56666564941406,12.366666793823242,,,,
New Brunswick,1988-04,"Index, 201612=100",units,82.1,66.6,78.4,,,,,,,,,,,,,,,,,Persons,unit,567703.0,758794.0,Persons,thousands,"Both sexes, All age groups, Seasonally adjusted",182.25,153.71665954589844,205.28334045410156,28.516666412353516,337.25,23.03333282470703,Percentage,unit,"Both sexes, All age groups, Seasonally adjusted",50.31666564941406,57.04999923706055,11.283333778381348,,,,
New Brunswick,1988-08,"Index, 201612=100",units,82.1,67.4,78.6,,,,,,,,,,,,,,,,,Persons,unit,764133.0,1125850.0,Persons,thousands,"Both sexes, All age groups, Seasonally adjusted",183.11666870117188,155.01666259765625,205.88333129882812,28.133333206176758,338.8333435058594,22.799999237060547,Percentage,unit,"Both sexes, All age groups, Seasonally adjusted",50.20000076293945,56.86666488647461,11.199999809265137,,,,
New Brunswick,1988-07,"Index, 201612=100",units,82.1,67.4,78.6,,,,,,,,,,,,,,,,,Persons,unit,798455.0,1179193.0,Persons,thousands,"Both sexes, All age groups, Seasonally adjusted",182.86666870117188,153.26666259765625,205.21665954589844,29.600000381469727,338.4166564941406,22.366666793823242,Percentage,unit,"Both sexes, All age groups, Seasonally adjusted",50.25,56.78333282470703,10.883333206176758,,,,
