province,REF_DATE,uom_houseindex,scalar_houseindex,avg_house_only,avg_land_only,avg_totalhouseland,uom_income,scalar_income,statistic_income,avg_income,uom_expenditure,scalar_expenditure,statistic_expenditure,avg_food_expenditures,avg_income_taxes,avg_mortageinsurance,avg_mortagePaid,avg_accomodation,avg_rent,avg_shelter,avg_total_expenditure,avg_taxes_landregfees,uom_tourist,scalar_tourist,avg_international_tourism,avg_domestic_tourism,uom_labourforce,scalar_labourforce,statistic_labourforce,avg_employment,avg_fulltime,avg_labourforce,avg_parttime,avg_population,avg_unemployment,uom_lfperc,scalar_lfperc,statistic_labourforceperc,avg_employment_rate,avg_participationrate,avg_unemploymentrate,uom_crime,scalar_crime,statistic_crime,avg_crime_incidents
British Columbia,1989-06,"Index, 201612=100",units,119.83333333333333,58.20000000000001,89.63333333333333,,,,,,,,,,,,,,,,,Persons,unit,1330452.0,1994965.0,Persons,thousands,"Both sexes, All age groups, Seasonally adjusted",953.7999877929688,792.4000244140625,1047.066650390625,161.39999389648438,1513.5167236328125,93.28333282470703,Percentage,unit,"Both sexes, All age groups, Seasonally adjusted",59.56666564941406,65.73332977294922,9.649999618530273,,,,
British Columbia,1989-03,"Index, 201612=100",units,118.26666666666667,56.73333333333334,87.83333333333333,,,,,,,,,,,,,,,,,Persons,unit,1309639.0,1645319.0,Persons,thousands,"Both sexes, All age groups, Seasonally adjusted",943.8333129882812,782.183349609375,1041.800048828125,161.64999389648438,1503.0167236328125,97.96666717529297,Percentage,unit,"Both sexes, All age groups, Seasonally adjusted",59.29999923706055,65.8499984741211,10.016666412353516,,,,
British Columbia,1989-11,"Index, 201612=100",units,122.43333333333332,65.33333333333333,94.16666666666667,,,,,,,,,,,,,,,,,Persons,unit,1178666.0,1499347.0,Persons,thousands,"Both sexes, All age groups, Seasonally adjusted",973.6500244140625,816.2333374023438,1059.0333251953125,157.4499969482422,1533.699951171875,85.36666870117188,Percentage,unit,"Both sexes, All age groups, Seasonally adjusted",59.88333511352539,65.5,8.350000381469727,,,,
British Columbia,1989-07,"Index, 201612=100",units,120.8,60.03333333333333,91.03333333333335,,,,,,,,,,,,,,,,,Persons,unit,1629485.0,2500468.0,Persons,thousands,"Both sexes, All age groups, Seasonally adjusted",952.5499877929688,803.183349609375,1046.6500244140625,149.35000610351562,1517.7833251953125,94.08333587646484,Percentage,unit,"Both sexes, All age groups, Seasonally adjusted",59.150001525878906,65.38333129882812,9.633333206176758,,,,
British Columbia,1989-01,"Index, 201612=100",units,113.96666666666665,53.300000000000004,83.93333333333332,,,,,,,,,,,,,,,,,Persons,unit,1061279.0,1334693.0,Persons,thousands,"Both sexes, All age groups, Seasonally adjusted",931.25,765.3499755859375,1030.7166748046875,165.88333129882812,1498.433349609375,99.5,Percentage,unit,"Both sexes, All age groups, Seasonally adjusted",58.766666412353516,65.46666717529297,10.266666412353516,,,,
British Columbia,1989-12,"Index, 201612=100",units,124.2,66.7,95.60000000000001,,,,,,,,,,,,,,,,,Persons,unit,1132169.0,1467973.0,Persons,thousands,"Both sexes, All age groups, Seasonally adjusted",978.3499755859375,815.433349609375,1065.1500244140625,162.89999389648438,1536.4000244140625,86.83333587646484,Percentage,unit,"Both sexes, All age groups, Seasonally adjusted",60.099998474121094,65.80000305175781,8.433333396911621,,,,
British Columbia,1989-05,"Index, 201612=100",units,119.56666666666666,57.56666666666666,89.06666666666666,,,,,,,,,,,,,,,,,Persons,unit,1372673.0,1870177.0,Persons,thousands,"Both sexes, All age groups, Seasonally adjusted",947.0499877929688,785.7666625976562,1047.0,161.3000030517578,1509.63330078125,99.93333435058594,Percentage,unit,"Both sexes, All age groups, Seasonally adjusted",59.266666412353516,65.91666412353516,10.100000381469727,,,,
British Columbia,1989-02,"Index, 201612=100",units,117.16666666666667,55.96666666666667,86.89999999999999,,,,,,,,,,,,,,,,,Persons,unit,1007199.0,1262959.0,Persons,thousands,"Both sexes, All age groups, Seasonally adjusted",941.2666625976562,777.6333618164062,1038.0,163.63333129882812,1500.683349609375,96.71666717529297,Percentage,unit,"Both sexes, All age groups, Seasonally adjusted",59.349998474121094,65.75,9.649999618530273,,,,
British Columbia,1989-04,"Index, 201612=100",units,119.93333333333334,57.86666666666667,89.39999999999999,,,,,,,,,,,,,,,,,Persons,unit,1333886.0,1711882.0,Persons,thousands,"Both sexes, All age groups, Seasonally adjusted",949.7833251953125,785.9833374023438,1046.38330078125,163.8000030517578,1505.683349609375,96.5999984741211,Percentage,unit,"Both sexes, All age groups, Seasonally adjusted",59.70000076293945,66.11666870117188,9.949999809265137,,,,
British Columbia,1989-08,"Index, 201612=100",units,119.2,60.43333333333334,90.46666666666665,,,,,,,,,,,,,,,,,Persons,unit,1604320.0,2497033.0,Persons,thousands,"Both sexes, All age groups, Seasonally adjusted",957.6666870117188,804.7166748046875,1046.683349609375,152.9166717529297,1523.2667236328125,89.03333282470703,Percentage,unit,"Both sexes, All age groups, Seasonally adjusted",59.31666564941406,65.19999694824219,9.166666984558105,,,,
British Columbia,1989-09,"Index, 201612=100",units,120.10000000000001,61.93333333333334,91.59999999999998,,,,,,,,,,,,,,,,,Persons,unit,1343555.0,1949279.0,Persons,thousands,"Both sexes, All age groups, Seasonally adjusted",962.4833374023438,809.8333129882812,1048.5333251953125,152.63333129882812,1527.050048828125,86.06666564941406,Percentage,unit,"Both sexes, All age groups, Seasonally adjusted",59.46666717529297,65.26667022705078,8.75,,,,
British Columbia,1989-10,"Index, 201612=100",units,121.36666666666667,62.9,92.59999999999998,,,,,,,,,,,,,,,,,Persons,unit,1294322.0,1672836.0,Persons,thousands,"Both sexes, All age groups, Seasonally adjusted",965.7999877929688,807.7666625976562,1053.0833740234375,158.03334045410156,1530.9000244140625,87.26667022705078,Percentage,unit,"Both sexes, All age groups, Seasonally adjusted",59.599998474121094,65.30000305175781,8.466666221618652,,,,
Newfoundland and Labrador,1981-06,"Index, 201612=100",units,37.7,31.9,36.4,,,,,,,,,,,,,,,,,Persons,unit,1068.0,9591.0,Persons,thousands,"Both sexes, All age groups, Seasonally adjusted",116.23332977294922,106.19999694824219,132.63333129882812,10.050000190734863,241.76666259765625,16.383333206176758,Percentage,unit,"Both sexes, All age groups, Seasonally adjusted",44.483333587646484,51.11666488647461,12.533333778381348,,,,
Newfoundland and Labrador,1981-12,"Index, 201612=100",units,38.5,31.9,37.1,,,,,,,,,,,,,,,,,Persons,unit,209.0,6638.0,Persons,thousands,"Both sexes, All age groups, Seasonally adjusted",113.63333129882812,104.31666564941406,130.48333740234375,9.316666603088379,242.51666259765625,16.850000381469727,Percentage,unit,"Both sexes, All age groups, Seasonally adjusted",43.31666564941406,49.96666717529297,12.933333396911621,,,,
Newfoundland and Labrador,1981-11,"Index, 201612=100",units,38.5,31.9,37.1,,,,,,,,,,,,,,,,,Persons,unit,268.0,9763.0,Persons,thousands,"Both sexes, All age groups, Seasonally adjusted",114.03333282470703,104.11666870117188,131.36666870117188,9.916666984558105,242.3333282470703,17.33333396911621,Percentage,unit,"Both sexes, All age groups, Seasonally adjusted",43.5,50.45000076293945,13.416666984558105,,,,
Newfoundland and Labrador,1981-02,"Index, 201612=100",units,37.5,31.8,36.2,,,,,,,,,,,,,,,,,Persons,unit,141.0,5605.0,Persons,thousands,"Both sexes, All age groups, Seasonally adjusted",119.31666564941406,109.83333587646484,135.6999969482422,9.466666221618652,240.5833282470703,16.383333206176758,Percentage,unit,"Both sexes, All age groups, Seasonally adjusted",46.04999923706055,52.599998474121094,11.949999809265137,,,,
Newfoundland and Labrador,1981-10,"Index, 201612=100",units,37.8,31.9,36.4,,,,,,,,,,,,,,,,,Persons,unit,469.0,12076.0,Persons,thousands,"Both sexes, All age groups, Seasonally adjusted",112.38333129882812,103.26667022705078,131.81666564941406,9.116666793823242,242.3000030517578,19.450000762939453,Percentage,unit,"Both sexes, All age groups, Seasonally adjusted",42.86666488647461,50.68333435058594,14.933333396911621,,,,
Newfoundland and Labrador,1981-05,"Index, 201612=100",units,37.7,31.9,36.4,,,,,,,,,,,,,,,,,Persons,unit,2345.0,10365.0,Persons,thousands,"Both sexes, All age groups, Seasonally adjusted",120.36666870117188,108.98332977294922,134.76666259765625,11.333333015441895,241.35000610351562,14.433333396911621,Percentage,unit,"Both sexes, All age groups, Seasonally adjusted",46.16666793823242,51.900001525878906,10.766666412353516,,,,
Newfoundland and Labrador,1981-08,"Index, 201612=100",units,37.8,31.9,36.4,,,,,,,,,,,,,,,,,Persons,unit,3346.0,14734.0,Persons,thousands,"Both sexes, All age groups, Seasonally adjusted",114.73332977294922,104.13333129882812,131.5,10.633333206176758,242.25,16.75,Percentage,unit,"Both sexes, All age groups, Seasonally adjusted",43.766666412353516,50.5,13.033333778381348,,,,
Newfoundland and Labrador,1981-04,"Index, 201612=100",units,37.5,31.8,36.2,,,,,,,,,,,,,,,,,Persons,unit,960.0,7255.0,Persons,thousands,"Both sexes, All age groups, Seasonally adjusted",117.53333282470703,106.76667022705078,133.28334045410156,10.800000190734863,241.14999389648438,15.75,Percentage,unit,"Both sexes, All age groups, Seasonally adjusted",45.13333511352539,51.43333435058594,11.866666793823242,,,,
Newfoundland and Labrador,1981-07,"Index, 201612=100",units,37.7,31.9,36.4,,,,,,,,,,,,,,,,,Persons,unit,2988.0,12804.0,Persons,thousands,"Both sexes, All age groups, Seasonally adjusted",115.53333282470703,105.98332977294922,132.11666870117188,9.566666603088379,242.0500030517578,16.600000381469727,Percentage,unit,"Both sexes, All age groups, Seasonally adjusted",44.150001525878906,50.849998474121094,13.0,,,,
Newfoundland and Labrador,1981-01,"Index, 201612=100",units,37.5,31.4,36.1,,,,,,,,,,,,,,,,,Persons,unit,293.0,7038.0,Persons,thousands,"Both sexes, All age groups, Seasonally adjusted",118.26667022705078,109.21666717529297,135.5,9.033333778381348,240.21665954589844,17.233333587646484,Percentage,unit,"Both sexes, All age groups, Seasonally adjusted",45.766666412353516,52.66666793823242,12.733333587646484,,,,
Newfoundland and Labrador,1981-03,"Index, 201612=100",units,37.5,31.8,36.2,,,,,,,,,,,,,,,,,Persons,unit,306.0,6834.0,Persons,thousands,"Both sexes, All age groups, Seasonally adjusted",116.93333435058594,107.1500015258789,132.88333129882812,9.800000190734863,240.8333282470703,15.933333396911621,Percentage,unit,"Both sexes, All age groups, Seasonally adjusted",44.96666717529297,51.33333206176758,12.083333015441895,,,,
Newfoundland and Labrador,1981-09,"Index, 201612=100",units,37.8,31.9,36.4,,,,,,,,,,,,,,,,,Persons,unit,1213.0,19960.0,Persons,thousands,"Both sexes, All age groups, Seasonally adjusted",112.55000305175781,103.25,133.75,9.300000190734863,242.3000030517578,21.200000762939453,Percentage,unit,"Both sexes, All age groups, Seasonally adjusted",43.0,51.56666564941406,16.08333396911621,,,,
Ontario,1986-12,"Index, 201612=100",units,48.17777777777778,55.05555555555556,50.266666666666666,,,,,,,,,,,,,,,,,Persons,unit,1229818.0,2967169.0,Persons,thousands,"Both sexes, All age groups, Seasonally adjusted",3001.0166015625,2523.933349609375,3210.683349609375,477.1166687011719,4550.63330078125,209.6666717529297,Percentage,unit,"Both sexes, All age groups, Seasonally adjusted",62.21666717529297,66.83333587646484,6.75,,,,
Ontario,1986-09,"Index, 201612=100",units,46.577777777777776,54.1888888888889,48.81111111111111,,,,,,,,,,,,,,,,,Persons,unit,1427411.0,3872471.0,Persons,thousands,"Both sexes, All age groups, Seasonally adjusted",2974.7666015625,2508.433349609375,3195.36669921875,466.3500061035156,4530.466796875,220.5833282470703,Percentage,unit,"Both sexes, All age groups, Seasonally adjusted",61.849998474121094,66.80000305175781,7.300000190734863,,,,
Ontario,1986-01,"Index, 201612=100",units,43.22222222222222,52.27777777777778,45.65555555555555,,,,,,,,,,,,,,,,,Persons,unit,1257066.0,2612874.0,Persons,thousands,"Both sexes, All age groups, Seasonally adjusted",2932.183349609375,2485.916748046875,3151.199951171875,446.26666259765625,4470.36669921875,219.0,Percentage,unit,"Both sexes, All age groups, Seasonally adjusted",61.95000076293945,66.91666412353516,7.099999904632568,,,,
Ontario,1986-05,"Index, 201612=100",units,45.055555555555564,53.166666666666664,47.31111111111111,,,,,,,,,,,,,,,,,Persons,unit,1455555.0,3945523.0,Persons,thousands,"Both sexes, All age groups, Seasonally adjusted",2966.14990234375,2511.7666015625,3181.050048828125,454.3999938964844,4496.85009765625,214.88333129882812,Percentage,unit,"Both sexes, All age groups, Seasonally adjusted",62.38333511352539,67.19999694824219,6.9666666984558105,,,,
Ontario,1986-04,"Index, 201612=100",units,44.62222222222223,52.94444444444444,46.94444444444444,,,,,,,,,,,,,,,,,Persons,unit,1398373.0,3206264.0,Persons,thousands,"Both sexes, All age groups, Seasonally adjusted",2972.300048828125,2514.14990234375,3186.25,458.1499938964844,4489.81689453125,213.9499969482422,Percentage,unit,"Both sexes, All age groups, Seasonally adjusted",62.70000076293945,67.48332977294922,6.833333492279053,,,,
Ontario,1986-07,"Index, 201612=100",units,45.611111111111114,53.53333333333333,47.833333333333336,,,,,,,,,,,,,,,,,Persons,unit,1689615.0,6026254.0,Persons,thousands,"Both sexes, All age groups, Seasonally adjusted",2975.14990234375,2518.933349609375,3191.050048828125,456.2166748046875,4513.783203125,215.93333435058594,Percentage,unit,"Both sexes, All age groups, Seasonally adjusted",62.233333587646484,67.03333282470703,7.0333333015441895,,,,
Ontario,1986-06,"Index, 201612=100",units,45.22222222222223,53.31111111111111,47.48888888888889,,,,,,,,,,,,,,,,,Persons,unit,1460596.0,4535033.0,Persons,thousands,"Both sexes, All age groups, Seasonally adjusted",2973.283447265625,2510.2333984375,3188.25,463.0666809082031,4506.68310546875,214.9499969482422,Percentage,unit,"Both sexes, All age groups, Seasonally adjusted",62.46666717529297,67.25,7.066666603088379,,,,
Ontario,1986-10,"Index, 201612=100",units,46.988888888888894,54.13333333333334,49.12222222222223,,,,,,,,,,,,,,,,,Persons,unit,1436158.0,3542721.0,Persons,thousands,"Both sexes, All age groups, Seasonally adjusted",2985.64990234375,2523.533447265625,3204.5,462.1166687011719,4537.39990234375,218.81666564941406,Percentage,unit,"Both sexes, All age groups, Seasonally adjusted",62.04999923706055,66.88333129882812,7.066666603088379,,,,
Ontario,1986-03,"Index, 201612=100",units,44.15555555555555,53.08888888888888,46.588888888888896,,,,,,,,,,,,,,,,,Persons,unit,1653424.0,3395210.0,Persons,thousands,"Both sexes, All age groups, Seasonally adjusted",2943.4833984375,2501.566650390625,3153.9833984375,441.95001220703125,4481.9501953125,210.48333740234375,Percentage,unit,"Both sexes, All age groups, Seasonally adjusted",61.95000076293945,66.68333435058594,6.833333492279053,,,,
Ontario,1986-02,"Index, 201612=100",units,43.87777777777777,52.74444444444445,46.266666666666666,,,,,,,,,,,,,,,,,Persons,unit,1073904.0,2366461.0,Persons,thousands,"Both sexes, All age groups, Seasonally adjusted",2945.566650390625,2498.86669921875,3164.7666015625,446.70001220703125,4476.2001953125,219.18333435058594,Percentage,unit,"Both sexes, All age groups, Seasonally adjusted",62.099998474121094,67.11666870117188,7.2166666984558105,,,,
Ontario,1986-08,"Index, 201612=100",units,45.888888888888886,53.78888888888889,48.155555555555566,,,,,,,,,,,,,,,,,Persons,unit,2082856.0,6523415.0,Persons,thousands,"Both sexes, All age groups, Seasonally adjusted",2978.75,2524.033447265625,3192.7666015625,454.7166748046875,4521.39990234375,214.06666564941406,Percentage,unit,"Both sexes, All age groups, Seasonally adjusted",62.20000076293945,66.94999694824219,7.099999904632568,,,,
Ontario,1986-11,"Index, 201612=100",units,48.02222222222222,54.77777777777778,50.11111111111112,,,,,,,,,,,,,,,,,Persons,unit,1298562.0,3055087.0,Persons,thousands,"Both sexes, All age groups, Seasonally adjusted",3001.14990234375,2540.166748046875,3202.466552734375,461.01666259765625,4544.2333984375,201.26666259765625,Percentage,unit,"Both sexes, All age groups, Seasonally adjusted",62.36666488647461,66.80000305175781,6.449999809265137,,,,
Ontario,2011-06,"Index, 201612=100",units,87.02222222222223,94.85555555555555,89.15555555555557,Dollars,units,"Median total income,Both sexes,All age groups",2524.17,Dollars,unit,Average expenditure per household,649.92,1125.58,5.83,444.33,1312.42,281.25,1406.67,6427.08,21.92,Persons,unit,2248918.0,4076049.0,Persons,thousands,"Both sexes, All age groups, Seasonally adjusted",4259.63330078125,3481.050048828125,4609.2998046875,778.5833129882812,6628.35009765625,349.6666564941406,Percentage,unit,"Both sexes, All age groups, Seasonally adjusted",60.81666564941406,66.4000015258789,8.399999618530273,Number,unit,Total of all violations-Actual incidents,53014.33
Ontario,2011-04,"Index, 201612=100",units,86.52222222222223,94.71111111111112,88.74444444444444,Dollars,units,"Median total income,Both sexes,All age groups",2524.17,Dollars,unit,Average expenditure per household,649.92,1125.58,5.83,444.33,1312.42,281.25,1406.67,6427.08,21.92,Persons,unit,2600606.0,3829315.0,Persons,thousands,"Both sexes, All age groups, Seasonally adjusted",4251.18310546875,3490.0166015625,4605.35009765625,761.1500244140625,6615.93310546875,354.1666564941406,Percentage,unit,"Both sexes, All age groups, Seasonally adjusted",60.650001525878906,66.30000305175781,8.633333206176758,Number,unit,Total of all violations-Actual incidents,53014.33
Ontario,2011-11,"Index, 201612=100",units,88.04444444444445,95.26666666666667,90.04444444444444,Dollars,units,"Median total income,Both sexes,All age groups",2524.17,Dollars,unit,Average expenditure per household,649.92,1125.58,5.83,444.33,1312.42,281.25,1406.67,6427.08,21.92,Persons,unit,2321611.0,3462965.0,Persons,thousands,"Both sexes, All age groups, Seasonally adjusted",4250.41650390625,3480.64990234375,4607.06689453125,769.7666625976562,6669.08349609375,356.6499938964844,Percentage,unit,"Both sexes, All age groups, Seasonally adjusted",60.33333206176758,66.0,8.516666412353516,Number,unit,Total of all violations-Actual incidents,53014.33
Ontario,2011-01,"Index, 201612=100",units,85.9111111111111,94.22222222222223,88.2,Dollars,units,"Median total income,Both sexes,All age groups",2524.17,Dollars,unit,Average expenditure per household,649.92,1125.58,5.83,444.33,1312.42,281.25,1406.67,6427.08,21.92,Persons,unit,2228607.0,3190338.0,Persons,thousands,"Both sexes, All age groups, Seasonally adjusted",4237.533203125,3463.2333984375,4597.2666015625,774.2666625976562,6600.966796875,359.75,Percentage,unit,"Both sexes, All age groups, Seasonally adjusted",60.58333206176758,66.3499984741211,8.716666221618652,Number,unit,Total of all violations-Actual incidents,53014.33
Ontario,2011-02,"Index, 201612=100",units,86.15555555555555,94.53333333333335,88.45555555555556,Dollars,units,"Median total income,Both sexes,All age groups",2524.17,Dollars,unit,Average expenditure per household,649.92,1125.58,5.83,444.33,1312.42,281.25,1406.67,6427.08,21.92,Persons,unit,2032889.0,2943554.0,Persons,thousands,"Both sexes, All age groups, Seasonally adjusted",4224.16650390625,3462.60009765625,4575.283203125,761.5833129882812,6606.13330078125,351.1166687011719,Percentage,unit,"Both sexes, All age groups, Seasonally adjusted",60.38333511352539,66.0,8.533333778381348,Number,unit,Total of all violations-Actual incidents,53014.33
Ontario,2011-09,"Index, 201612=100",units,87.43333333333334,95.0888888888889,89.5111111111111,Dollars,units,"Median total income,Both sexes,All age groups",2524.17,Dollars,unit,Average expenditure per household,649.92,1125.58,5.83,444.33,1312.42,281.25,1406.67,6427.08,21.92,Persons,unit,2383971.0,3980975.0,Persons,thousands,"Both sexes, All age groups, Seasonally adjusted",4255.36669921875,3507.550048828125,4602.43310546875,747.816650390625,6655.7666015625,347.1000061035156,Percentage,unit,"Both sexes, All age groups, Seasonally adjusted",60.400001525878906,66.01667022705078,8.533333778381348,Number,unit,Total of all violations-Actual incidents,53014.33
Ontario,2011-12,"Index, 201612=100",units,88.10000000000001,95.33333333333333,90.08888888888889,Dollars,units,"Median total income,Both sexes,All age groups",2524.17,Dollars,unit,Average expenditure per household,649.92,1125.58,5.83,444.33,1312.42,281.25,1406.67,6427.08,21.92,Persons,unit,2345277.0,3584722.0,Persons,thousands,"Both sexes, All age groups, Seasonally adjusted",4263.5498046875,3487.933349609375,4598.43310546875,775.5833129882812,6675.61669921875,334.8999938964844,Percentage,unit,"Both sexes, All age groups, Seasonally adjusted",60.29999923706055,65.5999984741211,8.149999618530273,Number,unit,Total of all violations-Actual incidents,53014.33
Ontario,2011-08,"Index, 201612=100",units,87.37777777777778,95.03333333333333,89.45555555555555,Dollars,units,"Median total income,Both sexes,All age groups",2524.17,Dollars,unit,Average expenditure per household,649.92,1125.58,5.83,444.33,1312.42,281.25,1406.67,6427.08,21.92,Persons,unit,3056761.0,5113053.0,Persons,thousands,"Both sexes, All age groups, Seasonally adjusted",4264.31689453125,3513.88330078125,4599.0,750.4666748046875,6647.58349609375,334.6666564941406,Percentage,unit,"Both sexes, All age groups, Seasonally adjusted",60.68333435058594,65.96666717529297,8.050000190734863,Number,unit,Total of all violations-Actual incidents,53014.33
Ontario,2011-05,"Index, 201612=100",units,86.69999999999999,94.8777777777778,88.92222222222223,Dollars,units,"Median total income,Both sexes,All age groups",2524.17,Dollars,unit,Average expenditure per household,649.92,1125.58,5.83,444.33,1312.42,281.25,1406.67,6427.08,21.92,Persons,unit,2589463.0,4045658.0,Persons,thousands,"Both sexes, All age groups, Seasonally adjusted",4244.16650390625,3489.60009765625,4601.56689453125,754.5833129882812,6622.2001953125,357.4166564941406,Percentage,unit,"Both sexes, All age groups, Seasonally adjusted",60.516666412353516,66.26667022705078,8.649999618530273,Number,unit,Total of all violations-Actual incidents,53014.33
Ontario,2011-03,"Index, 201612=100",units,86.1,94.66666666666669,88.44444444444444,Dollars,units,"Median total income,Both sexes,All age groups",2524.17,Dollars,unit,Average expenditure per household,649.92,1125.58,5.83,444.33,1312.42,281.25,1406.67,6427.08,21.92,Persons,unit,2737641.0,3838593.0,Persons,thousands,"Both sexes, All age groups, Seasonally adjusted",4232.0498046875,3489.833251953125,4589.38330078125,742.2333374023438,6610.83349609375,357.3166809082031,Percentage,unit,"Both sexes, All age groups, Seasonally adjusted",60.45000076293945,66.19999694824219,8.766666412353516,Number,unit,Total of all violations-Actual incidents,53014.33
Ontario,2011-07,"Index, 201612=100",units,87.13333333333335,94.91111111111111,89.24444444444444,Dollars,units,"Median total income,Both sexes,All age groups",2524.17,Dollars,unit,Average expenditure per household,649.92,1125.58,5.83,444.33,1312.42,281.25,1406.67,6427.08,21.92,Persons,unit,2774415.0,5041050.0,Persons,thousands,"Both sexes, All age groups, Seasonally adjusted",4253.81689453125,3501.833251953125,4592.56689453125,751.9666748046875,6636.9501953125,338.75,Percentage,unit,"Both sexes, All age groups, Seasonally adjusted",60.68333435058594,66.0999984741211,8.166666984558105,Number,unit,Total of all violations-Actual incidents,53014.33
Ontario,2011-10,"Index, 201612=100",units,87.54444444444444,95.14444444444445,89.62222222222222,Dollars,units,"Median total income,Both sexes,All age groups",2524.17,Dollars,unit,Average expenditure per household,649.92,1125.58,5.83,444.33,1312.42,281.25,1406.67,6427.08,21.92,Persons,unit,2354903.0,3729150.0,Persons,thousands,"Both sexes, All age groups, Seasonally adjusted",4242.9501953125,3456.2666015625,4594.7001953125,786.7000122070312,6662.7001953125,351.75,Percentage,unit,"Both sexes, All age groups, Seasonally adjusted",60.16666793823242,65.80000305175781,8.550000190734863,Number,unit,Total of all violations-Actual incidents,53014.33
Prairie Region,2015-03,"Index, 201612=100",units,101.4,98.7,100.6,,,,,Dollars,unit,Average expenditure per household,797.08,1740.67,12.33,524.58,1442.5,309.83,1625.58,8337.17,3.58,,,,,,,,,,,,,,,,,,,,,,,
Prairie Region,2015-11,"Index, 201612=100",units,101.1,99.1,100.4,,,,,Dollars,unit,Average expenditure per household,797.08,1740.67,12.33,524.58,1442.5,309.83,1625.58,8337.17,3.58,,,,,,,,,,,,,,,,,,,,,,,
Prairie Region,2015-06,"Index, 201612=100",units,101.0,99.2,100.5,,,,,Dollars,unit,Average expenditure per household,797.08,1740.67,12.33,524.58,1442.5,309.83,1625.58,8337.17,3.58,,,,,,,,,,,,,,,,,,,,,,,
Prairie Region,2015-12,"Index, 201612=100",units,101.1,99.1,100.5,,,,,Dollars,unit,Average expenditure per household,797.08,1740.67,12.33,524.58,1442.5,309.83,1625.58,8337.17,3.58,,,,,,,,,,,,,,,,,,,,,,,
Prairie Region,2015-09,"Index, 201612=100",units,100.9,99.1,100.3,,,,,Dollars,unit,Average expenditure per household,797.08,1740.67,12.33,524.58,1442.5,309.83,1625.58,8337.17,3.58,,,,,,,,,,,,,,,,,,,,,,,
Prairie Region,2015-08,"Index, 201612=100",units,101.0,99.1,100.4,,,,,Dollars,unit,Average expenditure per household,797.08,1740.67,12.33,524.58,1442.5,309.83,1625.58,8337.17,3.58,,,,,,,,,,,,,,,,,,,,,,,
Prairie Region,2015-10,"Index, 201612=100",units,101.1,99.1,100.5,,,,,Dollars,unit,Average expenditure per household,797.08,1740.67,12.33,524.58,1442.5,309.83,1625.58,8337.17,3.58,,,,,,,,,,,,,,,,,,,,,,,
Prairie Region,2015-02,"Index, 201612=100",units,101.8,98.6,100.8,,,,,Dollars,unit,Average expenditure per household,797.08,1740.67,12.33,524.58,1442.5,309.83,1625.58,8337.17,3.58,,,,,,,,,,,,,,,,,,,,,,,
Prairie Region,2015-04,"Index, 201612=100",units,101.2,98.7,100.4,,,,,Dollars,unit,Average expenditure per household,797.08,1740.67,12.33,524.58,1442.5,309.83,1625.58,8337.17,3.58,,,,,,,,,,,,,,,,,,,,,,,
Prairie Region,2015-01,"Index, 201612=100",units,101.8,98.5,100.7,,,,,Dollars,unit,Average expenditure per household,797.08,1740.67,12.33,524.58,1442.5,309.83,1625.58,8337.17,3.58,,,,,,,,,,,,,,,,,,,,,,,
Prairie Region,2015-05,"Index, 201612=100",units,101.3,98.7,100.5,,,,,Dollars,unit,Average expenditure per household,797.08,1740.67,12.33,524.58,1442.5,309.83,1625.58,8337.17,3.58,,,,,,,,,,,,,,,,,,,,,,,
Prairie Region,2015-07,"Index, 201612=100",units,101.0,99.1,100.4,,,,,Dollars,unit,Average expenditure per household,797.08,1740.67,12.33,524.58,1442.5,309.83,1625.58,8337.17,3.58,,,,,,,,,,,,,,,,,,,,,,,
Saskatchewan,1990-01,"Index, 201612=100",units,32.766666666666666,33.26666666666667,32.86666666666667,,,,,,,,,,,,,,,,,Persons,unit,45048.0,59566.0,Persons,thousands,"Both sexes, All age groups, Seasonally adjusted",284.4333190917969,224.48333740234375,307.70001220703125,59.95000076293945,446.5666809082031,23.28333282470703,Percentage,unit,"Both sexes, All age groups, Seasonally adjusted",60.38333511352539,65.61666870117188,7.7833333015441895,,,,
Saskatchewan,1990-02,"Index, 201612=100",units,32.93333333333334,33.6,33.06666666666666,,,,,,,,,,,,,,,,,Persons,unit,50928.0,65018.0,Persons,thousands,"Both sexes, All age groups, Seasonally adjusted",287.9666748046875,226.78334045410156,309.0666809082031,61.18333435058594,446.3666687011719,21.100000381469727,Percentage,unit,"Both sexes, All age groups, Seasonally adjusted",61.150001525878906,65.88333129882812,7.083333492279053,,,,
Saskatchewan,1990-07,"Index, 201612=100",units,32.96666666666667,33.63333333333333,33.13333333333333,,,,,,,,,,,,,,,,,Persons,unit,98949.0,141730.0,Persons,thousands,"Both sexes, All age groups, Seasonally adjusted",286.7166748046875,226.56666564941406,306.9666748046875,60.16666793823242,444.6666564941406,20.25,Percentage,unit,"Both sexes, All age groups, Seasonally adjusted",61.13333511352539,65.76667022705078,6.883333206176758,,,,
Saskatchewan,1990-08,"Index, 201612=100",units,33.0,33.63333333333333,33.13333333333333,,,,,,,,,,,,,,,,,Persons,unit,98508.0,132869.0,Persons,thousands,"Both sexes, All age groups, Seasonally adjusted",287.6499938964844,226.48333740234375,308.5,61.16666793823242,444.23333740234375,20.850000381469727,Percentage,unit,"Both sexes, All age groups, Seasonally adjusted",61.38333511352539,66.16666412353516,7.0333333015441895,,,,
Saskatchewan,1990-06,"Index, 201612=100",units,32.96666666666667,33.63333333333333,33.13333333333333,,,,,,,,,,,,,,,,,Persons,unit,63357.0,97751.0,Persons,thousands,"Both sexes, All age groups, Seasonally adjusted",288.1000061035156,225.56666564941406,309.9333190917969,62.58333206176758,445.29998779296875,21.816667556762695,Percentage,unit,"Both sexes, All age groups, Seasonally adjusted",61.41666793823242,66.43333435058594,7.233333110809326,,,,
Saskatchewan,1990-11,"Index, 201612=100",units,33.06666666666667,33.63333333333333,33.166666666666664,,,,,,,,,,,,,,,,,Persons,unit,66005.0,79375.0,Persons,thousands,"Both sexes, All age groups, Seasonally adjusted",285.3999938964844,224.89999389648438,305.9666748046875,60.516666412353516,443.6499938964844,20.549999237060547,Percentage,unit,"Both sexes, All age groups, Seasonally adjusted",60.88333511352539,65.69999694824219,6.916666507720947,,,,
Saskatchewan,1990-10,"Index, 201612=100",units,33.06666666666667,33.63333333333333,33.166666666666664,,,,,,,,,,,,,,,,,Persons,unit,65369.0,82333.0,Persons,thousands,"Both sexes, All age groups, Seasonally adjusted",284.8166809082031,224.8000030517578,305.5,60.016666412353516,443.70001220703125,20.649999618530273,Percentage,unit,"Both sexes, All age groups, Seasonally adjusted",60.75,65.69999694824219,7.150000095367432,,,,
Saskatchewan,1990-09,"Index, 201612=100",units,33.06666666666667,33.63333333333333,33.166666666666664,,,,,,,,,,,,,,,,,Persons,unit,63360.0,85138.0,Persons,thousands,"Both sexes, All age groups, Seasonally adjusted",287.2166748046875,225.51666259765625,307.3166809082031,61.70000076293945,443.8999938964844,20.133333206176758,Percentage,unit,"Both sexes, All age groups, Seasonally adjusted",61.266666412353516,65.88333129882812,6.866666793823242,,,,
Saskatchewan,1990-03,"Index, 201612=100",units,32.93333333333334,33.63333333333333,33.1,,,,,,,,,,,,,,,,,Persons,unit,56637.0,71583.0,Persons,thousands,"Both sexes, All age groups, Seasonally adjusted",288.3833312988281,225.73333740234375,308.9166564941406,62.650001525878906,446.1166687011719,20.53333282470703,Percentage,unit,"Both sexes, All age groups, Seasonally adjusted",61.31666564941406,66.0,6.900000095367432,,,,
Saskatchewan,1990-12,"Index, 201612=100",units,33.06666666666667,33.63333333333333,33.166666666666664,,,,,,,,,,,,,,,,,Persons,unit,54561.0,66874.0,Persons,thousands,"Both sexes, All age groups, Seasonally adjusted",285.1499938964844,225.1666717529297,305.7166748046875,60.016666412353516,443.7833251953125,20.549999237060547,Percentage,unit,"Both sexes, All age groups, Seasonally adjusted",60.900001525878906,65.69999694824219,7.066666603088379,,,,
Saskatchewan,1990-04,"Index, 201612=100",units,32.93333333333334,33.63333333333333,33.1,,,,,,,,,,,,,,,,,Persons,unit,66312.0,81946.0,Persons,thousands,"Both sexes, All age groups, Seasonally adjusted",286.8166809082031,225.85000610351562,308.3833312988281,60.983333587646484,445.95001220703125,21.549999237060547,Percentage,unit,"Both sexes, All age groups, Seasonally adjusted",61.016666412353516,65.80000305175781,7.099999904632568,,,,
Saskatchewan,1990-05,"Index, 201612=100",units,32.93333333333334,33.63333333333333,33.1,,,,,,,,,,,,,,,,,Persons,unit,55521.0,77024.0,Persons,thousands,"Both sexes, All age groups, Seasonally adjusted",287.4666748046875,225.48333740234375,308.8500061035156,62.0,445.7166748046875,21.399999618530273,Percentage,unit,"Both sexes, All age groups, Seasonally adjusted",61.233333587646484,66.01667022705078,7.050000190734863,,,,
