province,REF_DATE,uom_houseindex,scalar_houseindex,avg_house_only,avg_land_only,avg_totalhouseland,uom_income,scalar_income,statistic_income,avg_income,uom_expenditure,scalar_expenditure,statistic_expenditure,avg_food_expenditures,avg_income_taxes,avg_mortageinsurance,avg_mortagePaid,avg_accomodation,avg_rent,avg_shelter,avg_total_expenditure,avg_taxes_landregfees,uom_tourist,scalar_tourist,avg_international_tourism,avg_domestic_tourism,uom_labourforce,scalar_labourforce,statistic_labourforce,avg_employment,avg_fulltime,avg_labourforce,avg_parttime,avg_population,avg_unemployment,uom_lfperc,scalar_lfperc,statistic_labourforceperc,avg_employment_rate,avg_participationrate,avg_unemploymentrate,uom_crime,scalar_crime,statistic_crime,avg_crime_incidents
Newfoundland and Labrador,1985-05,"Index, 201612=100",units,39.0,34.8,38.2,,,,,,,,,,,,,,,,,Persons,unit,2765.0,10050.0,Persons,thousands,"Both sexes, All age groups, Seasonally adjusted",111.9000015258789,99.68333435058594,141.0500030517578,12.216666221618652,254.6999969482422,29.183332443237305,Percentage,unit,"Both sexes, All age groups, Seasonally adjusted",39.983333587646484,50.88333511352539,21.383333206176758,,,,
Newfoundland and Labrador,1985-11,"Index, 201612=100",units,39.2,35.3,38.5,,,,,,,,,,,,,,,,,Persons,unit,381.0,3791.0,Persons,thousands,"Both sexes, All age groups, Seasonally adjusted",117.23332977294922,103.4000015258789,144.11666870117188,13.833333015441895,254.98333740234375,26.899999618530273,Percentage,unit,"Both sexes, All age groups, Seasonally adjusted",42.0,52.13333511352539,19.299999237060547,,,,
Newfoundland and Labrador,1985-07,"Index, 201612=100",units,39.0,34.9,38.3,,,,,,,,,,,,,,,,,Persons,unit,3291.0,9236.0,Persons,thousands,"Both sexes, All age groups, Seasonally adjusted",115.51667022705078,102.03333282470703,143.14999389648438,13.5,254.76666259765625,27.649999618530273,Percentage,unit,"Both sexes, All age groups, Seasonally adjusted",41.400001525878906,51.733333587646484,19.71666717529297,,,,
Newfoundland and Labrador,1985-09,"Index, 201612=100",units,39.2,35.3,38.5,,,,,,,,,,,,,,,,,Persons,unit,1633.0,8045.0,Persons,thousands,"Both sexes, All age groups, Seasonally adjusted",116.78333282470703,103.63333129882812,143.18333435058594,13.149999618530273,254.71665954589844,26.399999618530273,Percentage,unit,"Both sexes, All age groups, Seasonally adjusted",41.849998474121094,51.71666717529297,18.78333282470703,,,,
Newfoundland and Labrador,1985-04,"Index, 201612=100",units,39.0,34.7,38.2,,,,,,,,,,,,,,,,,Persons,unit,1605.0,6319.0,Persons,thousands,"Both sexes, All age groups, Seasonally adjusted",112.86666870117188,99.81666564941406,142.8333282470703,13.083333015441895,254.56666564941406,29.950000762939453,Percentage,unit,"Both sexes, All age groups, Seasonally adjusted",40.483333587646484,51.599998474121094,21.0,,,,
Newfoundland and Labrador,1985-08,"Index, 201612=100",units,39.2,35.1,38.5,,,,,,,,,,,,,,,,,Persons,unit,3483.0,11353.0,Persons,thousands,"Both sexes, All age groups, Seasonally adjusted",115.18333435058594,103.30000305175781,142.11666870117188,11.866666793823242,254.68333435058594,26.933332443237305,Percentage,unit,"Both sexes, All age groups, Seasonally adjusted",41.16666793823242,51.233333587646484,19.450000762939453,,,,
Newfoundland and Labrador,1985-02,"Index, 201612=100",units,39.0,34.7,38.2,,,,,,,,,,,,,,,,,Persons,unit,156.0,4009.0,Persons,thousands,"Both sexes, All age groups, Seasonally adjusted",116.68333435058594,104.0,144.86666870117188,12.699999809265137,253.96665954589844,28.183332443237305,Percentage,unit,"Both sexes, All age groups, Seasonally adjusted",42.016666412353516,52.516666412353516,19.433332443237305,,,,
Newfoundland and Labrador,1985-01,"Index, 201612=100",units,38.9,34.3,38.0,,,,,,,,,,,,,,,,,Persons,unit,269.0,6556.0,Persons,thousands,"Both sexes, All age groups, Seasonally adjusted",113.56666564941406,101.23332977294922,142.01666259765625,12.333333015441895,253.6666717529297,28.433332443237305,Percentage,unit,"Both sexes, All age groups, Seasonally adjusted",40.95000076293945,51.53333282470703,19.75,,,,
Newfoundland and Labrador,1985-06,"Index, 201612=100",units,39.0,34.9,38.3,,,,,,,,,,,,,,,,,Persons,unit,1699.0,7492.0,Persons,thousands,"Both sexes, All age groups, Seasonally adjusted",111.58333587646484,98.41666412353516,141.01666259765625,13.199999809265137,254.71665954589844,29.433332443237305,Percentage,unit,"Both sexes, All age groups, Seasonally adjusted",39.91666793823242,50.86666488647461,21.41666603088379,,,,
Newfoundland and Labrador,1985-03,"Index, 201612=100",units,39.0,34.7,38.2,,,,,,,,,,,,,,,,,Persons,unit,399.0,4034.0,Persons,thousands,"Both sexes, All age groups, Seasonally adjusted",116.51667022705078,103.80000305175781,143.48333740234375,12.733333587646484,254.23333740234375,26.96666717529297,Percentage,unit,"Both sexes, All age groups, Seasonally adjusted",41.86666488647461,51.95000076293945,19.016666412353516,,,,
Newfoundland and Labrador,1985-10,"Index, 201612=100",units,39.2,35.3,38.5,,,,,,,,,,,,,,,,,Persons,unit,575.0,5526.0,Persons,thousands,"Both sexes, All age groups, Seasonally adjusted",116.44999694824219,102.93333435058594,142.75,13.5,254.76666259765625,26.28333282470703,Percentage,unit,"Both sexes, All age groups, Seasonally adjusted",41.599998474121094,51.599998474121094,19.433332443237305,,,,
Newfoundland and Labrador,1985-12,"Index, 201612=100",units,39.2,35.3,38.5,,,,,,,,,,,,,,,,,Persons,unit,236.0,4496.0,Persons,thousands,"Both sexes, All age groups, Seasonally adjusted",117.93333435058594,104.08333587646484,146.01666259765625,13.833333015441895,255.06666564941406,28.100000381469727,Percentage,unit,"Both sexes, All age groups, Seasonally adjusted",42.266666412353516,52.733333587646484,19.616666793823242,,,,
Newfoundland and Labrador,2001-08,"Index, 201612=100",units,52.5,45.8,50.6,Dollars,units,"Median total income,Both sexes,All age groups",1400.0,,,,,,,,,,,,,Persons,unit,2904.0,20811.0,Persons,thousands,"Both sexes, All age groups, Seasonally adjusted",131.35000610351562,113.93333435058594,156.76666259765625,17.433332443237305,261.6166687011719,25.399999618530273,Percentage,unit,"Both sexes, All age groups, Seasonally adjusted",45.733333587646484,55.18333435058594,17.133333206176758,Number,unit,Total of all violations-Actual incidents,2795.17
Newfoundland and Labrador,2001-01,"Index, 201612=100",units,51.1,45.3,49.5,Dollars,units,"Median total income,Both sexes,All age groups",1400.0,,,,,,,,,,,,,Persons,unit,950.0,7509.0,Persons,thousands,"Both sexes, All age groups, Seasonally adjusted",129.0833282470703,111.88333129882812,151.35000610351562,17.200000762939453,262.75,22.266666412353516,Percentage,unit,"Both sexes, All age groups, Seasonally adjusted",44.75,53.0,15.716666221618652,Number,unit,Total of all violations-Actual incidents,2795.17
Newfoundland and Labrador,2001-12,"Index, 201612=100",units,52.5,45.8,50.6,Dollars,units,"Median total income,Both sexes,All age groups",1400.0,,,,,,,,,,,,,Persons,unit,761.0,9454.0,Persons,thousands,"Both sexes, All age groups, Seasonally adjusted",132.51666259765625,113.68333435058594,156.9499969482422,18.83333396911621,262.0,24.41666603088379,Percentage,unit,"Both sexes, All age groups, Seasonally adjusted",46.16666793823242,55.483333587646484,17.0,Number,unit,Total of all violations-Actual incidents,2795.17
Newfoundland and Labrador,2001-06,"Index, 201612=100",units,51.0,45.3,49.4,Dollars,units,"Median total income,Both sexes,All age groups",1400.0,,,,,,,,,,,,,Persons,unit,1433.0,14723.0,Persons,thousands,"Both sexes, All age groups, Seasonally adjusted",131.9166717529297,114.69999694824219,156.46665954589844,17.25,261.75,24.549999237060547,Percentage,unit,"Both sexes, All age groups, Seasonally adjusted",45.75,54.849998474121094,16.649999618530273,Number,unit,Total of all violations-Actual incidents,2795.17
Newfoundland and Labrador,2001-03,"Index, 201612=100",units,51.1,45.3,49.5,Dollars,units,"Median total income,Both sexes,All age groups",1400.0,,,,,,,,,,,,,Persons,unit,2744.0,12290.0,Persons,thousands,"Both sexes, All age groups, Seasonally adjusted",129.3333282470703,109.86666870117188,153.61666870117188,19.433332443237305,262.3500061035156,24.299999237060547,Percentage,unit,"Both sexes, All age groups, Seasonally adjusted",44.70000076293945,53.650001525878906,16.41666603088379,Number,unit,Total of all violations-Actual incidents,2795.17
Newfoundland and Labrador,2001-04,"Index, 201612=100",units,51.1,45.3,49.5,Dollars,units,"Median total income,Both sexes,All age groups",1400.0,,,,,,,,,,,,,Persons,unit,3350.0,14537.0,Persons,thousands,"Both sexes, All age groups, Seasonally adjusted",130.11666870117188,111.73332977294922,157.5,18.383333206176758,262.04998779296875,27.399999618530273,Percentage,unit,"Both sexes, All age groups, Seasonally adjusted",45.08333206176758,55.099998474121094,18.299999237060547,Number,unit,Total of all violations-Actual incidents,2795.17
Newfoundland and Labrador,2001-05,"Index, 201612=100",units,51.3,45.3,49.6,Dollars,units,"Median total income,Both sexes,All age groups",1400.0,,,,,,,,,,,,,Persons,unit,3064.0,16090.0,Persons,thousands,"Both sexes, All age groups, Seasonally adjusted",132.60000610351562,114.55000305175781,156.36666870117188,18.08333396911621,261.8833312988281,23.75,Percentage,unit,"Both sexes, All age groups, Seasonally adjusted",46.06666564941406,54.766666412353516,15.850000381469727,Number,unit,Total of all violations-Actual incidents,2795.17
Newfoundland and Labrador,2001-11,"Index, 201612=100",units,52.5,45.8,50.6,Dollars,units,"Median total income,Both sexes,All age groups",1400.0,,,,,,,,,,,,,Persons,unit,761.0,12185.0,Persons,thousands,"Both sexes, All age groups, Seasonally adjusted",131.26666259765625,113.13333129882812,154.76666259765625,18.16666603088379,261.9333190917969,23.483333587646484,Percentage,unit,"Both sexes, All age groups, Seasonally adjusted",45.599998474121094,54.349998474121094,16.433332443237305,Number,unit,Total of all violations-Actual incidents,2795.17
Newfoundland and Labrador,2001-09,"Index, 201612=100",units,52.5,45.8,50.6,Dollars,units,"Median total income,Both sexes,All age groups",1400.0,,,,,,,,,,,,,Persons,unit,3067.0,40555.0,Persons,thousands,"Both sexes, All age groups, Seasonally adjusted",131.0,113.19999694824219,154.8333282470703,17.83333396911621,261.6833190917969,23.799999237060547,Percentage,unit,"Both sexes, All age groups, Seasonally adjusted",45.599998474121094,54.483333587646484,16.299999237060547,Number,unit,Total of all violations-Actual incidents,2795.17
Newfoundland and Labrador,2001-02,"Index, 201612=100",units,51.1,45.3,49.5,Dollars,units,"Median total income,Both sexes,All age groups",1400.0,,,,,,,,,,,,,Persons,unit,1564.0,8362.0,Persons,thousands,"Both sexes, All age groups, Seasonally adjusted",128.60000610351562,109.75,151.85000610351562,18.866666793823242,262.6000061035156,23.25,Percentage,unit,"Both sexes, All age groups, Seasonally adjusted",44.349998474121094,53.13333511352539,16.483333587646484,Number,unit,Total of all violations-Actual incidents,2795.17
Newfoundland and Labrador,2001-10,"Index, 201612=100",units,52.5,45.8,50.6,Dollars,units,"Median total income,Both sexes,All age groups",1400.0,,,,,,,,,,,,,Persons,unit,1012.0,14436.0,Persons,thousands,"Both sexes, All age groups, Seasonally adjusted",131.78334045410156,113.28333282470703,156.46665954589844,18.53333282470703,261.8333435058594,24.649999618530273,Percentage,unit,"Both sexes, All age groups, Seasonally adjusted",45.93333435058594,55.11666488647461,16.700000762939453,Number,unit,Total of all violations-Actual incidents,2795.17
Newfoundland and Labrador,2001-07,"Index, 201612=100",units,52.5,45.8,50.6,Dollars,units,"Median total income,Both sexes,All age groups",1400.0,,,,,,,,,,,,,Persons,unit,3022.0,17312.0,Persons,thousands,"Both sexes, All age groups, Seasonally adjusted",130.75,113.36666870117188,155.35000610351562,17.41666603088379,261.6000061035156,24.600000381469727,Percentage,unit,"Both sexes, All age groups, Seasonally adjusted",45.29999923706055,54.650001525878906,17.616666793823242,Number,unit,Total of all violations-Actual incidents,2795.17
Ontario,1993-04,"Index, 201612=100",units,57.58888888888888,80.53333333333333,63.01111111111111,,,,,,,,,,,,,,,,,Persons,unit,2902545.0,4690364.0,Persons,thousands,"Both sexes, All age groups, Seasonally adjusted",3145.39990234375,2575.2333984375,3527.75,570.183349609375,5088.58349609375,382.3666687011719,Percentage,unit,"Both sexes, All age groups, Seasonally adjusted",57.41666793823242,64.9000015258789,11.283333778381348,,,,
Ontario,1993-01,"Index, 201612=100",units,57.3111111111111,80.44444444444443,62.79999999999999,,,,,,,,,,,,,,,,,Persons,unit,2458787.0,3917382.0,Persons,thousands,"Both sexes, All age groups, Seasonally adjusted",3153.050048828125,2596.416748046875,3520.933349609375,556.6333618164062,5073.533203125,367.8666687011719,Percentage,unit,"Both sexes, All age groups, Seasonally adjusted",57.70000076293945,64.83333587646484,10.883333206176758,,,,
Ontario,1993-03,"Index, 201612=100",units,57.5,80.44444444444444,62.90000000000001,,,,,,,,,,,,,,,,,Persons,unit,2887101.0,4417573.0,Persons,thousands,"Both sexes, All age groups, Seasonally adjusted",3163.449951171875,2601.216552734375,3527.716552734375,562.2000122070312,5083.58349609375,364.26666259765625,Percentage,unit,"Both sexes, All age groups, Seasonally adjusted",57.86666488647461,65.01667022705078,10.666666984558105,,,,
Ontario,1993-07,"Index, 201612=100",units,57.47777777777779,80.38888888888889,62.833333333333336,,,,,,,,,,,,,,,,,Persons,unit,3329000.0,7101104.0,Persons,thousands,"Both sexes, All age groups, Seasonally adjusted",3141.783447265625,2546.11669921875,3526.10009765625,595.7000122070312,5105.33349609375,384.3166809082031,Percentage,unit,"Both sexes, All age groups, Seasonally adjusted",56.95000076293945,64.5,11.433333396911621,,,,
Ontario,1993-12,"Index, 201612=100",units,57.400000000000006,80.06666666666666,62.6888888888889,,,,,,,,,,,,,,,,,Persons,unit,2340719.0,4086531.0,Persons,thousands,"Both sexes, All age groups, Seasonally adjusted",3145.699951171875,2582.583251953125,3528.0166015625,563.1166381835938,5127.91650390625,382.29998779296875,Percentage,unit,"Both sexes, All age groups, Seasonally adjusted",56.70000076293945,64.18333435058594,11.383333206176758,,,,
Ontario,1993-02,"Index, 201612=100",units,57.333333333333336,80.44444444444443,62.75555555555556,,,,,,,,,,,,,,,,,Persons,unit,2144823.0,3509048.0,Persons,thousands,"Both sexes, All age groups, Seasonally adjusted",3157.4833984375,2602.433349609375,3510.63330078125,555.1166381835938,5078.466796875,353.1333312988281,Percentage,unit,"Both sexes, All age groups, Seasonally adjusted",57.61666488647461,64.51667022705078,10.516666412353516,,,,
Ontario,1993-11,"Index, 201612=100",units,57.39999999999999,80.13333333333333,62.699999999999996,,,,,,,,,,,,,,,,,Persons,unit,2292245.0,3997156.0,Persons,thousands,"Both sexes, All age groups, Seasonally adjusted",3149.39990234375,2583.2666015625,3526.666748046875,566.1166381835938,5123.466796875,377.29998779296875,Percentage,unit,"Both sexes, All age groups, Seasonally adjusted",56.88333511352539,64.28333282470703,11.216666221618652,,,,
Ontario,1993-09,"Index, 201612=100",units,57.766666666666666,80.22222222222223,63.0,,,,,,,,,,,,,,,,,Persons,unit,2696885.0,5241870.0,Persons,thousands,"Both sexes, All age groups, Seasonally adjusted",3153.64990234375,2575.699951171875,3536.85009765625,577.9666748046875,5114.4833984375,383.23333740234375,Percentage,unit,"Both sexes, All age groups, Seasonally adjusted",57.13333511352539,64.55000305175781,11.283333778381348,,,,
Ontario,1993-10,"Index, 201612=100",units,57.54444444444445,80.15555555555554,62.8111111111111,,,,,,,,,,,,,,,,,Persons,unit,2518108.0,4610983.0,Persons,thousands,"Both sexes, All age groups, Seasonally adjusted",3152.14990234375,2585.35009765625,3517.2333984375,566.816650390625,5119.08349609375,365.0666809082031,Percentage,unit,"Both sexes, All age groups, Seasonally adjusted",56.900001525878906,64.01667022705078,10.883333206176758,,,,
Ontario,1993-05,"Index, 201612=100",units,57.63333333333334,80.41111111111111,62.92222222222222,,,,,,,,,,,,,,,,,Persons,unit,2946165.0,5301482.0,Persons,thousands,"Both sexes, All age groups, Seasonally adjusted",3139.36669921875,2568.11669921875,3515.566650390625,571.25,5093.2666015625,376.1833190917969,Percentage,unit,"Both sexes, All age groups, Seasonally adjusted",57.03333282470703,64.5,11.433333396911621,,,,
Ontario,1993-06,"Index, 201612=100",units,57.611111111111114,80.34444444444443,62.93333333333333,,,,,,,,,,,,,,,,,Persons,unit,2670047.0,5428020.0,Persons,thousands,"Both sexes, All age groups, Seasonally adjusted",3140.166748046875,2553.5166015625,3525.14990234375,586.6333618164062,5100.5166015625,384.98333740234375,Percentage,unit,"Both sexes, All age groups, Seasonally adjusted",56.91666793823242,64.48332977294922,11.583333015441895,,,,
Ontario,1993-08,"Index, 201612=100",units,57.57777777777777,80.4111111111111,62.900000000000006,,,,,,,,,,,,,,,,,Persons,unit,3389408.0,7076821.0,Persons,thousands,"Both sexes, All age groups, Seasonally adjusted",3143.683349609375,2561.36669921875,3517.300048828125,582.3333129882812,5110.11669921875,373.6166687011719,Percentage,unit,"Both sexes, All age groups, Seasonally adjusted",56.88333511352539,64.21666717529297,11.116666793823242,,,,
