province,REF_DATE,uom_houseindex,scalar_houseindex,avg_house_only,avg_land_only,avg_totalhouseland,uom_income,scalar_income,statistic_income,avg_income,uom_expenditure,scalar_expenditure,statistic_expenditure,avg_food_expenditures,avg_income_taxes,avg_mortageinsurance,avg_mortagePaid,avg_accomodation,avg_rent,avg_shelter,avg_total_expenditure,avg_taxes_landregfees,uom_tourist,scalar_tourist,avg_international_tourism,avg_domestic_tourism,uom_labourforce,scalar_labourforce,statistic_labourforce,avg_employment,avg_fulltime,avg_labourforce,avg_parttime,avg_population,avg_unemployment,uom_lfperc,scalar_lfperc,statistic_labourforceperc,avg_employment_rate,avg_participationrate,avg_unemploymentrate,uom_crime,scalar_crime,statistic_crime,avg_crime_incidents
Newfoundland and Labrador,2002-10,"Index, 201612=100",units,54.9,49.1,53.2,Dollars,units,"Median total income,Both sexes,All age groups",1450.0,,,,,,,,,,,,,Persons,unit,1005.0,12277.0,Persons,thousands,"Both sexes, All age groups, Seasonally adjusted",132.1666717529297,113.31666564941406,159.25,18.866666793823242,261.79998779296875,27.066667556762695,Percentage,unit,"Both sexes, All age groups, Seasonally adjusted",46.733333587646484,56.58333206176758,17.100000381469727,Number,unit,Total of all violations-Actual incidents,2863.25
Newfoundland and Labrador,2002-07,"Index, 201612=100",units,53.9,48.3,52.3,Dollars,units,"Median total income,Both sexes,All age groups",1450.0,,,,,,,,,,,,,Persons,unit,3802.0,19836.0,Persons,thousands,"Both sexes, All age groups, Seasonally adjusted",133.89999389648438,112.41666412353516,158.3333282470703,21.5,261.45001220703125,24.450000762939453,Percentage,unit,"Both sexes, All age groups, Seasonally adjusted",47.21666717529297,56.04999923706055,15.149999618530273,Number,unit,Total of all violations-Actual incidents,2863.25
Newfoundland and Labrador,2002-06,"Index, 201612=100",units,53.7,48.3,52.1,Dollars,units,"Median total income,Both sexes,All age groups",1450.0,,,,,,,,,,,,,Persons,unit,2056.0,20130.0,Persons,thousands,"Both sexes, All age groups, Seasonally adjusted",133.06666564941406,112.76667022705078,158.81666564941406,20.28333282470703,261.5666809082031,25.71666717529297,Percentage,unit,"Both sexes, All age groups, Seasonally adjusted",46.61666488647461,56.150001525878906,16.649999618530273,Number,unit,Total of all violations-Actual incidents,2863.25
Newfoundland and Labrador,2002-04,"Index, 201612=100",units,52.9,47.0,51.3,Dollars,units,"Median total income,Both sexes,All age groups",1450.0,,,,,,,,,,,,,Persons,unit,3838.0,14295.0,Persons,thousands,"Both sexes, All age groups, Seasonally adjusted",133.71665954589844,113.96666717529297,157.4166717529297,19.75,261.70001220703125,23.71666717529297,Percentage,unit,"Both sexes, All age groups, Seasonally adjusted",46.75,55.400001525878906,15.949999809265137,Number,unit,Total of all violations-Actual incidents,2863.25
Newfoundland and Labrador,2002-09,"Index, 201612=100",units,54.7,49.1,53.1,Dollars,units,"Median total income,Both sexes,All age groups",1450.0,,,,,,,,,,,,,Persons,unit,2104.0,26202.0,Persons,thousands,"Both sexes, All age groups, Seasonally adjusted",132.73333740234375,112.31666564941406,158.89999389648438,20.399999618530273,261.6333312988281,26.183332443237305,Percentage,unit,"Both sexes, All age groups, Seasonally adjusted",46.54999923706055,56.266666412353516,17.25,Number,unit,Total of all violations-Actual incidents,2863.25
Newfoundland and Labrador,2002-02,"Index, 201612=100",units,52.9,46.8,51.2,Dollars,units,"Median total income,Both sexes,All age groups",1450.0,,,,,,,,,,,,,Persons,unit,1194.0,9842.0,Persons,thousands,"Both sexes, All age groups, Seasonally adjusted",130.5500030517578,112.11666870117188,156.86666870117188,18.433332443237305,261.95001220703125,26.316667556762695,Percentage,unit,"Both sexes, All age groups, Seasonally adjusted",45.650001525878906,55.36666488647461,17.816667556762695,Number,unit,Total of all violations-Actual incidents,2863.25
Newfoundland and Labrador,2002-11,"Index, 201612=100",units,54.7,49.9,53.3,Dollars,units,"Median total income,Both sexes,All age groups",1450.0,,,,,,,,,,,,,Persons,unit,878.0,10703.0,Persons,thousands,"Both sexes, All age groups, Seasonally adjusted",132.39999389648438,114.1500015258789,159.73333740234375,18.200000762939453,261.8666687011719,27.383333206176758,Percentage,unit,"Both sexes, All age groups, Seasonally adjusted",47.06666564941406,57.04999923706055,17.96666717529297,Number,unit,Total of all violations-Actual incidents,2863.25
Newfoundland and Labrador,2002-05,"Index, 201612=100",units,53.4,48.2,52.0,Dollars,units,"Median total income,Both sexes,All age groups",1450.0,,,,,,,,,,,,,Persons,unit,4351.0,14929.0,Persons,thousands,"Both sexes, All age groups, Seasonally adjusted",132.53334045410156,113.63333129882812,159.51666259765625,18.883333206176758,261.6333312988281,27.0,Percentage,unit,"Both sexes, All age groups, Seasonally adjusted",46.04999923706055,56.16666793823242,17.950000762939453,Number,unit,Total of all violations-Actual incidents,2863.25
Newfoundland and Labrador,2002-03,"Index, 201612=100",units,53.1,47.0,51.4,Dollars,units,"Median total income,Both sexes,All age groups",1450.0,,,,,,,,,,,,,Persons,unit,1743.0,11732.0,Persons,thousands,"Both sexes, All age groups, Seasonally adjusted",132.36666870117188,113.81666564941406,158.0500030517578,18.53333282470703,261.8833312988281,25.700000762939453,Percentage,unit,"Both sexes, All age groups, Seasonally adjusted",46.43333435058594,55.88333511352539,17.08333396911621,Number,unit,Total of all violations-Actual incidents,2863.25
Newfoundland and Labrador,2002-01,"Index, 201612=100",units,52.2,46.3,50.6,Dollars,units,"Median total income,Both sexes,All age groups",1450.0,,,,,,,,,,,,,Persons,unit,750.0,7613.0,Persons,thousands,"Both sexes, All age groups, Seasonally adjusted",131.93333435058594,111.88333129882812,157.11666870117188,20.03333282470703,262.0666809082031,25.200000762939453,Percentage,unit,"Both sexes, All age groups, Seasonally adjusted",46.04999923706055,55.36666488647461,17.100000381469727,Number,unit,Total of all violations-Actual incidents,2863.25
Newfoundland and Labrador,2002-08,"Index, 201612=100",units,54.0,49.0,52.6,Dollars,units,"Median total income,Both sexes,All age groups",1450.0,,,,,,,,,,,,,Persons,unit,4060.0,20866.0,Persons,thousands,"Both sexes, All age groups, Seasonally adjusted",133.46665954589844,111.88333129882812,159.25,21.600000381469727,261.48333740234375,25.766666412353516,Percentage,unit,"Both sexes, All age groups, Seasonally adjusted",46.983333587646484,56.349998474121094,16.25,Number,unit,Total of all violations-Actual incidents,2863.25
Newfoundland and Labrador,2002-12,"Index, 201612=100",units,54.9,49.7,53.4,Dollars,units,"Median total income,Both sexes,All age groups",1450.0,,,,,,,,,,,,,Persons,unit,745.0,7556.0,Persons,thousands,"Both sexes, All age groups, Seasonally adjusted",133.5500030517578,114.63333129882812,161.4166717529297,18.933332443237305,262.0,27.83333396911621,Percentage,unit,"Both sexes, All age groups, Seasonally adjusted",47.21666717529297,57.58333206176758,18.183332443237305,Number,unit,Total of all violations-Actual incidents,2863.25
