province,REF_DATE,uom_houseindex,scalar_houseindex,avg_house_only,avg_land_only,avg_totalhouseland,uom_income,scalar_income,statistic_income,avg_income,uom_expenditure,scalar_expenditure,statistic_expenditure,avg_food_expenditures,avg_income_taxes,avg_mortageinsurance,avg_mortagePaid,avg_accomodation,avg_rent,avg_shelter,avg_total_expenditure,avg_taxes_landregfees,uom_tourist,scalar_tourist,avg_international_tourism,avg_domestic_tourism,uom_labourforce,scalar_labourforce,statistic_labourforce,avg_employment,avg_fulltime,avg_labourforce,avg_parttime,avg_population,avg_unemployment,uom_lfperc,scalar_lfperc,statistic_labourforceperc,avg_employment_rate,avg_participationrate,avg_unemploymentrate,uom_crime,scalar_crime,statistic_crime,avg_crime_incidents
Nova Scotia,2008-07,"Index, 201612=100",units,89.6,93.9,90.5,Dollars,units,"Median total income,Both sexes,All age groups",2191.67,,,,,,,,,,,,,Persons,unit,13599.0,66472.0,Persons,thousands,"Both sexes, All age groups, Seasonally adjusted",288.8333435058594,238.4499969482422,309.5333251953125,50.349998474121094,469.0666809082031,20.71666717529297,Percentage,unit,"Both sexes, All age groups, Seasonally adjusted",59.33333206176758,63.91666793823242,7.150000095367432,Number,unit,Total of all violations-Actual incidents,6050.67
Nova Scotia,2008-11,"Index, 201612=100",units,89.9,93.9,90.7,Dollars,units,"Median total income,Both sexes,All age groups",2191.67,,,,,,,,,,,,,Persons,unit,8813.0,18276.0,Persons,thousands,"Both sexes, All age groups, Seasonally adjusted",288.4166564941406,239.51666259765625,311.70001220703125,48.95000076293945,469.8333435058594,23.28333282470703,Percentage,unit,"Both sexes, All age groups, Seasonally adjusted",58.95000076293945,64.08333587646484,8.016666412353516,Number,unit,Total of all violations-Actual incidents,6050.67
Nova Scotia,2008-12,"Index, 201612=100",units,90.0,94.1,90.8,Dollars,units,"Median total income,Both sexes,All age groups",2191.67,,,,,,,,,,,,,Persons,unit,9068.0,21643.0,Persons,thousands,"Both sexes, All age groups, Seasonally adjusted",287.6833190917969,238.4166717529297,312.2166748046875,49.31666564941406,470.01666259765625,24.53333282470703,Percentage,unit,"Both sexes, All age groups, Seasonally adjusted",58.733333587646484,64.23332977294922,8.566666603088379,Number,unit,Total of all violations-Actual incidents,6050.67
Nova Scotia,2008-05,"Index, 201612=100",units,89.5,91.3,89.9,Dollars,units,"Median total income,Both sexes,All age groups",2191.67,,,,,,,,,,,,,Persons,unit,26921.0,53983.0,Persons,thousands,"Both sexes, All age groups, Seasonally adjusted",285.5,234.64999389648438,310.0666809082031,50.83333206176758,468.75,24.616666793823242,Percentage,unit,"Both sexes, All age groups, Seasonally adjusted",58.75,64.25,8.483333587646484,Number,unit,Total of all violations-Actual incidents,6050.67
Nova Scotia,2008-02,"Index, 201612=100",units,88.2,88.9,88.4,Dollars,units,"Median total income,Both sexes,All age groups",2191.67,,,,,,,,,,,,,Persons,unit,18789.0,28642.0,Persons,thousands,"Both sexes, All age groups, Seasonally adjusted",286.7833251953125,237.13333129882812,309.98333740234375,49.63333511352539,468.5833435058594,23.200000762939453,Percentage,unit,"Both sexes, All age groups, Seasonally adjusted",58.650001525878906,64.05000305175781,8.216666221618652,Number,unit,Total of all violations-Actual incidents,6050.67
Nova Scotia,2008-09,"Index, 201612=100",units,89.8,93.9,90.6,Dollars,units,"Median total income,Both sexes,All age groups",2191.67,,,,,,,,,,,,,Persons,unit,12304.0,109076.0,Persons,thousands,"Both sexes, All age groups, Seasonally adjusted",288.3166809082031,240.5500030517578,311.1666564941406,47.75,469.4666748046875,22.850000381469727,Percentage,unit,"Both sexes, All age groups, Seasonally adjusted",59.0,64.28333282470703,8.216666221618652,Number,unit,Total of all violations-Actual incidents,6050.67
Nova Scotia,2008-03,"Index, 201612=100",units,89.5,89.4,89.5,Dollars,units,"Median total income,Both sexes,All age groups",2191.67,,,,,,,,,,,,,Persons,unit,45729.0,58796.0,Persons,thousands,"Both sexes, All age groups, Seasonally adjusted",286.6000061035156,235.9499969482422,309.6000061035156,50.63333511352539,468.6333312988281,23.016666412353516,Percentage,unit,"Both sexes, All age groups, Seasonally adjusted",58.599998474121094,63.81666564941406,8.066666603088379,Number,unit,Total of all violations-Actual incidents,6050.67
Nova Scotia,2008-01,"Index, 201612=100",units,88.2,88.9,88.4,Dollars,units,"Median total income,Both sexes,All age groups",2191.67,,,,,,,,,,,,,Persons,unit,11935.0,21461.0,Persons,thousands,"Both sexes, All age groups, Seasonally adjusted",288.1833190917969,236.28334045410156,309.75,51.88333511352539,468.48333740234375,21.600000381469727,Percentage,unit,"Both sexes, All age groups, Seasonally adjusted",58.86666488647461,63.983333587646484,7.900000095367432,Number,unit,Total of all violations-Actual incidents,6050.67
Nova Scotia,2008-10,"Index, 201612=100",units,89.9,93.9,90.7,Dollars,units,"Median total income,Both sexes,All age groups",2191.67,,,,,,,,,,,,,Persons,unit,12341.0,58010.0,Persons,thousands,"Both sexes, All age groups, Seasonally adjusted",290.54998779296875,240.1999969482422,312.95001220703125,50.31666564941406,469.6333312988281,22.383333206176758,Percentage,unit,"Both sexes, All age groups, Seasonally adjusted",59.5,64.71666717529297,7.883333206176758,Number,unit,Total of all violations-Actual incidents,6050.67
Nova Scotia,2008-04,"Index, 201612=100",units,89.5,89.4,89.5,Dollars,units,"Median total income,Both sexes,All age groups",2191.67,,,,,,,,,,,,,Persons,unit,43760.0,58011.0,Persons,thousands,"Both sexes, All age groups, Seasonally adjusted",288.75,237.63333129882812,310.45001220703125,51.11666488647461,468.6333312988281,21.700000762939453,Percentage,unit,"Both sexes, All age groups, Seasonally adjusted",59.18333435058594,64.08333587646484,7.516666889190674,Number,unit,Total of all violations-Actual incidents,6050.67
Nova Scotia,2008-08,"Index, 201612=100",units,89.6,93.9,90.5,Dollars,units,"Median total income,Both sexes,All age groups",2191.67,,,,,,,,,,,,,Persons,unit,14901.0,70707.0,Persons,thousands,"Both sexes, All age groups, Seasonally adjusted",285.8833312988281,240.71665954589844,309.5666809082031,45.16666793823242,469.25,23.683332443237305,Percentage,unit,"Both sexes, All age groups, Seasonally adjusted",58.70000076293945,64.0,8.183333396911621,Number,unit,Total of all violations-Actual incidents,6050.67
Nova Scotia,2008-06,"Index, 201612=100",units,89.6,92.8,90.3,Dollars,units,"Median total income,Both sexes,All age groups",2191.67,,,,,,,,,,,,,Persons,unit,11958.0,48145.0,Persons,thousands,"Both sexes, All age groups, Seasonally adjusted",287.48333740234375,236.85000610351562,309.95001220703125,50.63333511352539,468.8833312988281,22.483333587646484,Percentage,unit,"Both sexes, All age groups, Seasonally adjusted",59.099998474121094,64.08333587646484,7.7833333015441895,Number,unit,Total of all violations-Actual incidents,6050.67
Ontario,1990-04,"Index, 201612=100",units,62.955555555555556,85.16666666666667,68.51111111111112,,,,,,,,,,,,,,,,,Persons,unit,2567123.0,4467032.0,Persons,thousands,"Both sexes, All age groups, Seasonally adjusted",3313.699951171875,2792.75,3491.050048828125,520.933349609375,4859.85009765625,177.36666870117188,Percentage,unit,"Both sexes, All age groups, Seasonally adjusted",64.21666717529297,67.9000015258789,5.150000095367432,,,,
Ontario,1990-10,"Index, 201612=100",units,60.25555555555556,85.43333333333334,66.51111111111112,,,,,,,,,,,,,,,,,Persons,unit,2727502.0,4872175.0,Persons,thousands,"Both sexes, All age groups, Seasonally adjusted",3265.64990234375,2740.64990234375,3510.466552734375,525.0333251953125,4905.4501953125,244.8000030517578,Percentage,unit,"Both sexes, All age groups, Seasonally adjusted",62.483333587646484,67.51667022705078,7.150000095367432,,,,
Ontario,1990-06,"Index, 201612=100",units,61.92222222222222,85.75555555555555,67.86666666666667,,,,,,,,,,,,,,,,,Persons,unit,2624470.0,5680642.0,Persons,thousands,"Both sexes, All age groups, Seasonally adjusted",3306.36669921875,2788.7666015625,3492.7333984375,517.5999755859375,4874.81689453125,186.38333129882812,Percentage,unit,"Both sexes, All age groups, Seasonally adjusted",63.81666564941406,67.63333129882812,5.366666793823242,,,,
Ontario,1990-09,"Index, 201612=100",units,60.611111111111114,85.64444444444445,66.82222222222222,,,,,,,,,,,,,,,,,Persons,unit,2759716.0,5331501.0,Persons,thousands,"Both sexes, All age groups, Seasonally adjusted",3278.7666015625,2754.14990234375,3503.933349609375,524.6166381835938,4897.85009765625,225.1666717529297,Percentage,unit,"Both sexes, All age groups, Seasonally adjusted",62.849998474121094,67.5,6.566666603088379,,,,
Ontario,1990-01,"Index, 201612=100",units,62.400000000000006,82.92222222222223,67.54444444444445,,,,,,,,,,,,,,,,,Persons,unit,2239628.0,3717492.0,Persons,thousands,"Both sexes, All age groups, Seasonally adjusted",3299.0166015625,2786.833251953125,3490.63330078125,512.1666870117188,4838.2998046875,191.64999389648438,Percentage,unit,"Both sexes, All age groups, Seasonally adjusted",64.26667022705078,68.28333282470703,5.7166666984558105,,,,
Ontario,1990-02,"Index, 201612=100",units,62.78888888888889,83.73333333333335,68.03333333333335,,,,,,,,,,,,,,,,,Persons,unit,2046581.0,3395731.0,Persons,thousands,"Both sexes, All age groups, Seasonally adjusted",3322.033447265625,2817.36669921875,3498.316650390625,504.6499938964844,4844.2333984375,176.31666564941406,Percentage,unit,"Both sexes, All age groups, Seasonally adjusted",64.68333435058594,68.36666870117188,5.2833333015441895,,,,
Ontario,1990-08,"Index, 201612=100",units,60.833333333333336,85.77777777777777,67.07777777777777,,,,,,,,,,,,,,,,,Persons,unit,3536349.0,7532148.0,Persons,thousands,"Both sexes, All age groups, Seasonally adjusted",3281.36669921875,2770.64990234375,3490.0,510.70001220703125,4891.39990234375,208.64999389648438,Percentage,unit,"Both sexes, All age groups, Seasonally adjusted",62.86666488647461,67.18333435058594,6.099999904632568,,,,
Ontario,1990-03,"Index, 201612=100",units,63.12222222222223,84.23333333333333,68.43333333333334,,,,,,,,,,,,,,,,,Persons,unit,2691470.0,4432297.0,Persons,thousands,"Both sexes, All age groups, Seasonally adjusted",3313.216552734375,2786.7666015625,3487.216552734375,526.4833374023438,4850.81689453125,174.01666259765625,Percentage,unit,"Both sexes, All age groups, Seasonally adjusted",64.38333129882812,68.01667022705078,5.166666507720947,,,,
Ontario,1990-07,"Index, 201612=100",units,61.5,85.75555555555555,67.58888888888889,,,,,,,,,,,,,,,,,Persons,unit,3334790.0,7183349.0,Persons,thousands,"Both sexes, All age groups, Seasonally adjusted",3296.333251953125,2798.300048828125,3502.38330078125,498.01666259765625,4884.0498046875,206.01666259765625,Percentage,unit,"Both sexes, All age groups, Seasonally adjusted",63.33333206176758,67.63333129882812,6.083333492279053,,,,
Ontario,1990-05,"Index, 201612=100",units,62.71111111111111,85.72222222222223,68.48888888888888,,,,,,,,,,,,,,,,,Persons,unit,2612713.0,5042619.0,Persons,thousands,"Both sexes, All age groups, Seasonally adjusted",3299.050048828125,2781.63330078125,3487.63330078125,517.433349609375,4867.41650390625,188.5833282470703,Percentage,unit,"Both sexes, All age groups, Seasonally adjusted",63.68333435058594,67.61666870117188,5.550000190734863,,,,
Ontario,1990-11,"Index, 201612=100",units,59.72222222222222,85.4,66.13333333333333,,,,,,,,,,,,,,,,,Persons,unit,2904872.0,4703278.0,Persons,thousands,"Both sexes, All age groups, Seasonally adjusted",3239.816650390625,2710.86669921875,3500.86669921875,528.9833374023438,4911.83349609375,261.0333251953125,Percentage,unit,"Both sexes, All age groups, Seasonally adjusted",61.849998474121094,67.1500015258789,7.5333333015441895,,,,
Ontario,1990-12,"Index, 201612=100",units,59.733333333333334,85.4,66.1222222222222,,,,,,,,,,,,,,,,,Persons,unit,2739603.0,4395434.0,Persons,thousands,"Both sexes, All age groups, Seasonally adjusted",3220.283447265625,2685.0,3495.61669921875,535.25,4918.4501953125,275.3500061035156,Percentage,unit,"Both sexes, All age groups, Seasonally adjusted",61.38333511352539,66.96666717529297,8.0,,,,
Quebec,1995-04,"Index, 201612=100",units,57.43333333333334,51.53333333333334,55.333333333333336,,,,,,,,,,,,,,,,,Persons,unit,547582.0,859285.0,Persons,thousands,"Both sexes, All age groups, Seasonally adjusted",2002.63330078125,1685.11669921875,2259.699951171875,317.5333251953125,3501.35009765625,257.0666809082031,Percentage,unit,"Both sexes, All age groups, Seasonally adjusted",52.54999923706055,59.71666717529297,12.133333206176758,,,,
Quebec,1995-09,"Index, 201612=100",units,57.53333333333333,51.6,55.43333333333334,,,,,,,,,,,,,,,,,Persons,unit,616123.0,1088718.0,Persons,thousands,"Both sexes, All age groups, Seasonally adjusted",2010.449951171875,1675.949951171875,2253.0166015625,334.5,3512.166748046875,242.56666564941406,Percentage,unit,"Both sexes, All age groups, Seasonally adjusted",52.21666717529297,58.96666717529297,11.449999809265137,,,,
Quebec,1995-12,"Index, 201612=100",units,57.36666666666667,51.53333333333334,55.26666666666666,,,,,,,,,,,,,,,,,Persons,unit,406046.0,693625.0,Persons,thousands,"Both sexes, All age groups, Seasonally adjusted",2019.7166748046875,1680.2166748046875,2269.416748046875,339.4666748046875,3518.75,249.68333435058594,Percentage,unit,"Both sexes, All age groups, Seasonally adjusted",52.483333587646484,59.41666793823242,11.716666221618652,,,,
Quebec,1995-10,"Index, 201612=100",units,57.43333333333334,51.6,55.333333333333336,,,,,,,,,,,,,,,,,Persons,unit,539608.0,927636.0,Persons,thousands,"Both sexes, All age groups, Seasonally adjusted",2015.5,1676.0833740234375,2263.083251953125,339.4166564941406,3514.533447265625,247.5833282470703,Percentage,unit,"Both sexes, All age groups, Seasonally adjusted",52.45000076293945,59.266666412353516,11.466666221618652,,,,
Quebec,1995-07,"Index, 201612=100",units,57.53333333333333,51.53333333333334,55.36666666666667,,,,,,,,,,,,,,,,,Persons,unit,990378.0,1585703.0,Persons,thousands,"Both sexes, All age groups, Seasonally adjusted",2010.0167236328125,1685.5833740234375,2255.64990234375,324.45001220703125,3507.816650390625,245.63333129882812,Percentage,unit,"Both sexes, All age groups, Seasonally adjusted",52.516666412353516,59.266666412353516,11.316666603088379,,,,
Quebec,1995-08,"Index, 201612=100",units,57.6,51.56666666666666,55.43333333333334,,,,,,,,,,,,,,,,,Persons,unit,902558.0,1490484.0,Persons,thousands,"Both sexes, All age groups, Seasonally adjusted",2007.88330078125,1673.1666259765625,2253.61669921875,334.7166748046875,3510.183349609375,245.71665954589844,Percentage,unit,"Both sexes, All age groups, Seasonally adjusted",52.45000076293945,59.16666793823242,11.283333778381348,,,,
Quebec,1995-03,"Index, 201612=100",units,57.4,51.53333333333334,55.333333333333336,,,,,,,,,,,,,,,,,Persons,unit,555308.0,841423.0,Persons,thousands,"Both sexes, All age groups, Seasonally adjusted",2002.11669921875,1686.800048828125,2280.566650390625,315.3333435058594,3499.466552734375,278.4166564941406,Percentage,unit,"Both sexes, All age groups, Seasonally adjusted",52.53333282470703,60.29999923706055,13.033333778381348,,,,
Quebec,1995-06,"Index, 201612=100",units,57.53333333333333,51.53333333333334,55.36666666666667,,,,,,,,,,,,,,,,,Persons,unit,630412.0,1094191.0,Persons,thousands,"Both sexes, All age groups, Seasonally adjusted",2003.0333251953125,1676.2833251953125,2255.39990234375,326.75,3505.75,252.35000610351562,Percentage,unit,"Both sexes, All age groups, Seasonally adjusted",52.5,59.36666488647461,11.583333015441895,,,,
Quebec,1995-11,"Index, 201612=100",units,57.36666666666667,51.53333333333334,55.26666666666666,,,,,,,,,,,,,,,,,Persons,unit,408141.0,685551.0,Persons,thousands,"Both sexes, All age groups, Seasonally adjusted",2011.2166748046875,1690.4000244140625,2256.89990234375,320.8500061035156,3516.7666015625,245.6666717529297,Percentage,unit,"Both sexes, All age groups, Seasonally adjusted",52.25,59.099998474121094,11.600000381469727,,,,
Quebec,1995-02,"Index, 201612=100",units,57.36666666666667,51.56666666666666,55.29999999999999,,,,,,,,,,,,,,,,,Persons,unit,405044.0,677838.0,Persons,thousands,"Both sexes, All age groups, Seasonally adjusted",2004.86669921875,1686.8333740234375,2264.416748046875,318.0333251953125,3497.5166015625,259.5666809082031,Percentage,unit,"Both sexes, All age groups, Seasonally adjusted",52.733333587646484,59.95000076293945,12.083333015441895,,,,
Quebec,1995-05,"Index, 201612=100",units,57.400000000000006,51.53333333333334,55.300000000000004,,,,,,,,,,,,,,,,,Persons,unit,548932.0,927576.0,Persons,thousands,"Both sexes, All age groups, Seasonally adjusted",2003.61669921875,1675.9832763671875,2250.88330078125,327.6499938964844,3503.949951171875,247.26666259765625,Percentage,unit,"Both sexes, All age groups, Seasonally adjusted",52.516666412353516,59.29999923706055,11.433333396911621,,,,
Quebec,1995-01,"Index, 201612=100",units,57.1,51.6,55.1,,,,,,,,,,,,,,,,,Persons,unit,513044.0,750433.0,Persons,thousands,"Both sexes, All age groups, Seasonally adjusted",2002.300048828125,1684.88330078125,2269.38330078125,317.4333190917969,3495.7333984375,267.1000061035156,Percentage,unit,"Both sexes, All age groups, Seasonally adjusted",52.733333587646484,60.20000076293945,12.550000190734863,,,,
Quebec,2016-02,"Index, 201612=100",units,99.60000000000001,99.73333333333333,99.60000000000001,Dollars,units,"Median total income,Both sexes,All age groups",2750.0,Dollars,unit,Average expenditure per household,706.17,1038.92,7.75,311.75,1051.83,302.58,1164.25,5904.42,7.67,Persons,unit,478763.0,753038.0,Persons,thousands,"Both sexes, All age groups, Seasonally adjusted",2623.36669921875,2160.4833984375,2830.816650390625,462.8833312988281,4185.68310546875,207.43333435058594,Percentage,unit,"Both sexes, All age groups, Seasonally adjusted",60.91666793823242,66.19999694824219,8.050000190734863,Number,unit,Total of all violations-Actual incidents,29016.58
Quebec,2016-06,"Index, 201612=100",units,99.66666666666667,99.86666666666667,99.66666666666667,Dollars,units,"Median total income,Both sexes,All age groups",2750.0,Dollars,unit,Average expenditure per household,706.17,1038.92,7.75,311.75,1051.83,302.58,1164.25,5904.42,7.67,Persons,unit,564106.0,1009634.0,Persons,thousands,"Both sexes, All age groups, Seasonally adjusted",2627.5166015625,2173.466552734375,2816.916748046875,454.04998779296875,4195.38330078125,189.4166717529297,Percentage,unit,"Both sexes, All age groups, Seasonally adjusted",60.78333282470703,65.68333435058594,7.433333396911621,Number,unit,Total of all violations-Actual incidents,29016.58
Quebec,2016-05,"Index, 201612=100",units,99.66666666666667,99.86666666666667,99.66666666666667,Dollars,units,"Median total income,Both sexes,All age groups",2750.0,Dollars,unit,Average expenditure per household,706.17,1038.92,7.75,311.75,1051.83,302.58,1164.25,5904.42,7.67,Persons,unit,579934.0,934457.0,Persons,thousands,"Both sexes, All age groups, Seasonally adjusted",2633.533447265625,2184.083251953125,2829.2333984375,449.4333190917969,4192.85009765625,195.68333435058594,Percentage,unit,"Both sexes, All age groups, Seasonally adjusted",60.78333282470703,65.93333435058594,7.75,Number,unit,Total of all violations-Actual incidents,29016.58
Quebec,2016-09,"Index, 201612=100",units,100.0,100.0,100.0,Dollars,units,"Median total income,Both sexes,All age groups",2750.0,Dollars,unit,Average expenditure per household,706.17,1038.92,7.75,311.75,1051.83,302.58,1164.25,5904.42,7.67,Persons,unit,624409.0,1063334.0,Persons,thousands,"Both sexes, All age groups, Seasonally adjusted",2667.083251953125,2194.7666015625,2853.550048828125,472.29998779296875,4203.18310546875,186.4499969482422,Percentage,unit,"Both sexes, All age groups, Seasonally adjusted",61.63333511352539,66.55000305175781,7.383333206176758,Number,unit,Total of all violations-Actual incidents,29016.58
Quebec,2016-01,"Index, 201612=100",units,99.40000000000002,99.73333333333333,99.5,Dollars,units,"Median total income,Both sexes,All age groups",2750.0,Dollars,unit,Average expenditure per household,706.17,1038.92,7.75,311.75,1051.83,302.58,1164.25,5904.42,7.67,Persons,unit,648437.0,890223.0,Persons,thousands,"Both sexes, All age groups, Seasonally adjusted",2619.316650390625,2155.050048828125,2830.38330078125,464.26666259765625,4183.61669921875,211.06666564941406,Percentage,unit,"Both sexes, All age groups, Seasonally adjusted",60.79999923706055,66.18333435058594,8.083333015441895,Number,unit,Total of all violations-Actual incidents,29016.58
Quebec,2016-07,"Index, 201612=100",units,99.73333333333333,99.86666666666667,99.76666666666665,Dollars,units,"Median total income,Both sexes,All age groups",2750.0,Dollars,unit,Average expenditure per household,706.17,1038.92,7.75,311.75,1051.83,302.58,1164.25,5904.42,7.67,Persons,unit,837983.0,1436422.0,Persons,thousands,"Both sexes, All age groups, Seasonally adjusted",2628.833251953125,2163.083251953125,2822.13330078125,465.76666259765625,4198.86669921875,193.25,Percentage,unit,"Both sexes, All age groups, Seasonally adjusted",60.58333206176758,65.5999984741211,7.699999809265137,Number,unit,Total of all violations-Actual incidents,29016.58
Quebec,2016-10,"Index, 201612=100",units,100.03333333333335,100.0,100.03333333333335,Dollars,units,"Median total income,Both sexes,All age groups",2750.0,Dollars,unit,Average expenditure per household,706.17,1038.92,7.75,311.75,1051.83,302.58,1164.25,5904.42,7.67,Persons,unit,561342.0,936484.0,Persons,thousands,"Both sexes, All age groups, Seasonally adjusted",2669.033447265625,2186.216552734375,2850.816650390625,482.8166809082031,4204.16650390625,181.78334045410156,Percentage,unit,"Both sexes, All age groups, Seasonally adjusted",61.766666412353516,66.53333282470703,7.066666603088379,Number,unit,Total of all violations-Actual incidents,29016.58
Quebec,2016-11,"Index, 201612=100",units,100.0,100.0,100.0,Dollars,units,"Median total income,Both sexes,All age groups",2750.0,Dollars,unit,Average expenditure per household,706.17,1038.92,7.75,311.75,1051.83,302.58,1164.25,5904.42,7.67,Persons,unit,425788.0,694560.0,Persons,thousands,"Both sexes, All age groups, Seasonally adjusted",2672.316650390625,2179.38330078125,2847.5,492.9333190917969,4205.5,175.18333435058594,Percentage,unit,"Both sexes, All age groups, Seasonally adjusted",61.766666412353516,66.31666564941406,6.766666889190674,Number,unit,Total of all violations-Actual incidents,29016.58
Quebec,2016-08,"Index, 201612=100",units,99.73333333333333,99.86666666666667,99.76666666666665,Dollars,units,"Median total income,Both sexes,All age groups",2750.0,Dollars,unit,Average expenditure per household,706.17,1038.92,7.75,311.75,1051.83,302.58,1164.25,5904.42,7.67,Persons,unit,969172.0,1528447.0,Persons,thousands,"Both sexes, All age groups, Seasonally adjusted",2646.39990234375,2172.066650390625,2836.966552734375,474.3333435058594,4201.5166015625,190.5833282470703,Percentage,unit,"Both sexes, All age groups, Seasonally adjusted",61.13333511352539,66.0999984741211,7.433333396911621,Number,unit,Total of all violations-Actual incidents,29016.58
Quebec,2016-03,"Index, 201612=100",units,99.60000000000001,99.73333333333333,99.63333333333333,Dollars,units,"Median total income,Both sexes,All age groups",2750.0,Dollars,unit,Average expenditure per household,706.17,1038.92,7.75,311.75,1051.83,302.58,1164.25,5904.42,7.67,Persons,unit,676921.0,968637.0,Persons,thousands,"Both sexes, All age groups, Seasonally adjusted",2619.10009765625,2153.216552734375,2823.583251953125,465.8666687011719,4188.2333984375,204.5,Percentage,unit,"Both sexes, All age groups, Seasonally adjusted",60.733333587646484,65.96666717529297,7.916666507720947,Number,unit,Total of all violations-Actual incidents,29016.58
Quebec,2016-12,"Index, 201612=100",units,100.0,100.0,100.0,Dollars,units,"Median total income,Both sexes,All age groups",2750.0,Dollars,unit,Average expenditure per household,706.17,1038.92,7.75,311.75,1051.83,302.58,1164.25,5904.42,7.67,Persons,unit,453013.0,794650.0,Persons,thousands,"Both sexes, All age groups, Seasonally adjusted",2676.0,2200.35009765625,2863.216552734375,475.6333312988281,4206.10009765625,187.21665954589844,Percentage,unit,"Both sexes, All age groups, Seasonally adjusted",61.95000076293945,66.81666564941406,7.2166666984558105,Number,unit,Total of all violations-Actual incidents,29016.58
Quebec,2016-04,"Index, 201612=100",units,99.66666666666667,99.73333333333333,99.66666666666667,Dollars,units,"Median total income,Both sexes,All age groups",2750.0,Dollars,unit,Average expenditure per household,706.17,1038.92,7.75,311.75,1051.83,302.58,1164.25,5904.42,7.67,Persons,unit,575545.0,883610.0,Persons,thousands,"Both sexes, All age groups, Seasonally adjusted",2622.7666015625,2160.949951171875,2825.63330078125,461.8500061035156,4189.88330078125,202.86666870117188,Percentage,unit,"Both sexes, All age groups, Seasonally adjusted",60.766666412353516,65.91666412353516,7.916666507720947,Number,unit,Total of all violations-Actual incidents,29016.58
