province,REF_DATE,uom_houseindex,scalar_houseindex,avg_house_only,avg_land_only,avg_totalhouseland,uom_income,scalar_income,statistic_income,avg_income,uom_expenditure,scalar_expenditure,statistic_expenditure,avg_food_expenditures,avg_income_taxes,avg_mortageinsurance,avg_mortagePaid,avg_accomodation,avg_rent,avg_shelter,avg_total_expenditure,avg_taxes_landregfees,uom_tourist,scalar_tourist,avg_international_tourism,avg_domestic_tourism,uom_labourforce,scalar_labourforce,statistic_labourforce,avg_employment,avg_fulltime,avg_labourforce,avg_parttime,avg_population,avg_unemployment,uom_lfperc,scalar_lfperc,statistic_labourforceperc,avg_employment_rate,avg_participationrate,avg_unemploymentrate,uom_crime,scalar_crime,statistic_crime,avg_crime_incidents
Prince Edward Island,2001-04,"Index, 201612=100",units,89.8,68.9,85.8,Dollars,units,"Median total income,Both sexes,All age groups",1633.33,,,,,,,,,,,,,Persons,unit,5.0,40.0,Persons,thousands,"Both sexes, All age groups, Seasonally adjusted",39.68333435058594,33.38333511352539,45.43333435058594,6.300000190734863,65.73332977294922,5.7833333015441895,Percentage,unit,"Both sexes, All age groups, Seasonally adjusted",56.41666793823242,65.13333129882812,13.783333778381348,Number,unit,Total of all violations-Actual incidents,895.83
Prince Edward Island,2001-11,"Index, 201612=100",units,88.6,74.0,85.9,Dollars,units,"Median total income,Both sexes,All age groups",1633.33,,,,,,,,,,,,,Persons,unit,5.0,75.0,Persons,thousands,"Both sexes, All age groups, Seasonally adjusted",40.88333511352539,35.03333282470703,46.46666717529297,5.849999904632568,66.01667022705078,5.566666603088379,Percentage,unit,"Both sexes, All age groups, Seasonally adjusted",58.41666793823242,66.5999984741211,12.033333778381348,Number,unit,Total of all violations-Actual incidents,895.83
Prince Edward Island,2001-03,"Index, 201612=100",units,89.9,68.9,85.8,Dollars,units,"Median total income,Both sexes,All age groups",1633.33,,,,,,,,,,,,,Persons,unit,13.0,38.0,Persons,thousands,"Both sexes, All age groups, Seasonally adjusted",40.88333511352539,34.96666717529297,45.86666488647461,5.933333396911621,65.66666412353516,4.9666666984558105,Percentage,unit,"Both sexes, All age groups, Seasonally adjusted",58.08333206176758,65.80000305175781,12.033333778381348,Number,unit,Total of all violations-Actual incidents,895.83
Prince Edward Island,2001-07,"Index, 201612=100",units,89.8,68.9,85.8,Dollars,units,"Median total income,Both sexes,All age groups",1633.33,,,,,,,,,,,,,Persons,unit,26.0,136.0,Persons,thousands,"Both sexes, All age groups, Seasonally adjusted",40.54999923706055,34.150001525878906,45.75,6.416666507720947,65.83333587646484,5.2166666984558105,Percentage,unit,"Both sexes, All age groups, Seasonally adjusted",58.29999923706055,65.94999694824219,11.566666603088379,Number,unit,Total of all violations-Actual incidents,895.83
Prince Edward Island,2001-09,"Index, 201612=100",units,88.6,73.4,85.8,Dollars,units,"Median total income,Both sexes,All age groups",1633.33,,,,,,,,,,,,,Persons,unit,1.0,554.0,Persons,thousands,"Both sexes, All age groups, Seasonally adjusted",40.45000076293945,34.5,46.04999923706055,5.933333396911621,65.91666412353516,5.650000095367432,Percentage,unit,"Both sexes, All age groups, Seasonally adjusted",57.766666412353516,66.23332977294922,12.933333396911621,Number,unit,Total of all violations-Actual incidents,895.83
Prince Edward Island,2001-05,"Index, 201612=100",units,89.8,68.9,85.8,Dollars,units,"Median total income,Both sexes,All age groups",1633.33,,,,,,,,,,,,,Persons,unit,20.0,70.0,Persons,thousands,"Both sexes, All age groups, Seasonally adjusted",40.150001525878906,33.733333587646484,45.68333435058594,6.400000095367432,65.78333282470703,5.516666889190674,Percentage,unit,"Both sexes, All age groups, Seasonally adjusted",57.43333435058594,65.96666717529297,12.899999618530273,Number,unit,Total of all violations-Actual incidents,895.83
Prince Edward Island,2001-08,"Index, 201612=100",units,88.4,73.4,85.6,Dollars,units,"Median total income,Both sexes,All age groups",1633.33,,,,,,,,,,,,,Persons,unit,32.0,174.0,Persons,thousands,"Both sexes, All age groups, Seasonally adjusted",40.349998474121094,34.38333511352539,45.71666717529297,5.949999809265137,65.91666412353516,5.383333206176758,Percentage,unit,"Both sexes, All age groups, Seasonally adjusted",57.650001525878906,65.69999694824219,11.883333206176758,Number,unit,Total of all violations-Actual incidents,895.83
Prince Edward Island,2001-12,"Index, 201612=100",units,88.5,74.2,85.9,Dollars,units,"Median total income,Both sexes,All age groups",1633.33,,,,,,,,,,,,,Persons,unit,22.0,136.0,Persons,thousands,"Both sexes, All age groups, Seasonally adjusted",40.233333587646484,34.483333587646484,46.150001525878906,5.766666889190674,66.06666564941406,5.883333206176758,Percentage,unit,"Both sexes, All age groups, Seasonally adjusted",57.43333435058594,66.1500015258789,12.75,Number,unit,Total of all violations-Actual incidents,895.83
Prince Edward Island,2001-06,"Index, 201612=100",units,89.8,68.9,85.8,Dollars,units,"Median total income,Both sexes,All age groups",1633.33,,,,,,,,,,,,,Persons,unit,17.0,83.0,Persons,thousands,"Both sexes, All age groups, Seasonally adjusted",40.75,34.29999923706055,45.28333282470703,6.4666666984558105,65.76667022705078,4.483333110809326,Percentage,unit,"Both sexes, All age groups, Seasonally adjusted",58.33333206176758,65.3499984741211,10.300000190734863,Number,unit,Total of all violations-Actual incidents,895.83
Prince Edward Island,2001-01,"Index, 201612=100",units,89.7,68.9,85.7,Dollars,units,"Median total income,Both sexes,All age groups",1633.33,,,,,,,,,,,,,Persons,unit,6.0,31.0,Persons,thousands,"Both sexes, All age groups, Seasonally adjusted",40.20000076293945,34.21666717529297,45.41666793823242,6.0,65.56666564941406,5.233333110809326,Percentage,unit,"Both sexes, All age groups, Seasonally adjusted",57.33333206176758,65.11666870117188,12.266666412353516,Number,unit,Total of all violations-Actual incidents,895.83
Prince Edward Island,2001-10,"Index, 201612=100",units,88.6,73.4,85.8,Dollars,units,"Median total income,Both sexes,All age groups",1633.33,,,,,,,,,,,,,Persons,unit,0.0,39.0,Persons,thousands,"Both sexes, All age groups, Seasonally adjusted",40.483333587646484,34.53333282470703,45.900001525878906,5.983333110809326,65.98332977294922,5.400000095367432,Percentage,unit,"Both sexes, All age groups, Seasonally adjusted",57.88333511352539,66.05000305175781,12.350000381469727,Number,unit,Total of all violations-Actual incidents,895.83
Prince Edward Island,2001-02,"Index, 201612=100",units,89.7,68.9,85.7,Dollars,units,"Median total income,Both sexes,All age groups",1633.33,,,,,,,,,,,,,Persons,unit,13.0,22.0,Persons,thousands,"Both sexes, All age groups, Seasonally adjusted",40.75,34.20000076293945,45.81666564941406,6.5333333015441895,65.5999984741211,5.066666603088379,Percentage,unit,"Both sexes, All age groups, Seasonally adjusted",58.13333511352539,65.91666412353516,11.916666984558105,Number,unit,Total of all violations-Actual incidents,895.83
Quebec,2002-04,"Index, 201612=100",units,65.89999999999999,56.53333333333333,62.73333333333333,Dollars,units,"Median total income,Both sexes,All age groups",1800.0,,,,,,,,,,,,,Persons,unit,408966.0,806392.0,Persons,thousands,"Both sexes, All age groups, Seasonally adjusted",2268.85009765625,1882.816650390625,2483.2333984375,386.0,3675.5,214.39999389648438,Percentage,unit,"Both sexes, All age groups, Seasonally adjusted",57.78333282470703,63.650001525878906,9.283333778381348,Number,unit,Total of all violations-Actual incidents,38473.0
Quebec,2002-10,"Index, 201612=100",units,68.16666666666667,58.133333333333326,64.7,Dollars,units,"Median total income,Both sexes,All age groups",1800.0,,,,,,,,,,,,,Persons,unit,390261.0,858563.0,Persons,thousands,"Both sexes, All age groups, Seasonally adjusted",2287.816650390625,1893.933349609375,2492.11669921875,393.8500061035156,3692.0166015625,204.3000030517578,Percentage,unit,"Both sexes, All age groups, Seasonally adjusted",58.099998474121094,63.71666717529297,8.816666603088379,Number,unit,Total of all violations-Actual incidents,38473.0
Quebec,2002-05,"Index, 201612=100",units,66.26666666666667,57.03333333333333,63.06666666666666,Dollars,units,"Median total income,Both sexes,All age groups",1800.0,,,,,,,,,,,,,Persons,unit,401311.0,875330.0,Persons,thousands,"Both sexes, All age groups, Seasonally adjusted",2288.86669921875,1904.933349609375,2494.466552734375,383.9333190917969,3678.2666015625,205.56666564941406,Percentage,unit,"Both sexes, All age groups, Seasonally adjusted",58.28333282470703,63.96666717529297,8.899999618530273,Number,unit,Total of all violations-Actual incidents,38473.0
Quebec,2002-11,"Index, 201612=100",units,69.63333333333334,58.56666666666666,65.89999999999999,Dollars,units,"Median total income,Both sexes,All age groups",1800.0,,,,,,,,,,,,,Persons,unit,294139.0,645266.0,Persons,thousands,"Both sexes, All age groups, Seasonally adjusted",2280.64990234375,1898.0,2496.85009765625,382.6499938964844,3694.61669921875,216.1999969482422,Percentage,unit,"Both sexes, All age groups, Seasonally adjusted",57.83333206176758,63.81666564941406,9.466666221618652,Number,unit,Total of all violations-Actual incidents,38473.0
Quebec,2002-01,"Index, 201612=100",units,64.36666666666666,55.06666666666666,61.199999999999996,Dollars,units,"Median total income,Both sexes,All age groups",1800.0,,,,,,,,,,,,,Persons,unit,380450.0,700921.0,Persons,thousands,"Both sexes, All age groups, Seasonally adjusted",2226.300048828125,1854.4832763671875,2448.9833984375,371.8166809082031,3667.683349609375,222.68333435058594,Percentage,unit,"Both sexes, All age groups, Seasonally adjusted",56.66666793823242,62.733333587646484,9.75,Number,unit,Total of all violations-Actual incidents,38473.0
Quebec,2002-12,"Index, 201612=100",units,69.63333333333334,58.56666666666666,65.89999999999999,Dollars,units,"Median total income,Both sexes,All age groups",1800.0,,,,,,,,,,,,,Persons,unit,317659.0,718878.0,Persons,thousands,"Both sexes, All age groups, Seasonally adjusted",2304.0166015625,1921.699951171875,2511.38330078125,382.3166809082031,3696.683349609375,207.36666870117188,Percentage,unit,"Both sexes, All age groups, Seasonally adjusted",58.54999923706055,64.23332977294922,8.983333587646484,Number,unit,Total of all violations-Actual incidents,38473.0
Quebec,2002-07,"Index, 201612=100",units,66.43333333333332,57.166666666666664,63.23333333333333,Dollars,units,"Median total income,Both sexes,All age groups",1800.0,,,,,,,,,,,,,Persons,unit,650877.0,1342944.0,Persons,thousands,"Both sexes, All age groups, Seasonally adjusted",2291.35009765625,1908.9832763671875,2510.216552734375,382.3500061035156,3684.316650390625,218.86666870117188,Percentage,unit,"Both sexes, All age groups, Seasonally adjusted",58.18333435058594,64.21666717529297,9.233333587646484,Number,unit,Total of all violations-Actual incidents,38473.0
Quebec,2002-09,"Index, 201612=100",units,67.60000000000001,57.86666666666667,64.23333333333333,Dollars,units,"Median total income,Both sexes,All age groups",1800.0,,,,,,,,,,,,,Persons,unit,457912.0,942076.0,Persons,thousands,"Both sexes, All age groups, Seasonally adjusted",2288.61669921875,1906.2667236328125,2495.550048828125,382.3333435058594,3689.35009765625,206.96665954589844,Percentage,unit,"Both sexes, All age groups, Seasonally adjusted",57.983333587646484,63.766666412353516,9.166666984558105,Number,unit,Total of all violations-Actual incidents,38473.0
Quebec,2002-08,"Index, 201612=100",units,67.2,57.666666666666664,63.866666666666674,Dollars,units,"Median total income,Both sexes,All age groups",1800.0,,,,,,,,,,,,,Persons,unit,688932.0,1408822.0,Persons,thousands,"Both sexes, All age groups, Seasonally adjusted",2291.683349609375,1899.7166748046875,2498.183349609375,391.9666748046875,3686.36669921875,206.48333740234375,Percentage,unit,"Both sexes, All age groups, Seasonally adjusted",58.150001525878906,63.88333511352539,8.966666221618652,Number,unit,Total of all violations-Actual incidents,38473.0
Quebec,2002-06,"Index, 201612=100",units,66.43333333333334,57.166666666666664,63.23333333333333,Dollars,units,"Median total income,Both sexes,All age groups",1800.0,,,,,,,,,,,,,Persons,unit,448000.0,976747.0,Persons,thousands,"Both sexes, All age groups, Seasonally adjusted",2297.433349609375,1916.4832763671875,2501.949951171875,380.98333740234375,3680.86669921875,204.51666259765625,Percentage,unit,"Both sexes, All age groups, Seasonally adjusted",58.53333282470703,64.16666412353516,8.683333396911621,Number,unit,Total of all violations-Actual incidents,38473.0
Quebec,2002-02,"Index, 201612=100",units,64.7,55.199999999999996,61.53333333333333,Dollars,units,"Median total income,Both sexes,All age groups",1800.0,,,,,,,,,,,,,Persons,unit,315315.0,692961.0,Persons,thousands,"Both sexes, All age groups, Seasonally adjusted",2238.13330078125,1877.816650390625,2460.066650390625,360.29998779296875,3669.85009765625,221.93333435058594,Percentage,unit,"Both sexes, All age groups, Seasonally adjusted",56.96666717529297,63.08333206176758,9.649999618530273,Number,unit,Total of all violations-Actual incidents,38473.0
Quebec,2002-03,"Index, 201612=100",units,65.16666666666667,55.73333333333333,61.96666666666667,Dollars,units,"Median total income,Both sexes,All age groups",1800.0,,,,,,,,,,,,,Persons,unit,464932.0,865426.0,Persons,thousands,"Both sexes, All age groups, Seasonally adjusted",2254.5,1879.199951171875,2472.433349609375,375.29998779296875,3672.216552734375,217.93333435058594,Percentage,unit,"Both sexes, All age groups, Seasonally adjusted",57.41666793823242,63.38333511352539,9.383333206176758,Number,unit,Total of all violations-Actual incidents,38473.0
