province,REF_DATE,uom_houseindex,scalar_houseindex,avg_house_only,avg_land_only,avg_totalhouseland,uom_income,scalar_income,statistic_income,avg_income,uom_expenditure,scalar_expenditure,statistic_expenditure,avg_food_expenditures,avg_income_taxes,avg_mortageinsurance,avg_mortagePaid,avg_accomodation,avg_rent,avg_shelter,avg_total_expenditure,avg_taxes_landregfees,uom_tourist,scalar_tourist,avg_international_tourism,avg_domestic_tourism,uom_labourforce,scalar_labourforce,statistic_labourforce,avg_employment,avg_fulltime,avg_labourforce,avg_parttime,avg_population,avg_unemployment,uom_lfperc,scalar_lfperc,statistic_labourforceperc,avg_employment_rate,avg_participationrate,avg_unemploymentrate,uom_crime,scalar_crime,statistic_crime,avg_crime_incidents
Alberta,1993-12,"Index, 201612=100",units,39.93333333333333,39.43333333333333,39.53333333333333,,,,,,,,,,,,,,,,,Persons,unit,76850.0,123490.0,Persons,thousands,"Both sexes, All age groups, Seasonally adjusted",828.1333618164062,672.0999755859375,914.1333618164062,156.03334045410156,1232.7332763671875,86.0,Percentage,unit,"Both sexes, All age groups, Seasonally adjusted",62.099998474121094,68.86666870117188,9.766666412353516,,,,
Alberta,1993-09,"Index, 201612=100",units,39.6,39.43333333333333,39.26666666666667,,,,,,,,,,,,,,,,,Persons,unit,80860.0,166405.0,Persons,thousands,"Both sexes, All age groups, Seasonally adjusted",821.5333251953125,665.4666748046875,911.9666748046875,156.03334045410156,1229.0833740234375,90.41666412353516,Percentage,unit,"Both sexes, All age groups, Seasonally adjusted",61.766666412353516,68.88333129882812,10.233333587646484,,,,
Alberta,1993-01,"Index, 201612=100",units,38.400000000000006,39.36666666666667,38.43333333333334,,,,,,,,,,,,,,,,,Persons,unit,92752.0,129339.0,Persons,thousands,"Both sexes, All age groups, Seasonally adjusted",813.7166748046875,668.75,893.0833129882812,144.96665954589844,1216.63330078125,79.3499984741211,Percentage,unit,"Both sexes, All age groups, Seasonally adjusted",61.79999923706055,68.0999984741211,9.133333206176758,,,,
Alberta,1993-03,"Index, 201612=100",units,40.166666666666664,39.56666666666667,39.73333333333333,,,,,,,,,,,,,,,,,Persons,unit,104842.0,151400.0,Persons,thousands,"Both sexes, All age groups, Seasonally adjusted",808.25,662.8666381835938,893.7333374023438,145.4166717529297,1219.4000244140625,85.46666717529297,Percentage,unit,"Both sexes, All age groups, Seasonally adjusted",61.16666793823242,68.03333282470703,10.133333206176758,,,,
Alberta,1993-11,"Index, 201612=100",units,39.76666666666667,39.36666666666667,39.36666666666667,,,,,,,,,,,,,,,,,Persons,unit,73047.0,110399.0,Persons,thousands,"Both sexes, All age groups, Seasonally adjusted",829.2999877929688,672.1666870117188,912.8333129882812,157.1666717529297,1231.566650390625,83.5,Percentage,unit,"Both sexes, All age groups, Seasonally adjusted",62.16666793823242,68.69999694824219,9.383333206176758,,,,
Alberta,1993-07,"Index, 201612=100",units,39.6,39.53333333333333,39.300000000000004,,,,,,,,,,,,,,,,,Persons,unit,127132.0,296417.0,Persons,thousands,"Both sexes, All age groups, Seasonally adjusted",819.433349609375,672.1166381835938,907.816650390625,147.31666564941406,1225.38330078125,88.41666412353516,Percentage,unit,"Both sexes, All age groups, Seasonally adjusted",61.91666793823242,68.86666870117188,10.050000190734863,,,,
Alberta,1993-02,"Index, 201612=100",units,38.96666666666667,39.5,38.86666666666667,,,,,,,,,,,,,,,,,Persons,unit,95989.0,133540.0,Persons,thousands,"Both sexes, All age groups, Seasonally adjusted",815.316650390625,669.316650390625,893.5999755859375,146.03334045410156,1217.9832763671875,78.28333282470703,Percentage,unit,"Both sexes, All age groups, Seasonally adjusted",61.650001525878906,67.98332977294922,9.366666793823242,,,,
Alberta,1993-10,"Index, 201612=100",units,39.699999999999996,39.46666666666667,39.333333333333336,,,,,,,,,,,,,,,,,Persons,unit,81598.0,131119.0,Persons,thousands,"Both sexes, All age groups, Seasonally adjusted",827.0833129882812,674.316650390625,909.933349609375,152.75,1230.4166259765625,82.88333129882812,Percentage,unit,"Both sexes, All age groups, Seasonally adjusted",62.099998474121094,68.66666412353516,9.516666412353516,,,,
Alberta,1993-08,"Index, 201612=100",units,39.5,39.53333333333333,39.23333333333333,,,,,,,,,,,,,,,,,Persons,unit,141789.0,280653.0,Persons,thousands,"Both sexes, All age groups, Seasonally adjusted",819.8666381835938,669.066650390625,908.9833374023438,150.8000030517578,1227.5999755859375,89.0999984741211,Percentage,unit,"Both sexes, All age groups, Seasonally adjusted",61.78333282470703,68.69999694824219,9.983333587646484,,,,
Alberta,1993-06,"Index, 201612=100",units,39.56666666666667,39.53333333333333,39.300000000000004,,,,,,,,,,,,,,,,,Persons,unit,81030.0,203940.0,Persons,thousands,"Both sexes, All age groups, Seasonally adjusted",817.933349609375,663.2999877929688,904.0333251953125,154.63333129882812,1223.75,86.11666870117188,Percentage,unit,"Both sexes, All age groups, Seasonally adjusted",61.83333206176758,68.66666412353516,9.916666984558105,,,,
Alberta,1993-04,"Index, 201612=100",units,40.166666666666664,39.56666666666667,39.699999999999996,,,,,,,,,,,,,,,,,Persons,unit,119227.0,164911.0,Persons,thousands,"Both sexes, All age groups, Seasonally adjusted",809.5499877929688,665.1500244140625,897.5499877929688,144.43333435058594,1220.550048828125,88.0,Percentage,unit,"Both sexes, All age groups, Seasonally adjusted",61.150001525878906,68.1500015258789,10.183333396911621,,,,
Alberta,1993-05,"Index, 201612=100",units,40.1,39.53333333333333,39.666666666666664,,,,,,,,,,,,,,,,,Persons,unit,93001.0,165480.0,Persons,thousands,"Both sexes, All age groups, Seasonally adjusted",814.6333618164062,664.4666748046875,899.7833251953125,150.18333435058594,1221.8499755859375,85.1500015258789,Percentage,unit,"Both sexes, All age groups, Seasonally adjusted",61.650001525878906,68.36666870117188,9.75,,,,
Atlantic Region,1993-10,"Index, 201612=100",units,61.8,56.2,60.7,,,,,,,,,,,,,,,,,,,,,,,,,,,,,,,,,,,,,,,
Atlantic Region,1993-04,"Index, 201612=100",units,61.8,56.2,60.6,,,,,,,,,,,,,,,,,,,,,,,,,,,,,,,,,,,,,,,
Atlantic Region,1993-01,"Index, 201612=100",units,60.9,55.5,59.8,,,,,,,,,,,,,,,,,,,,,,,,,,,,,,,,,,,,,,,
Atlantic Region,1993-02,"Index, 201612=100",units,60.9,55.5,59.8,,,,,,,,,,,,,,,,,,,,,,,,,,,,,,,,,,,,,,,
Atlantic Region,1993-09,"Index, 201612=100",units,61.9,56.2,60.7,,,,,,,,,,,,,,,,,,,,,,,,,,,,,,,,,,,,,,,
Atlantic Region,1993-06,"Index, 201612=100",units,61.9,56.1,60.7,,,,,,,,,,,,,,,,,,,,,,,,,,,,,,,,,,,,,,,
Atlantic Region,1993-12,"Index, 201612=100",units,62.3,56.2,61.0,,,,,,,,,,,,,,,,,,,,,,,,,,,,,,,,,,,,,,,
Atlantic Region,1993-08,"Index, 201612=100",units,61.9,56.2,60.8,,,,,,,,,,,,,,,,,,,,,,,,,,,,,,,,,,,,,,,
Atlantic Region,1993-05,"Index, 201612=100",units,62.0,56.1,60.8,,,,,,,,,,,,,,,,,,,,,,,,,,,,,,,,,,,,,,,
Atlantic Region,1993-07,"Index, 201612=100",units,61.9,56.1,60.7,,,,,,,,,,,,,,,,,,,,,,,,,,,,,,,,,,,,,,,
Atlantic Region,1993-11,"Index, 201612=100",units,62.3,56.2,61.0,,,,,,,,,,,,,,,,,,,,,,,,,,,,,,,,,,,,,,,
Atlantic Region,1993-03,"Index, 201612=100",units,61.7,56.2,60.5,,,,,,,,,,,,,,,,,,,,,,,,,,,,,,,,,,,,,,,
Quebec,1982-03,"Index, 201612=100",units,35.65,22.65,32.400000000000006,,,,,,,,,,,,,,,,,Persons,unit,398366.0,623311.0,Persons,thousands,"Both sexes, All age groups, Seasonally adjusted",1685.8333740234375,1474.0999755859375,1915.3499755859375,211.73333740234375,3083.716552734375,229.48333740234375,Percentage,unit,"Both sexes, All age groups, Seasonally adjusted",50.96666717529297,58.29999923706055,12.116666793823242,,,,
Quebec,1982-08,"Index, 201612=100",units,36.2,22.7,32.8,,,,,,,,,,,,,,,,,Persons,unit,796805.0,1323715.0,Persons,thousands,"Both sexes, All age groups, Seasonally adjusted",1634.933349609375,1402.449951171875,1920.050048828125,232.51666259765625,3095.066650390625,285.1000061035156,Percentage,unit,"Both sexes, All age groups, Seasonally adjusted",49.20000076293945,58.33333206176758,15.216666221618652,,,,
Quebec,1982-04,"Index, 201612=100",units,35.7,22.65,32.5,,,,,,,,,,,,,,,,,Persons,unit,408296.0,676404.0,Persons,thousands,"Both sexes, All age groups, Seasonally adjusted",1668.3499755859375,1451.449951171875,1907.5833740234375,216.89999389648438,3086.166748046875,239.23333740234375,Percentage,unit,"Both sexes, All age groups, Seasonally adjusted",50.5,58.11666488647461,12.699999809265137,,,,
Quebec,1982-06,"Index, 201612=100",units,35.8,22.7,32.55,,,,,,,,,,,,,,,,,Persons,unit,470089.0,823263.0,Persons,thousands,"Both sexes, All age groups, Seasonally adjusted",1651.3499755859375,1425.7833251953125,1915.566650390625,225.5500030517578,3091.583251953125,264.23333740234375,Percentage,unit,"Both sexes, All age groups, Seasonally adjusted",49.75,58.16666793823242,14.016666412353516,,,,
Quebec,1982-11,"Index, 201612=100",units,36.5,22.9,33.1,,,,,,,,,,,,,,,,,Persons,unit,295035.0,538360.0,Persons,thousands,"Both sexes, All age groups, Seasonally adjusted",1639.5167236328125,1412.2332763671875,1916.8499755859375,227.28334045410156,3100.699951171875,277.3166809082031,Percentage,unit,"Both sexes, All age groups, Seasonally adjusted",49.266666412353516,58.0,14.600000381469727,,,,
Quebec,1982-10,"Index, 201612=100",units,36.599999999999994,23.0,33.2,,,,,,,,,,,,,,,,,Persons,unit,427819.0,755342.0,Persons,thousands,"Both sexes, All age groups, Seasonally adjusted",1636.36669921875,1406.449951171875,1928.316650390625,229.9166717529297,3098.60009765625,291.95001220703125,Percentage,unit,"Both sexes, All age groups, Seasonally adjusted",49.28333282470703,58.54999923706055,15.333333015441895,,,,
Quebec,1982-02,"Index, 201612=100",units,35.65,22.65,32.35,,,,,,,,,,,,,,,,,Persons,unit,291878.0,499589.0,Persons,thousands,"Both sexes, All age groups, Seasonally adjusted",1693.7667236328125,1480.9000244140625,1911.0833740234375,212.85000610351562,3080.9833984375,217.3333282470703,Percentage,unit,"Both sexes, All age groups, Seasonally adjusted",51.266666412353516,58.233333587646484,11.633333206176758,,,,
Quebec,1982-12,"Index, 201612=100",units,36.55,22.9,33.05,,,,,,,,,,,,,,,,,Persons,unit,286383.0,534569.0,Persons,thousands,"Both sexes, All age groups, Seasonally adjusted",1636.4000244140625,1414.6666259765625,1920.5333251953125,221.73333740234375,3103.050048828125,284.1333312988281,Percentage,unit,"Both sexes, All age groups, Seasonally adjusted",49.13333511352539,58.08333206176758,14.949999809265137,,,,
Quebec,1982-01,"Index, 201612=100",units,35.45,22.200000000000003,32.2,,,,,,,,,,,,,,,,,Persons,unit,329332.0,519593.0,Persons,thousands,"Both sexes, All age groups, Seasonally adjusted",1705.25,1492.300048828125,1913.949951171875,212.9499969482422,3077.7666015625,208.68333435058594,Percentage,unit,"Both sexes, All age groups, Seasonally adjusted",51.75,58.46666717529297,11.116666793823242,,,,
Quebec,1982-09,"Index, 201612=100",units,36.45,22.8,33.0,,,,,,,,,,,,,,,,,Persons,unit,472304.0,846368.0,Persons,thousands,"Both sexes, All age groups, Seasonally adjusted",1634.88330078125,1407.5,1917.5999755859375,227.38333129882812,3096.800048828125,282.73333740234375,Percentage,unit,"Both sexes, All age groups, Seasonally adjusted",49.266666412353516,58.266666412353516,14.933333396911621,,,,
Quebec,1982-05,"Index, 201612=100",units,35.75,22.65,32.55,,,,,,,,,,,,,,,,,Persons,unit,472438.0,797835.0,Persons,thousands,"Both sexes, All age groups, Seasonally adjusted",1657.7166748046875,1437.5999755859375,1913.75,220.10000610351562,3088.583251953125,256.0333251953125,Percentage,unit,"Both sexes, All age groups, Seasonally adjusted",49.983333587646484,58.099998474121094,13.5,,,,
Quebec,1982-07,"Index, 201612=100",units,35.95,22.7,32.65,,,,,,,,,,,,,,,,,Persons,unit,929293.0,1469869.0,Persons,thousands,"Both sexes, All age groups, Seasonally adjusted",1641.2166748046875,1415.4000244140625,1919.6500244140625,225.81666564941406,3092.966552734375,278.4333190917969,Percentage,unit,"Both sexes, All age groups, Seasonally adjusted",49.349998474121094,58.25,14.883333206176758,,,,
Saskatchewan,2016-08,"Index, 201612=100",units,99.66666666666667,100.03333333333335,99.83333333333333,Dollars,units,"Median total income,Both sexes,All age groups",3110.83,Dollars,unit,Average expenditure per household,740.67,1373.67,14.33,453.17,1280.58,230.17,1448.42,7446.17,2.25,Persons,unit,37282.0,62776.0,Persons,thousands,"Both sexes, All age groups, Seasonally adjusted",361.20001220703125,297.9666748046875,384.7166748046875,63.233333587646484,532.0,23.516666412353516,Percentage,unit,"Both sexes, All age groups, Seasonally adjusted",65.36666870117188,70.0999984741211,6.616666793823242,Number,unit,Total of all violations-Actual incidents,12789.92
Saskatchewan,2016-04,"Index, 201612=100",units,100.86666666666667,99.10000000000001,100.36666666666667,Dollars,units,"Median total income,Both sexes,All age groups",3110.83,Dollars,unit,Average expenditure per household,740.67,1373.67,14.33,453.17,1280.58,230.17,1448.42,7446.17,2.25,Persons,unit,42062.0,64191.0,Persons,thousands,"Both sexes, All age groups, Seasonally adjusted",360.2166748046875,302.1666564941406,384.23333740234375,58.06666564941406,529.7000122070312,24.0,Percentage,unit,"Both sexes, All age groups, Seasonally adjusted",65.31666564941406,70.18333435058594,6.883333206176758,Number,unit,Total of all violations-Actual incidents,12789.92
Saskatchewan,2016-05,"Index, 201612=100",units,100.60000000000001,99.16666666666667,100.2,Dollars,units,"Median total income,Both sexes,All age groups",3110.83,Dollars,unit,Average expenditure per household,740.67,1373.67,14.33,453.17,1280.58,230.17,1448.42,7446.17,2.25,Persons,unit,28937.0,54038.0,Persons,thousands,"Both sexes, All age groups, Seasonally adjusted",360.3999938964844,299.9166564941406,382.4666748046875,60.45000076293945,530.1666870117188,22.08333396911621,Percentage,unit,"Both sexes, All age groups, Seasonally adjusted",65.28333282470703,69.71666717529297,6.2833333015441895,Number,unit,Total of all violations-Actual incidents,12789.92
Saskatchewan,2016-07,"Index, 201612=100",units,100.33333333333333,99.36666666666667,100.10000000000001,Dollars,units,"Median total income,Both sexes,All age groups",3110.83,Dollars,unit,Average expenditure per household,740.67,1373.67,14.33,453.17,1280.58,230.17,1448.42,7446.17,2.25,Persons,unit,37894.0,68985.0,Persons,thousands,"Both sexes, All age groups, Seasonally adjusted",362.29998779296875,300.04998779296875,385.5833435058594,62.266666412353516,531.4000244140625,23.266666412353516,Percentage,unit,"Both sexes, All age groups, Seasonally adjusted",65.4000015258789,70.13333129882812,6.699999809265137,Number,unit,Total of all violations-Actual incidents,12789.92
Saskatchewan,2016-03,"Index, 201612=100",units,101.13333333333333,99.10000000000001,100.59999999999998,Dollars,units,"Median total income,Both sexes,All age groups",3110.83,Dollars,unit,Average expenditure per household,740.67,1373.67,14.33,453.17,1280.58,230.17,1448.42,7446.17,2.25,Persons,unit,45481.0,67649.0,Persons,thousands,"Both sexes, All age groups, Seasonally adjusted",360.1666564941406,298.1833190917969,383.4166564941406,62.03333282470703,529.4500122070312,23.233333587646484,Percentage,unit,"Both sexes, All age groups, Seasonally adjusted",65.41666412353516,70.03333282470703,6.516666889190674,Number,unit,Total of all violations-Actual incidents,12789.92
Saskatchewan,2016-06,"Index, 201612=100",units,100.39999999999999,99.33333333333333,100.13333333333333,Dollars,units,"Median total income,Both sexes,All age groups",3110.83,Dollars,unit,Average expenditure per household,740.67,1373.67,14.33,453.17,1280.58,230.17,1448.42,7446.17,2.25,Persons,unit,24158.0,53205.0,Persons,thousands,"Both sexes, All age groups, Seasonally adjusted",361.5,298.23333740234375,384.7833251953125,63.25,530.5166625976562,23.316667556762695,Percentage,unit,"Both sexes, All age groups, Seasonally adjusted",65.55000305175781,70.13333129882812,6.5,Number,unit,Total of all violations-Actual incidents,12789.92
Saskatchewan,2016-11,"Index, 201612=100",units,99.56666666666666,100.0,99.7,Dollars,units,"Median total income,Both sexes,All age groups",3110.83,Dollars,unit,Average expenditure per household,740.67,1373.67,14.33,453.17,1280.58,230.17,1448.42,7446.17,2.25,Persons,unit,32172.0,52344.0,Persons,thousands,"Both sexes, All age groups, Seasonally adjusted",361.7833251953125,301.6499938964844,387.8500061035156,60.099998474121094,532.6666870117188,26.049999237060547,Percentage,unit,"Both sexes, All age groups, Seasonally adjusted",65.18333435058594,70.44999694824219,7.483333110809326,Number,unit,Total of all violations-Actual incidents,12789.92
Saskatchewan,2016-02,"Index, 201612=100",units,101.36666666666667,99.10000000000001,100.8,Dollars,units,"Median total income,Both sexes,All age groups",3110.83,Dollars,unit,Average expenditure per household,740.67,1373.67,14.33,453.17,1280.58,230.17,1448.42,7446.17,2.25,Persons,unit,50781.0,70033.0,Persons,thousands,"Both sexes, All age groups, Seasonally adjusted",359.3999938964844,300.3833312988281,381.4666748046875,59.016666412353516,528.933349609375,22.066667556762695,Percentage,unit,"Both sexes, All age groups, Seasonally adjusted",65.30000305175781,69.76667022705078,6.383333206176758,Number,unit,Total of all violations-Actual incidents,12789.92
Saskatchewan,2016-09,"Index, 201612=100",units,99.73333333333335,100.0,99.83333333333333,Dollars,units,"Median total income,Both sexes,All age groups",3110.83,Dollars,unit,Average expenditure per household,740.67,1373.67,14.33,453.17,1280.58,230.17,1448.42,7446.17,2.25,Persons,unit,23389.0,48349.0,Persons,thousands,"Both sexes, All age groups, Seasonally adjusted",361.45001220703125,299.1666564941406,387.1833190917969,62.266666412353516,532.2000122070312,25.733333587646484,Percentage,unit,"Both sexes, All age groups, Seasonally adjusted",65.30000305175781,70.46666717529297,7.316666603088379,Number,unit,Total of all violations-Actual incidents,12789.92
Saskatchewan,2016-01,"Index, 201612=100",units,101.63333333333333,98.96666666666665,100.96666666666665,Dollars,units,"Median total income,Both sexes,All age groups",3110.83,Dollars,unit,Average expenditure per household,740.67,1373.67,14.33,453.17,1280.58,230.17,1448.42,7446.17,2.25,Persons,unit,52030.0,71452.0,Persons,thousands,"Both sexes, All age groups, Seasonally adjusted",363.3500061035156,303.45001220703125,384.3166809082031,59.93333435058594,528.566650390625,20.933332443237305,Percentage,unit,"Both sexes, All age groups, Seasonally adjusted",66.16666412353516,70.43333435058594,5.983333110809326,Number,unit,Total of all violations-Actual incidents,12789.92
Saskatchewan,2016-10,"Index, 201612=100",units,99.76666666666665,100.0,99.83333333333333,Dollars,units,"Median total income,Both sexes,All age groups",3110.83,Dollars,unit,Average expenditure per household,740.67,1373.67,14.33,453.17,1280.58,230.17,1448.42,7446.17,2.25,Persons,unit,27292.0,51996.0,Persons,thousands,"Both sexes, All age groups, Seasonally adjusted",359.76666259765625,298.0333251953125,386.04998779296875,61.733333587646484,532.3666381835938,26.28333282470703,Percentage,unit,"Both sexes, All age groups, Seasonally adjusted",64.94999694824219,70.0999984741211,7.316666603088379,Number,unit,Total of all violations-Actual incidents,12789.92
Saskatchewan,2016-12,"Index, 201612=100",units,100.0,100.0,100.0,Dollars,units,"Median total income,Both sexes,All age groups",3110.83,Dollars,unit,Average expenditure per household,740.67,1373.67,14.33,453.17,1280.58,230.17,1448.42,7446.17,2.25,Persons,unit,36431.0,55611.0,Persons,thousands,"Both sexes, All age groups, Seasonally adjusted",360.6833190917969,299.9666748046875,385.3166809082031,60.70000076293945,533.0,24.633333206176758,Percentage,unit,"Both sexes, All age groups, Seasonally adjusted",65.0,69.75,6.833333492279053,Number,unit,Total of all violations-Actual incidents,12789.92
