province,REF_DATE,uom_houseindex,scalar_houseindex,avg_house_only,avg_land_only,avg_totalhouseland,uom_income,scalar_income,statistic_income,avg_income,uom_expenditure,scalar_expenditure,statistic_expenditure,avg_food_expenditures,avg_income_taxes,avg_mortageinsurance,avg_mortagePaid,avg_accomodation,avg_rent,avg_shelter,avg_total_expenditure,avg_taxes_landregfees,uom_tourist,scalar_tourist,avg_international_tourism,avg_domestic_tourism,uom_labourforce,scalar_labourforce,statistic_labourforce,avg_employment,avg_fulltime,avg_labourforce,avg_parttime,avg_population,avg_unemployment,uom_lfperc,scalar_lfperc,statistic_labourforceperc,avg_employment_rate,avg_participationrate,avg_unemploymentrate,uom_crime,scalar_crime,statistic_crime,avg_crime_incidents
British Columbia,1990-07,"Index, 201612=100",units,124.43333333333334,68.53333333333333,96.53333333333335,,,,,,,,,,,,,,,,,Persons,unit,1928856.0,2820745.0,Persons,thousands,"Both sexes, All age groups, Seasonally adjusted",992.0499877929688,823.7000122070312,1078.61669921875,168.36666870117188,1562.11669921875,86.56666564941406,Percentage,unit,"Both sexes, All age groups, Seasonally adjusted",59.83333206176758,65.44999694824219,8.166666984558105,,,,
British Columbia,1990-03,"Index, 201612=100",units,130.23333333333332,70.8,100.60000000000001,,,,,,,,,,,,,,,,,Persons,unit,1423861.0,1789991.0,Persons,thousands,"Both sexes, All age groups, Seasonally adjusted",981.0166625976562,821.9000244140625,1061.9166259765625,159.11666870117188,1545.1666259765625,80.88333129882812,Percentage,unit,"Both sexes, All age groups, Seasonally adjusted",59.71666717529297,65.06666564941406,8.033333778381348,,,,
British Columbia,1990-04,"Index, 201612=100",units,129.26666666666665,71.30000000000001,100.53333333333335,,,,,,,,,,,,,,,,,Persons,unit,1498830.0,1905900.0,Persons,thousands,"Both sexes, All age groups, Seasonally adjusted",986.7166748046875,823.5,1072.1666259765625,163.18333435058594,1549.2332763671875,85.46666717529297,Percentage,unit,"Both sexes, All age groups, Seasonally adjusted",59.86666488647461,65.53333282470703,8.449999809265137,,,,
British Columbia,1990-06,"Index, 201612=100",units,125.16666666666667,69.16666666666667,97.3,,,,,,,,,,,,,,,,,Persons,unit,1515819.0,2213108.0,Persons,thousands,"Both sexes, All age groups, Seasonally adjusted",983.25,822.2333374023438,1069.449951171875,161.01666259765625,1556.61669921875,86.21666717529297,Percentage,unit,"Both sexes, All age groups, Seasonally adjusted",59.33333206176758,64.83333587646484,8.199999809265137,,,,
British Columbia,1990-08,"Index, 201612=100",units,121.53333333333335,65.76666666666667,94.06666666666666,,,,,,,,,,,,,,,,,Persons,unit,1975298.0,2957026.0,Persons,thousands,"Both sexes, All age groups, Seasonally adjusted",997.9166870117188,829.316650390625,1088.2166748046875,168.61666870117188,1566.949951171875,90.30000305175781,Percentage,unit,"Both sexes, All age groups, Seasonally adjusted",60.13333511352539,65.76667022705078,8.316666603088379,,,,
British Columbia,1990-02,"Index, 201612=100",units,131.0,69.53333333333333,100.36666666666667,,,,,,,,,,,,,,,,,Persons,unit,1100185.0,1378727.0,Persons,thousands,"Both sexes, All age groups, Seasonally adjusted",980.5499877929688,818.683349609375,1063.36669921875,161.86666870117188,1542.3333740234375,82.81666564941406,Percentage,unit,"Both sexes, All age groups, Seasonally adjusted",59.83333206176758,65.36666870117188,8.350000381469727,,,,
British Columbia,1990-12,"Index, 201612=100",units,117.2,61.300000000000004,89.40000000000002,,,,,,,,,,,,,,,,,Persons,unit,1339590.0,1637992.0,Persons,thousands,"Both sexes, All age groups, Seasonally adjusted",989.816650390625,813.7666625976562,1089.36669921875,176.03334045410156,1580.9166259765625,99.55000305175781,Percentage,unit,"Both sexes, All age groups, Seasonally adjusted",58.66666793823242,65.08333587646484,9.649999618530273,,,,
British Columbia,1990-05,"Index, 201612=100",units,126.53333333333332,69.8,98.46666666666665,,,,,,,,,,,,,,,,,Persons,unit,1613139.0,2143726.0,Persons,thousands,"Both sexes, All age groups, Seasonally adjusted",983.4166870117188,820.4500122070312,1069.1666259765625,162.98333740234375,1552.7667236328125,85.75,Percentage,unit,"Both sexes, All age groups, Seasonally adjusted",59.56666564941406,65.19999694824219,8.383333206176758,,,,
British Columbia,1990-11,"Index, 201612=100",units,117.33333333333333,61.63333333333335,89.86666666666666,,,,,,,,,,,,,,,,,Persons,unit,1520111.0,1845575.0,Persons,thousands,"Both sexes, All age groups, Seasonally adjusted",991.2999877929688,814.2333374023438,1089.63330078125,177.0833282470703,1578.3333740234375,98.33333587646484,Percentage,unit,"Both sexes, All age groups, Seasonally adjusted",58.96666717529297,65.25,9.483333587646484,,,,
British Columbia,1990-09,"Index, 201612=100",units,119.69999999999999,63.23333333333334,92.09999999999998,,,,,,,,,,,,,,,,,Persons,unit,1706132.0,2355051.0,Persons,thousands,"Both sexes, All age groups, Seasonally adjusted",997.4166870117188,823.5166625976562,1091.63330078125,173.93333435058594,1571.183349609375,94.23332977294922,Percentage,unit,"Both sexes, All age groups, Seasonally adjusted",59.766666412353516,65.68333435058594,8.616666793823242,,,,
British Columbia,1990-10,"Index, 201612=100",units,118.43333333333334,62.93333333333333,91.23333333333333,,,,,,,,,,,,,,,,,Persons,unit,1582929.0,1978931.0,Persons,thousands,"Both sexes, All age groups, Seasonally adjusted",994.2666625976562,825.5999755859375,1087.183349609375,168.6666717529297,1575.1500244140625,92.93333435058594,Percentage,unit,"Both sexes, All age groups, Seasonally adjusted",59.21666717529297,65.0999984741211,8.733333587646484,,,,
British Columbia,1990-01,"Index, 201612=100",units,129.96666666666667,68.66666666666667,99.5,,,,,,,,,,,,,,,,,Persons,unit,1243375.0,1527455.0,Persons,thousands,"Both sexes, All age groups, Seasonally adjusted",986.5499877929688,820.8666381835938,1067.3499755859375,165.6999969482422,1539.683349609375,80.80000305175781,Percentage,unit,"Both sexes, All age groups, Seasonally adjusted",60.5,65.8499984741211,7.949999809265137,,,,
Canada,2008-10,"Index, 201612=100",units,85.6,93.4,87.9,Dollars,units,"Median total income,Both sexes,All age groups",2410.0,,,,,,,,,,,,,Persons,unit,3843468.0,6500730.0,Persons,thousands,"Both sexes, All age groups, Seasonally adjusted",7800.0888671875,8982.7666015625,8315.078125,1902.0833740234375,11935.677734375,515.0111083984375,Percentage,unit,"Both sexes, All age groups, Seasonally adjusted",61.411109924316406,66.56666564941406,7.844444274902344,,,,
Canada,2008-05,"Index, 201612=100",units,86.2,92.5,88.1,Dollars,units,"Median total income,Both sexes,All age groups",2410.0,,,,,,,,,,,,,Persons,unit,4511167.0,7725340.0,Persons,thousands,"Both sexes, All age groups, Seasonally adjusted",7760.48876953125,8957.0,8258.5888671875,1880.0999755859375,11858.421875,498.1000061035156,Percentage,unit,"Both sexes, All age groups, Seasonally adjusted",61.22222137451172,66.26667022705078,7.699999809265137,,,,
Canada,2008-04,"Index, 201612=100",units,86.3,92.4,88.1,Dollars,units,"Median total income,Both sexes,All age groups",2410.0,,,,,,,,,,,,,Persons,unit,4407398.0,6792405.0,Persons,thousands,"Both sexes, All age groups, Seasonally adjusted",7758.34423828125,8972.216796875,8253.6669921875,1856.9000244140625,11844.7109375,495.3444519042969,Percentage,unit,"Both sexes, All age groups, Seasonally adjusted",61.4555549621582,66.45555877685547,7.544444561004639,,,,
Canada,2008-11,"Index, 201612=100",units,85.2,93.5,87.7,Dollars,units,"Median total income,Both sexes,All age groups",2410.0,,,,,,,,,,,,,Persons,unit,3604216.0,5665692.0,Persons,thousands,"Both sexes, All age groups, Seasonally adjusted",7749.85546875,8929.650390625,8297.14453125,1886.6666259765625,11948.5107421875,547.2777709960938,Percentage,unit,"Both sexes, All age groups, Seasonally adjusted",60.844444274902344,66.26667022705078,8.244444847106934,,,,
Canada,2008-09,"Index, 201612=100",units,86.3,93.1,88.3,Dollars,units,"Median total income,Both sexes,All age groups",2410.0,,,,,,,,,,,,,Persons,unit,4034108.0,7310084.0,Persons,thousands,"Both sexes, All age groups, Seasonally adjusted",7786.5224609375,8967.2001953125,8291.2109375,1897.2166748046875,11922.27734375,504.70001220703125,Percentage,unit,"Both sexes, All age groups, Seasonally adjusted",61.46666717529297,66.4111099243164,7.52222204208374,,,,
Canada,2008-12,"Index, 201612=100",units,85.0,93.4,87.5,Dollars,units,"Median total income,Both sexes,All age groups",2410.0,,,,,,,,,,,,,Persons,unit,3361675.0,5567937.0,Persons,thousands,"Both sexes, All age groups, Seasonally adjusted",7736.0556640625,8891.283203125,8306.044921875,1908.300048828125,11960.3662109375,569.977783203125,Percentage,unit,"Both sexes, All age groups, Seasonally adjusted",60.5444450378418,66.17778015136719,8.55555534362793,,,,
Canada,2008-01,"Index, 201612=100",units,86.1,91.4,87.6,Dollars,units,"Median total income,Both sexes,All age groups",2410.0,,,,,,,,,,,,,Persons,unit,4106736.0,6141424.0,Persons,thousands,"Both sexes, All age groups, Seasonally adjusted",7737.54443359375,8941.2998046875,8221.0,1858.2332763671875,11806.033203125,483.4444580078125,Percentage,unit,"Both sexes, All age groups, Seasonally adjusted",61.488887786865234,66.26667022705078,7.255555629730225,,,,
Canada,2008-07,"Index, 201612=100",units,86.3,92.8,88.2,Dollars,units,"Median total income,Both sexes,All age groups",2410.0,,,,,,,,,,,,,Persons,unit,5036074.0,9741519.0,Persons,thousands,"Both sexes, All age groups, Seasonally adjusted",7753.0,8948.56640625,8252.533203125,1875.449951171875,11891.4775390625,499.522216796875,Percentage,unit,"Both sexes, All age groups, Seasonally adjusted",61.122222900390625,66.06666564941406,7.544444561004639,,,,
Canada,2008-08,"Index, 201612=100",units,86.3,92.9,88.2,Dollars,units,"Median total income,Both sexes,All age groups",2410.0,,,,,,,,,,,,,Persons,unit,5940902.0,1.0639935E7,Persons,thousands,"Both sexes, All age groups, Seasonally adjusted",7759.7890625,8981.216796875,8259.0556640625,1852.2332763671875,11905.7890625,499.24444580078125,Percentage,unit,"Both sexes, All age groups, Seasonally adjusted",61.155555725097656,66.0,7.433333396911621,,,,
Canada,2008-03,"Index, 201612=100",units,86.4,92.2,88.1,Dollars,units,"Median total income,Both sexes,All age groups",2410.0,,,,,,,,,,,,,Persons,unit,5082331.0,7345613.0,Persons,thousands,"Both sexes, All age groups, Seasonally adjusted",7751.2333984375,8963.966796875,8250.72265625,1855.7833251953125,11829.2998046875,499.45556640625,Percentage,unit,"Both sexes, All age groups, Seasonally adjusted",61.43333435058594,66.34444427490234,7.488888740539551,,,,
Canada,2008-06,"Index, 201612=100",units,86.3,92.7,88.2,Dollars,units,"Median total income,Both sexes,All age groups",2410.0,,,,,,,,,,,,,Persons,unit,4061744.0,7922976.0,Persons,thousands,"Both sexes, All age groups, Seasonally adjusted",7756.5888671875,8944.7998046875,8250.6337890625,1885.0833740234375,11876.111328125,494.0333251953125,Percentage,unit,"Both sexes, All age groups, Seasonally adjusted",61.17777633666992,66.15555572509766,7.622222423553467,,,,
Canada,2008-02,"Index, 201612=100",units,86.3,91.8,87.9,Dollars,units,"Median total income,Both sexes,All age groups",2410.0,,,,,,,,,,,,,Persons,unit,3747438.0,5792391.0,Persons,thousands,"Both sexes, All age groups, Seasonally adjusted",7755.81103515625,8980.2666015625,8242.93359375,1846.449951171875,11816.8662109375,487.1333312988281,Percentage,unit,"Both sexes, All age groups, Seasonally adjusted",61.5444450378418,66.42222595214844,7.388888835906982,,,,
