province,REF_DATE,uom_houseindex,scalar_houseindex,avg_house_only,avg_land_only,avg_totalhouseland,uom_income,scalar_income,statistic_income,avg_income,uom_expenditure,scalar_expenditure,statistic_expenditure,avg_food_expenditures,avg_income_taxes,avg_mortageinsurance,avg_mortagePaid,avg_accomodation,avg_rent,avg_shelter,avg_total_expenditure,avg_taxes_landregfees,uom_tourist,scalar_tourist,avg_international_tourism,avg_domestic_tourism,uom_labourforce,scalar_labourforce,statistic_labourforce,avg_employment,avg_fulltime,avg_labourforce,avg_parttime,avg_population,avg_unemployment,uom_lfperc,scalar_lfperc,statistic_labourforceperc,avg_employment_rate,avg_participationrate,avg_unemploymentrate,uom_crime,scalar_crime,statistic_crime,avg_crime_incidents
Newfoundland and Labrador,2011-01,"Index, 201612=100",units,97.9,94.7,97.2,Dollars,units,"Median total income,Both sexes,All age groups",2264.17,Dollars,unit,Average expenditure per household,645.75,856.42,7.83,286.42,820.58,130.83,900.75,5531.42,2.33,Persons,unit,889.0,6439.0,Persons,thousands,"Both sexes, All age groups, Seasonally adjusted",147.88333129882812,126.73332977294922,168.21665954589844,21.183332443237305,269.6833190917969,20.28333282470703,Percentage,unit,"Both sexes, All age groups, Seasonally adjusted",52.25,60.06666564941406,13.366666793823242,Number,unit,Total of all violations-Actual incidents,3122.08
Newfoundland and Labrador,2011-07,"Index, 201612=100",units,97.5,94.7,96.9,Dollars,units,"Median total income,Both sexes,All age groups",2264.17,Dollars,unit,Average expenditure per household,645.75,856.42,7.83,286.42,820.58,130.83,900.75,5531.42,2.33,Persons,unit,6290.0,20270.0,Persons,thousands,"Both sexes, All age groups, Seasonally adjusted",148.64999389648438,128.21665954589844,168.43333435058594,20.399999618530273,270.3500061035156,19.816667556762695,Percentage,unit,"Both sexes, All age groups, Seasonally adjusted",52.18333435058594,59.91666793823242,13.25,Number,unit,Total of all violations-Actual incidents,3122.08
Newfoundland and Labrador,2011-06,"Index, 201612=100",units,97.7,94.7,97.0,Dollars,units,"Median total income,Both sexes,All age groups",2264.17,Dollars,unit,Average expenditure per household,645.75,856.42,7.83,286.42,820.58,130.83,900.75,5531.42,2.33,Persons,unit,2316.0,13398.0,Persons,thousands,"Both sexes, All age groups, Seasonally adjusted",146.61666870117188,126.98332977294922,167.0,19.633333206176758,270.1666564941406,20.383333206176758,Percentage,unit,"Both sexes, All age groups, Seasonally adjusted",51.58333206176758,59.53333282470703,13.616666793823242,Number,unit,Total of all violations-Actual incidents,3122.08
Newfoundland and Labrador,2011-08,"Index, 201612=100",units,97.5,94.7,96.9,Dollars,units,"Median total income,Both sexes,All age groups",2264.17,Dollars,unit,Average expenditure per household,645.75,856.42,7.83,286.42,820.58,130.83,900.75,5531.42,2.33,Persons,unit,6385.0,23498.0,Persons,thousands,"Both sexes, All age groups, Seasonally adjusted",148.48333740234375,126.66666412353516,170.1666717529297,21.799999237060547,270.51666259765625,21.66666603088379,Percentage,unit,"Both sexes, All age groups, Seasonally adjusted",52.21666717529297,60.650001525878906,14.183333396911621,Number,unit,Total of all violations-Actual incidents,3122.08
Newfoundland and Labrador,2011-04,"Index, 201612=100",units,97.9,94.7,97.1,Dollars,units,"Median total income,Both sexes,All age groups",2264.17,Dollars,unit,Average expenditure per household,645.75,856.42,7.83,286.42,820.58,130.83,900.75,5531.42,2.33,Persons,unit,7000.0,16591.0,Persons,thousands,"Both sexes, All age groups, Seasonally adjusted",151.51666259765625,130.43333435058594,170.85000610351562,21.08333396911621,269.9166564941406,19.366666793823242,Percentage,unit,"Both sexes, All age groups, Seasonally adjusted",53.53333282470703,60.900001525878906,12.5,Number,unit,Total of all violations-Actual incidents,3122.08
Newfoundland and Labrador,2011-10,"Index, 201612=100",units,97.5,94.7,96.9,Dollars,units,"Median total income,Both sexes,All age groups",2264.17,Dollars,unit,Average expenditure per household,645.75,856.42,7.83,286.42,820.58,130.83,900.75,5531.42,2.33,Persons,unit,2092.0,10744.0,Persons,thousands,"Both sexes, All age groups, Seasonally adjusted",149.93333435058594,128.10000610351562,171.71665954589844,21.83333396911621,270.6833190917969,21.766666412353516,Percentage,unit,"Both sexes, All age groups, Seasonally adjusted",52.86666488647461,61.20000076293945,14.083333015441895,Number,unit,Total of all violations-Actual incidents,3122.08
Newfoundland and Labrador,2011-02,"Index, 201612=100",units,97.9,94.7,97.2,Dollars,units,"Median total income,Both sexes,All age groups",2264.17,Dollars,unit,Average expenditure per household,645.75,856.42,7.83,286.42,820.58,130.83,900.75,5531.42,2.33,Persons,unit,850.0,6832.0,Persons,thousands,"Both sexes, All age groups, Seasonally adjusted",148.18333435058594,128.4499969482422,169.23333740234375,19.75,269.7833251953125,21.08333396911621,Percentage,unit,"Both sexes, All age groups, Seasonally adjusted",52.266666412353516,60.400001525878906,13.783333778381348,Number,unit,Total of all violations-Actual incidents,3122.08
Newfoundland and Labrador,2011-03,"Index, 201612=100",units,97.9,94.7,97.2,Dollars,units,"Median total income,Both sexes,All age groups",2264.17,Dollars,unit,Average expenditure per household,645.75,856.42,7.83,286.42,820.58,130.83,900.75,5531.42,2.33,Persons,unit,3759.0,10673.0,Persons,thousands,"Both sexes, All age groups, Seasonally adjusted",148.6999969482422,129.4166717529297,169.89999389648438,19.28333282470703,269.8833312988281,21.21666717529297,Percentage,unit,"Both sexes, All age groups, Seasonally adjusted",52.45000076293945,60.68333435058594,13.866666793823242,Number,unit,Total of all violations-Actual incidents,3122.08
Newfoundland and Labrador,2011-05,"Index, 201612=100",units,97.7,94.7,97.0,Dollars,units,"Median total income,Both sexes,All age groups",2264.17,Dollars,unit,Average expenditure per household,645.75,856.42,7.83,286.42,820.58,130.83,900.75,5531.42,2.33,Persons,unit,4785.0,17427.0,Persons,thousands,"Both sexes, All age groups, Seasonally adjusted",149.46665954589844,127.69999694824219,169.89999389648438,21.75,270.0833435058594,20.450000762939453,Percentage,unit,"Both sexes, All age groups, Seasonally adjusted",52.79999923706055,60.66666793823242,12.983333587646484,Number,unit,Total of all violations-Actual incidents,3122.08
Newfoundland and Labrador,2011-11,"Index, 201612=100",units,97.5,94.7,96.9,Dollars,units,"Median total income,Both sexes,All age groups",2264.17,Dollars,unit,Average expenditure per household,645.75,856.42,7.83,286.42,820.58,130.83,900.75,5531.42,2.33,Persons,unit,1757.0,10661.0,Persons,thousands,"Both sexes, All age groups, Seasonally adjusted",150.0500030517578,130.26666259765625,170.96665954589844,19.75,270.7833251953125,20.91666603088379,Percentage,unit,"Both sexes, All age groups, Seasonally adjusted",52.900001525878906,60.900001525878906,13.5,Number,unit,Total of all violations-Actual incidents,3122.08
Newfoundland and Labrador,2011-12,"Index, 201612=100",units,97.5,94.7,96.9,Dollars,units,"Median total income,Both sexes,All age groups",2264.17,Dollars,unit,Average expenditure per household,645.75,856.42,7.83,286.42,820.58,130.83,900.75,5531.42,2.33,Persons,unit,1084.0,9160.0,Persons,thousands,"Both sexes, All age groups, Seasonally adjusted",150.61666870117188,131.6999969482422,173.10000610351562,18.96666717529297,270.8833312988281,22.46666717529297,Percentage,unit,"Both sexes, All age groups, Seasonally adjusted",53.29999923706055,61.849998474121094,14.050000190734863,Number,unit,Total of all violations-Actual incidents,3122.08
Newfoundland and Labrador,2011-09,"Index, 201612=100",units,97.5,94.7,96.9,Dollars,units,"Median total income,Both sexes,All age groups",2264.17,Dollars,unit,Average expenditure per household,645.75,856.42,7.83,286.42,820.58,130.83,900.75,5531.42,2.33,Persons,unit,3760.0,23175.0,Persons,thousands,"Both sexes, All age groups, Seasonally adjusted",148.25,127.36666870117188,170.18333435058594,20.899999618530273,270.6000061035156,21.899999618530273,Percentage,unit,"Both sexes, All age groups, Seasonally adjusted",52.150001525878906,60.66666793823242,14.383333206176758,Number,unit,Total of all violations-Actual incidents,3122.08
