province,REF_DATE,uom_houseindex,scalar_houseindex,avg_house_only,avg_land_only,avg_totalhouseland,uom_income,scalar_income,statistic_income,avg_income,uom_expenditure,scalar_expenditure,statistic_expenditure,avg_food_expenditures,avg_income_taxes,avg_mortageinsurance,avg_mortagePaid,avg_accomodation,avg_rent,avg_shelter,avg_total_expenditure,avg_taxes_landregfees,uom_tourist,scalar_tourist,avg_international_tourism,avg_domestic_tourism,uom_labourforce,scalar_labourforce,statistic_labourforce,avg_employment,avg_fulltime,avg_labourforce,avg_parttime,avg_population,avg_unemployment,uom_lfperc,scalar_lfperc,statistic_labourforceperc,avg_employment_rate,avg_participationrate,avg_unemploymentrate,uom_crime,scalar_crime,statistic_crime,avg_crime_incidents
Alberta,2016-04,"Index, 201612=100",units,101.16666666666667,98.89999999999999,100.40000000000002,Dollars,units,"Median total income,Both sexes,All age groups",3352.5,Dollars,unit,Average expenditure per household,813.83,1951.5,9.17,604.08,1591.75,353.58,1798.75,8876.17,1.17,Persons,unit,292679.0,368921.0,Persons,thousands,"Both sexes, All age groups, Seasonally adjusted",1446.75,1204.88330078125,1562.5333251953125,241.86666870117188,2095.63330078125,115.78333282470703,Percentage,unit,"Both sexes, All age groups, Seasonally adjusted",65.58333587646484,71.21666717529297,7.900000095367432,Number,unit,Total of all violations-Actual incidents,31561.25
Alberta,2016-03,"Index, 201612=100",units,101.16666666666667,98.89999999999999,100.40000000000002,Dollars,units,"Median total income,Both sexes,All age groups",3352.5,Dollars,unit,Average expenditure per household,813.83,1951.5,9.17,604.08,1591.75,353.58,1798.75,8876.17,1.17,Persons,unit,288177.0,373041.0,Persons,thousands,"Both sexes, All age groups, Seasonally adjusted",1456.7166748046875,1207.86669921875,1567.0,248.8333282470703,2093.86669921875,110.28333282470703,Percentage,unit,"Both sexes, All age groups, Seasonally adjusted",66.19999694824219,71.5,7.4666666984558105,Number,unit,Total of all violations-Actual incidents,31561.25
Alberta,2016-12,"Index, 201612=100",units,100.0,100.0,100.0,Dollars,units,"Median total income,Both sexes,All age groups",3352.5,Dollars,unit,Average expenditure per household,813.83,1951.5,9.17,604.08,1591.75,353.58,1798.75,8876.17,1.17,Persons,unit,229078.0,322763.0,Persons,thousands,"Both sexes, All age groups, Seasonally adjusted",1444.4666748046875,1192.2833251953125,1578.9166259765625,252.1666717529297,2105.833251953125,134.4166717529297,Percentage,unit,"Both sexes, All age groups, Seasonally adjusted",65.26667022705078,71.76667022705078,9.166666984558105,Number,unit,Total of all violations-Actual incidents,31561.25
Alberta,2016-09,"Index, 201612=100",units,99.8,99.59999999999998,99.76666666666665,Dollars,units,"Median total income,Both sexes,All age groups",3352.5,Dollars,unit,Average expenditure per household,813.83,1951.5,9.17,604.08,1591.75,353.58,1798.75,8876.17,1.17,Persons,unit,175682.0,314996.0,Persons,thousands,"Both sexes, All age groups, Seasonally adjusted",1446.7332763671875,1188.066650390625,1576.9000244140625,258.6499938964844,2104.64990234375,130.18333435058594,Percentage,unit,"Both sexes, All age groups, Seasonally adjusted",65.44999694824219,71.9000015258789,9.0,Number,unit,Total of all violations-Actual incidents,31561.25
Alberta,2016-11,"Index, 201612=100",units,99.8,99.86666666666667,99.8,Dollars,units,"Median total income,Both sexes,All age groups",3352.5,Dollars,unit,Average expenditure per household,813.83,1951.5,9.17,604.08,1591.75,353.58,1798.75,8876.17,1.17,Persons,unit,230040.0,297726.0,Persons,thousands,"Both sexes, All age groups, Seasonally adjusted",1444.3499755859375,1183.75,1584.050048828125,260.6000061035156,2105.14990234375,139.71665954589844,Percentage,unit,"Both sexes, All age groups, Seasonally adjusted",65.33333587646484,72.13333129882812,9.5,Number,unit,Total of all violations-Actual incidents,31561.25
Alberta,2016-05,"Index, 201612=100",units,100.89999999999999,99.76666666666667,100.5,Dollars,units,"Median total income,Both sexes,All age groups",3352.5,Dollars,unit,Average expenditure per household,813.83,1951.5,9.17,604.08,1591.75,353.58,1798.75,8876.17,1.17,Persons,unit,211611.0,315338.0,Persons,thousands,"Both sexes, All age groups, Seasonally adjusted",1436.13330078125,1177.949951171875,1559.7332763671875,258.20001220703125,2098.11669921875,123.56666564941406,Percentage,unit,"Both sexes, All age groups, Seasonally adjusted",64.76667022705078,70.78333282470703,8.449999809265137,Number,unit,Total of all violations-Actual incidents,31561.25
Alberta,2016-10,"Index, 201612=100",units,99.7,99.7,99.7,Dollars,units,"Median total income,Both sexes,All age groups",3352.5,Dollars,unit,Average expenditure per household,813.83,1951.5,9.17,604.08,1591.75,353.58,1798.75,8876.17,1.17,Persons,unit,206976.0,293914.0,Persons,thousands,"Both sexes, All age groups, Seasonally adjusted",1450.9666748046875,1186.3499755859375,1581.88330078125,264.6166687011719,2105.11669921875,130.9166717529297,Percentage,unit,"Both sexes, All age groups, Seasonally adjusted",65.61666870117188,72.05000305175781,9.033333778381348,Number,unit,Total of all violations-Actual incidents,31561.25
Alberta,2016-01,"Index, 201612=100",units,101.43333333333332,99.10000000000001,100.66666666666667,Dollars,units,"Median total income,Both sexes,All age groups",3352.5,Dollars,unit,Average expenditure per household,813.83,1951.5,9.17,604.08,1591.75,353.58,1798.75,8876.17,1.17,Persons,unit,273785.0,339288.0,Persons,thousands,"Both sexes, All age groups, Seasonally adjusted",1450.316650390625,1201.816650390625,1564.75,248.51666259765625,2088.916748046875,114.43333435058594,Percentage,unit,"Both sexes, All age groups, Seasonally adjusted",65.91666412353516,71.48332977294922,7.75,Number,unit,Total of all violations-Actual incidents,31561.25
Alberta,2016-07,"Index, 201612=100",units,100.26666666666667,99.66666666666667,100.10000000000001,Dollars,units,"Median total income,Both sexes,All age groups",3352.5,Dollars,unit,Average expenditure per household,813.83,1951.5,9.17,604.08,1591.75,353.58,1798.75,8876.17,1.17,Persons,unit,205334.0,416497.0,Persons,thousands,"Both sexes, All age groups, Seasonally adjusted",1438.0167236328125,1174.1500244140625,1571.550048828125,263.8833312988281,2102.083251953125,133.5500030517578,Percentage,unit,"Both sexes, All age groups, Seasonally adjusted",64.75,71.38333129882812,9.316666603088379,Number,unit,Total of all violations-Actual incidents,31561.25
Alberta,2016-08,"Index, 201612=100",units,100.16666666666667,99.66666666666667,100.03333333333335,Dollars,units,"Median total income,Both sexes,All age groups",3352.5,Dollars,unit,Average expenditure per household,813.83,1951.5,9.17,604.08,1591.75,353.58,1798.75,8876.17,1.17,Persons,unit,237491.0,419249.0,Persons,thousands,"Both sexes, All age groups, Seasonally adjusted",1439.6666259765625,1184.4166259765625,1565.38330078125,255.28334045410156,2103.533447265625,125.68333435058594,Percentage,unit,"Both sexes, All age groups, Seasonally adjusted",64.8499984741211,71.06666564941406,8.883333206176758,Number,unit,Total of all violations-Actual incidents,31561.25
Alberta,2016-02,"Index, 201612=100",units,101.16666666666667,98.89999999999999,100.40000000000002,Dollars,units,"Median total income,Both sexes,All age groups",3352.5,Dollars,unit,Average expenditure per household,813.83,1951.5,9.17,604.08,1591.75,353.58,1798.75,8876.17,1.17,Persons,unit,266431.0,335637.0,Persons,thousands,"Both sexes, All age groups, Seasonally adjusted",1451.7166748046875,1204.1666259765625,1575.4666748046875,247.51666259765625,2091.36669921875,123.75,Percentage,unit,"Both sexes, All age groups, Seasonally adjusted",65.96666717529297,71.94999694824219,8.283333778381348,Number,unit,Total of all violations-Actual incidents,31561.25
Alberta,2016-06,"Index, 201612=100",units,100.16666666666667,99.66666666666667,100.0,Dollars,units,"Median total income,Both sexes,All age groups",3352.5,Dollars,unit,Average expenditure per household,813.83,1951.5,9.17,604.08,1591.75,353.58,1798.75,8876.17,1.17,Persons,unit,163474.0,337338.0,Persons,thousands,"Both sexes, All age groups, Seasonally adjusted",1434.0333251953125,1176.949951171875,1557.5,257.0833435058594,2099.816650390625,123.46666717529297,Percentage,unit,"Both sexes, All age groups, Seasonally adjusted",64.73332977294922,70.80000305175781,8.633333206176758,Number,unit,Total of all violations-Actual incidents,31561.25
Saskatchewan,2006-12,"Index, 201612=100",units,62.26666666666667,53.666666666666664,59.93333333333334,Dollars,units,"Median total income,Both sexes,All age groups",2100.0,,,,,,,,,,,,,Persons,unit,22315.0,41352.0,Persons,thousands,"Both sexes, All age groups, Seasonally adjusted",318.0666809082031,259.1666564941406,331.23333740234375,58.91666793823242,455.75,13.149999618530273,Percentage,unit,"Both sexes, All age groups, Seasonally adjusted",67.28333282470703,70.33333587646484,4.2166666984558105,Number,unit,Total of all violations-Actual incidents,12621.33
Saskatchewan,2006-10,"Index, 201612=100",units,59.833333333333336,53.03333333333333,57.96666666666667,Dollars,units,"Median total income,Both sexes,All age groups",2100.0,,,,,,,,,,,,,Persons,unit,25676.0,49796.0,Persons,thousands,"Both sexes, All age groups, Seasonally adjusted",316.3166809082031,258.1333312988281,328.75,58.21666717529297,454.9166564941406,12.416666984558105,Percentage,unit,"Both sexes, All age groups, Seasonally adjusted",66.98332977294922,69.86666870117188,4.083333492279053,Number,unit,Total of all violations-Actual incidents,12621.33
Saskatchewan,2006-03,"Index, 201612=100",units,57.06666666666666,47.93333333333334,54.5,Dollars,units,"Median total income,Both sexes,All age groups",2100.0,,,,,,,,,,,,,Persons,unit,24500.0,43339.0,Persons,thousands,"Both sexes, All age groups, Seasonally adjusted",303.98333740234375,249.64999389648438,319.9166564941406,54.33333206176758,452.9666748046875,15.933333396911621,Percentage,unit,"Both sexes, All age groups, Seasonally adjusted",64.11666870117188,67.91666412353516,5.400000095367432,Number,unit,Total of all violations-Actual incidents,12621.33
Saskatchewan,2006-09,"Index, 201612=100",units,59.79999999999999,53.03333333333333,57.93333333333334,Dollars,units,"Median total income,Both sexes,All age groups",2100.0,,,,,,,,,,,,,Persons,unit,23949.0,48045.0,Persons,thousands,"Both sexes, All age groups, Seasonally adjusted",313.6000061035156,258.9333190917969,327.25,54.61666488647461,454.5,13.716666221618652,Percentage,unit,"Both sexes, All age groups, Seasonally adjusted",66.43333435058594,69.68333435058594,4.666666507720947,Number,unit,Total of all violations-Actual incidents,12621.33
Saskatchewan,2006-01,"Index, 201612=100",units,55.53333333333333,47.26666666666667,53.23333333333334,Dollars,units,"Median total income,Both sexes,All age groups",2100.0,,,,,,,,,,,,,Persons,unit,28360.0,45022.0,Persons,thousands,"Both sexes, All age groups, Seasonally adjusted",302.9666748046875,246.9499969482422,318.7833251953125,56.03333282470703,453.1000061035156,15.783333778381348,Percentage,unit,"Both sexes, All age groups, Seasonally adjusted",63.766666412353516,67.46666717529297,5.400000095367432,Number,unit,Total of all violations-Actual incidents,12621.33
Saskatchewan,2006-08,"Index, 201612=100",units,59.06666666666666,49.6,56.43333333333333,Dollars,units,"Median total income,Both sexes,All age groups",2100.0,,,,,,,,,,,,,Persons,unit,35751.0,62873.0,Persons,thousands,"Both sexes, All age groups, Seasonally adjusted",311.3500061035156,259.6499938964844,327.1333312988281,51.68333435058594,454.26666259765625,15.783333778381348,Percentage,unit,"Both sexes, All age groups, Seasonally adjusted",66.0,69.58333587646484,5.016666889190674,Number,unit,Total of all violations-Actual incidents,12621.33
Saskatchewan,2006-11,"Index, 201612=100",units,60.46666666666666,53.03333333333333,58.46666666666667,Dollars,units,"Median total income,Both sexes,All age groups",2100.0,,,,,,,,,,,,,Persons,unit,25717.0,47110.0,Persons,thousands,"Both sexes, All age groups, Seasonally adjusted",315.20001220703125,258.1666564941406,328.1833190917969,57.03333282470703,455.3500061035156,12.966666221618652,Percentage,unit,"Both sexes, All age groups, Seasonally adjusted",66.66666412353516,69.66666412353516,4.266666889190674,Number,unit,Total of all violations-Actual incidents,12621.33
Saskatchewan,2006-02,"Index, 201612=100",units,55.53333333333333,47.26666666666667,53.23333333333334,Dollars,units,"Median total income,Both sexes,All age groups",2100.0,,,,,,,,,,,,,Persons,unit,28512.0,44651.0,Persons,thousands,"Both sexes, All age groups, Seasonally adjusted",303.1000061035156,247.21665954589844,319.8500061035156,55.88333511352539,453.1000061035156,16.75,Percentage,unit,"Both sexes, All age groups, Seasonally adjusted",63.81666564941406,67.69999694824219,5.7166666984558105,Number,unit,Total of all violations-Actual incidents,12621.33
Saskatchewan,2006-04,"Index, 201612=100",units,57.23333333333333,48.93333333333334,54.93333333333333,Dollars,units,"Median total income,Both sexes,All age groups",2100.0,,,,,,,,,,,,,Persons,unit,28589.0,48646.0,Persons,thousands,"Both sexes, All age groups, Seasonally adjusted",306.95001220703125,253.11666870117188,322.0333251953125,53.79999923706055,453.1666564941406,15.116666793823242,Percentage,unit,"Both sexes, All age groups, Seasonally adjusted",64.71666717529297,68.19999694824219,5.083333492279053,Number,unit,Total of all violations-Actual incidents,12621.33
Saskatchewan,2006-05,"Index, 201612=100",units,57.26666666666667,49.06666666666666,55.0,Dollars,units,"Median total income,Both sexes,All age groups",2100.0,,,,,,,,,,,,,Persons,unit,25101.0,48805.0,Persons,thousands,"Both sexes, All age groups, Seasonally adjusted",306.7166748046875,254.71665954589844,321.5,51.983333587646484,453.48333740234375,14.800000190734863,Percentage,unit,"Both sexes, All age groups, Seasonally adjusted",64.73332977294922,68.1500015258789,4.983333110809326,Number,unit,Total of all violations-Actual incidents,12621.33
Saskatchewan,2006-06,"Index, 201612=100",units,58.23333333333334,49.4,55.800000000000004,Dollars,units,"Median total income,Both sexes,All age groups",2100.0,,,,,,,,,,,,,Persons,unit,21870.0,50950.0,Persons,thousands,"Both sexes, All age groups, Seasonally adjusted",309.3999938964844,255.13333129882812,324.26666259765625,54.28333282470703,453.75,14.850000381469727,Percentage,unit,"Both sexes, All age groups, Seasonally adjusted",65.31666564941406,68.78333282470703,5.050000190734863,Number,unit,Total of all violations-Actual incidents,12621.33
Saskatchewan,2006-07,"Index, 201612=100",units,59.06666666666666,49.4,56.4,Dollars,units,"Median total income,Both sexes,All age groups",2100.0,,,,,,,,,,,,,Persons,unit,36665.0,66529.0,Persons,thousands,"Both sexes, All age groups, Seasonally adjusted",310.51666259765625,256.9333190917969,324.8500061035156,53.61666488647461,454.01666259765625,14.350000381469727,Percentage,unit,"Both sexes, All age groups, Seasonally adjusted",65.69999694824219,69.05000305175781,4.75,Number,unit,Total of all violations-Actual incidents,12621.33
