province,REF_DATE,uom_houseindex,scalar_houseindex,avg_house_only,avg_land_only,avg_totalhouseland,uom_income,scalar_income,statistic_income,avg_income,uom_expenditure,scalar_expenditure,statistic_expenditure,avg_food_expenditures,avg_income_taxes,avg_mortageinsurance,avg_mortagePaid,avg_accomodation,avg_rent,avg_shelter,avg_total_expenditure,avg_taxes_landregfees,uom_tourist,scalar_tourist,avg_international_tourism,avg_domestic_tourism,uom_labourforce,scalar_labourforce,statistic_labourforce,avg_employment,avg_fulltime,avg_labourforce,avg_parttime,avg_population,avg_unemployment,uom_lfperc,scalar_lfperc,statistic_labourforceperc,avg_employment_rate,avg_participationrate,avg_unemploymentrate,uom_crime,scalar_crime,statistic_crime,avg_crime_incidents
Alberta,2017-03,"Index, 201612=100",units,100.06666666666666,99.8,99.96666666666665,,,,,,,,,,,,,,,,,Persons,unit,297384.0,382746.0,Persons,thousands,"Both sexes, All age groups, Seasonally adjusted",1458.2833251953125,1204.11669921875,1587.699951171875,254.1666717529297,2110.63330078125,129.4499969482422,Percentage,unit,"Both sexes, All age groups, Seasonally adjusted",65.51667022705078,71.86666870117188,9.0,Number,unit,Total of all violations-Actual incidents,32853.83
Alberta,2017-10,"Index, 201612=100",units,99.96666666666665,100.26666666666667,100.10000000000001,,,,,,,,,,,,,,,,,Persons,unit,203514.0,297134.0,Persons,thousands,"Both sexes, All age groups, Seasonally adjusted",1466.63330078125,1222.0833740234375,1583.5833740234375,244.51666259765625,2122.966552734375,116.93333435058594,Percentage,unit,"Both sexes, All age groups, Seasonally adjusted",65.33333587646484,71.06666564941406,8.25,Number,unit,Total of all violations-Actual incidents,32853.83
Alberta,2017-04,"Index, 201612=100",units,100.0,99.7,99.93333333333334,,,,,,,,,,,,,,,,,Persons,unit,310672.0,392189.0,Persons,thousands,"Both sexes, All age groups, Seasonally adjusted",1459.0999755859375,1207.5999755859375,1582.066650390625,251.5500030517578,2112.949951171875,122.93333435058594,Percentage,unit,"Both sexes, All age groups, Seasonally adjusted",65.58333587646484,71.58333587646484,8.466666221618652,Number,unit,Total of all violations-Actual incidents,32853.83
Alberta,2017-11,"Index, 201612=100",units,100.2,100.3,100.23333333333333,,,,,,,,,,,,,,,,,Persons,unit,240007.0,317574.0,Persons,thousands,"Both sexes, All age groups, Seasonally adjusted",1470.9666748046875,1214.050048828125,1582.5167236328125,256.9333190917969,2124.25,111.51667022705078,Percentage,unit,"Both sexes, All age groups, Seasonally adjusted",65.5,71.0,7.933333396911621,Number,unit,Total of all violations-Actual incidents,32853.83
Alberta,2017-09,"Index, 201612=100",units,99.93333333333334,100.26666666666667,100.06666666666666,,,,,,,,,,,,,,,,,Persons,unit,184811.0,318265.0,Persons,thousands,"Both sexes, All age groups, Seasonally adjusted",1458.9000244140625,1211.5999755859375,1578.11669921875,247.3000030517578,2121.64990234375,119.16666412353516,Percentage,unit,"Both sexes, All age groups, Seasonally adjusted",65.01667022705078,70.80000305175781,8.333333015441895,Number,unit,Total of all violations-Actual incidents,32853.83
Alberta,2017-01,"Index, 201612=100",units,99.89999999999999,100.0,99.96666666666665,,,,,,,,,,,,,,,,,Persons,unit,268797.0,340182.0,Persons,thousands,"Both sexes, All age groups, Seasonally adjusted",1445.8499755859375,1182.9166259765625,1581.7667236328125,262.9333190917969,2106.833251953125,135.93333435058594,Percentage,unit,"Both sexes, All age groups, Seasonally adjusted",65.4000015258789,72.01667022705078,9.233333587646484,Number,unit,Total of all violations-Actual incidents,32853.83
Alberta,2017-07,"Index, 201612=100",units,100.0,100.09999999999998,100.06666666666666,,,,,,,,,,,,,,,,,Persons,unit,210840.0,432472.0,Persons,thousands,"Both sexes, All age groups, Seasonally adjusted",1459.0833740234375,1204.11669921875,1579.6666259765625,254.96665954589844,2118.63330078125,120.58333587646484,Percentage,unit,"Both sexes, All age groups, Seasonally adjusted",65.4000015258789,71.16666412353516,8.233333587646484,Number,unit,Total of all violations-Actual incidents,32853.83
Alberta,2017-05,"Index, 201612=100",units,99.66666666666667,99.8,99.73333333333333,,,,,,,,,,,,,,,,,Persons,unit,200087.0,312961.0,Persons,thousands,"Both sexes, All age groups, Seasonally adjusted",1461.3333740234375,1215.800048828125,1582.0167236328125,245.5500030517578,2115.36669921875,120.66666412353516,Percentage,unit,"Both sexes, All age groups, Seasonally adjusted",65.53333282470703,71.5,8.399999618530273,Number,unit,Total of all violations-Actual incidents,32853.83
Alberta,2017-02,"Index, 201612=100",units,99.96666666666665,99.8,99.96666666666665,,,,,,,,,,,,,,,,,Persons,unit,263742.0,333751.0,Persons,thousands,"Both sexes, All age groups, Seasonally adjusted",1449.6500244140625,1192.63330078125,1577.433349609375,257.01666259765625,2108.533447265625,127.76667022705078,Percentage,unit,"Both sexes, All age groups, Seasonally adjusted",65.28333282470703,71.55000305175781,8.883333206176758,Number,unit,Total of all violations-Actual incidents,32853.83
Alberta,2017-12,"Index, 201612=100",units,100.0,100.3,100.09999999999998,,,,,,,,,,,,,,,,,Persons,unit,246621.0,347804.0,Persons,thousands,"Both sexes, All age groups, Seasonally adjusted",1483.7332763671875,1222.449951171875,1590.8333740234375,261.25,2125.5166015625,107.08333587646484,Percentage,unit,"Both sexes, All age groups, Seasonally adjusted",66.03333282470703,71.4000015258789,7.733333110809326,Number,unit,Total of all violations-Actual incidents,32853.83
Alberta,2017-08,"Index, 201612=100",units,100.09999999999998,100.13333333333333,100.13333333333333,,,,,,,,,,,,,,,,,Persons,unit,233302.0,425345.0,Persons,thousands,"Both sexes, All age groups, Seasonally adjusted",1461.6500244140625,1207.800048828125,1586.0833740234375,253.8333282470703,2120.433349609375,124.41666412353516,Percentage,unit,"Both sexes, All age groups, Seasonally adjusted",65.30000305175781,71.46666717529297,8.716666221618652,Number,unit,Total of all violations-Actual incidents,32853.83
Alberta,2017-06,"Index, 201612=100",units,99.56666666666666,99.73333333333335,99.63333333333333,,,,,,,,,,,,,,,,,Persons,unit,174470.0,356961.0,Persons,thousands,"Both sexes, All age groups, Seasonally adjusted",1464.7667236328125,1207.8499755859375,1580.7667236328125,256.9166564941406,2117.10009765625,116.0,Percentage,unit,"Both sexes, All age groups, Seasonally adjusted",65.63333129882812,71.38333129882812,8.083333015441895,Number,unit,Total of all violations-Actual incidents,32853.83
Nova Scotia,2016-04,"Index, 201612=100",units,98.8,99.3,98.9,Dollars,units,"Median total income,Both sexes,All age groups",2668.33,Dollars,unit,Average expenditure per household,676.5,1075.08,9.75,320.75,1043.5,218.33,1169.5,6156.58,6.58,Persons,unit,46073.0,56968.0,Persons,thousands,"Both sexes, All age groups, Seasonally adjusted",284.76666259765625,235.75,309.6499938964844,49.0,477.79998779296875,24.899999618530273,Percentage,unit,"Both sexes, All age groups, Seasonally adjusted",58.43333435058594,64.11666870117188,8.816666603088379,Number,unit,Total of all violations-Actual incidents,4391.67
Nova Scotia,2016-09,"Index, 201612=100",units,99.1,100.0,99.3,Dollars,units,"Median total income,Both sexes,All age groups",2668.33,Dollars,unit,Average expenditure per household,676.5,1075.08,9.75,320.75,1043.5,218.33,1169.5,6156.58,6.58,Persons,unit,14234.0,89082.0,Persons,thousands,"Both sexes, All age groups, Seasonally adjusted",283.5833435058594,235.23333740234375,307.8333435058594,48.31666564941406,478.54998779296875,24.233333587646484,Percentage,unit,"Both sexes, All age groups, Seasonally adjusted",57.516666412353516,62.86666488647461,8.566666603088379,Number,unit,Total of all violations-Actual incidents,4391.67
Nova Scotia,2016-12,"Index, 201612=100",units,100.0,100.0,100.0,Dollars,units,"Median total income,Both sexes,All age groups",2668.33,Dollars,unit,Average expenditure per household,676.5,1075.08,9.75,320.75,1043.5,218.33,1169.5,6156.58,6.58,Persons,unit,9448.0,18588.0,Persons,thousands,"Both sexes, All age groups, Seasonally adjusted",285.2833251953125,229.88333129882812,310.75,55.41666793823242,478.73333740234375,25.433332443237305,Percentage,unit,"Both sexes, All age groups, Seasonally adjusted",58.11666488647461,63.96666717529297,9.25,Number,unit,Total of all violations-Actual incidents,4391.67
Nova Scotia,2016-08,"Index, 201612=100",units,99.3,99.3,99.3,Dollars,units,"Median total income,Both sexes,All age groups",2668.33,Dollars,unit,Average expenditure per household,676.5,1075.08,9.75,320.75,1043.5,218.33,1169.5,6156.58,6.58,Persons,unit,12708.0,48235.0,Persons,thousands,"Both sexes, All age groups, Seasonally adjusted",284.4666748046875,236.1666717529297,310.1166687011719,48.29999923706055,478.48333740234375,25.66666603088379,Percentage,unit,"Both sexes, All age groups, Seasonally adjusted",58.06666564941406,63.75,9.0,Number,unit,Total of all violations-Actual incidents,4391.67
Nova Scotia,2016-11,"Index, 201612=100",units,100.0,100.0,100.0,Dollars,units,"Median total income,Both sexes,All age groups",2668.33,Dollars,unit,Average expenditure per household,676.5,1075.08,9.75,320.75,1043.5,218.33,1169.5,6156.58,6.58,Persons,unit,8706.0,16806.0,Persons,thousands,"Both sexes, All age groups, Seasonally adjusted",286.1166687011719,232.9499969482422,309.9666748046875,53.13333511352539,478.6666564941406,23.899999618530273,Percentage,unit,"Both sexes, All age groups, Seasonally adjusted",58.266666412353516,63.75,8.716666221618652,Number,unit,Total of all violations-Actual incidents,4391.67
Nova Scotia,2016-01,"Index, 201612=100",units,98.8,99.3,98.9,Dollars,units,"Median total income,Both sexes,All age groups",2668.33,Dollars,unit,Average expenditure per household,676.5,1075.08,9.75,320.75,1043.5,218.33,1169.5,6156.58,6.58,Persons,unit,8564.0,14020.0,Persons,thousands,"Both sexes, All age groups, Seasonally adjusted",281.6000061035156,235.46665954589844,307.4166564941406,46.08333206176758,477.3999938964844,25.850000381469727,Percentage,unit,"Both sexes, All age groups, Seasonally adjusted",57.766666412353516,63.56666564941406,9.0,Number,unit,Total of all violations-Actual incidents,4391.67
Nova Scotia,2016-03,"Index, 201612=100",units,98.8,99.3,98.9,Dollars,units,"Median total income,Both sexes,All age groups",2668.33,Dollars,unit,Average expenditure per household,676.5,1075.08,9.75,320.75,1043.5,218.33,1169.5,6156.58,6.58,Persons,unit,41685.0,49735.0,Persons,thousands,"Both sexes, All age groups, Seasonally adjusted",284.3833312988281,237.88333129882812,310.7833251953125,46.516666412353516,477.75,26.41666603088379,Percentage,unit,"Both sexes, All age groups, Seasonally adjusted",58.11666488647461,64.16666412353516,9.383333206176758,Number,unit,Total of all violations-Actual incidents,4391.67
Nova Scotia,2016-07,"Index, 201612=100",units,99.3,99.3,99.3,Dollars,units,"Median total income,Both sexes,All age groups",2668.33,Dollars,unit,Average expenditure per household,676.5,1075.08,9.75,320.75,1043.5,218.33,1169.5,6156.58,6.58,Persons,unit,11437.0,59931.0,Persons,thousands,"Both sexes, All age groups, Seasonally adjusted",283.4166564941406,233.48333740234375,308.79998779296875,49.95000076293945,478.2833251953125,25.399999618530273,Percentage,unit,"Both sexes, All age groups, Seasonally adjusted",57.849998474121094,63.61666488647461,9.016666412353516,Number,unit,Total of all violations-Actual incidents,4391.67
Nova Scotia,2016-06,"Index, 201612=100",units,98.9,99.3,99.0,Dollars,units,"Median total income,Both sexes,All age groups",2668.33,Dollars,unit,Average expenditure per household,676.5,1075.08,9.75,320.75,1043.5,218.33,1169.5,6156.58,6.58,Persons,unit,13876.0,44450.0,Persons,thousands,"Both sexes, All age groups, Seasonally adjusted",284.1499938964844,235.5500030517578,308.45001220703125,48.58333206176758,478.01666259765625,24.33333396911621,Percentage,unit,"Both sexes, All age groups, Seasonally adjusted",58.266666412353516,63.79999923706055,8.649999618530273,Number,unit,Total of all violations-Actual incidents,4391.67
Nova Scotia,2016-02,"Index, 201612=100",units,98.8,99.3,98.9,Dollars,units,"Median total income,Both sexes,All age groups",2668.33,Dollars,unit,Average expenditure per household,676.5,1075.08,9.75,320.75,1043.5,218.33,1169.5,6156.58,6.58,Persons,unit,20711.0,26832.0,Persons,thousands,"Both sexes, All age groups, Seasonally adjusted",283.0666809082031,235.39999389648438,310.5666809082031,47.650001525878906,477.5666809082031,27.5,Percentage,unit,"Both sexes, All age groups, Seasonally adjusted",58.099998474121094,64.26667022705078,9.516666412353516,Number,unit,Total of all violations-Actual incidents,4391.67
Nova Scotia,2016-05,"Index, 201612=100",units,98.9,99.3,99.0,Dollars,units,"Median total income,Both sexes,All age groups",2668.33,Dollars,unit,Average expenditure per household,676.5,1075.08,9.75,320.75,1043.5,218.33,1169.5,6156.58,6.58,Persons,unit,22236.0,45208.0,Persons,thousands,"Both sexes, All age groups, Seasonally adjusted",283.20001220703125,236.1999969482422,308.3333435058594,47.03333282470703,477.8833312988281,25.133333206176758,Percentage,unit,"Both sexes, All age groups, Seasonally adjusted",57.81666564941406,63.63333511352539,9.199999809265137,Number,unit,Total of all violations-Actual incidents,4391.67
Nova Scotia,2016-10,"Index, 201612=100",units,99.7,100.0,99.8,Dollars,units,"Median total income,Both sexes,All age groups",2668.33,Dollars,unit,Average expenditure per household,676.5,1075.08,9.75,320.75,1043.5,218.33,1169.5,6156.58,6.58,Persons,unit,12314.0,72119.0,Persons,thousands,"Both sexes, All age groups, Seasonally adjusted",284.1499938964844,233.8333282470703,307.4166564941406,50.29999923706055,478.6333312988281,23.299999237060547,Percentage,unit,"Both sexes, All age groups, Seasonally adjusted",57.83333206176758,63.13333511352539,8.466666221618652,Number,unit,Total of all violations-Actual incidents,4391.67
