province,REF_DATE,uom_houseindex,scalar_houseindex,avg_house_only,avg_land_only,avg_totalhouseland,uom_income,scalar_income,statistic_income,avg_income,uom_expenditure,scalar_expenditure,statistic_expenditure,avg_food_expenditures,avg_income_taxes,avg_mortageinsurance,avg_mortagePaid,avg_accomodation,avg_rent,avg_shelter,avg_total_expenditure,avg_taxes_landregfees,uom_tourist,scalar_tourist,avg_international_tourism,avg_domestic_tourism,uom_labourforce,scalar_labourforce,statistic_labourforce,avg_employment,avg_fulltime,avg_labourforce,avg_parttime,avg_population,avg_unemployment,uom_lfperc,scalar_lfperc,statistic_labourforceperc,avg_employment_rate,avg_participationrate,avg_unemploymentrate,uom_crime,scalar_crime,statistic_crime,avg_crime_incidents
Newfoundland and Labrador,2004-11,"Index, 201612=100",units,61.2,55.0,59.2,Dollars,units,"Median total income,Both sexes,All age groups",1558.33,,,,,,,,,,,,,Persons,unit,2510.0,11602.0,Persons,thousands,"Both sexes, All age groups, Seasonally adjusted",134.53334045410156,115.86666870117188,159.28334045410156,18.633333206176758,263.0333251953125,24.75,Percentage,unit,"Both sexes, All age groups, Seasonally adjusted",47.56666564941406,56.91666793823242,16.383333206176758,Number,unit,Total of all violations-Actual incidents,2958.83
Newfoundland and Labrador,2004-04,"Index, 201612=100",units,58.1,51.7,56.2,Dollars,units,"Median total income,Both sexes,All age groups",1558.33,,,,,,,,,,,,,Persons,unit,3481.0,11847.0,Persons,thousands,"Both sexes, All age groups, Seasonally adjusted",136.1999969482422,118.63333129882812,161.11666870117188,17.566667556762695,262.73333740234375,24.933332443237305,Percentage,unit,"Both sexes, All age groups, Seasonally adjusted",48.06666564941406,57.36666488647461,15.766666412353516,Number,unit,Total of all violations-Actual incidents,2958.83
Newfoundland and Labrador,2004-03,"Index, 201612=100",units,57.8,51.7,56.0,Dollars,units,"Median total income,Both sexes,All age groups",1558.33,,,,,,,,,,,,,Persons,unit,2943.0,10382.0,Persons,thousands,"Both sexes, All age groups, Seasonally adjusted",136.96665954589844,116.8499984741211,161.61666870117188,20.116666793823242,262.8333435058594,24.616666793823242,Percentage,unit,"Both sexes, All age groups, Seasonally adjusted",48.150001525878906,57.400001525878906,16.28333282470703,Number,unit,Total of all violations-Actual incidents,2958.83
Newfoundland and Labrador,2004-08,"Index, 201612=100",units,60.4,53.1,58.3,Dollars,units,"Median total income,Both sexes,All age groups",1558.33,,,,,,,,,,,,,Persons,unit,6180.0,24041.0,Persons,thousands,"Both sexes, All age groups, Seasonally adjusted",137.8333282470703,118.73332977294922,162.13333129882812,19.08333396911621,262.70001220703125,24.28333282470703,Percentage,unit,"Both sexes, All age groups, Seasonally adjusted",49.016666412353516,58.06666564941406,15.199999809265137,Number,unit,Total of all violations-Actual incidents,2958.83
Newfoundland and Labrador,2004-01,"Index, 201612=100",units,57.4,50.9,55.4,Dollars,units,"Median total income,Both sexes,All age groups",1558.33,,,,,,,,,,,,,Persons,unit,673.0,9122.0,Persons,thousands,"Both sexes, All age groups, Seasonally adjusted",136.39999389648438,117.51667022705078,162.18333435058594,18.866666793823242,262.8833312988281,25.78333282470703,Percentage,unit,"Both sexes, All age groups, Seasonally adjusted",48.11666488647461,57.61666488647461,16.41666603088379,Number,unit,Total of all violations-Actual incidents,2958.83
Newfoundland and Labrador,2004-10,"Index, 201612=100",units,60.7,53.1,58.5,Dollars,units,"Median total income,Both sexes,All age groups",1558.33,,,,,,,,,,,,,Persons,unit,3742.0,15809.0,Persons,thousands,"Both sexes, All age groups, Seasonally adjusted",135.78334045410156,117.78333282470703,160.06666564941406,18.0,262.9166564941406,24.299999237060547,Percentage,unit,"Both sexes, All age groups, Seasonally adjusted",48.150001525878906,57.233333587646484,15.600000381469727,Number,unit,Total of all violations-Actual incidents,2958.83
Newfoundland and Labrador,2004-09,"Index, 201612=100",units,60.7,53.1,58.5,Dollars,units,"Median total income,Both sexes,All age groups",1558.33,,,,,,,,,,,,,Persons,unit,4217.0,24114.0,Persons,thousands,"Both sexes, All age groups, Seasonally adjusted",135.76666259765625,116.71666717529297,161.06666564941406,19.066667556762695,262.79998779296875,25.316667556762695,Percentage,unit,"Both sexes, All age groups, Seasonally adjusted",48.21666717529297,57.66666793823242,16.149999618530273,Number,unit,Total of all violations-Actual incidents,2958.83
Newfoundland and Labrador,2004-12,"Index, 201612=100",units,61.2,55.0,59.2,Dollars,units,"Median total income,Both sexes,All age groups",1558.33,,,,,,,,,,,,,Persons,unit,2730.0,12943.0,Persons,thousands,"Both sexes, All age groups, Seasonally adjusted",136.98333740234375,117.9000015258789,159.8333282470703,19.049999237060547,263.1166687011719,22.83333396911621,Percentage,unit,"Both sexes, All age groups, Seasonally adjusted",48.53333282470703,57.016666412353516,15.066666603088379,Number,unit,Total of all violations-Actual incidents,2958.83
Newfoundland and Labrador,2004-02,"Index, 201612=100",units,57.6,51.3,55.7,Dollars,units,"Median total income,Both sexes,All age groups",1558.33,,,,,,,,,,,,,Persons,unit,996.0,7687.0,Persons,thousands,"Both sexes, All age groups, Seasonally adjusted",137.0833282470703,119.69999694824219,162.5500030517578,17.399999618530273,262.8999938964844,25.46666717529297,Percentage,unit,"Both sexes, All age groups, Seasonally adjusted",48.45000076293945,57.93333435058594,16.33333396911621,Number,unit,Total of all violations-Actual incidents,2958.83
Newfoundland and Labrador,2004-06,"Index, 201612=100",units,59.4,52.0,57.2,Dollars,units,"Median total income,Both sexes,All age groups",1558.33,,,,,,,,,,,,,Persons,unit,4668.0,23602.0,Persons,thousands,"Both sexes, All age groups, Seasonally adjusted",137.5500030517578,115.48332977294922,163.39999389648438,22.066667556762695,262.70001220703125,25.866666793823242,Percentage,unit,"Both sexes, All age groups, Seasonally adjusted",48.650001525878906,58.28333282470703,16.516666412353516,Number,unit,Total of all violations-Actual incidents,2958.83
Newfoundland and Labrador,2004-07,"Index, 201612=100",units,59.8,53.1,57.9,Dollars,units,"Median total income,Both sexes,All age groups",1558.33,,,,,,,,,,,,,Persons,unit,6053.0,26519.0,Persons,thousands,"Both sexes, All age groups, Seasonally adjusted",139.36666870117188,120.11666870117188,163.18333435058594,19.28333282470703,262.7166748046875,23.799999237060547,Percentage,unit,"Both sexes, All age groups, Seasonally adjusted",49.54999923706055,58.41666793823242,14.966666221618652,Number,unit,Total of all violations-Actual incidents,2958.83
Newfoundland and Labrador,2004-05,"Index, 201612=100",units,58.9,51.9,56.8,Dollars,units,"Median total income,Both sexes,All age groups",1558.33,,,,,,,,,,,,,Persons,unit,3615.0,14751.0,Persons,thousands,"Both sexes, All age groups, Seasonally adjusted",136.78334045410156,117.21666717529297,162.48333740234375,19.566667556762695,262.70001220703125,25.71666717529297,Percentage,unit,"Both sexes, All age groups, Seasonally adjusted",48.43333435058594,58.11666488647461,16.366666793823242,Number,unit,Total of all violations-Actual incidents,2958.83
Quebec,1996-11,"Index, 201612=100",units,57.333333333333336,50.43333333333334,54.900000000000006,,,,,,,,,,,,,,,,,Persons,unit,437930.0,729084.0,Persons,thousands,"Both sexes, All age groups, Seasonally adjusted",1998.4000244140625,1665.183349609375,2275.033447265625,333.1833190917969,3540.433349609375,276.6499938964844,Percentage,unit,"Both sexes, All age groups, Seasonally adjusted",51.516666412353516,59.25,12.866666793823242,,,,
Quebec,1996-10,"Index, 201612=100",units,57.43333333333334,50.4,54.96666666666667,,,,,,,,,,,,,,,,,Persons,unit,540590.0,939647.0,Persons,thousands,"Both sexes, All age groups, Seasonally adjusted",1991.933349609375,1669.5999755859375,2272.39990234375,322.3500061035156,3538.5166015625,280.45001220703125,Percentage,unit,"Both sexes, All age groups, Seasonally adjusted",51.266666412353516,59.0,13.033333778381348,,,,
Quebec,1996-12,"Index, 201612=100",units,57.43333333333334,50.43333333333334,55.03333333333333,,,,,,,,,,,,,,,,,Persons,unit,420538.0,721216.0,Persons,thousands,"Both sexes, All age groups, Seasonally adjusted",2001.066650390625,1656.5999755859375,2275.816650390625,344.48333740234375,3542.083251953125,274.76666259765625,Percentage,unit,"Both sexes, All age groups, Seasonally adjusted",51.483333587646484,59.04999923706055,12.699999809265137,,,,
Quebec,1996-04,"Index, 201612=100",units,56.96666666666667,50.93333333333334,54.800000000000004,,,,,,,,,,,,,,,,,Persons,unit,554242.0,868743.0,Persons,thousands,"Both sexes, All age groups, Seasonally adjusted",2006.9666748046875,1672.75,2256.0,334.2166748046875,3527.5166015625,249.03334045410156,Percentage,unit,"Both sexes, All age groups, Seasonally adjusted",52.03333282470703,58.983333587646484,11.699999809265137,,,,
Quebec,1996-02,"Index, 201612=100",units,57.333333333333336,51.36666666666667,55.166666666666664,,,,,,,,,,,,,,,,,Persons,unit,433274.0,716810.0,Persons,thousands,"Both sexes, All age groups, Seasonally adjusted",2022.2166748046875,1680.9832763671875,2280.199951171875,341.2166748046875,3524.39990234375,257.98333740234375,Percentage,unit,"Both sexes, All age groups, Seasonally adjusted",52.45000076293945,59.66666793823242,12.100000381469727,,,,
Quebec,1996-05,"Index, 201612=100",units,57.06666666666666,50.6,54.76666666666667,,,,,,,,,,,,,,,,,Persons,unit,562052.0,958258.0,Persons,thousands,"Both sexes, All age groups, Seasonally adjusted",2016.7833251953125,1675.6666259765625,2252.166748046875,341.1000061035156,3529.550048828125,235.39999389648438,Percentage,unit,"Both sexes, All age groups, Seasonally adjusted",52.349998474121094,58.900001525878906,10.899999618530273,,,,
Quebec,1996-09,"Index, 201612=100",units,57.43333333333334,50.46666666666667,55.03333333333333,,,,,,,,,,,,,,,,,Persons,unit,616030.0,1061673.0,Persons,thousands,"Both sexes, All age groups, Seasonally adjusted",2002.7332763671875,1668.1500244140625,2281.199951171875,334.5833435058594,3536.666748046875,278.45001220703125,Percentage,unit,"Both sexes, All age groups, Seasonally adjusted",51.733333587646484,59.5,12.75,,,,
Quebec,1996-06,"Index, 201612=100",units,57.26666666666667,50.6,54.900000000000006,,,,,,,,,,,,,,,,,Persons,unit,641385.0,1103532.0,Persons,thousands,"Both sexes, All age groups, Seasonally adjusted",2009.683349609375,1666.4832763671875,2263.9833984375,343.20001220703125,3531.10009765625,254.31666564941406,Percentage,unit,"Both sexes, All age groups, Seasonally adjusted",52.03333282470703,59.099998474121094,11.733333587646484,,,,
Quebec,1996-07,"Index, 201612=100",units,57.26666666666667,50.6,54.93333333333334,,,,,,,,,,,,,,,,,Persons,unit,935683.0,1531352.0,Persons,thousands,"Both sexes, All age groups, Seasonally adjusted",1999.61669921875,1664.63330078125,2276.35009765625,335.0,3533.083251953125,276.73333740234375,Percentage,unit,"Both sexes, All age groups, Seasonally adjusted",51.79999923706055,59.45000076293945,12.633333206176758,,,,
Quebec,1996-01,"Index, 201612=100",units,57.20000000000001,51.53333333333334,55.166666666666664,,,,,,,,,,,,,,,,,Persons,unit,492338.0,729640.0,Persons,thousands,"Both sexes, All age groups, Seasonally adjusted",2026.183349609375,1694.2332763671875,2273.283447265625,331.9666748046875,3522.86669921875,247.10000610351562,Percentage,unit,"Both sexes, All age groups, Seasonally adjusted",52.5,59.29999923706055,11.416666984558105,,,,
Quebec,1996-08,"Index, 201612=100",units,57.26666666666667,50.46666666666667,54.9,,,,,,,,,,,,,,,,,Persons,unit,944417.0,1564421.0,Persons,thousands,"Both sexes, All age groups, Seasonally adjusted",2006.5833740234375,1683.066650390625,2271.0166015625,323.51666259765625,3534.63330078125,264.4333190917969,Percentage,unit,"Both sexes, All age groups, Seasonally adjusted",51.91666793823242,59.150001525878906,12.016666412353516,,,,
Quebec,1996-03,"Index, 201612=100",units,57.166666666666664,51.0,54.93333333333334,,,,,,,,,,,,,,,,,Persons,unit,610273.0,904712.0,Persons,thousands,"Both sexes, All age groups, Seasonally adjusted",2009.0167236328125,1670.0,2267.85009765625,339.01666259765625,3526.083251953125,258.8166809082031,Percentage,unit,"Both sexes, All age groups, Seasonally adjusted",52.016666412353516,59.18333435058594,11.933333396911621,,,,
