province,REF_DATE,uom_houseindex,scalar_houseindex,avg_house_only,avg_land_only,avg_totalhouseland,uom_income,scalar_income,statistic_income,avg_income,uom_expenditure,scalar_expenditure,statistic_expenditure,avg_food_expenditures,avg_income_taxes,avg_mortageinsurance,avg_mortagePaid,avg_accomodation,avg_rent,avg_shelter,avg_total_expenditure,avg_taxes_landregfees,uom_tourist,scalar_tourist,avg_international_tourism,avg_domestic_tourism,uom_labourforce,scalar_labourforce,statistic_labourforce,avg_employment,avg_fulltime,avg_labourforce,avg_parttime,avg_population,avg_unemployment,uom_lfperc,scalar_lfperc,statistic_labourforceperc,avg_employment_rate,avg_participationrate,avg_unemploymentrate,uom_crime,scalar_crime,statistic_crime,avg_crime_incidents
Quebec,1981-04,"Index, 201612=100",units,33.25,20.95,30.15,,,,,,,,,,,,,,,,,Persons,unit,405869.0,720052.0,Persons,thousands,"Both sexes, All age groups, Seasonally adjusted",1751.7667236328125,1539.933349609375,1930.25,211.8333282470703,3052.949951171875,178.4499969482422,Percentage,unit,"Both sexes, All age groups, Seasonally adjusted",53.766666412353516,59.54999923706055,9.383333206176758,,,,
Quebec,1981-03,"Index, 201612=100",units,32.95,20.8,29.8,,,,,,,,,,,,,,,,,Persons,unit,420753.0,695298.0,Persons,thousands,"Both sexes, All age groups, Seasonally adjusted",1746.9832763671875,1533.61669921875,1936.2332763671875,213.39999389648438,3049.86669921875,189.21665954589844,Percentage,unit,"Both sexes, All age groups, Seasonally adjusted",53.733333587646484,59.88333511352539,9.850000381469727,,,,
Quebec,1981-10,"Index, 201612=100",units,34.5,22.05,31.4,,,,,,,,,,,,,,,,,Persons,unit,372681.0,710079.0,Persons,thousands,"Both sexes, All age groups, Seasonally adjusted",1732.3499755859375,1515.38330078125,1949.550048828125,216.96665954589844,3068.949951171875,217.21665954589844,Percentage,unit,"Both sexes, All age groups, Seasonally adjusted",52.79999923706055,59.71666717529297,11.149999618530273,,,,
Quebec,1981-08,"Index, 201612=100",units,34.15,21.5,30.950000000000003,,,,,,,,,,,,,,,,,Persons,unit,869615.0,1425399.0,Persons,thousands,"Both sexes, All age groups, Seasonally adjusted",1763.5167236328125,1554.6666259765625,1946.5833740234375,208.85000610351562,3063.666748046875,183.06666564941406,Percentage,unit,"Both sexes, All age groups, Seasonally adjusted",53.900001525878906,59.71666717529297,9.416666984558105,,,,
Quebec,1981-07,"Index, 201612=100",units,33.95,21.45,30.799999999999997,,,,,,,,,,,,,,,,,Persons,unit,1088766.0,1635157.0,Persons,thousands,"Both sexes, All age groups, Seasonally adjusted",1755.5167236328125,1547.800048828125,1943.449951171875,207.71665954589844,3061.35009765625,187.9499969482422,Percentage,unit,"Both sexes, All age groups, Seasonally adjusted",53.78333282470703,59.75,9.533333778381348,,,,
Quebec,1981-11,"Index, 201612=100",units,34.75,22.200000000000003,31.6,,,,,,,,,,,,,,,,,Persons,unit,285340.0,529127.0,Persons,thousands,"Both sexes, All age groups, Seasonally adjusted",1714.199951171875,1495.949951171875,1924.9000244140625,218.23333740234375,3071.433349609375,210.6666717529297,Percentage,unit,"Both sexes, All age groups, Seasonally adjusted",52.20000076293945,58.93333435058594,11.066666603088379,,,,
Quebec,1981-06,"Index, 201612=100",units,33.8,21.45,30.7,,,,,,,,,,,,,,,,,Persons,unit,540311.0,936701.0,Persons,thousands,"Both sexes, All age groups, Seasonally adjusted",1759.316650390625,1539.183349609375,1946.9166259765625,220.11666870117188,3059.333251953125,187.63333129882812,Percentage,unit,"Both sexes, All age groups, Seasonally adjusted",53.88333511352539,59.86666488647461,9.649999618530273,,,,
Quebec,1981-01,"Index, 201612=100",units,32.45,20.05,29.3,,,,,,,,,,,,,,,,,Persons,unit,337589.0,569547.0,Persons,thousands,"Both sexes, All age groups, Seasonally adjusted",1736.066650390625,1532.5167236328125,1927.5833740234375,203.5500030517578,3043.2333984375,191.5500030517578,Percentage,unit,"Both sexes, All age groups, Seasonally adjusted",53.5,59.70000076293945,9.949999809265137,,,,
Quebec,1981-02,"Index, 201612=100",units,32.8,20.5,29.700000000000003,,,,,,,,,,,,,,,,,Persons,unit,291126.0,544829.0,Persons,thousands,"Both sexes, All age groups, Seasonally adjusted",1751.38330078125,1544.0999755859375,1940.5333251953125,207.3000030517578,3046.86669921875,189.14999389648438,Percentage,unit,"Both sexes, All age groups, Seasonally adjusted",53.96666717529297,60.099998474121094,9.833333015441895,,,,
Quebec,1981-12,"Index, 201612=100",units,34.95,22.200000000000003,31.75,,,,,,,,,,,,,,,,,Persons,unit,289341.0,532417.0,Persons,thousands,"Both sexes, All age groups, Seasonally adjusted",1701.550048828125,1488.1666259765625,1924.9666748046875,213.36666870117188,3074.183349609375,223.4166717529297,Percentage,unit,"Both sexes, All age groups, Seasonally adjusted",51.79999923706055,58.900001525878906,11.716666221618652,,,,
Quebec,1981-09,"Index, 201612=100",units,34.35,22.0,31.25,,,,,,,,,,,,,,,,,Persons,unit,452043.0,848356.0,Persons,thousands,"Both sexes, All age groups, Seasonally adjusted",1735.433349609375,1522.9166259765625,1945.183349609375,212.5500030517578,3066.4833984375,209.75,Percentage,unit,"Both sexes, All age groups, Seasonally adjusted",52.95000076293945,59.68333435058594,10.933333396911621,,,,
Quebec,1981-05,"Index, 201612=100",units,33.6,21.25,30.549999999999997,,,,,,,,,,,,,,,,,Persons,unit,475623.0,840262.0,Persons,thousands,"Both sexes, All age groups, Seasonally adjusted",1745.88330078125,1532.0,1935.75,213.88333129882812,3056.033447265625,189.88333129882812,Percentage,unit,"Both sexes, All age groups, Seasonally adjusted",53.54999923706055,59.66666793823242,9.766666412353516,,,,
