province,REF_DATE,uom_houseindex,scalar_houseindex,avg_house_only,avg_land_only,avg_totalhouseland,uom_income,scalar_income,statistic_income,avg_income,uom_expenditure,scalar_expenditure,statistic_expenditure,avg_food_expenditures,avg_income_taxes,avg_mortageinsurance,avg_mortagePaid,avg_accomodation,avg_rent,avg_shelter,avg_total_expenditure,avg_taxes_landregfees,uom_tourist,scalar_tourist,avg_international_tourism,avg_domestic_tourism,uom_labourforce,scalar_labourforce,statistic_labourforce,avg_employment,avg_fulltime,avg_labourforce,avg_parttime,avg_population,avg_unemployment,uom_lfperc,scalar_lfperc,statistic_labourforceperc,avg_employment_rate,avg_participationrate,avg_unemploymentrate,uom_crime,scalar_crime,statistic_crime,avg_crime_incidents
British Columbia,1993-06,"Index, 201612=100",units,120.43333333333334,84.93333333333334,103.46666666666668,,,,,,,,,,,,,,,,,Persons,unit,1386930.0,2107259.0,Persons,thousands,"Both sexes, All age groups, Seasonally adjusted",1059.11669921875,863.9500122070312,1172.0,195.1666717529297,1696.6500244140625,112.86666870117188,Percentage,unit,"Both sexes, All age groups, Seasonally adjusted",58.20000076293945,64.8499984741211,10.416666984558105,,,,
British Columbia,1993-11,"Index, 201612=100",units,120.09999999999998,86.89999999999999,104.26666666666667,,,,,,,,,,,,,,,,,Persons,unit,1093770.0,1427878.0,Persons,thousands,"Both sexes, All age groups, Seasonally adjusted",1086.8333740234375,876.5833129882812,1188.7833251953125,210.25,1720.4832763671875,101.94999694824219,Percentage,unit,"Both sexes, All age groups, Seasonally adjusted",58.81666564941406,64.93333435058594,9.449999809265137,,,,
British Columbia,1993-02,"Index, 201612=100",units,120.40000000000002,81.06666666666668,101.46666666666665,,,,,,,,,,,,,,,,,Persons,unit,1112415.0,1448843.0,Persons,thousands,"Both sexes, All age groups, Seasonally adjusted",1044.0999755859375,844.2999877929688,1158.5999755859375,199.81666564941406,1679.816650390625,114.53333282470703,Percentage,unit,"Both sexes, All age groups, Seasonally adjusted",58.233333587646484,64.91666412353516,10.183333396911621,,,,
British Columbia,1993-05,"Index, 201612=100",units,120.59999999999998,84.03333333333333,103.10000000000001,,,,,,,,,,,,,,,,,Persons,unit,1478442.0,2053954.0,Persons,thousands,"Both sexes, All age groups, Seasonally adjusted",1052.9000244140625,855.183349609375,1171.9832763671875,197.73333740234375,1691.2833251953125,119.06666564941406,Percentage,unit,"Both sexes, All age groups, Seasonally adjusted",58.08333206176758,65.0,10.75,,,,
British Columbia,1993-03,"Index, 201612=100",units,120.33333333333333,82.3,101.96666666666665,,,,,,,,,,,,,,,,,Persons,unit,1342208.0,1733611.0,Persons,thousands,"Both sexes, All age groups, Seasonally adjusted",1044.9166259765625,854.0,1153.4666748046875,190.9166717529297,1683.4166259765625,108.55000305175781,Percentage,unit,"Both sexes, All age groups, Seasonally adjusted",57.983333587646484,64.4000015258789,9.899999618530273,,,,
British Columbia,1993-09,"Index, 201612=100",units,121.16666666666667,85.83333333333333,104.40000000000002,,,,,,,,,,,,,,,,,Persons,unit,1348888.0,2035044.0,Persons,thousands,"Both sexes, All age groups, Seasonally adjusted",1073.1500244140625,883.2166748046875,1184.0167236328125,189.96665954589844,1712.5333251953125,110.8499984741211,Percentage,unit,"Both sexes, All age groups, Seasonally adjusted",58.38333511352539,64.75,9.850000381469727,,,,
British Columbia,1993-07,"Index, 201612=100",units,121.60000000000001,85.53333333333335,104.46666666666665,,,,,,,,,,,,,,,,,Persons,unit,1642505.0,2584141.0,Persons,thousands,"Both sexes, All age groups, Seasonally adjusted",1065.38330078125,871.933349609375,1181.11669921875,193.46665954589844,1701.300048828125,115.73332977294922,Percentage,unit,"Both sexes, All age groups, Seasonally adjusted",58.31666564941406,65.0999984741211,10.533333778381348,,,,
British Columbia,1993-08,"Index, 201612=100",units,121.90000000000002,85.63333333333333,104.66666666666667,,,,,,,,,,,,,,,,,Persons,unit,1740732.0,2698557.0,Persons,thousands,"Both sexes, All age groups, Seasonally adjusted",1072.0999755859375,877.5833129882812,1178.4666748046875,194.5,1707.75,106.36666870117188,Percentage,unit,"Both sexes, All age groups, Seasonally adjusted",58.43333435058594,64.73332977294922,9.949999809265137,,,,
British Columbia,1993-01,"Index, 201612=100",units,119.03333333333335,80.60000000000001,100.43333333333334,,,,,,,,,,,,,,,,,Persons,unit,1083155.0,1392170.0,Persons,thousands,"Both sexes, All age groups, Seasonally adjusted",1042.0833740234375,847.25,1154.2667236328125,194.81666564941406,1676.1666259765625,112.19999694824219,Percentage,unit,"Both sexes, All age groups, Seasonally adjusted",58.20000076293945,64.83333587646484,9.966666221618652,,,,
British Columbia,1993-10,"Index, 201612=100",units,120.33333333333333,86.33333333333333,104.16666666666667,,,,,,,,,,,,,,,,,Persons,unit,1258855.0,1701072.0,Persons,thousands,"Both sexes, All age groups, Seasonally adjusted",1074.2166748046875,868.9000244140625,1184.199951171875,205.31666564941406,1716.7166748046875,109.96666717529297,Percentage,unit,"Both sexes, All age groups, Seasonally adjusted",58.099998474121094,64.61666870117188,10.216666221618652,,,,
British Columbia,1993-04,"Index, 201612=100",units,121.90000000000002,83.3,103.46666666666665,,,,,,,,,,,,,,,,,Persons,unit,1385557.0,1810516.0,Persons,thousands,"Both sexes, All age groups, Seasonally adjusted",1049.25,861.4166870117188,1164.6666259765625,187.8333282470703,1687.3499755859375,115.43333435058594,Percentage,unit,"Both sexes, All age groups, Seasonally adjusted",58.150001525878906,64.83333587646484,10.316666603088379,,,,
British Columbia,1993-12,"Index, 201612=100",units,119.03333333333335,86.86666666666666,103.7,,,,,,,,,,,,,,,,,Persons,unit,1075398.0,1463495.0,Persons,thousands,"Both sexes, All age groups, Seasonally adjusted",1085.11669921875,867.5499877929688,1198.816650390625,217.5833282470703,1723.933349609375,113.68333435058594,Percentage,unit,"Both sexes, All age groups, Seasonally adjusted",58.766666412353516,65.31666564941406,10.033333778381348,,,,
