province,REF_DATE,uom_houseindex,scalar_houseindex,avg_house_only,avg_land_only,avg_totalhouseland,uom_income,scalar_income,statistic_income,avg_income,uom_expenditure,scalar_expenditure,statistic_expenditure,avg_food_expenditures,avg_income_taxes,avg_mortageinsurance,avg_mortagePaid,avg_accomodation,avg_rent,avg_shelter,avg_total_expenditure,avg_taxes_landregfees,uom_tourist,scalar_tourist,avg_international_tourism,avg_domestic_tourism,uom_labourforce,scalar_labourforce,statistic_labourforce,avg_employment,avg_fulltime,avg_labourforce,avg_parttime,avg_population,avg_unemployment,uom_lfperc,scalar_lfperc,statistic_labourforceperc,avg_employment_rate,avg_participationrate,avg_unemploymentrate,uom_crime,scalar_crime,statistic_crime,avg_crime_incidents
Atlantic Region,1996-05,"Index, 201612=100",units,63.8,58.0,62.6,,,,,,,,,,,,,,,,,,,,,,,,,,,,,,,,,,,,,,,
Atlantic Region,1996-01,"Index, 201612=100",units,64.1,57.9,62.8,,,,,,,,,,,,,,,,,,,,,,,,,,,,,,,,,,,,,,,
Atlantic Region,1996-11,"Index, 201612=100",units,63.8,58.0,62.7,,,,,,,,,,,,,,,,,,,,,,,,,,,,,,,,,,,,,,,
Atlantic Region,1996-06,"Index, 201612=100",units,64.0,58.0,62.8,,,,,,,,,,,,,,,,,,,,,,,,,,,,,,,,,,,,,,,
Atlantic Region,1996-10,"Index, 201612=100",units,63.9,58.0,62.8,,,,,,,,,,,,,,,,,,,,,,,,,,,,,,,,,,,,,,,
Atlantic Region,1996-07,"Index, 201612=100",units,64.0,58.0,62.8,,,,,,,,,,,,,,,,,,,,,,,,,,,,,,,,,,,,,,,
Atlantic Region,1996-09,"Index, 201612=100",units,64.0,58.0,62.8,,,,,,,,,,,,,,,,,,,,,,,,,,,,,,,,,,,,,,,
Atlantic Region,1996-12,"Index, 201612=100",units,63.8,58.0,62.7,,,,,,,,,,,,,,,,,,,,,,,,,,,,,,,,,,,,,,,
Atlantic Region,1996-03,"Index, 201612=100",units,63.8,58.0,62.6,,,,,,,,,,,,,,,,,,,,,,,,,,,,,,,,,,,,,,,
Atlantic Region,1996-02,"Index, 201612=100",units,64.0,57.9,62.7,,,,,,,,,,,,,,,,,,,,,,,,,,,,,,,,,,,,,,,
Atlantic Region,1996-08,"Index, 201612=100",units,64.0,57.9,62.8,,,,,,,,,,,,,,,,,,,,,,,,,,,,,,,,,,,,,,,
Atlantic Region,1996-04,"Index, 201612=100",units,63.8,58.0,62.6,,,,,,,,,,,,,,,,,,,,,,,,,,,,,,,,,,,,,,,
Atlantic Region,2013-10,"Index, 201612=100",units,99.3,98.4,99.1,,,,,Dollars,unit,Average expenditure per household,595.25,940.5,9.58,294.75,952.83,177.0,1048.58,5727.5,4.17,,,,,,,,,,,,,,,,,,,,,,,
Atlantic Region,2013-03,"Index, 201612=100",units,98.2,96.8,97.9,,,,,Dollars,unit,Average expenditure per household,595.25,940.5,9.58,294.75,952.83,177.0,1048.58,5727.5,4.17,,,,,,,,,,,,,,,,,,,,,,,
Atlantic Region,2013-01,"Index, 201612=100",units,97.8,96.6,97.5,,,,,Dollars,unit,Average expenditure per household,595.25,940.5,9.58,294.75,952.83,177.0,1048.58,5727.5,4.17,,,,,,,,,,,,,,,,,,,,,,,
Atlantic Region,2013-11,"Index, 201612=100",units,99.3,98.5,99.1,,,,,Dollars,unit,Average expenditure per household,595.25,940.5,9.58,294.75,952.83,177.0,1048.58,5727.5,4.17,,,,,,,,,,,,,,,,,,,,,,,
Atlantic Region,2013-05,"Index, 201612=100",units,98.9,97.4,98.6,,,,,Dollars,unit,Average expenditure per household,595.25,940.5,9.58,294.75,952.83,177.0,1048.58,5727.5,4.17,,,,,,,,,,,,,,,,,,,,,,,
Atlantic Region,2013-09,"Index, 201612=100",units,99.3,98.4,99.1,,,,,Dollars,unit,Average expenditure per household,595.25,940.5,9.58,294.75,952.83,177.0,1048.58,5727.5,4.17,,,,,,,,,,,,,,,,,,,,,,,
Atlantic Region,2013-06,"Index, 201612=100",units,98.9,97.4,98.6,,,,,Dollars,unit,Average expenditure per household,595.25,940.5,9.58,294.75,952.83,177.0,1048.58,5727.5,4.17,,,,,,,,,,,,,,,,,,,,,,,
Atlantic Region,2013-04,"Index, 201612=100",units,98.7,97.1,98.4,,,,,Dollars,unit,Average expenditure per household,595.25,940.5,9.58,294.75,952.83,177.0,1048.58,5727.5,4.17,,,,,,,,,,,,,,,,,,,,,,,
Atlantic Region,2013-07,"Index, 201612=100",units,99.3,98.0,99.0,,,,,Dollars,unit,Average expenditure per household,595.25,940.5,9.58,294.75,952.83,177.0,1048.58,5727.5,4.17,,,,,,,,,,,,,,,,,,,,,,,
Atlantic Region,2013-02,"Index, 201612=100",units,98.1,96.8,97.9,,,,,Dollars,unit,Average expenditure per household,595.25,940.5,9.58,294.75,952.83,177.0,1048.58,5727.5,4.17,,,,,,,,,,,,,,,,,,,,,,,
Atlantic Region,2013-12,"Index, 201612=100",units,99.2,98.5,99.1,,,,,Dollars,unit,Average expenditure per household,595.25,940.5,9.58,294.75,952.83,177.0,1048.58,5727.5,4.17,,,,,,,,,,,,,,,,,,,,,,,
Atlantic Region,2013-08,"Index, 201612=100",units,99.2,98.4,99.0,,,,,Dollars,unit,Average expenditure per household,595.25,940.5,9.58,294.75,952.83,177.0,1048.58,5727.5,4.17,,,,,,,,,,,,,,,,,,,,,,,
British Columbia,2000-02,"Index, 201612=100",units,81.10000000000001,76.16666666666667,77.26666666666667,Dollars,units,"Median total income,Both sexes,All age groups",1775.0,,,,,,,,,,,,,Persons,unit,647044.0,1225775.0,Persons,thousands,"Both sexes, All age groups, Seasonally adjusted",1239.550048828125,996.3499755859375,1330.316650390625,243.18333435058594,1962.63330078125,90.78333282470703,Percentage,unit,"Both sexes, All age groups, Seasonally adjusted",58.5,63.233333587646484,7.516666889190674,Number,unit,Total of all violations-Actual incidents,41043.58
British Columbia,2000-10,"Index, 201612=100",units,80.06666666666668,76.06666666666666,76.60000000000001,Dollars,units,"Median total income,Both sexes,All age groups",1775.0,,,,,,,,,,,,,Persons,unit,731121.0,1349229.0,Persons,thousands,"Both sexes, All age groups, Seasonally adjusted",1242.5167236328125,1003.1166381835938,1341.2332763671875,239.43333435058594,1977.2166748046875,98.69999694824219,Percentage,unit,"Both sexes, All age groups, Seasonally adjusted",58.13333511352539,63.400001525878906,8.066666603088379,Number,unit,Total of all violations-Actual incidents,41043.58
British Columbia,2000-03,"Index, 201612=100",units,80.33333333333333,76.16666666666667,76.89999999999999,Dollars,units,"Median total income,Both sexes,All age groups",1775.0,,,,,,,,,,,,,Persons,unit,808760.0,1451698.0,Persons,thousands,"Both sexes, All age groups, Seasonally adjusted",1233.9166259765625,990.8666381835938,1326.5,243.0833282470703,1964.316650390625,92.58333587646484,Percentage,unit,"Both sexes, All age groups, Seasonally adjusted",58.08333206176758,62.88333511352539,7.5333333015441895,Number,unit,Total of all violations-Actual incidents,41043.58
British Columbia,2000-04,"Index, 201612=100",units,80.43333333333334,76.10000000000001,76.93333333333332,Dollars,units,"Median total income,Both sexes,All age groups",1775.0,,,,,,,,,,,,,Persons,unit,839685.0,1530903.0,Persons,thousands,"Both sexes, All age groups, Seasonally adjusted",1230.0999755859375,986.5999755859375,1318.566650390625,243.48333740234375,1965.8499755859375,88.5,Percentage,unit,"Both sexes, All age groups, Seasonally adjusted",57.81666564941406,62.46666717529297,7.349999904632568,Number,unit,Total of all violations-Actual incidents,41043.58
British Columbia,2000-12,"Index, 201612=100",units,80.36666666666666,75.73333333333333,76.53333333333333,Dollars,units,"Median total income,Both sexes,All age groups",1775.0,,,,,,,,,,,,,Persons,unit,613708.0,1253826.0,Persons,thousands,"Both sexes, All age groups, Seasonally adjusted",1246.8499755859375,1011.0166625976562,1336.9832763671875,235.85000610351562,1981.0,90.1500015258789,Percentage,unit,"Both sexes, All age groups, Seasonally adjusted",58.31666564941406,63.04999923706055,7.333333492279053,Number,unit,Total of all violations-Actual incidents,41043.58
British Columbia,2000-08,"Index, 201612=100",units,80.2,76.06666666666666,76.66666666666667,Dollars,units,"Median total income,Both sexes,All age groups",1775.0,,,,,,,,,,,,,Persons,unit,1085547.0,2398514.0,Persons,thousands,"Both sexes, All age groups, Seasonally adjusted",1234.9666748046875,992.4500122070312,1333.13330078125,242.53334045410156,1973.5333251953125,98.16666412353516,Percentage,unit,"Both sexes, All age groups, Seasonally adjusted",57.900001525878906,63.11666488647461,8.133333206176758,Number,unit,Total of all violations-Actual incidents,41043.58
British Columbia,2000-07,"Index, 201612=100",units,80.13333333333334,76.06666666666666,76.66666666666667,Dollars,units,"Median total income,Both sexes,All age groups",1775.0,,,,,,,,,,,,,Persons,unit,1039737.0,2403004.0,Persons,thousands,"Both sexes, All age groups, Seasonally adjusted",1225.183349609375,986.8333129882812,1313.0833740234375,238.38333129882812,1971.2833251953125,87.88333129882812,Percentage,unit,"Both sexes, All age groups, Seasonally adjusted",57.516666412353516,62.11666488647461,7.150000095367432,Number,unit,Total of all violations-Actual incidents,41043.58
British Columbia,2000-06,"Index, 201612=100",units,80.36666666666666,76.06666666666666,76.76666666666667,Dollars,units,"Median total income,Both sexes,All age groups",1775.0,,,,,,,,,,,,,Persons,unit,793241.0,1888564.0,Persons,thousands,"Both sexes, All age groups, Seasonally adjusted",1238.0,984.5833129882812,1327.2166748046875,253.43333435058594,1969.7667236328125,89.19999694824219,Percentage,unit,"Both sexes, All age groups, Seasonally adjusted",58.33333206176758,62.91666793823242,7.083333492279053,Number,unit,Total of all violations-Actual incidents,41043.58
British Columbia,2000-05,"Index, 201612=100",units,80.36666666666666,76.06666666666666,76.83333333333333,Dollars,units,"Median total income,Both sexes,All age groups",1775.0,,,,,,,,,,,,,Persons,unit,812702.0,1725844.0,Persons,thousands,"Both sexes, All age groups, Seasonally adjusted",1237.6666259765625,995.8666381835938,1325.1666259765625,241.8000030517578,1968.0,87.53333282470703,Percentage,unit,"Both sexes, All age groups, Seasonally adjusted",58.20000076293945,62.79999923706055,7.150000095367432,Number,unit,Total of all violations-Actual incidents,41043.58
British Columbia,2000-09,"Index, 201612=100",units,80.26666666666667,76.06666666666666,76.7,Dollars,units,"Median total income,Both sexes,All age groups",1775.0,,,,,,,,,,,,,Persons,unit,799767.0,1806284.0,Persons,thousands,"Both sexes, All age groups, Seasonally adjusted",1238.0,996.3666381835938,1335.1500244140625,241.63333129882812,1975.4166259765625,97.16666412353516,Percentage,unit,"Both sexes, All age groups, Seasonally adjusted",58.03333282470703,63.233333587646484,8.083333015441895,Number,unit,Total of all violations-Actual incidents,41043.58
British Columbia,2000-01,"Index, 201612=100",units,81.0,76.16666666666667,77.2,Dollars,units,"Median total income,Both sexes,All age groups",1775.0,,,,,,,,,,,,,Persons,unit,633293.0,1145751.0,Persons,thousands,"Both sexes, All age groups, Seasonally adjusted",1233.5999755859375,992.433349609375,1326.5167236328125,241.18333435058594,1960.7833251953125,92.91666412353516,Percentage,unit,"Both sexes, All age groups, Seasonally adjusted",58.18333435058594,62.93333435058594,7.483333110809326,Number,unit,Total of all violations-Actual incidents,41043.58
British Columbia,2000-11,"Index, 201612=100",units,80.46666666666667,75.89999999999999,76.73333333333333,Dollars,units,"Median total income,Both sexes,All age groups",1775.0,,,,,,,,,,,,,Persons,unit,630596.0,1201295.0,Persons,thousands,"Both sexes, All age groups, Seasonally adjusted",1243.9166259765625,1002.4500122070312,1334.13330078125,241.46665954589844,1979.0999755859375,90.21666717529297,Percentage,unit,"Both sexes, All age groups, Seasonally adjusted",58.099998474121094,62.900001525878906,7.449999809265137,Number,unit,Total of all violations-Actual incidents,41043.58
