province,REF_DATE,uom_houseindex,scalar_houseindex,avg_house_only,avg_land_only,avg_totalhouseland,uom_income,scalar_income,statistic_income,avg_income,uom_expenditure,scalar_expenditure,statistic_expenditure,avg_food_expenditures,avg_income_taxes,avg_mortageinsurance,avg_mortagePaid,avg_accomodation,avg_rent,avg_shelter,avg_total_expenditure,avg_taxes_landregfees,uom_tourist,scalar_tourist,avg_international_tourism,avg_domestic_tourism,uom_labourforce,scalar_labourforce,statistic_labourforce,avg_employment,avg_fulltime,avg_labourforce,avg_parttime,avg_population,avg_unemployment,uom_lfperc,scalar_lfperc,statistic_labourforceperc,avg_employment_rate,avg_participationrate,avg_unemploymentrate,uom_crime,scalar_crime,statistic_crime,avg_crime_incidents
Canada,1988-10,"Index, 201612=100",units,54.1,52.8,54.3,,,,,,,,,,,,,,,,,Persons,unit,4510827.0,7813950.0,Persons,thousands,"Both sexes, All age groups, Seasonally adjusted",5777.466796875,6769.06689453125,6265.9443359375,1290.949951171875,9157.533203125,488.4666748046875,Percentage,unit,"Both sexes, All age groups, Seasonally adjusted",58.68888854980469,64.35555267333984,8.5,,,,
Canada,1988-01,"Index, 201612=100",units,49.7,46.4,49.3,,,,,,,,,,,,,,,,,Persons,unit,3505881.0,5856149.0,Persons,thousands,"Both sexes, All age groups, Seasonally adjusted",5701.34423828125,6688.966796875,6200.06689453125,1248.9832763671875,9072.7333984375,498.71112060546875,Percentage,unit,"Both sexes, All age groups, Seasonally adjusted",58.522220611572266,64.34444427490234,8.866666793823242,,,,
Canada,1988-12,"Index, 201612=100",units,54.6,56.2,55.8,,,,,,,,,,,,,,,,,Persons,unit,4167252.0,6812767.0,Persons,thousands,"Both sexes, All age groups, Seasonally adjusted",5812.60009765625,6826.783203125,6281.388671875,1287.183349609375,9174.27734375,468.78887939453125,Percentage,unit,"Both sexes, All age groups, Seasonally adjusted",58.900001525878906,64.32221984863281,8.266666412353516,,,,
Canada,1988-02,"Index, 201612=100",units,50.1,46.9,49.8,,,,,,,,,,,,,,,,,Persons,unit,3178569.0,5413266.0,Persons,thousands,"Both sexes, All age groups, Seasonally adjusted",5719.7666015625,6714.533203125,6201.33349609375,1252.5167236328125,9081.6669921875,481.5555419921875,Percentage,unit,"Both sexes, All age groups, Seasonally adjusted",58.588890075683594,64.14444732666016,8.51111125946045,,,,
Canada,1988-06,"Index, 201612=100",units,52.4,50.3,52.3,,,,,,,,,,,,,,,,,Persons,unit,4439199.0,9204690.0,Persons,thousands,"Both sexes, All age groups, Seasonally adjusted",5745.7666015625,6749.533203125,6217.7666015625,1261.550048828125,9119.0224609375,471.9888916015625,Percentage,unit,"Both sexes, All age groups, Seasonally adjusted",58.55555725097656,63.911109924316406,8.155555725097656,,,,
Canada,1988-05,"Index, 201612=100",units,52.1,49.3,51.9,,,,,,,,,,,,,,,,,Persons,unit,4497703.0,8401116.0,Persons,thousands,"Both sexes, All age groups, Seasonally adjusted",5739.63330078125,6745.533203125,6221.65576171875,1252.3499755859375,9109.8115234375,482.0555419921875,Percentage,unit,"Both sexes, All age groups, Seasonally adjusted",58.64444351196289,64.30000305175781,8.600000381469727,,,,
Canada,1988-09,"Index, 201612=100",units,53.8,52.3,53.9,,,,,,,,,,,,,,,,,Persons,unit,4716560.0,9058672.0,Persons,thousands,"Both sexes, All age groups, Seasonally adjusted",5762.34423828125,6739.7666015625,6253.7333984375,1295.6666259765625,9148.900390625,491.4111022949219,Percentage,unit,"Both sexes, All age groups, Seasonally adjusted",58.66666793823242,64.36666870117188,8.600000381469727,,,,
Canada,1988-11,"Index, 201612=100",units,54.4,54.3,55.0,,,,,,,,,,,,,,,,,Persons,unit,4029546.0,6709177.0,Persons,thousands,"Both sexes, All age groups, Seasonally adjusted",5788.92236328125,6776.2001953125,6275.677734375,1301.199951171875,9166.0107421875,486.76666259765625,Percentage,unit,"Both sexes, All age groups, Seasonally adjusted",58.766666412353516,64.38888549804688,8.5,,,,
Canada,1988-08,"Index, 201612=100",units,53.0,50.9,53.0,,,,,,,,,,,,,,,,,Persons,unit,6154453.0,1.2451461E7,Persons,thousands,"Both sexes, All age groups, Seasonally adjusted",5758.36669921875,6760.4833984375,6246.16650390625,1268.38330078125,9139.8330078125,487.78887939453125,Percentage,unit,"Both sexes, All age groups, Seasonally adjusted",58.66666793823242,64.28888702392578,8.566666603088379,,,,
Canada,1988-04,"Index, 201612=100",units,51.5,48.3,51.2,,,,,,,,,,,,,,,,,Persons,unit,4414354.0,7361563.0,Persons,thousands,"Both sexes, All age groups, Seasonally adjusted",5735.7666015625,6719.31689453125,6211.56689453125,1272.63330078125,9098.400390625,475.78887939453125,Percentage,unit,"Both sexes, All age groups, Seasonally adjusted",58.66666793823242,64.17778015136719,8.366666793823242,,,,
Canada,1988-07,"Index, 201612=100",units,52.5,50.6,52.5,,,,,,,,,,,,,,,,,Persons,unit,6359223.0,1.3175252E7,Persons,thousands,"Both sexes, All age groups, Seasonally adjusted",5752.45556640625,6772.533203125,6235.7998046875,1246.949951171875,9128.1337890625,483.3333435058594,Percentage,unit,"Both sexes, All age groups, Seasonally adjusted",58.655555725097656,64.21111297607422,8.45555591583252,,,,
Canada,1988-03,"Index, 201612=100",units,50.6,47.4,50.3,,,,,,,,,,,,,,,,,Persons,unit,4135537.0,6777725.0,Persons,thousands,"Both sexes, All age groups, Seasonally adjusted",5728.7666015625,6709.2666015625,6209.15576171875,1271.25,9089.72265625,480.3777770996094,Percentage,unit,"Both sexes, All age groups, Seasonally adjusted",58.66666793823242,64.24444580078125,8.477777481079102,,,,
