province,REF_DATE,uom_houseindex,scalar_houseindex,avg_house_only,avg_land_only,avg_totalhouseland,uom_income,scalar_income,statistic_income,avg_income,uom_expenditure,scalar_expenditure,statistic_expenditure,avg_food_expenditures,avg_income_taxes,avg_mortageinsurance,avg_mortagePaid,avg_accomodation,avg_rent,avg_shelter,avg_total_expenditure,avg_taxes_landregfees,uom_tourist,scalar_tourist,avg_international_tourism,avg_domestic_tourism,uom_labourforce,scalar_labourforce,statistic_labourforce,avg_employment,avg_fulltime,avg_labourforce,avg_parttime,avg_population,avg_unemployment,uom_lfperc,scalar_lfperc,statistic_labourforceperc,avg_employment_rate,avg_participationrate,avg_unemploymentrate,uom_crime,scalar_crime,statistic_crime,avg_crime_incidents
New Brunswick,1981-07,"Index, 201612=100",units,63.6,38.0,57.4,,,,,,,,,,,,,,,,,Persons,unit,524150.0,990994.0,Persons,thousands,"Both sexes, All age groups, Seasonally adjusted",160.18333435058594,138.5500030517578,179.1999969482422,21.600000381469727,311.1499938964844,19.03333282470703,Percentage,unit,"Both sexes, All age groups, Seasonally adjusted",48.53333282470703,54.56666564941406,10.800000190734863,,,,
New Brunswick,1981-11,"Index, 201612=100",units,62.7,39.0,57.2,,,,,,,,,,,,,,,,,Persons,unit,312038.0,529967.0,Persons,thousands,"Both sexes, All age groups, Seasonally adjusted",158.78334045410156,137.0833282470703,180.85000610351562,21.700000762939453,311.5666809082031,22.08333396911621,Percentage,unit,"Both sexes, All age groups, Seasonally adjusted",47.91666793823242,54.900001525878906,12.25,,,,
New Brunswick,1981-04,"Index, 201612=100",units,62.1,38.0,56.2,,,,,,,,,,,,,,,,,Persons,unit,370447.0,640834.0,Persons,thousands,"Both sexes, All age groups, Seasonally adjusted",161.89999389648438,139.01666259765625,180.78334045410156,22.850000381469727,310.3166809082031,18.883333206176758,Percentage,unit,"Both sexes, All age groups, Seasonally adjusted",49.06666564941406,55.08333206176758,10.566666603088379,,,,
New Brunswick,1981-10,"Index, 201612=100",units,62.7,39.0,57.2,,,,,,,,,,,,,,,,,Persons,unit,357984.0,618386.0,Persons,thousands,"Both sexes, All age groups, Seasonally adjusted",157.96665954589844,136.9499969482422,180.11666870117188,21.0,311.4333190917969,22.133333206176758,Percentage,unit,"Both sexes, All age groups, Seasonally adjusted",47.75,54.71666717529297,12.216666221618652,,,,
New Brunswick,1981-03,"Index, 201612=100",units,62.1,38.0,56.2,,,,,,,,,,,,,,,,,Persons,unit,335338.0,589766.0,Persons,thousands,"Both sexes, All age groups, Seasonally adjusted",161.25,139.25,179.4166717529297,21.96666717529297,310.0666809082031,18.16666603088379,Percentage,unit,"Both sexes, All age groups, Seasonally adjusted",48.81666564941406,54.61666488647461,10.316666603088379,,,,
New Brunswick,1981-06,"Index, 201612=100",units,63.3,38.0,57.2,,,,,,,,,,,,,,,,,Persons,unit,431776.0,767869.0,Persons,thousands,"Both sexes, All age groups, Seasonally adjusted",161.46665954589844,139.13333129882812,180.01666259765625,22.33333396911621,310.95001220703125,18.549999237060547,Percentage,unit,"Both sexes, All age groups, Seasonally adjusted",48.900001525878906,54.83333206176758,10.433333396911621,,,,
New Brunswick,1981-05,"Index, 201612=100",units,63.3,38.0,57.2,,,,,,,,,,,,,,,,,Persons,unit,432718.0,752797.0,Persons,thousands,"Both sexes, All age groups, Seasonally adjusted",162.28334045410156,138.68333435058594,181.03334045410156,23.600000381469727,310.6499938964844,18.766666412353516,Percentage,unit,"Both sexes, All age groups, Seasonally adjusted",49.18333435058594,55.150001525878906,10.433333396911621,,,,
New Brunswick,1981-08,"Index, 201612=100",units,64.6,39.0,58.3,,,,,,,,,,,,,,,,,Persons,unit,491952.0,913864.0,Persons,thousands,"Both sexes, All age groups, Seasonally adjusted",161.1666717529297,138.98333740234375,179.51666259765625,22.183332443237305,311.26666259765625,18.33333396911621,Percentage,unit,"Both sexes, All age groups, Seasonally adjusted",48.86666488647461,54.650001525878906,10.033333778381348,,,,
New Brunswick,1981-02,"Index, 201612=100",units,62.1,38.0,56.2,,,,,,,,,,,,,,,,,Persons,unit,293935.0,525112.0,Persons,thousands,"Both sexes, All age groups, Seasonally adjusted",161.64999389648438,139.43333435058594,181.0500030517578,22.200000762939453,309.8333435058594,19.41666603088379,Percentage,unit,"Both sexes, All age groups, Seasonally adjusted",49.04999923706055,55.266666412353516,10.783333778381348,,,,
New Brunswick,1981-09,"Index, 201612=100",units,64.6,39.0,58.3,,,,,,,,,,,,,,,,,Persons,unit,368633.0,655332.0,Persons,thousands,"Both sexes, All age groups, Seasonally adjusted",159.76666259765625,138.0500030517578,181.68333435058594,21.71666717529297,311.3166809082031,21.899999618530273,Percentage,unit,"Both sexes, All age groups, Seasonally adjusted",48.349998474121094,55.28333282470703,11.899999618530273,,,,
New Brunswick,1981-12,"Index, 201612=100",units,62.7,39.0,57.2,,,,,,,,,,,,,,,,,Persons,unit,323921.0,550007.0,Persons,thousands,"Both sexes, All age groups, Seasonally adjusted",156.93333435058594,135.9499969482422,179.60000610351562,20.983333587646484,311.8333435058594,22.649999618530273,Percentage,unit,"Both sexes, All age groups, Seasonally adjusted",47.28333282470703,54.38333511352539,12.533333778381348,,,,
New Brunswick,1981-01,"Index, 201612=100",units,61.4,38.0,55.9,,,,,,,,,,,,,,,,,Persons,unit,284871.0,503932.0,Persons,thousands,"Both sexes, All age groups, Seasonally adjusted",160.28334045410156,138.1666717529297,180.13333129882812,22.100000381469727,309.70001220703125,19.850000381469727,Percentage,unit,"Both sexes, All age groups, Seasonally adjusted",48.66666793823242,54.96666717529297,11.083333015441895,,,,
Prince Edward Island,2007-11,"Index, 201612=100",units,101.1,86.8,98.4,Dollars,units,"Median total income,Both sexes,All age groups",2084.17,,,,,,,,,,,,,Persons,unit,19.0,102.0,Persons,thousands,"Both sexes, All age groups, Seasonally adjusted",42.78333282470703,36.13333511352539,47.93333435058594,6.683333396911621,68.76667022705078,5.116666793823242,Percentage,unit,"Both sexes, All age groups, Seasonally adjusted",59.900001525878906,67.73332977294922,11.449999809265137,Number,unit,Total of all violations-Actual incidents,781.92
Prince Edward Island,2007-06,"Index, 201612=100",units,100.0,85.9,97.3,Dollars,units,"Median total income,Both sexes,All age groups",2084.17,,,,,,,,,,,,,Persons,unit,20.0,129.0,Persons,thousands,"Both sexes, All age groups, Seasonally adjusted",43.29999923706055,36.5,48.18333435058594,6.7833333015441895,68.56666564941406,4.883333206176758,Percentage,unit,"Both sexes, All age groups, Seasonally adjusted",60.83333206176758,68.30000305175781,11.100000381469727,Number,unit,Total of all violations-Actual incidents,781.92
Prince Edward Island,2007-04,"Index, 201612=100",units,99.2,85.9,96.8,Dollars,units,"Median total income,Both sexes,All age groups",2084.17,,,,,,,,,,,,,Persons,unit,8.0,15.0,Persons,thousands,"Both sexes, All age groups, Seasonally adjusted",43.516666412353516,36.349998474121094,47.983333587646484,7.150000095367432,68.53333282470703,4.4666666984558105,Percentage,unit,"Both sexes, All age groups, Seasonally adjusted",61.18333435058594,67.53333282470703,9.583333015441895,Number,unit,Total of all violations-Actual incidents,781.92
Prince Edward Island,2007-03,"Index, 201612=100",units,100.0,85.9,97.3,Dollars,units,"Median total income,Both sexes,All age groups",2084.17,,,,,,,,,,,,,Persons,unit,4.0,5.0,Persons,thousands,"Both sexes, All age groups, Seasonally adjusted",43.58333206176758,36.266666412353516,48.71666717529297,7.316666603088379,68.43333435058594,5.099999904632568,Percentage,unit,"Both sexes, All age groups, Seasonally adjusted",61.53333282470703,68.94999694824219,10.75,Number,unit,Total of all violations-Actual incidents,781.92
Prince Edward Island,2007-01,"Index, 201612=100",units,100.0,85.9,97.3,Dollars,units,"Median total income,Both sexes,All age groups",2084.17,,,,,,,,,,,,,Persons,unit,8.0,12.0,Persons,thousands,"Both sexes, All age groups, Seasonally adjusted",43.86666488647461,36.849998474121094,49.099998474121094,7.016666889190674,68.48332977294922,5.199999809265137,Percentage,unit,"Both sexes, All age groups, Seasonally adjusted",61.95000076293945,69.36666870117188,10.633333206176758,Number,unit,Total of all violations-Actual incidents,781.92
Prince Edward Island,2007-09,"Index, 201612=100",units,100.0,86.8,97.6,Dollars,units,"Median total income,Both sexes,All age groups",2084.17,,,,,,,,,,,,,Persons,unit,198.0,1314.0,Persons,thousands,"Both sexes, All age groups, Seasonally adjusted",43.28333282470703,36.66666793823242,48.13333511352539,6.633333206176758,68.71666717529297,4.849999904632568,Percentage,unit,"Both sexes, All age groups, Seasonally adjusted",60.63333511352539,67.83333587646484,10.550000190734863,Number,unit,Total of all violations-Actual incidents,781.92
Prince Edward Island,2007-07,"Index, 201612=100",units,100.0,85.9,97.3,Dollars,units,"Median total income,Both sexes,All age groups",2084.17,,,,,,,,,,,,,Persons,unit,155.0,2365.0,Persons,thousands,"Both sexes, All age groups, Seasonally adjusted",43.06666564941406,36.71666717529297,48.06666564941406,6.333333492279053,68.58333587646484,4.983333110809326,Percentage,unit,"Both sexes, All age groups, Seasonally adjusted",60.43333435058594,68.08333587646484,11.083333015441895,Number,unit,Total of all violations-Actual incidents,781.92
Prince Edward Island,2007-12,"Index, 201612=100",units,101.1,86.8,98.4,Dollars,units,"Median total income,Both sexes,All age groups",2084.17,,,,,,,,,,,,,Persons,unit,0.0,43.0,Persons,thousands,"Both sexes, All age groups, Seasonally adjusted",43.21666717529297,36.650001525878906,48.16666793823242,6.566666603088379,68.80000305175781,4.949999809265137,Percentage,unit,"Both sexes, All age groups, Seasonally adjusted",60.58333206176758,68.06666564941406,11.016666412353516,Number,unit,Total of all violations-Actual incidents,781.92
Prince Edward Island,2007-08,"Index, 201612=100",units,100.0,85.9,97.3,Dollars,units,"Median total income,Both sexes,All age groups",2084.17,,,,,,,,,,,,,Persons,unit,222.0,2394.0,Persons,thousands,"Both sexes, All age groups, Seasonally adjusted",43.29999923706055,36.5,48.099998474121094,6.7833333015441895,68.63333129882812,4.833333492279053,Percentage,unit,"Both sexes, All age groups, Seasonally adjusted",60.78333282470703,68.01667022705078,10.600000381469727,Number,unit,Total of all violations-Actual incidents,781.92
Prince Edward Island,2007-02,"Index, 201612=100",units,100.0,85.9,97.3,Dollars,units,"Median total income,Both sexes,All age groups",2084.17,,,,,,,,,,,,,Persons,unit,0.0,79.0,Persons,thousands,"Both sexes, All age groups, Seasonally adjusted",43.650001525878906,35.766666412353516,48.71666717529297,7.866666793823242,68.46666717529297,5.116666793823242,Percentage,unit,"Both sexes, All age groups, Seasonally adjusted",61.54999923706055,68.80000305175781,11.016666412353516,Number,unit,Total of all violations-Actual incidents,781.92
Prince Edward Island,2007-05,"Index, 201612=100",units,100.0,85.9,97.3,Dollars,units,"Median total income,Both sexes,All age groups",2084.17,,,,,,,,,,,,,Persons,unit,2.0,42.0,Persons,thousands,"Both sexes, All age groups, Seasonally adjusted",43.0,36.43333435058594,47.78333282470703,6.566666603088379,68.51667022705078,4.766666889190674,Percentage,unit,"Both sexes, All age groups, Seasonally adjusted",60.33333206176758,67.36666870117188,10.333333015441895,Number,unit,Total of all violations-Actual incidents,781.92
Prince Edward Island,2007-10,"Index, 201612=100",units,100.0,86.8,97.6,Dollars,units,"Median total income,Both sexes,All age groups",2084.17,,,,,,,,,,,,,Persons,unit,13.0,196.0,Persons,thousands,"Both sexes, All age groups, Seasonally adjusted",44.06666564941406,36.91666793823242,47.79999923706055,7.166666507720947,68.75,3.75,Percentage,unit,"Both sexes, All age groups, Seasonally adjusted",62.04999923706055,67.63333129882812,8.199999809265137,Number,unit,Total of all violations-Actual incidents,781.92
